x,y,target_id
257.232,191.667,0
850.607,29.081,1
745.739,164.343,2
106.926,493.469,3
45.177,842.394,4
156.844,317.527,5
3.565,80.345,6
888.627,834.369,7
777.223,991.040,8
286.397,344.213,9
468.911,239.548,10
297.746,65.042,11
103.790,53.497,12
700.539,661.792,13
2.411,941.853,14
366.850,694.419,15
64.329,717.581,16
77.286,404.984,17
469.775,947.879,18
877.170,146.213,19
210.171,919.119,20
323.226,718.143,21
10.744,686.218,22
785.430,891.091,23
63.051,760.327,24
718.804,541.949,25
249.633,496.965,26
944.898,275.540,27
456.059,480.423,28
505.351,839.899,29
481.422,152.680,30
461.432,467.504,31
998.594,520.396,32
493.652,125.489,33
745.240,773.234,34
499.697,283.327,35
232.295,613.565,36
443.438,586.489,37
313.843,965.544,38
764.660,335.694,39
329.481,960.169,40
143.020,319.333,41
248.761,257.146,42
949.772,304.851,43
889.342,461.030,44
519.445,565.208,45
509.355,491.932,46
41.116,755.336,47
570.784,235.797,48
330.889,741.815,49
961.942,26.285,50
351.617,449.754,51
850.684,544.511,52
579.415,258.648,53
163.441,708.577,54
565.233,446.549,55
928.056,377.548,56
443.007,639.552,57
477.854,304.171,58
74.650,743.266,59
875.156,671.339,60
497.422,701.062,61
739.633,507.754,62
199.300,207.428,63
773.944,516.256,64
547.246,571.591,65
787.833,701.907,66
210.214,1.722,67
152.931,979.328,68
185.583,359.450,69
755.426,241.217,70
417.739,579.777,71
879.474,845.815,72
857.627,666.029,73
142.611,142.707,74
684.093,778.043,75
388.285,740.034,76
937.437,979.274,77
478.278,609.297,78
686.250,595.187,79
299.687,386.474,80
973.705,317.195,81
885.223,782.493,82
141.103,139.471,83
625.126,504.640,84
782.094,795.889,85
232.063,905.039,86
814.052,933.724,87
25.487,305.238,88
133.109,282.368,89
935.875,642.680,90
55.072,543.989,91
608.746,241.664,92
294.731,983.720,93
130.124,199.417,94
463.034,647.125,95
519.047,392.696,96
516.375,137.816,97
914.400,248.048,98
306.116,751.858,99
629.829,633.880,100
42.152,946.671,101
153.147,513.642,102
178.531,735.016,103
183.439,796.624,104
799.337,686.518,105
183.743,460.890,106
291.664,428.755,107
293.648,418.716,108
698.145,321.806,109
655.779,62.807,110
803.265,87.205,111
790.739,397.616,112
367.839,795.397,113
82.122,402.012,114
408.373,962.799,115
817.992,16.655,116
45.607,265.149,117
332.123,147.181,118
104.122,779.875,119
670.605,369.916,120
608.524,201.757,121
584.182,450.293,122
573.557,8.399,123
841.134,4.905,124
361.040,554.752,125
148.389,450.005,126
940.474,300.171,127
924.392,107.624,128
392.183,692.173,129
429.635,169.894,130
33.213,503.561,131
559.337,986.723,132
164.028,115.340,133
460.553,546.483,134
81.364,946.849,135
471.925,399.780,136
341.532,665.035,137
858.519,375.774,138
190.164,829.536,139
209.291,382.017,140
191.370,843.352,141
836.197,745.928,142
146.362,129.588,143
772.305,119.725,144
893.930,105.695,145
234.613,896.047,146
840.676,224.722,147
992.601,895.358,148
899.442,285.708,149
587.920,345.377,150
660.247,552.194,151
718.526,579.752,152
144.586,160.686,153
883.297,933.066,154
884.526,462.172,155
511.660,442.052,156
638.686,695.418,157
842.308,470.293,158
525.265,355.892,159
718.747,407.697,160
419.672,426.478,161
935.304,623.255,162
737.057,812.200,163
485.942,479.318,164
252.216,571.845,165
437.944,154.808,166
399.950,928.409,167
240.480,785.808,168
173.901,755.942,169
592.100,766.040,170
487.264,580.742,171
524.936,392.152,172
603.752,427.929,173
943.295,906.742,174
146.609,727.341,175
729.474,193.435,176
73.471,240.320,177
771.050,51.982,178
191.781,207.478,179
382.824,519.187,180
194.966,51.156,181
560.697,135.424,182
488.245,607.865,183
318.687,623.400,184
742.013,819.695,185
301.445,822.298,186
666.311,277.361,187
83.987,399.459,188
449.618,944.305,189
815.610,36.545,190
498.528,789.303,191
959.412,639.779,192
973.293,448.040,193
93.987,451.923,194
551.142,718.000,195
680.340,404.191,196
950.321,736.699,197
415.904,928.482,198
897.084,640.475,199
878.199,174.308,200
558.568,390.509,201
565.263,659.025,202
432.649,934.158,203
584.459,357.123,204
675.769,778.654,205
137.770,846.410,206
787.045,67.031,207
226.742,180.817,208
158.311,557.674,209
804.682,798.706,210
394.648,991.985,211
760.091,84.479,212
508.189,79.353,213
164.533,637.066,214
281.606,389.536,215
208.610,98.078,216
953.358,956.627,217
63.751,551.747,218
966.212,259.782,219
788.393,413.729,220
264.407,569.113,221
690.731,716.437,222
508.327,792.552,223
379.757,279.051,224
978.622,122.863,225
95.057,708.066,226
231.801,796.385,227
887.505,53.169,228
267.584,800.380,229
398.469,53.897,230
552.985,69.536,231
265.284,735.974,232
21.768,206.930,233
581.773,51.108,234
882.989,358.084,235
60.461,732.261,236
213.387,720.301,237
339.301,437.696,238
873.830,797.824,239
448.698,999.000,240
884.894,841.657,241
50.656,912.111,242
95.937,428.524,243
784.445,404.839,244
804.217,603.935,245
425.239,610.751,246
347.713,69.148,247
86.260,487.099,248
398.809,910.409,249
501.490,141.002,250
734.737,814.225,251
364.605,130.483,252
102.206,635.340,253
121.286,281.465,254
206.733,373.580,255
892.043,576.825,256
898.377,448.203,257
964.746,135.587,258
417.543,991.499,259
322.107,298.422,260
991.439,336.565,261
907.157,799.292,262
676.218,871.225,263
947.415,127.165,264
313.440,574.478,265
962.126,309.516,266
645.629,418.565,267
34.754,322.076,268
5.577,136.896,269
193.244,62.175,270
499.764,628.488,271
366.139,590.964,272
964.834,251.329,273
978.056,280.948,274
756.495,663.102,275
80.969,861.400,276
19.988,719.970,277
983.256,34.189,278
634.522,69.080,279
892.615,453.526,280
481.670,262.783,281
826.023,593.518,282
902.318,476.862,283
336.640,282.017,284
805.405,316.288,285
667.618,659.517,286
320.416,901.288,287
581.997,999.000,288
601.029,837.466,289
523.391,348.911,290
800.402,936.806,291
741.563,252.807,292
88.921,456.871,293
453.896,178.515,294
318.221,340.939,295
438.967,99.476,296
392.361,462.937,297
198.973,162.694,298
519.266,656.756,299
131.429,627.676,300
262.663,325.107,301
431.950,444.133,302
178.927,201.170,303
156.252,567.368,304
230.194,859.240,305
880.320,775.956,306
831.493,76.239,307
410.290,97.479,308
277.172,100.041,309
442.930,133.069,310
185.444,596.639,311
135.282,196.770,312
805.879,922.747,313
317.046,21.034,314
622.123,649.082,315
801.158,609.569,316
507.795,590.881,317
65.184,589.532,318
307.871,474.483,319
634.915,684.793,320
876.235,832.607,321
981.497,778.005,322
478.218,459.630,323
180.823,309.717,324
921.648,432.445,325
310.899,787.678,326
526.412,281.384,327
36.907,181.342,328
492.074,417.473,329
729.657,136.366,330
607.665,978.721,331
415.567,472.113,332
826.879,855.091,333
16.836,732.141,334
655.002,922.700,335
888.534,442.353,336
175.251,917.843,337
816.820,746.648,338
773.353,21.604,339
972.660,894.286,340
940.301,713.175,341
220.476,467.966,342
590.470,851.276,343
260.761,71.392,344
800.302,913.838,345
354.708,539.921,346
651.091,980.542,347
465.425,885.030,348
793.819,431.794,349
649.877,319.265,350
147.746,367.043,351
633.367,448.508,352
673.522,354.542,353
306.461,170.396,354
531.610,778.188,355
99.598,590.565,356
954.245,918.435,357
155.891,481.004,358
650.271,771.830,359
928.303,829.247,360
465.369,671.370,361
791.211,897.952,362
408.368,554.287,363
595.828,864.388,364
783.324,664.318,365
390.647,72.167,366
764.642,512.254,367
348.056,343.212,368
507.360,215.905,369
709.719,243.958,370
546.100,961.708,371
868.439,667.111,372
123.345,303.872,373
611.643,818.775,374
38.392,373.693,375
858.523,453.650,376
71.250,490.496,377
849.211,640.915,378
590.635,377.227,379
946.072,237.583,380
42.872,395.081,381
203.767,347.007,382
302.845,476.126,383
827.710,120.109,384
115.547,39.575,385
598.491,167.023,386
215.999,722.194,387
768.646,270.773,388
213.043,505.014,389
901.661,248.634,390
150.554,64.697,391
925.849,77.237,392
319.815,515.764,393
138.471,785.637,394
290.378,891.043,395
294.056,65.163,396
748.203,7.311,397
159.689,293.640,398
352.036,913.958,399
812.054,561.276,400
306.894,551.181,401
468.724,277.168,402
526.513,103.997,403
926.934,367.221,404
394.400,973.055,405
825.797,536.163,406
844.707,332.310,407
61.297,701.395,408
428.435,990.520,409
318.760,474.036,410
58.903,701.645,411
37.630,439.350,412
785.693,313.379,413
210.157,833.147,414
998.615,498.222,415
692.109,464.590,416
188.008,478.058,417
116.597,632.783,418
290.269,539.910,419
871.892,223.136,420
954.146,112.301,421
197.131,669.038,422
612.891,159.985,423
172.063,669.084,424
155.858,101.386,425
960.306,974.516,426
806.878,269.575,427
252.657,793.444,428
280.609,252.595,429
620.790,632.699,430
345.516,470.545,431
837.213,402.954,432
316.042,714.139,433
936.787,101.294,434
40.497,282.482,435
573.850,66.054,436
640.708,847.418,437
347.156,982.436,438
566.972,788.907,439
843.926,351.635,440
392.276,21.934,441
930.933,674.755,442
877.047,707.315,443
479.728,314.300,444
627.795,104.090,445
172.763,283.138,446
836.087,726.197,447
958.038,708.623,448
155.851,217.991,449
622.985,362.765,450
133.250,781.415,451
130.239,844.683,452
819.994,835.814,453
476.379,93.156,454
139.485,209.184,455
953.680,498.408,456
534.955,489.803,457
471.182,757.222,458
49.709,225.439,459
557.784,398.151,460
257.032,76.858,461
881.221,297.769,462
548.508,766.310,463
240.546,705.793,464
250.905,165.634,465
853.465,522.175,466
708.381,157.790,467
40.464,754.334,468
77.691,635.611,469
941.946,985.945,470
401.121,58.533,471
124.946,623.060,472
778.948,303.599,473
345.067,363.325,474
211.577,609.496,475
999.000,510.368,476
986.131,99.998,477
297.749,307.323,478
261.140,929.961,479
540.471,800.410,480
898.628,790.232,481
360.613,117.447,482
560.723,666.402,483
192.588,232.340,484
976.294,414.821,485
614.978,926.290,486
456.371,230.880,487
651.994,220.277,488
166.826,172.579,489
198.146,885.138,490
558.451,49.784,491
736.798,557.754,492
213.141,919.963,493
606.524,134.313,494
157.600,325.701,495
777.976,881.674,496
796.768,854.402,497
636.199,228.768,498
427.623,215.143,499
857.333,879.369,500
609.090,719.206,501
177.026,269.470,502
564.595,41.742,503
660.645,776.164,504
254.329,66.902,505
551.247,386.603,506
435.383,81.949,507
770.416,310.798,508
494.794,66.125,509
882.334,981.901,510
406.649,923.878,511
656.832,184.616,512
142.152,711.552,513
119.863,665.731,514
528.926,542.115,515
857.970,36.850,516
606.426,744.277,517
400.237,794.459,518
372.309,711.456,519
299.545,226.946,520
204.247,196.787,521
775.018,927.056,522
834.149,110.443,523
444.557,683.033,524
129.754,991.297,525
514.140,961.801,526
300.579,270.986,527
111.671,793.890,528
92.600,648.873,529
235.859,648.677,530
646.624,206.786,531
279.932,209.043,532
862.101,401.703,533
281.747,306.238,534
524.175,838.258,535
262.657,609.342,536
807.780,926.475,537
907.305,467.373,538
444.414,340.423,539
34.525,642.703,540
957.787,197.386,541
434.533,197.363,542
305.907,303.306,543
102.063,405.036,544
825.959,549.747,545
65.301,691.565,546
87.729,870.811,547
599.925,691.802,548
478.474,955.654,549
157.680,649.586,550
270.680,805.449,551
430.816,353.898,552
353.880,27.038,553
78.475,350.204,554
552.014,744.485,555
511.278,452.997,556
341.058,238.855,557
158.620,647.903,558
567.170,672.386,559
875.123,16.177,560
956.941,566.787,561
333.558,540.840,562
92.644,928.919,563
594.645,929.888,564
812.408,197.650,565
46.917,846.642,566
211.226,353.994,567
724.997,613.106,568
645.683,360.944,569
133.976,551.484,570
460.907,824.537,571
748.463,10.081,572
100.823,324.325,573
462.677,851.941,574
787.552,622.888,575
706.117,979.024,576
991.433,900.807,577
462.012,296.412,578
656.502,181.022,579
512.366,570.913,580
850.473,515.512,581
348.466,271.337,582
658.212,753.873,583
769.267,29.387,584
575.432,758.889,585
589.929,867.205,586
203.108,876.717,587
454.799,858.675,588
149.742,430.870,589
519.343,103.410,590
732.279,954.504,591
780.540,477.138,592
845.055,942.029,593
942.997,696.254,594
591.703,761.216,595
879.665,220.365,596
453.250,917.379,597
803.853,959.053,598
347.776,336.030,599
839.384,227.507,600
542.254,217.830,601
280.366,78.957,602
219.839,250.637,603
582.519,65.473,604
1.918,441.172,605
191.506,763.618,606
235.753,263.138,607
739.976,160.377,608
669.622,983.076,609
38.137,148.293,610
935.199,494.780,611
87.565,384.359,612
796.646,457.448,613
291.123,688.702,614
759.767,125.342,615
782.489,674.826,616
228.329,435.078,617
348.260,289.472,618
900.037,317.046,619
36.894,743.784,620
962.158,196.214,621
318.572,878.684,622
517.771,35.364,623
784.781,994.526,624
571.192,309.351,625
707.172,870.485,626
401.701,957.672,627
944.624,727.269,628
44.412,557.020,629
7.754,385.268,630
630.700,660.698,631
496.717,633.759,632
170.738,213.693,633
943.477,473.292,634
895.652,9.154,635
157.535,512.660,636
408.547,777.114,637
982.187,600.078,638
101.208,924.736,639
53.065,666.536,640
824.878,49.469,641
655.960,344.242,642
75.579,849.217,643
628.013,831.549,644
820.143,772.932,645
335.507,971.758,646
387.736,817.038,647
885.895,76.744,648
249.680,994.290,649
818.416,918.545,650
486.192,562.482,651
807.181,494.039,652
810.659,802.138,653
364.270,407.922,654
536.942,106.273,655
261.373,850.148,656
677.210,295.983,657
884.209,493.990,658
887.657,489.114,659
911.183,846.725,660
961.044,362.365,661
893.588,790.934,662
726.400,229.459,663
393.879,786.656,664
604.196,62.656,665
559.557,643.339,666
171.722,954.589,667
462.575,56.834,668
217.741,467.598,669
294.428,89.060,670
671.681,775.333,671
382.942,955.311,672
960.379,676.761,673
957.195,765.762,674
327.462,377.058,675
744.402,233.719,676
695.251,807.429,677
45.782,370.879,678
620.631,424.220,679
358.046,542.639,680
494.467,153.425,681
305.670,67.901,682
95.438,686.433,683
458.684,376.108,684
60.349,340.431,685
795.696,623.990,686
477.175,590.433,687
207.514,990.371,688
7.498,518.358,689
226.104,786.256,690
849.196,266.358,691
994.595,891.527,692
794.047,889.956,693
885.731,13.142,694
388.642,42.495,695
466.093,856.708,696
205.547,315.421,697
275.263,848.031,698
358.560,713.914,699
367.843,933.123,700
890.819,635.544,701
317.751,885.334,702
588.381,435.001,703
30.022,928.140,704
7.677,620.404,705
87.895,7.672,706
451.388,820.299,707
650.306,362.678,708
655.329,771.096,709
322.563,349.842,710
291.038,211.921,711
529.414,828.734,712
941.204,763.437,713
348.507,276.469,714
610.908,173.804,715
272.559,461.355,716
537.237,847.901,717
861.593,312.674,718
348.205,19.621,719
886.207,84.926,720
591.661,259.388,721
208.538,96.811,722
676.177,506.946,723
89.708,551.975,724
93.430,717.739,725
764.537,308.611,726
401.158,38.272,727
566.452,180.800,728
116.278,156.140,729
829.815,623.078,730
292.401,980.748,731
474.714,632.503,732
437.152,941.694,733
391.348,172.730,734
888.634,473.826,735
748.902,46.236,736
578.227,452.881,737
935.832,89.845,738
11.547,165.153,739
80.605,54.772,740
903.851,624.305,741
6.109,619.852,742
175.477,237.677,743
267.841,579.892,744
748.568,731.229,745
409.302,340.653,746
855.024,168.794,747
218.833,979.037,748
704.414,583.663,749
999.000,614.489,750
940.853,495.608,751
230.988,864.726,752
68.034,126.542,753
645.215,942.861,754
125.953,92.136,755
617.198,525.559,756
776.291,808.131,757
508.492,27.391,758
660.902,779.655,759
10.038,292.326,760
694.629,69.890,761
889.060,293.744,762
316.763,520.880,763
89.199,474.432,764
618.469,833.191,765
376.275,785.025,766
483.467,950.244,767
308.747,389.433,768
447.668,821.568,769
356.161,232.946,770
169.812,72.159,771
636.865,572.252,772
193.852,0.279,773
555.625,751.948,774
180.288,728.059,775
763.037,588.499,776
928.047,784.744,777
686.290,514.643,778
580.294,171.586,779
455.843,819.847,780
625.435,486.564,781
803.689,735.841,782
953.396,594.837,783
122.575,705.718,784
929.561,345.775,785
972.030,710.036,786
223.544,479.628,787
652.225,164.367,788
11.751,990.124,789
841.308,498.018,790
54.643,192.459,791
730.789,816.992,792
680.356,422.586,793
809.387,668.055,794
757.094,343.160,795
127.071,922.447,796
267.835,497.918,797
852.427,850.742,798
258.415,314.197,799
36.735,459.969,800
406.781,928.555,801
269.025,33.214,802
855.580,985.891,803
430.491,818.009,804
242.973,838.601,805
730.426,830.187,806
698.826,171.362,807
89.318,524.072,808
353.648,332.283,809
497.820,721.105,810
475.335,181.341,811
918.797,915.215,812
336.659,36.997,813
504.825,827.570,814
564.313,63.850,815
416.440,830.597,816
821.938,947.260,817
348.003,310.080,818
105.913,940.908,819
775.738,520.437,820
187.414,966.776,821
285.998,317.156,822
153.301,959.253,823
409.158,597.050,824
406.316,222.393,825
636.542,295.653,826
906.076,380.276,827
757.900,842.809,828
511.208,872.073,829
615.387,512.333,830
783.767,297.291,831
476.084,860.260,832
68.023,948.525,833
614.090,273.900,834
683.008,363.107,835
580.961,706.247,836
572.039,623.790,837
507.407,417.469,838
775.885,513.462,839
217.629,403.463,840
219.066,993.836,841
305.648,930.646,842
666.978,246.446,843
863.670,69.493,844
994.710,414.656,845
99.508,111.361,846
758.257,538.307,847
934.062,303.862,848
940.185,474.182,849
921.921,229.852,850
130.767,133.401,851
758.522,757.975,852
732.306,154.700,853
133.716,714.612,854
713.833,491.952,855
591.833,415.311,856
860.530,598.372,857
313.033,464.831,858
538.261,301.176,859
908.276,271.687,860
340.380,429.694,861
54.349,396.527,862
131.565,576.183,863
941.660,101.983,864
34.348,342.868,865
578.955,229.118,866
499.267,822.007,867
273.096,317.105,868
610.336,799.734,869
184.327,804.616,870
157.977,318.664,871
451.663,361.825,872
770.894,822.132,873
313.320,103.829,874
165.773,803.757,875
138.290,17.083,876
456.542,709.301,877
28.006,72.083,878
451.255,601.274,879
713.969,667.711,880
599.214,750.988,881
166.422,166.091,882
497.085,308.718,883
762.031,83.995,884
728.452,496.266,885
465.085,57.105,886
107.595,248.847,887
790.310,889.999,888
227.269,107.205,889
674.601,18.962,890
200.606,187.918,891
873.673,914.829,892
867.743,366.651,893
797.571,890.853,894
655.263,144.450,895
186.905,138.153,896
356.134,895.277,897
238.367,258.693,898
814.598,375.033,899
811.932,69.522,900
526.808,780.739,901
67.522,745.552,902
567.191,458.131,903
968.937,144.860,904
100.225,434.729,905
449.317,443.556,906
741.959,483.698,907
524.640,759.732,908
661.319,284.730,909
802.320,829.498,910
598.461,697.492,911
813.749,919.204,912
478.262,36.408,913
387.101,39.687,914
70.464,191.754,915
127.275,718.214,916
798.436,576.735,917
309.988,797.708,918
791.439,557.908,919
502.636,895.417,920
605.252,477.261,921
119.636,976.570,922
311.551,135.424,923
278.912,816.019,924
337.309,612.879,925
785.033,695.017,926
203.890,691.386,927
259.530,900.117,928
626.345,651.423,929
492.671,953.632,930
382.604,824.060,931
434.425,510.984,932
953.855,567.840,933
44.638,768.010,934
130.022,682.409,935
796.914,774.029,936
622.683,653.774,937
188.434,943.359,938
577.161,505.277,939
210.826,944.960,940
912.513,583.600,941
884.773,175.108,942
627.831,201.567,943
640.955,782.196,944
257.592,273.319,945
529.155,752.659,946
352.728,929.077,947
398.987,890.113,948
255.674,454.664,949
270.649,698.778,950
0.564,373.814,951
924.091,641.895,952
317.682,483.095,953
659.332,904.799,954
929.513,812.601,955
664.184,496.005,956
447.430,491.569,957
535.051,993.271,958
661.993,657.066,959
89.761,782.760,960
107.263,201.900,961
874.826,314.040,962
307.288,569.470,963
192.394,216.720,964
859.100,433.973,965
10.113,480.794,966
943.967,172.852,967
788.717,750.507,968
249.648,656.096,969
702.070,326.055,970
908.335,328.716,971
131.246,86.142,972
538.359,763.277,973
455.025,368.683,974
34.663,448.642,975
730.521,60.120,976
158.442,114.831,977
998.346,686.468,978
462.408,709.465,979
99.025,467.339,980
784.160,362.187,981
399.851,18.026,982
550.291,630.365,983
689.919,938.802,984
399.874,346.680,985
199.592,314.969,986
385.943,544.922,987
312.279,312.836,988
447.809,363.517,989
24.998,897.560,990
86.096,555.788,991
757.327,654.921,992
152.856,458.677,993
637.937,983.613,994
789.377,685.120,995
351.045,725.975,996
644.904,993.737,997
603.394,666.833,998
57.759,786.203,999
778.127,484.130,1000
60.504,659.707,1001
202.464,263.854,1002
444.666,483.960,1003
404.280,548.807,1004
891.970,934.863,1005
626.413,486.165,1006
146.874,612.814,1007
632.847,792.814,1008
598.308,995.673,1009
177.709,320.633,1010
829.026,662.852,1011
223.088,869.902,1012
857.913,652.042,1013
743.006,59.155,1014
287.167,938.116,1015
296.874,70.562,1016
87.148,815.800,1017
440.051,920.795,1018
755.809,209.151,1019
972.283,585.197,1020
878.215,362.119,1021
243.990,649.702,1022
256.895,92.183,1023
67.292,999.000,1024
567.018,361.853,1025
423.653,769.374,1026
261.964,980.087,1027
639.195,561.276,1028
402.015,118.333,1029
936.758,153.297,1030
213.018,522.037,1031
961.606,187.365,1032
439.464,530.930,1033
656.229,91.271,1034
517.933,458.964,1035
233.535,218.739,1036
617.467,488.052,1037
99.376,645.086,1038
407.604,659.536,1039
718.913,788.949,1040
389.420,845.001,1041
331.973,853.135,1042
115.512,543.955,1043
980.197,634.715,1044
167.816,42.064,1045
875.982,414.230,1046
72.041,30.392,1047
958.996,175.823,1048
58.778,50.435,1049
488.013,52.094,1050
486.998,513.982,1051
639.366,208.871,1052
803.577,399.159,1053
995.262,30.988,1054
246.373,547.875,1055
651.623,843.687,1056
539.885,916.731,1057
593.865,633.762,1058
922.094,237.685,1059
267.496,596.328,1060
146.335,551.864,1061
906.338,108.373,1062
87.584,384.044,1063
178.363,19.340,1064
959.654,891.088,1065
135.146,798.444,1066
782.230,590.975,1067
850.848,296.150,1068
661.913,577.125,1069
598.795,244.177,1070
100.090,500.013,1071
527.392,946.934,1072
465.496,369.346,1073
147.724,436.124,1074
110.063,992.795,1075
883.144,9.832,1076
948.518,153.672,1077
722.141,183.261,1078
716.365,581.172,1079
695.987,184.550,1080
997.564,270.407,1081
340.865,665.397,1082
745.943,901.573,1083
273.798,331.479,1084
104.843,696.593,1085
536.093,549.982,1086
76.088,703.168,1087
500.178,211.771,1088
18.946,339.426,1089
855.383,868.241,1090
466.966,308.618,1091
401.852,639.689,1092
455.358,649.190,1093
313.929,392.042,1094
140.084,462.296,1095
20.629,448.790,1096
485.990,380.170,1097
873.952,531.533,1098
824.821,288.175,1099
577.758,704.658,1100
204.114,936.445,1101
475.667,21.024,1102
588.267,655.929,1103
776.902,667.640,1104
901.736,371.027,1105
451.123,350.240,1106
259.628,259.436,1107
576.694,771.655,1108
162.159,94.900,1109
396.303,304.381,1110
409.449,837.135,1111
663.409,505.179,1112
374.899,219.674,1113
995.398,340.746,1114
394.209,348.673,1115
635.353,207.950,1116
877.209,947.561,1117
450.070,734.305,1118
197.261,171.515,1119
396.098,183.601,1120
0.781,635.407,1121
171.312,257.432,1122
11.641,848.330,1123
275.847,538.574,1124
492.553,907.818,1125
376.895,649.369,1126
982.864,366.051,1127
673.046,317.137,1128
662.687,358.420,1129
787.782,561.676,1130
623.052,955.273,1131
615.707,666.513,1132
150.627,674.595,1133
484.180,952.960,1134
962.582,473.712,1135
62.222,650.453,1136
260.555,244.700,1137
74.106,538.224,1138
770.440,90.652,1139
772.549,363.400,1140
128.246,242.010,1141
251.944,995.418,1142
980.955,196.943,1143
291.983,184.665,1144
188.791,327.807,1145
857.653,18.548,1146
328.728,277.642,1147
758.993,42.907,1148
764.898,454.346,1149
709.908,453.239,1150
587.150,112.835,1151
443.658,279.736,1152
37.589,708.570,1153
785.820,121.456,1154
11.076,7.200,1155
504.300,772.526,1156
566.670,532.521,1157
607.173,700.815,1158
325.119,127.946,1159
581.233,648.273,1160
105.716,724.756,1161
296.586,323.311,1162
247.413,949.265,1163
790.304,797.469,1164
962.200,162.533,1165
746.246,127.744,1166
680.291,202.416,1167
139.055,968.573,1168
221.479,155.701,1169
497.572,838.248,1170
299.025,273.507,1171
325.532,787.277,1172
396.933,529.025,1173
129.642,608.360,1174
902.539,831.846,1175
989.848,849.120,1176
290.563,958.429,1177
330.494,383.957,1178
691.738,820.759,1179
91.778,271.561,1180
612.847,873.833,1181
117.392,262.375,1182
397.056,776.065,1183
752.097,120.073,1184
861.664,767.590,1185
256.135,362.099,1186
312.505,144.527,1187
398.960,947.687,1188
922.934,844.611,1189
94.326,77.479,1190
158.737,497.247,1191
353.043,782.127,1192
922.528,230.533,1193
126.019,757.766,1194
998.067,106.076,1195
692.531,272.737,1196
191.690,368.619,1197
558.051,869.366,1198
269.285,389.717,1199
153.573,35.525,1200
245.443,269.765,1201
872.684,353.103,1202
649.993,41.405,1203
55.997,20.002,1204
918.925,20.492,1205
741.578,32.740,1206
461.596,658.863,1207
28.823,689.934,1208
662.253,643.585,1209
233.197,45.763,1210
414.852,95.564,1211
586.001,884.746,1212
675.541,630.048,1213
386.731,742.793,1214
515.194,308.770,1215
252.685,510.003,1216
287.598,132.438,1217
809.710,565.055,1218
583.473,127.606,1219
43.337,451.694,1220
436.802,50.527,1221
165.917,461.682,1222
842.372,487.546,1223
907.056,741.690,1224
932.044,867.064,1225
302.542,47.663,1226
158.459,958.280,1227
160.275,749.778,1228
27.836,469.979,1229
946.941,678.999,1230
219.755,457.744,1231
54.923,374.519,1232
151.654,129.925,1233
896.550,391.859,1234
739.144,803.496,1235
133.934,985.055,1236
391.051,420.102,1237
603.786,594.513,1238
227.572,891.388,1239
315.408,271.697,1240
468.886,207.125,1241
788.296,182.941,1242
434.618,916.294,1243
539.522,601.047,1244
909.763,875.918,1245
758.894,973.363,1246
683.561,718.124,1247
644.013,787.966,1248
219.834,970.178,1249
184.912,11.855,1250
814.800,663.582,1251
472.191,693.234,1252
196.138,567.092,1253
746.834,335.170,1254
578.790,936.284,1255
384.178,102.598,1256
393.719,69.218,1257
132.838,661.543,1258
115.420,353.644,1259
689.394,373.444,1260
355.697,555.686,1261
543.480,451.014,1262
291.485,90.304,1263
948.562,460.560,1264
431.445,349.720,1265
768.133,306.612,1266
160.159,599.452,1267
790.664,316.886,1268
214.651,678.834,1269
50.742,411.313,1270
269.178,81.069,1271
475.314,351.532,1272
664.359,502.764,1273
258.079,808.543,1274
306.216,438.293,1275
48.106,902.073,1276
645.814,474.300,1277
469.311,440.933,1278
745.570,692.138,1279
584.578,31.274,1280
259.900,115.734,1281
955.260,833.603,1282
828.749,659.059,1283
256.221,144.489,1284
923.303,282.104,1285
237.402,741.889,1286
836.832,50.769,1287
675.349,336.850,1288
382.495,986.937,1289
990.146,540.428,1290
7.518,957.493,1291
200.442,422.624,1292
545.017,531.299,1293
321.489,857.516,1294
352.316,430.449,1295
470.593,616.158,1296
153.021,910.071,1297
896.758,642.676,1298
360.781,568.658,1299
478.929,698.668,1300
424.457,357.010,1301
132.047,245.280,1302
163.912,285.155,1303
835.527,13.705,1304
430.953,895.945,1305
614.910,523.234,1306
805.144,529.244,1307
599.504,802.822,1308
832.654,476.444,1309
286.315,912.276,1310
488.999,834.366,1311
321.287,965.840,1312
444.266,0.848,1313
120.451,235.949,1314
178.516,428.278,1315
768.869,859.386,1316
311.125,20.438,1317
125.816,246.687,1318
190.622,451.829,1319
64.956,783.238,1320
936.402,240.968,1321
101.237,17.560,1322
868.160,970.753,1323
468.618,742.264,1324
617.243,930.835,1325
435.392,216.107,1326
554.017,954.135,1327
146.759,128.791,1328
939.002,452.616,1329
950.805,835.340,1330
419.244,5.535,1331
985.084,629.952,1332
862.964,177.010,1333
637.496,483.900,1334
909.625,606.688,1335
481.872,910.226,1336
856.740,667.714,1337
176.022,500.346,1338
608.992,581.629,1339
686.933,230.574,1340
875.355,589.668,1341
107.223,584.877,1342
353.549,411.396,1343
64.332,568.114,1344
909.327,176.856,1345
868.297,12.467,1346
293.435,581.511,1347
405.306,337.216,1348
876.017,575.907,1349
506.298,667.554,1350
905.987,608.076,1351
546.767,225.495,1352
376.465,21.164,1353
770.464,104.244,1354
110.307,122.064,1355
704.582,672.916,1356
883.824,277.667,1357
832.338,246.562,1358
90.981,795.293,1359
832.159,912.013,1360
342.298,106.629,1361
699.588,962.883,1362
536.118,709.332,1363
711.075,548.658,1364
925.131,561.991,1365
821.353,941.486,1366
682.330,756.107,1367
362.258,43.148,1368
182.028,460.924,1369
970.077,241.288,1370
206.824,306.510,1371
850.435,135.194,1372
119.982,837.824,1373
926.159,292.449,1374
735.388,801.679,1375
836.549,663.125,1376
483.465,75.343,1377
812.380,49.691,1378
271.340,385.420,1379
504.011,981.084,1380
1.553,390.466,1381
208.634,185.793,1382
717.375,490.940,1383
188.774,39.343,1384
148.550,256.664,1385
63.489,939.251,1386
380.734,578.079,1387
529.161,189.073,1388
465.642,425.560,1389
719.245,50.618,1390
17.714,417.219,1391
440.514,783.458,1392
823.947,962.376,1393
862.504,838.318,1394
500.934,232.895,1395
62.510,576.010,1396
4.882,695.352,1397
638.888,662.361,1398
506.698,368.789,1399
941.894,828.803,1400
169.562,274.755,1401
281.330,460.815,1402
320.216,49.731,1403
980.751,308.519,1404
455.532,202.308,1405
694.084,213.739,1406
501.771,9.834,1407
652.523,847.745,1408
39.893,471.044,1409
785.406,329.475,1410
928.960,790.417,1411
841.195,202.462,1412
391.263,331.959,1413
999.000,51.324,1414
216.445,725.086,1415
31.647,276.879,1416
293.422,36.313,1417
222.096,791.873,1418
679.707,275.557,1419
458.099,695.555,1420
138.990,303.187,1421
553.543,990.143,1422
845.017,277.651,1423
897.840,106.548,1424
52.421,471.175,1425
164.749,100.255,1426
537.784,541.203,1427
892.374,224.163,1428
653.436,433.782,1429
728.172,733.120,1430
312.229,860.062,1431
928.475,933.309,1432
245.792,274.877,1433
49.701,804.364,1434
905.534,796.990,1435
761.078,816.576,1436
881.060,110.250,1437
980.170,943.929,1438
179.877,273.902,1439
569.419,90.014,1440
179.609,556.946,1441
728.866,4.244,1442
563.677,354.959,1443
368.107,116.578,1444
556.344,321.116,1445
96.476,74.279,1446
351.679,552.823,1447
957.618,966.508,1448
96.513,266.904,1449
689.500,794.325,1450
73.893,144.160,1451
180.350,564.415,1452
425.064,100.368,1453
639.402,98.587,1454
940.967,158.325,1455
103.018,881.465,1456
14.096,689.984,1457
896.313,113.471,1458
260.166,570.128,1459
355.610,840.668,1460
731.461,871.446,1461
342.366,570.192,1462
223.381,851.617,1463
796.099,335.737,1464
727.889,214.531,1465
333.557,535.073,1466
881.214,5.810,1467
794.556,431.258,1468
222.193,428.770,1469
952.749,409.305,1470
144.262,18.165,1471
509.549,69.749,1472
372.220,915.007,1473
813.556,208.821,1474
654.726,805.414,1475
686.602,918.379,1476
0.000,669.124,1477
887.083,193.494,1478
257.376,433.220,1479
151.672,210.343,1480
77.509,901.365,1481
423.981,372.142,1482
155.819,576.091,1483
492.333,647.231,1484
635.698,909.370,1485
25.876,616.949,1486
979.705,450.454,1487
7.476,752.891,1488
356.196,850.167,1489
781.715,329.953,1490
279.048,616.165,1491
912.483,575.917,1492
774.592,221.925,1493
959.201,693.315,1494
606.533,605.416,1495
743.668,592.776,1496
666.992,29.394,1497
788.523,297.243,1498
288.878,269.894,1499
909.751,288.139,1500
856.711,823.603,1501
661.650,223.946,1502
567.133,691.833,1503
86.113,867.587,1504
354.604,26.038,1505
680.306,507.790,1506
882.758,259.495,1507
139.379,15.083,1508
657.178,746.822,1509
882.574,246.356,1510
398.842,181.176,1511
347.195,941.923,1512
824.796,964.532,1513
95.991,439.248,1514
230.675,60.126,1515
17.346,104.642,1516
662.267,253.474,1517
326.727,729.311,1518
802.518,766.614,1519
760.511,637.081,1520
94.946,954.797,1521
631.146,776.808,1522
658.377,683.451,1523
537.386,210.869,1524
561.453,302.441,1525
929.187,180.525,1526
108.253,111.492,1527
737.845,880.367,1528
878.688,44.830,1529
117.608,814.235,1530
61.128,550.086,1531
263.906,699.738,1532
55.075,255.107,1533
999.000,383.704,1534
318.331,29.809,1535
125.587,360.581,1536
387.936,596.478,1537
216.431,899.952,1538
490.461,289.359,1539
51.237,122.132,1540
42.001,601.128,1541
628.502,569.534,1542
62.116,217.238,1543
5.271,353.193,1544
512.472,210.923,1545
674.308,227.902,1546
886.400,627.777,1547
340.820,762.042,1548
796.995,818.846,1549
956.641,840.557,1550
22.353,768.189,1551
867.930,223.366,1552
890.059,43.173,1553
787.299,731.968,1554
301.566,548.467,1555
296.263,585.729,1556
834.125,594.238,1557
95.213,582.677,1558
392.875,676.563,1559
133.962,61.409,1560
533.072,798.102,1561
74.025,433.988,1562
457.537,852.107,1563
527.669,650.441,1564
124.641,71.507,1565
675.341,548.955,1566
705.666,870.465,1567
233.969,847.990,1568
793.664,101.718,1569
311.432,691.098,1570
312.812,902.592,1571
556.631,585.445,1572
567.836,384.364,1573
989.711,14.141,1574
988.508,16.949,1575
265.466,923.964,1576
507.770,807.219,1577
642.648,612.528,1578
405.166,94.331,1579
938.370,420.963,1580
910.329,955.520,1581
816.161,276.652,1582
714.036,383.957,1583
64.254,790.790,1584
322.611,467.065,1585
399.231,339.807,1586
838.219,365.583,1587
264.659,559.114,1588
328.027,935.155,1589
301.436,323.624,1590
243.386,868.969,1591
580.834,159.740,1592
391.495,281.159,1593
282.268,876.994,1594
901.194,896.301,1595
792.282,668.959,1596
478.916,638.644,1597
351.381,577.416,1598
777.237,683.527,1599
702.224,300.745,1600
290.846,904.471,1601
841.121,236.050,1602
893.870,821.054,1603
72.660,772.066,1604
693.815,836.891,1605
105.963,967.598,1606
756.869,526.155,1607
537.744,738.585,1608
123.544,283.491,1609
281.523,901.566,1610
828.472,747.699,1611
557.518,522.927,1612
795.053,191.278,1613
126.685,153.681,1614
318.138,210.324,1615
249.264,104.318,1616
621.547,586.459,1617
684.994,998.162,1618
6.487,378.824,1619
216.951,486.762,1620
224.986,371.641,1621
882.992,184.815,1622
90.703,462.619,1623
842.522,780.508,1624
807.567,100.353,1625
727.189,555.482,1626
307.119,962.540,1627
999.000,239.810,1628
924.694,259.676,1629
135.348,89.980,1630
148.172,729.343,1631
245.933,713.934,1632
922.864,78.384,1633
792.101,544.796,1634
924.884,291.180,1635
628.198,35.354,1636
788.819,889.631,1637
101.734,437.759,1638
346.199,263.744,1639
700.093,123.110,1640
665.183,379.138,1641
736.299,859.639,1642
922.544,203.507,1643
138.972,689.787,1644
128.282,522.567,1645
626.886,491.942,1646
412.300,263.629,1647
142.140,841.891,1648
502.891,972.512,1649
848.340,301.959,1650
476.465,896.712,1651
2.491,78.350,1652
603.978,716.805,1653
181.457,764.984,1654
536.270,305.141,1655
947.665,693.133,1656
65.948,805.834,1657
909.957,592.800,1658
289.644,756.572,1659
888.742,861.175,1660
564.368,522.104,1661
714.220,784.543,1662
509.680,620.365,1663
229.021,866.745,1664
783.824,499.628,1665
757.451,280.840,1666
591.008,845.816,1667
925.256,122.842,1668
866.025,294.707,1669
802.515,558.827,1670
79.831,549.269,1671
936.532,254.090,1672
852.086,810.939,1673
92.837,822.116,1674
587.603,85.532,1675
453.719,421.872,1676
266.467,665.773,1677
696.532,270.258,1678
461.534,881.615,1679
104.736,164.648,1680
923.621,557.209,1681
504.424,436.719,1682
219.482,700.799,1683
539.437,30.840,1684
538.230,666.449,1685
254.179,756.059,1686
220.974,131.195,1687
778.698,514.229,1688
506.296,915.635,1689
64.753,675.005,1690
1.741,897.103,1691
365.616,430.494,1692
964.439,823.623,1693
379.179,117.527,1694
734.100,38.805,1695
778.195,556.050,1696
441.230,125.830,1697
405.450,369.473,1698
944.883,628.315,1699
143.155,335.279,1700
537.010,586.347,1701
28.236,522.346,1702
53.603,110.957,1703
297.116,64.640,1704
942.232,346.398,1705
222.072,387.845,1706
66.479,837.166,1707
290.105,99.863,1708
467.856,59.987,1709
829.791,234.222,1710
723.284,41.457,1711
494.359,343.219,1712
351.531,367.664,1713
480.821,407.434,1714
99.795,360.340,1715
540.884,401.639,1716
267.425,223.222,1717
317.654,306.928,1718
545.176,672.607,1719
507.168,677.826,1720
879.018,148.557,1721
423.310,591.657,1722
722.944,159.821,1723
117.046,613.687,1724
119.566,797.954,1725
545.108,254.282,1726
827.414,821.302,1727
377.458,831.086,1728
911.417,482.232,1729
356.782,480.635,1730
287.719,739.166,1731
514.733,39.467,1732
290.962,393.824,1733
393.018,788.567,1734
286.818,614.938,1735
756.685,377.209,1736
673.098,319.013,1737
470.760,649.210,1738
248.038,50.123,1739
315.209,264.112,1740
211.337,856.131,1741
978.977,207.039,1742
138.689,122.718,1743
226.439,837.247,1744
806.351,800.054,1745
256.974,672.497,1746
788.840,634.214,1747
404.597,674.126,1748
221.107,467.013,1749
397.611,589.165,1750
796.187,716.980,1751
288.200,231.070,1752
846.514,661.131,1753
651.057,714.477,1754
858.875,829.555,1755
410.749,548.936,1756
615.210,813.683,1757
667.278,675.668,1758
837.447,819.527,1759
782.641,364.190,1760
841.123,712.892,1761
485.889,667.186,1762
308.421,103.991,1763
935.219,7.992,1764
253.663,973.047,1765
446.495,208.102,1766
858.083,466.827,1767
572.919,564.715,1768
719.022,158.249,1769
744.650,965.153,1770
934.404,880.962,1771
162.141,560.706,1772
950.069,613.030,1773
295.010,830.307,1774
543.990,442.690,1775
215.438,504.555,1776
701.273,860.395,1777
821.757,289.616,1778
919.942,309.013,1779
798.941,536.306,1780
916.611,728.852,1781
588.096,661.994,1782
975.501,141.265,1783
579.829,307.809,1784
328.529,572.466,1785
395.341,984.519,1786
526.349,895.499,1787
258.158,294.144,1788
772.925,100.217,1789
191.282,528.590,1790
235.552,108.282,1791
493.102,912.425,1792
655.789,82.780,1793
231.891,953.872,1794
849.787,558.755,1795
595.404,282.281,1796
361.375,174.149,1797
543.635,254.751,1798
566.336,323.899,1799
656.793,52.009,1800
803.419,296.881,1801
962.844,316.082,1802
434.548,872.471,1803
114.613,563.209,1804
282.426,638.550,1805
106.336,583.712,1806
659.563,945.574,1807
227.938,969.697,1808
166.782,565.199,1809
547.150,452.470,1810
716.000,726.519,1811
375.323,285.813,1812
569.456,450.322,1813
417.285,232.501,1814
857.286,320.423,1815
557.196,479.451,1816
917.118,260.223,1817
599.757,825.332,1818
763.004,818.465,1819
207.186,300.290,1820
833.063,810.001,1821
598.765,437.609,1822
575.455,440.766,1823
322.667,460.965,1824
331.275,599.869,1825
851.587,938.625,1826
978.792,432.712,1827
282.846,57.460,1828
104.326,479.465,1829
123.374,931.831,1830
170.706,873.324,1831
423.457,847.800,1832
722.955,646.946,1833
25.581,86.811,1834
225.643,11.729,1835
890.082,87.134,1836
784.627,923.832,1837
866.605,62.533,1838
358.445,987.182,1839
903.051,927.739,1840
503.001,417.700,1841
98.183,900.264,1842
777.127,429.876,1843
188.711,538.912,1844
449.419,449.113,1845
139.108,960.082,1846
783.848,395.854,1847
500.072,199.647,1848
651.773,588.479,1849
552.411,344.541,1850
730.377,254.960,1851
633.849,514.926,1852
873.025,272.067,1853
575.545,633.486,1854
506.431,290.450,1855
152.308,665.773,1856
645.807,384.386,1857
911.692,722.148,1858
920.069,605.750,1859
577.922,822.173,1860
939.223,958.743,1861
50.419,15.177,1862
636.694,550.242,1863
842.400,10.581,1864
967.625,662.897,1865
827.534,589.686,1866
218.254,216.626,1867
848.591,512.753,1868
591.530,683.256,1869
99.106,913.010,1870
231.910,228.628,1871
772.830,304.862,1872
443.932,970.591,1873
113.171,720.596,1874
117.866,453.445,1875
350.148,139.483,1876
702.500,902.184,1877
159.329,709.836,1878
749.669,369.788,1879
154.887,187.320,1880
233.659,347.850,1881
457.160,754.162,1882
499.892,621.116,1883
29.513,612.227,1884
919.385,479.983,1885
115.262,131.796,1886
953.635,595.542,1887
598.730,729.650,1888
466.516,586.913,1889
782.310,977.356,1890
681.981,246.527,1891
149.213,952.969,1892
115.800,523.903,1893
486.156,705.431,1894
746.926,608.376,1895
973.872,840.489,1896
954.143,19.487,1897
34.834,618.310,1898
950.041,797.652,1899
312.785,17.979,1900
618.090,320.436,1901
170.795,818.074,1902
681.356,143.547,1903
146.129,744.238,1904
996.848,804.411,1905
371.387,757.598,1906
383.197,624.869,1907
654.926,344.904,1908
864.461,625.222,1909
442.929,969.425,1910
821.395,154.250,1911
995.926,453.012,1912
64.417,855.636,1913
650.505,447.995,1914
134.364,517.746,1915
725.594,436.804,1916
689.688,45.462,1917
854.197,284.584,1918
680.436,978.055,1919
421.422,305.331,1920
827.031,67.096,1921
211.071,971.976,1922
898.402,777.104,1923
396.517,779.136,1924
781.057,691.627,1925
650.069,610.755,1926
899.099,131.696,1927
259.780,295.010,1928
687.933,70.467,1929
206.659,832.540,1930
310.616,216.969,1931
234.530,956.650,1932
3.528,200.448,1933
590.792,471.352,1934
569.977,505.030,1935
560.710,702.271,1936
51.814,537.109,1937
725.141,112.540,1938
752.116,165.253,1939
403.946,363.167,1940
659.301,911.478,1941
859.435,203.962,1942
104.570,32.715,1943
275.834,710.556,1944
797.218,512.708,1945
620.919,514.197,1946
77.251,144.469,1947
846.992,985.241,1948
96.938,446.244,1949
393.309,44.009,1950
296.397,592.849,1951
878.416,483.947,1952
929.148,468.904,1953
923.963,559.221,1954
613.972,720.310,1955
171.837,632.169,1956
484.447,899.183,1957
456.769,23.408,1958
710.552,792.459,1959
187.174,968.604,1960
820.865,78.998,1961
793.870,164.867,1962
301.005,934.802,1963
599.518,341.601,1964
94.697,557.203,1965
63.015,220.124,1966
858.320,333.555,1967
547.710,265.140,1968
974.349,234.699,1969
665.280,287.707,1970
81.825,217.408,1971
897.864,140.568,1972
997.468,908.632,1973
847.591,846.484,1974
779.602,985.034,1975
319.425,828.887,1976
308.586,737.324,1977
655.651,632.383,1978
435.010,206.056,1979
490.232,830.269,1980
187.147,5.304,1981
298.480,380.182,1982
938.915,839.139,1983
526.254,796.834,1984
91.030,703.306,1985
633.084,677.480,1986
764.958,226.238,1987
446.416,626.782,1988
472.505,717.962,1989
304.674,404.332,1990
497.318,58.473,1991
217.207,959.986,1992
126.143,511.467,1993
305.063,450.493,1994
425.907,86.782,1995
293.129,276.937,1996
269.247,893.547,1997
60.573,884.791,1998
799.111,7.776,1999
824.240,578.917,2000
442.701,745.446,2001
808.626,39.040,2002
233.553,408.553,2003
518.790,74.684,2004
733.358,867.854,2005
555.993,449.184,2006
711.536,459.642,2007
898.191,73.454,2008
195.663,632.023,2009
419.237,368.954,2010
532.232,411.563,2011
865.558,826.244,2012
504.891,588.490,2013
76.290,19.405,2014
240.101,771.772,2015
941.359,984.015,2016
886.461,666.485,2017
760.216,527.954,2018
454.990,185.301,2019
105.321,948.986,2020
830.704,289.397,2021
533.666,723.338,2022
29.725,760.414,2023
967.726,922.697,2024
105.102,330.503,2025
713.464,43.682,2026
861.694,968.728,2027
956.926,610.615,2028
405.812,532.011,2029
440.506,196.772,2030
656.282,240.748,2031
11.162,423.011,2032
659.563,201.464,2033
393.741,362.368,2034
101.825,676.826,2035
70.274,92.549,2036
11.837,816.408,2037
79.155,122.691,2038
863.410,910.493,2039
567.683,970.062,2040
73.371,439.215,2041
926.265,527.158,2042
712.387,828.556,2043
682.864,696.402,2044
952.978,210.217,2045
574.597,57.058,2046
896.639,805.686,2047
650.893,2.982,2048
781.456,739.461,2049
405.525,26.102,2050
613.356,320.091,2051
969.328,246.117,2052
760.820,668.955,2053
368.216,732.913,2054
965.678,847.724,2055
911.672,512.632,2056
246.343,326.341,2057
811.085,430.829,2058
854.822,533.232,2059
896.118,280.677,2060
946.621,580.437,2061
665.235,686.507,2062
585.051,753.350,2063
445.944,675.461,2064
407.792,378.434,2065
867.711,9.017,2066
422.887,703.515,2067
79.554,589.608,2068
879.261,80.989,2069
421.559,120.212,2070
654.381,571.174,2071
310.779,974.981,2072
632.040,297.959,2073
661.372,958.307,2074
464.245,257.862,2075
883.270,87.509,2076
365.249,454.873,2077
165.368,232.298,2078
128.535,138.390,2079
126.786,840.526,2080
562.552,248.865,2081
929.795,712.279,2082
237.698,395.946,2083
211.940,746.944,2084
808.963,307.700,2085
656.972,213.032,2086
411.004,530.185,2087
113.755,762.508,2088
559.775,684.654,2089
415.817,256.173,2090
902.377,326.771,2091
437.162,165.933,2092
789.775,416.849,2093
448.933,800.752,2094
540.086,459.515,2095
236.623,543.181,2096
536.265,60.167,2097
929.520,183.884,2098
701.416,796.026,2099
24.776,609.853,2100
506.540,398.387,2101
999.000,272.331,2102
389.448,703.746,2103
301.769,909.021,2104
895.942,525.895,2105
842.210,375.132,2106
363.852,966.005,2107
869.049,58.674,2108
277.206,711.349,2109
174.385,820.679,2110
106.054,366.586,2111
852.994,150.560,2112
646.760,875.419,2113
486.695,454.600,2114
841.610,105.941,2115
228.937,830.932,2116
514.151,541.314,2117
768.179,889.722,2118
940.317,364.657,2119
866.125,742.727,2120
231.564,93.739,2121
245.799,546.714,2122
858.177,108.680,2123
434.086,708.231,2124
42.981,16.114,2125
319.321,425.660,2126
300.790,953.903,2127
271.136,639.898,2128
423.101,818.577,2129
386.125,830.085,2130
452.817,255.217,2131
878.294,508.170,2132
499.541,557.771,2133
626.226,959.726,2134
218.499,141.569,2135
254.639,359.256,2136
385.864,725.509,2137
995.557,747.699,2138
660.120,699.566,2139
907.183,592.510,2140
487.348,738.125,2141
496.631,123.782,2142
42.221,867.338,2143
943.801,707.971,2144
564.569,540.174,2145
4.872,273.816,2146
614.837,878.873,2147
828.319,141.462,2148
720.500,443.652,2149
583.251,540.692,2150
684.691,465.324,2151
482.559,453.772,2152
245.729,635.862,2153
210.766,437.415,2154
461.946,851.895,2155
247.286,65.710,2156
820.193,610.308,2157
220.862,203.456,2158
62.034,482.313,2159
171.847,770.619,2160
143.652,524.961,2161
748.942,282.080,2162
110.453,339.695,2163
418.070,348.641,2164
284.042,202.946,2165
451.175,639.470,2166
941.914,954.523,2167
79.047,127.895,2168
753.326,339.591,2169
562.918,403.156,2170
948.505,795.301,2171
515.951,81.291,2172
40.886,289.150,2173
5.655,532.914,2174
342.064,938.777,2175
611.055,726.452,2176
133.725,372.417,2177
425.700,441.696,2178
691.424,283.363,2179
643.840,108.313,2180
910.673,292.900,2181
52.533,632.604,2182
897.939,836.991,2183
453.854,942.147,2184
898.825,465.244,2185
50.505,325.431,2186
677.206,205.871,2187
83.070,751.434,2188
556.417,166.877,2189
802.494,492.644,2190
335.648,985.612,2191
665.565,813.517,2192
330.457,45.743,2193
466.038,861.231,2194
378.926,929.708,2195
737.322,296.507,2196
541.339,449.536,2197
751.198,203.407,2198
959.165,124.590,2199
992.982,327.139,2200
823.298,329.088,2201
728.808,245.827,2202
188.665,645.210,2203
667.297,462.041,2204
620.274,756.541,2205
85.378,980.766,2206
486.384,198.118,2207
25.548,281.647,2208
870.397,241.675,2209
152.430,205.998,2210
0.000,126.342,2211
556.596,285.131,2212
502.158,28.570,2213
535.088,499.751,2214
85.349,851.506,2215
889.582,858.740,2216
50.517,516.832,2217
340.752,583.085,2218
892.547,498.372,2219
393.062,664.556,2220
296.318,467.666,2221
832.787,391.091,2222
57.278,108.552,2223
970.894,872.896,2224
38.134,107.481,2225
127.340,928.995,2226
436.362,367.045,2227
782.630,188.157,2228
337.802,402.363,2229
963.047,915.970,2230
66.005,109.138,2231
222.181,375.398,2232
467.415,644.392,2233
275.362,372.073,2234
716.320,762.351,2235
316.822,649.351,2236
181.373,666.158,2237
740.768,636.685,2238
507.606,876.576,2239
886.728,632.704,2240
373.846,651.332,2241
401.199,914.186,2242
248.905,572.645,2243
84.502,889.027,2244
714.643,128.760,2245
48.125,386.080,2246
24.966,209.548,2247
586.521,58.023,2248
953.253,683.924,2249
365.072,748.400,2250
495.844,318.373,2251
615.535,792.223,2252
100.391,845.516,2253
287.433,1.615,2254
844.342,838.014,2255
499.573,711.358,2256
318.813,210.607,2257
762.479,578.015,2258
960.296,684.871,2259
609.867,719.124,2260
736.353,735.241,2261
552.273,546.443,2262
86.751,995.466,2263
699.153,923.908,2264
644.563,925.892,2265
334.674,339.865,2266
370.482,581.516,2267
886.548,698.740,2268
390.175,92.610,2269
63.197,199.936,2270
719.785,889.501,2271
96.860,34.510,2272
586.047,879.025,2273
689.400,788.576,2274
604.973,807.950,2275
378.799,328.276,2276
663.042,865.517,2277
173.832,473.323,2278
497.442,393.975,2279
326.398,772.736,2280
184.457,141.437,2281
511.422,926.919,2282
180.084,649.733,2283
931.647,75.125,2284
660.756,750.658,2285
401.276,652.864,2286
771.150,703.920,2287
540.031,843.178,2288
101.459,407.323,2289
377.951,354.659,2290
327.851,700.984,2291
748.770,342.838,2292
823.070,341.188,2293
245.817,154.932,2294
540.500,565.869,2295
44.340,692.201,2296
390.600,982.123,2297
955.623,734.648,2298
547.157,928.548,2299
593.387,981.674,2300
161.892,388.757,2301
615.304,2.741,2302
736.221,611.904,2303
722.045,365.080,2304
191.232,936.349,2305
390.608,860.120,2306
262.882,151.754,2307
58.442,639.867,2308
770.762,724.714,2309
790.180,158.272,2310
654.601,540.977,2311
535.197,652.264,2312
652.120,690.266,2313
713.079,811.375,2314
783.209,730.455,2315
469.810,606.547,2316
748.299,703.548,2317
304.915,547.583,2318
314.790,968.974,2319
227.637,166.586,2320
841.267,670.713,2321
997.362,266.520,2322
81.041,649.056,2323
694.957,967.646,2324
660.151,878.566,2325
471.685,182.190,2326
675.628,60.004,2327
163.229,2.074,2328
821.588,31.291,2329
989.846,859.519,2330
164.782,768.862,2331
606.934,357.342,2332
634.540,476.302,2333
32.699,423.944,2334
655.567,773.279,2335
838.239,727.829,2336
946.458,767.749,2337
366.278,154.836,2338
302.894,142.432,2339
798.889,742.097,2340
105.563,257.593,2341
415.830,476.526,2342
725.513,345.506,2343
838.891,331.009,2344
230.504,180.889,2345
683.447,693.415,2346
937.410,63.056,2347
802.149,49.535,2348
510.864,281.852,2349
455.843,915.513,2350
10.370,516.830,2351
895.054,467.955,2352
525.907,930.565,2353
707.309,713.192,2354
65.787,679.010,2355
502.194,816.866,2356
268.637,463.384,2357
200.191,11.067,2358
987.677,63.634,2359
384.680,983.257,2360
490.258,702.687,2361
914.515,327.414,2362
523.366,650.566,2363
536.671,498.942,2364
392.218,602.752,2365
397.762,896.443,2366
629.324,174.237,2367
965.378,204.484,2368
96.602,50.489,2369
947.989,873.853,2370
274.694,233.528,2371
215.955,542.241,2372
60.881,824.728,2373
871.974,105.860,2374
258.030,981.004,2375
305.656,151.048,2376
265.711,957.687,2377
298.202,201.124,2378
788.457,310.353,2379
862.595,577.636,2380
933.065,26.608,2381
189.387,942.864,2382
962.184,260.817,2383
734.249,782.554,2384
318.493,624.471,2385
428.179,954.758,2386
438.095,187.772,2387
505.505,418.447,2388
220.552,347.748,2389
326.790,487.271,2390
50.267,899.456,2391
874.850,430.205,2392
61.991,304.821,2393
636.192,761.319,2394
291.302,221.210,2395
296.845,159.259,2396
163.711,351.279,2397
393.234,843.694,2398
211.135,351.110,2399
298.815,22.533,2400
627.860,936.226,2401
786.879,289.440,2402
471.580,136.478,2403
2.616,883.152,2404
227.680,768.159,2405
351.605,633.088,2406
988.505,769.556,2407
343.006,356.266,2408
350.972,595.563,2409
226.775,767.640,2410
154.384,66.042,2411
452.990,107.364,2412
211.518,443.712,2413
205.115,912.008,2414
991.716,61.749,2415
641.848,617.805,2416
146.959,823.085,2417
268.243,9.106,2418
667.490,304.674,2419
30.827,135.738,2420
274.450,769.230,2421
738.579,801.426,2422
416.293,101.021,2423
333.380,533.190,2424
465.429,425.037,2425
978.385,29.861,2426
41.970,114.001,2427
578.591,119.792,2428
492.609,128.235,2429
276.771,227.107,2430
595.021,765.748,2431
556.875,19.015,2432
667.163,168.319,2433
828.714,297.805,2434
370.953,354.632,2435
146.731,276.190,2436
756.948,858.944,2437
60.736,15.029,2438
159.874,895.597,2439
452.682,339.528,2440
89.698,488.495,2441
33.096,565.806,2442
25.852,495.420,2443
364.903,981.039,2444
914.182,769.275,2445
40.677,905.035,2446
422.601,566.613,2447
291.984,79.621,2448
262.609,509.669,2449
528.670,871.925,2450
720.908,44.560,2451
13.260,451.062,2452
35.825,342.671,2453
64.816,532.943,2454
252.251,611.512,2455
345.207,0.000,2456
554.008,914.700,2457
3.013,223.914,2458
821.033,789.764,2459
56.791,128.163,2460
664.434,203.888,2461
642.148,956.959,2462
798.513,656.678,2463
226.102,479.496,2464
383.585,439.510,2465
379.346,616.118,2466
412.027,896.003,2467
556.405,921.550,2468
923.124,923.839,2469
336.843,370.258,2470
232.804,312.704,2471
491.446,965.481,2472
968.792,834.723,2473
441.815,500.082,2474
238.096,356.983,2475
634.680,363.825,2476
46.842,147.810,2477
445.623,853.589,2478
972.147,72.490,2479
4.741,782.546,2480
111.518,226.095,2481
878.094,550.904,2482
360.464,779.566,2483
220.375,384.924,2484
442.423,815.109,2485
376.671,276.843,2486
962.318,613.603,2487
861.018,831.950,2488
743.569,83.226,2489
817.084,745.158,2490
101.303,266.364,2491
662.992,875.840,2492
982.235,369.810,2493
104.675,645.766,2494
927.714,681.790,2495
958.522,22.186,2496
643.973,450.771,2497
589.133,258.842,2498
412.092,244.185,2499
529.131,765.965,2500
630.490,370.052,2501
608.852,492.703,2502
663.362,123.225,2503
599.755,109.904,2504
305.943,995.773,2505
449.356,364.555,2506
774.396,933.700,2507
867.686,96.302,2508
191.722,43.916,2509
469.417,443.408,2510
799.369,681.449,2511
260.402,800.975,2512
186.108,858.723,2513
679.263,142.672,2514
240.000,227.364,2515
247.882,78.856,2516
154.635,947.041,2517
61.955,64.798,2518
133.490,643.733,2519
410.355,14.935,2520
200.265,545.441,2521
235.586,446.765,2522
267.452,148.491,2523
771.957,389.959,2524
422.007,943.778,2525
951.540,477.102,2526
341.478,181.045,2527
121.530,605.013,2528
972.846,786.317,2529
599.053,754.366,2530
563.121,493.535,2531
9.224,462.300,2532
101.642,208.900,2533
821.053,409.965,2534
14.760,881.442,2535
387.266,417.714,2536
432.293,26.759,2537
64.585,22.387,2538
120.047,533.362,2539
213.321,614.630,2540
968.583,186.708,2541
729.238,235.587,2542
87.882,38.751,2543
69.786,139.856,2544
601.666,876.562,2545
458.884,96.999,2546
78.851,742.721,2547
19.542,938.661,2548
276.877,997.757,2549
75.030,57.960,2550
481.522,936.208,2551
17.924,106.126,2552
216.933,146.923,2553
470.221,643.933,2554
336.487,910.108,2555
107.413,763.008,2556
434.036,670.830,2557
789.983,372.902,2558
259.081,834.673,2559
379.758,362.217,2560
232.328,433.160,2561
309.982,620.992,2562
507.789,897.184,2563
272.684,405.788,2564
912.217,601.468,2565
815.500,741.320,2566
653.990,548.647,2567
274.799,369.077,2568
174.157,174.576,2569
531.292,52.543,2570
925.058,616.360,2571
406.544,494.335,2572
471.405,229.272,2573
869.379,129.386,2574
127.095,160.514,2575
578.836,367.891,2576
369.810,497.357,2577
414.522,910.430,2578
858.075,799.059,2579
60.457,486.747,2580
853.916,740.296,2581
84.760,372.512,2582
609.792,96.248,2583
282.182,701.560,2584
251.880,212.982,2585
672.679,210.555,2586
626.586,45.829,2587
676.132,490.633,2588
763.525,882.857,2589
11.991,606.991,2590
454.284,787.070,2591
878.726,210.478,2592
365.325,73.288,2593
201.089,459.641,2594
336.698,339.915,2595
490.907,287.433,2596
313.276,762.148,2597
241.682,846.225,2598
695.537,280.582,2599
256.490,695.539,2600
427.122,399.319,2601
393.485,317.581,2602
52.741,822.618,2603
113.507,931.584,2604
122.008,577.625,2605
263.585,888.173,2606
495.206,982.551,2607
338.056,653.235,2608
378.246,779.723,2609
134.089,418.057,2610
820.646,743.564,2611
426.410,664.029,2612
529.680,464.550,2613
39.463,433.272,2614
43.003,810.467,2615
953.077,319.579,2616
118.181,735.773,2617
350.365,848.004,2618
829.273,666.373,2619
732.207,956.840,2620
708.405,8.231,2621
296.735,793.273,2622
900.832,266.895,2623
792.680,37.493,2624
96.695,317.905,2625
688.695,609.036,2626
524.255,283.360,2627
323.947,569.788,2628
750.598,584.188,2629
681.379,690.101,2630
64.667,575.236,2631
193.698,889.656,2632
219.441,139.739,2633
803.611,569.834,2634
697.574,804.169,2635
51.996,668.452,2636
995.339,560.437,2637
207.316,154.721,2638
812.047,953.976,2639
573.213,438.064,2640
119.811,57.362,2641
565.693,214.948,2642
440.733,607.710,2643
233.491,200.267,2644
386.605,442.597,2645
160.063,233.786,2646
734.242,831.773,2647
238.926,264.784,2648
364.045,732.378,2649
367.995,821.481,2650
2.992,131.085,2651
331.841,560.606,2652
981.458,67.415,2653
240.843,931.961,2654
173.857,976.308,2655
379.755,316.359,2656
469.852,269.771,2657
352.712,835.527,2658
587.862,861.893,2659
184.111,761.030,2660
709.905,17.699,2661
549.068,468.372,2662
261.233,728.795,2663
314.625,284.636,2664
115.484,977.548,2665
893.985,551.778,2666
313.864,540.269,2667
714.109,963.889,2668
921.476,391.526,2669
997.180,939.474,2670
910.083,625.825,2671
553.597,840.852,2672
249.421,587.597,2673
522.791,904.286,2674
867.088,224.913,2675
900.357,867.526,2676
372.850,740.376,2677
421.880,958.857,2678
430.727,617.540,2679
653.775,946.458,2680
396.601,490.122,2681
333.367,106.597,2682
43.751,795.825,2683
909.208,486.315,2684
912.665,448.675,2685
397.141,250.368,2686
238.326,91.888,2687
849.249,881.134,2688
95.135,299.504,2689
658.208,839.044,2690
185.393,71.199,2691
971.778,963.841,2692
451.752,142.947,2693
699.581,836.500,2694
581.565,838.887,2695
158.157,739.291,2696
543.526,421.222,2697
329.186,55.696,2698
609.108,513.109,2699
644.806,979.676,2700
466.455,470.097,2701
83.863,111.283,2702
897.467,147.777,2703
273.701,455.758,2704
748.800,83.449,2705
574.239,745.891,2706
111.568,312.674,2707
553.135,983.765,2708
696.423,203.967,2709
819.518,261.550,2710
103.741,605.150,2711
794.363,43.339,2712
933.958,206.774,2713
695.355,455.587,2714
769.082,445.905,2715
901.187,164.274,2716
252.876,819.246,2717
789.683,325.076,2718
322.068,697.989,2719
18.012,292.556,2720
888.164,184.956,2721
739.826,235.655,2722
863.025,826.742,2723
405.760,938.786,2724
657.373,462.207,2725
198.902,120.377,2726
258.405,453.738,2727
547.818,956.526,2728
945.237,401.162,2729
938.663,768.128,2730
932.532,396.454,2731
225.263,575.967,2732
365.082,406.370,2733
574.103,56.037,2734
264.925,869.721,2735
200.965,163.536,2736
167.053,447.651,2737
955.547,569.912,2738
775.735,134.316,2739
302.721,406.319,2740
131.015,630.139,2741
871.921,910.805,2742
408.800,264.879,2743
295.169,717.827,2744
990.257,733.036,2745
978.490,125.795,2746
966.742,988.411,2747
990.989,836.181,2748
484.206,322.659,2749
554.538,409.923,2750
40.722,524.552,2751
951.291,38.093,2752
546.431,455.312,2753
732.929,63.359,2754
27.203,616.541,2755
572.767,876.193,2756
672.376,808.855,2757
72.634,514.892,2758
591.549,158.627,2759
974.208,968.265,2760
987.168,15.599,2761
45.143,54.157,2762
367.858,12.970,2763
887.338,72.491,2764
246.252,304.555,2765
652.357,438.491,2766
852.270,952.030,2767
671.846,131.466,2768
886.808,638.315,2769
85.568,69.295,2770
22.005,947.143,2771
453.626,229.310,2772
87.840,346.210,2773
658.122,179.296,2774
540.023,790.278,2775
93.071,957.672,2776
806.770,423.502,2777
226.261,782.696,2778
68.843,621.534,2779
174.468,180.125,2780
248.169,615.138,2781
385.034,756.256,2782
191.360,397.025,2783
762.553,630.724,2784
364.393,769.445,2785
512.464,152.914,2786
748.789,755.894,2787
605.033,789.454,2788
408.215,345.329,2789
625.626,187.561,2790
252.165,189.846,2791
25.969,606.284,2792
816.395,846.173,2793
155.259,163.862,2794
542.901,213.381,2795
998.746,763.771,2796
110.311,237.422,2797
224.577,817.609,2798
866.140,744.703,2799
949.674,144.636,2800
415.440,237.038,2801
984.439,930.035,2802
935.280,859.791,2803
818.862,674.795,2804
314.397,350.688,2805
373.846,923.967,2806
836.342,606.295,2807
684.998,477.502,2808
421.901,837.060,2809
517.557,290.081,2810
394.011,22.153,2811
975.821,807.470,2812
150.148,33.126,2813
496.349,605.555,2814
822.130,215.537,2815
635.834,362.518,2816
225.334,782.652,2817
348.427,795.399,2818
617.362,316.925,2819
502.058,767.452,2820
659.611,634.741,2821
378.082,178.081,2822
94.243,888.506,2823
28.015,191.606,2824
795.079,672.490,2825
163.501,677.624,2826
810.712,929.824,2827
414.824,851.422,2828
500.099,428.170,2829
88.017,290.024,2830
954.052,547.614,2831
196.126,348.744,2832
763.490,571.670,2833
73.792,519.945,2834
491.598,13.388,2835
390.923,617.383,2836
458.655,47.077,2837
84.997,698.238,2838
915.017,179.251,2839
854.065,714.982,2840
248.305,940.836,2841
507.346,371.465,2842
732.763,461.706,2843
786.389,249.845,2844
393.947,754.804,2845
512.375,22.618,2846
644.822,853.675,2847
591.526,905.734,2848
423.165,782.638,2849
39.506,354.346,2850
790.630,705.101,2851
484.475,862.520,2852
202.657,588.570,2853
33.889,128.031,2854
426.791,137.058,2855
331.155,999.000,2856
480.195,44.117,2857
585.503,306.180,2858
344.642,613.519,2859
509.710,112.065,2860
708.688,881.712,2861
19.596,992.014,2862
75.124,964.948,2863
322.295,859.456,2864
902.388,659.399,2865
167.885,35.140,2866
155.066,263.069,2867
794.200,990.710,2868
285.312,487.031,2869
795.309,175.733,2870
364.785,132.324,2871
772.502,0.198,2872
345.146,876.177,2873
271.579,578.867,2874
544.585,494.830,2875
540.315,976.842,2876
163.669,606.020,2877
364.010,182.680,2878
251.449,368.985,2879
221.589,644.115,2880
327.860,831.625,2881
158.828,515.556,2882
593.758,334.697,2883
429.840,651.551,2884
420.334,312.664,2885
919.265,42.566,2886
456.023,29.808,2887
116.108,246.657,2888
43.970,531.728,2889
346.334,890.727,2890
218.039,718.619,2891
562.483,219.772,2892
578.071,352.343,2893
334.122,742.331,2894
750.164,434.727,2895
181.093,563.268,2896
308.612,398.694,2897
292.008,260.932,2898
153.758,14.702,2899
349.439,545.230,2900
748.948,716.959,2901
265.232,531.876,2902
109.834,401.148,2903
95.761,142.988,2904
215.572,826.730,2905
130.719,974.630,2906
963.065,502.034,2907
703.885,295.399,2908
171.858,947.952,2909
607.995,588.156,2910
242.197,211.324,2911
818.404,585.599,2912
831.883,329.419,2913
396.687,818.266,2914
813.833,388.341,2915
516.092,198.433,2916
381.888,731.262,2917
443.292,199.642,2918
405.839,545.846,2919
978.524,908.991,2920
183.634,13.179,2921
79.849,879.769,2922
283.206,956.126,2923
10.326,305.271,2924
121.257,917.520,2925
165.557,905.334,2926
21.930,423.426,2927
842.541,599.462,2928
186.681,367.054,2929
250.359,156.209,2930
156.840,817.925,2931
43.263,90.123,2932
363.570,526.475,2933
222.193,372.285,2934
226.070,385.811,2935
695.103,985.796,2936
193.745,380.276,2937
955.616,803.691,2938
8.333,710.115,2939
975.784,273.525,2940
980.914,605.155,2941
877.355,765.653,2942
761.718,420.007,2943
993.065,939.654,2944
181.645,183.879,2945
241.143,732.832,2946
356.132,211.424,2947
196.972,9.442,2948
972.742,841.705,2949
782.554,146.128,2950
811.019,982.713,2951
304.363,316.014,2952
493.020,990.690,2953
36.026,154.613,2954
7.832,620.658,2955
0.073,716.171,2956
552.973,68.413,2957
479.083,943.576,2958
604.098,459.684,2959
65.731,640.561,2960
758.557,617.469,2961
711.888,532.470,2962
922.897,318.844,2963
931.406,671.018,2964
648.600,119.043,2965
546.618,203.521,2966
210.000,953.129,2967
0.000,501.142,2968
199.763,700.054,2969
129.654,436.526,2970
465.064,647.347,2971
329.610,426.329,2972
969.233,951.932,2973
846.827,986.695,2974
421.383,499.524,2975
934.161,750.263,2976
485.220,605.988,2977
588.937,8.177,2978
631.578,197.036,2979
6.316,853.734,2980
135.804,395.373,2981
930.049,869.800,2982
854.324,199.685,2983
480.882,878.313,2984
324.060,352.376,2985
633.943,724.334,2986
527.035,482.757,2987
157.326,357.065,2988
520.525,215.772,2989
699.584,251.219,2990
77.492,609.912,2991
925.563,316.093,2992
26.838,731.230,2993
903.977,967.766,2994
389.661,319.065,2995
269.246,844.179,2996
515.062,326.925,2997
769.743,919.391,2998
438.235,15.932,2999
190.622,910.729,3000
342.450,642.297,3001
603.645,632.178,3002
53.419,907.996,3003
668.929,261.974,3004
569.620,814.174,3005
768.194,434.362,3006
689.065,776.384,3007
925.065,318.977,3008
254.659,126.768,3009
450.609,417.587,3010
444.190,567.633,3011
794.598,794.862,3012
67.291,677.103,3013
995.169,789.023,3014
372.137,766.105,3015
365.161,937.835,3016
605.693,166.623,3017
786.691,676.182,3018
338.011,704.859,3019
162.366,935.181,3020
590.935,101.904,3021
194.131,986.773,3022
445.556,311.706,3023
526.113,264.547,3024
712.930,65.215,3025
688.715,866.113,3026
18.869,20.449,3027
699.584,202.181,3028
414.822,918.465,3029
969.283,805.466,3030
619.286,881.964,3031
593.656,996.893,3032
291.579,957.720,3033
170.347,426.084,3034
138.541,510.944,3035
388.347,74.740,3036
454.303,794.532,3037
785.330,92.167,3038
532.957,810.701,3039
567.386,884.841,3040
140.260,984.657,3041
768.664,287.654,3042
658.405,397.550,3043
4.863,357.412,3044
446.406,276.090,3045
346.772,90.514,3046
200.567,296.207,3047
12.112,600.198,3048
692.869,451.605,3049
588.162,983.597,3050
625.470,474.206,3051
830.201,182.909,3052
670.329,888.964,3053
442.275,188.504,3054
4.324,724.592,3055
767.487,369.515,3056
569.741,446.704,3057
574.392,58.144,3058
494.989,161.597,3059
174.000,924.765,3060
301.335,503.189,3061
333.741,719.211,3062
630.067,541.141,3063
993.748,737.506,3064
292.318,250.043,3065
421.998,375.637,3066
58.153,80.315,3067
806.946,367.621,3068
56.726,176.350,3069
446.114,995.010,3070
35.543,109.936,3071
311.242,576.132,3072
587.279,512.956,3073
647.700,539.492,3074
123.323,616.891,3075
603.968,970.112,3076
477.330,994.827,3077
869.089,647.394,3078
847.572,870.573,3079
987.062,513.970,3080
102.865,772.630,3081
751.614,760.366,3082
804.616,364.208,3083
57.770,159.795,3084
705.403,838.290,3085
542.778,985.132,3086
608.899,942.343,3087
677.967,786.391,3088
184.528,418.958,3089
294.829,701.498,3090
884.081,874.288,3091
468.086,10.293,3092
743.231,79.177,3093
978.958,123.352,3094
268.587,850.687,3095
154.844,985.454,3096
716.646,383.727,3097
827.690,135.806,3098
120.539,937.813,3099
188.710,371.675,3100
556.513,681.849,3101
690.293,537.339,3102
286.955,43.103,3103
992.421,979.889,3104
286.324,760.767,3105
723.170,260.637,3106
674.330,495.042,3107
499.816,521.938,3108
910.001,921.429,3109
809.154,10.495,3110
919.027,839.597,3111
859.406,986.153,3112
784.683,79.093,3113
680.643,649.784,3114
20.410,810.712,3115
968.032,602.890,3116
352.932,57.595,3117
954.358,418.570,3118
404.750,938.278,3119
854.992,158.301,3120
540.986,717.132,3121
657.644,852.461,3122
313.556,121.221,3123
708.051,667.569,3124
75.438,451.377,3125
393.765,810.824,3126
541.377,508.156,3127
851.013,717.540,3128
140.047,470.097,3129
848.196,732.506,3130
812.397,124.860,3131
788.532,587.804,3132
497.303,788.617,3133
679.454,730.245,3134
678.683,369.560,3135
795.186,833.852,3136
370.484,415.776,3137
27.047,173.849,3138
39.184,63.985,3139
886.817,722.352,3140
48.724,390.019,3141
345.003,691.374,3142
638.320,288.622,3143
537.675,184.560,3144
569.719,802.712,3145
336.806,173.869,3146
232.791,771.807,3147
173.315,218.494,3148
835.082,805.189,3149
1.488,701.079,3150
491.058,518.459,3151
844.548,160.831,3152
881.070,480.777,3153
994.371,356.175,3154
545.749,575.124,3155
581.654,989.393,3156
392.346,145.069,3157
929.240,416.724,3158
906.815,378.127,3159
464.403,569.520,3160
791.265,170.324,3161
189.445,241.019,3162
65.380,220.931,3163
49.240,340.087,3164
194.040,285.746,3165
31.095,882.505,3166
534.080,820.339,3167
461.229,697.240,3168
811.341,274.913,3169
186.648,419.993,3170
958.368,69.573,3171
952.294,189.972,3172
550.396,497.708,3173
70.799,612.422,3174
662.969,792.219,3175
89.409,28.950,3176
403.820,339.548,3177
301.749,112.190,3178
978.719,0.099,3179
607.830,484.546,3180
168.090,739.297,3181
830.232,569.725,3182
820.611,493.322,3183
56.108,356.873,3184
539.035,391.371,3185
306.160,289.856,3186
100.807,685.424,3187
308.391,201.603,3188
306.279,179.290,3189
912.918,356.111,3190
275.461,573.909,3191
342.914,451.437,3192
164.770,714.349,3193
734.335,590.223,3194
411.593,783.892,3195
325.843,119.695,3196
158.544,775.036,3197
342.915,944.776,3198
113.077,750.917,3199
381.311,96.072,3200
260.753,771.192,3201
316.036,853.826,3202
381.377,612.896,3203
168.068,920.852,3204
525.606,603.038,3205
606.224,978.258,3206
191.119,925.807,3207
856.667,979.372,3208
178.136,356.510,3209
139.609,717.019,3210
811.495,282.341,3211
908.473,359.636,3212
139.330,604.195,3213
603.331,342.992,3214
433.162,235.901,3215
872.840,377.152,3216
424.286,223.827,3217
186.072,652.108,3218
370.637,972.875,3219
768.887,196.618,3220
489.418,860.527,3221
46.399,699.827,3222
361.232,753.008,3223
984.990,789.349,3224
83.179,476.467,3225
96.229,558.400,3226
386.421,752.640,3227
771.809,602.003,3228
981.007,985.275,3229
465.556,984.121,3230
474.172,440.579,3231
580.369,177.177,3232
199.956,982.541,3233
695.523,873.381,3234
719.373,352.776,3235
984.966,606.609,3236
427.166,587.990,3237
671.000,636.259,3238
600.035,810.445,3239
837.704,644.499,3240
904.702,319.674,3241
333.270,273.458,3242
287.564,586.240,3243
211.686,438.919,3244
715.298,303.709,3245
67.390,321.369,3246
740.901,716.134,3247
414.689,357.473,3248
302.309,346.932,3249
637.033,55.841,3250
703.069,351.352,3251
173.208,849.625,3252
590.045,227.061,3253
149.939,39.862,3254
789.914,985.210,3255
732.526,247.302,3256
207.479,731.891,3257
102.121,489.154,3258
453.815,333.994,3259
216.489,95.775,3260
804.398,752.940,3261
20.018,872.969,3262
842.919,395.373,3263
310.880,406.502,3264
530.742,546.508,3265
815.376,641.494,3266
776.468,768.681,3267
214.109,992.370,3268
488.269,667.694,3269
405.565,580.969,3270
778.849,869.030,3271
518.666,812.291,3272
605.889,433.433,3273
865.717,914.969,3274
982.606,212.792,3275
367.620,690.522,3276
771.527,37.387,3277
531.092,942.529,3278
930.344,389.320,3279
548.441,303.925,3280
116.371,180.992,3281
17.324,971.388,3282
933.783,95.390,3283
311.685,749.849,3284
841.369,522.114,3285
592.084,430.957,3286
628.879,143.868,3287
211.915,708.298,3288
197.375,996.858,3289
335.211,118.743,3290
599.392,928.275,3291
654.507,681.764,3292
374.610,416.645,3293
973.672,812.497,3294
567.158,494.529,3295
899.667,67.584,3296
717.418,85.069,3297
252.317,33.099,3298
643.212,211.324,3299
679.797,400.271,3300
693.495,956.166,3301
781.241,643.426,3302
332.638,145.204,3303
392.231,572.450,3304
300.498,969.233,3305
887.489,245.645,3306
733.455,181.034,3307
677.703,356.581,3308
79.635,423.402,3309
621.172,374.998,3310
92.252,75.507,3311
860.805,65.061,3312
513.186,387.627,3313
24.691,53.644,3314
231.363,107.642,3315
384.895,97.914,3316
240.157,590.855,3317
268.589,943.406,3318
594.063,27.261,3319
46.961,569.340,3320
812.331,119.781,3321
653.286,655.686,3322
427.678,687.197,3323
568.219,20.099,3324
200.465,184.514,3325
161.685,106.225,3326
879.311,398.557,3327
235.089,892.440,3328
227.629,45.744,3329
23.985,872.135,3330
842.305,267.348,3331
807.298,154.399,3332
321.486,728.946,3333
934.461,655.264,3334
960.029,160.699,3335
949.181,306.685,3336
347.788,130.584,3337
960.673,456.508,3338
422.611,891.370,3339
83.065,308.591,3340
724.691,668.688,3341
454.856,808.957,3342
507.243,194.639,3343
0.987,687.519,3344
669.195,168.400,3345
452.132,172.740,3346
15.604,164.522,3347
929.672,787.189,3348
859.183,464.552,3349
161.518,162.828,3350
467.007,245.632,3351
428.952,720.182,3352
101.285,741.054,3353
533.384,98.872,3354
391.217,942.957,3355
519.340,450.606,3356
800.856,169.475,3357
539.277,686.397,3358
612.706,109.788,3359
24.985,309.701,3360
26.209,666.342,3361
56.362,332.131,3362
475.951,25.511,3363
136.302,375.421,3364
289.017,41.745,3365
98.893,68.663,3366
132.411,367.007,3367
172.311,554.525,3368
720.294,686.052,3369
683.518,766.256,3370
877.096,876.971,3371
741.656,15.335,3372
927.758,822.174,3373
198.658,6.301,3374
811.869,121.479,3375
613.866,267.030,3376
961.549,491.597,3377
603.704,624.771,3378
867.779,599.407,3379
757.214,475.137,3380
457.055,572.856,3381
692.336,596.248,3382
544.715,803.801,3383
16.817,407.510,3384
409.489,549.216,3385
539.551,26.898,3386
413.916,12.897,3387
587.239,22.736,3388
503.927,738.920,3389
587.055,631.722,3390
470.784,254.021,3391
10.296,508.921,3392
3.066,761.879,3393
104.312,178.388,3394
490.158,7.411,3395
827.565,405.730,3396
343.482,78.409,3397
401.617,995.319,3398
309.033,512.506,3399
689.476,98.799,3400
50.023,728.128,3401
182.269,361.068,3402
472.876,523.371,3403
798.879,504.652,3404
540.858,169.199,3405
783.120,847.515,3406
473.038,838.865,3407
135.418,813.197,3408
800.198,421.275,3409
160.638,261.276,3410
285.788,70.268,3411
68.902,583.219,3412
881.036,187.702,3413
614.405,501.403,3414
864.679,474.425,3415
144.397,110.651,3416
412.461,371.195,3417
794.512,351.116,3418
213.174,932.415,3419
697.244,64.053,3420
144.822,208.419,3421
694.000,203.254,3422
523.507,472.399,3423
394.633,335.174,3424
828.048,245.447,3425
358.678,559.083,3426
811.254,718.735,3427
523.842,214.505,3428
269.010,690.970,3429
180.965,100.330,3430
404.538,788.333,3431
110.559,487.128,3432
704.119,867.747,3433
272.239,258.406,3434
866.745,603.927,3435
363.959,278.662,3436
974.466,790.088,3437
602.178,118.295,3438
386.200,101.961,3439
474.766,430.633,3440
183.085,144.531,3441
966.618,763.435,3442
668.824,401.763,3443
481.548,474.454,3444
173.069,103.444,3445
868.865,795.842,3446
752.576,531.743,3447
639.263,869.129,3448
347.172,796.770,3449
781.491,220.339,3450
304.821,222.023,3451
568.131,665.338,3452
589.446,77.940,3453
290.982,900.272,3454
918.816,8.513,3455
451.960,290.240,3456
679.051,55.576,3457
945.461,909.556,3458
559.407,450.701,3459
353.255,461.791,3460
878.347,382.223,3461
305.849,821.421,3462
373.980,900.651,3463
163.742,513.254,3464
854.654,373.702,3465
285.981,228.674,3466
473.899,425.088,3467
848.178,386.644,3468
587.448,566.401,3469
15.771,629.926,3470
422.887,795.486,3471
546.053,183.002,3472
554.345,182.111,3473
613.938,354.893,3474
708.842,117.876,3475
659.522,447.493,3476
69.455,501.444,3477
977.121,683.755,3478
70.566,256.841,3479
5.111,926.328,3480
920.524,225.419,3481
919.792,465.197,3482
865.027,497.927,3483
54.936,841.520,3484
578.024,320.618,3485
891.458,412.006,3486
157.674,101.217,3487
820.658,543.458,3488
784.388,561.747,3489
429.849,230.256,3490
917.649,539.685,3491
61.391,813.101,3492
149.926,909.546,3493
361.255,639.013,3494
664.257,642.905,3495
777.787,569.404,3496
258.478,653.337,3497
247.146,18.541,3498
378.633,798.569,3499
0.389,971.842,3500
203.725,960.718,3501
580.953,993.106,3502
231.710,70.175,3503
595.349,352.264,3504
116.919,691.312,3505
886.102,288.301,3506
909.053,402.381,3507
726.644,940.039,3508
17.228,518.335,3509
567.629,73.439,3510
729.397,997.928,3511
651.499,510.839,3512
301.311,401.579,3513
168.534,287.537,3514
734.605,782.439,3515
153.764,950.931,3516
976.361,133.800,3517
723.509,792.014,3518
190.026,94.557,3519
36.767,851.406,3520
606.858,847.654,3521
421.552,80.958,3522
145.343,305.374,3523
121.963,482.871,3524
426.863,860.393,3525
793.400,897.198,3526
530.868,830.135,3527
214.385,576.772,3528
249.814,989.696,3529
844.773,944.649,3530
705.973,851.186,3531
167.987,779.508,3532
953.726,689.310,3533
68.138,974.281,3534
352.978,84.016,3535
124.391,293.699,3536
638.134,357.323,3537
612.579,768.985,3538
405.864,230.027,3539
548.887,414.394,3540
470.050,292.586,3541
63.897,296.199,3542
402.648,489.475,3543
991.199,716.265,3544
33.899,113.743,3545
783.375,85.104,3546
127.169,909.111,3547
211.559,823.475,3548
329.539,726.907,3549
211.735,132.201,3550
268.121,501.303,3551
242.334,884.622,3552
101.253,653.552,3553
823.881,77.516,3554
668.957,453.085,3555
374.161,758.343,3556
461.610,17.644,3557
872.867,884.401,3558
502.099,285.558,3559
254.035,66.530,3560
905.134,739.822,3561
481.167,199.791,3562
375.328,948.629,3563
878.016,975.986,3564
890.369,192.519,3565
495.056,346.361,3566
642.295,26.059,3567
463.077,338.905,3568
836.515,793.727,3569
339.725,516.350,3570
728.341,559.188,3571
339.470,663.185,3572
118.431,648.729,3573
483.938,545.485,3574
973.698,335.701,3575
171.964,113.370,3576
837.233,490.594,3577
290.438,491.927,3578
624.946,193.664,3579
951.016,156.393,3580
350.610,938.756,3581
851.596,355.674,3582
607.211,157.860,3583
508.087,150.441,3584
620.852,917.666,3585
651.722,299.883,3586
799.613,212.026,3587
581.753,264.392,3588
119.983,49.473,3589
652.176,485.855,3590
160.784,148.394,3591
315.358,559.319,3592
530.927,232.866,3593
673.676,79.917,3594
56.802,632.693,3595
537.446,222.615,3596
620.041,276.792,3597
599.708,547.201,3598
0.848,254.740,3599
824.983,673.168,3600
990.596,711.844,3601
975.078,719.840,3602
8.416,412.026,3603
602.821,983.812,3604
151.716,70.295,3605
702.375,117.358,3606
104.332,299.078,3607
989.588,391.103,3608
383.110,623.330,3609
854.262,732.288,3610
409.627,502.859,3611
82.741,110.476,3612
981.747,138.472,3613
130.495,650.135,3614
600.609,841.514,3615
700.055,2.137,3616
442.506,277.200,3617
227.257,147.423,3618
245.931,152.616,3619
785.904,885.994,3620
784.493,923.986,3621
661.961,327.787,3622
677.566,266.590,3623
183.131,8.570,3624
730.546,475.094,3625
269.108,516.424,3626
72.824,190.760,3627
171.917,60.518,3628
390.308,382.819,3629
583.169,655.004,3630
324.406,99.111,3631
638.687,363.404,3632
67.457,241.227,3633
383.522,781.432,3634
684.467,646.943,3635
78.489,702.464,3636
798.447,146.373,3637
345.822,663.345,3638
271.732,449.774,3639
86.230,999.000,3640
788.232,289.936,3641
197.998,356.002,3642
677.117,608.934,3643
229.925,985.725,3644
990.329,592.483,3645
654.579,732.123,3646
71.797,105.405,3647
789.564,517.813,3648
821.329,378.950,3649
790.431,781.917,3650
331.744,328.477,3651
208.343,250.407,3652
972.320,797.022,3653
861.536,742.196,3654
633.598,748.042,3655
149.671,891.646,3656
803.558,960.671,3657
293.307,111.272,3658
129.977,32.921,3659
413.758,980.392,3660
6.727,561.804,3661
853.877,39.413,3662
397.035,23.001,3663
565.452,439.029,3664
685.147,269.356,3665
742.326,756.661,3666
426.503,377.130,3667
711.182,6.590,3668
415.895,806.949,3669
127.200,308.799,3670
77.442,431.393,3671
735.598,607.760,3672
28.764,5.685,3673
54.918,271.720,3674
705.016,372.667,3675
428.480,487.233,3676
912.966,688.574,3677
634.115,809.604,3678
455.371,488.478,3679
128.318,900.568,3680
98.922,209.647,3681
700.538,958.417,3682
569.361,212.132,3683
978.836,416.426,3684
139.940,488.896,3685
702.225,79.205,3686
36.060,74.599,3687
625.268,283.720,3688
113.911,760.221,3689
367.895,442.855,3690
167.304,912.588,3691
928.228,542.903,3692
147.201,27.357,3693
160.948,698.093,3694
884.306,227.618,3695
229.043,290.488,3696
922.652,438.652,3697
791.531,44.300,3698
562.763,107.026,3699
358.212,704.158,3700
658.806,860.572,3701
240.601,592.011,3702
43.310,308.420,3703
450.296,232.760,3704
228.073,348.525,3705
286.357,162.776,3706
229.835,84.742,3707
21.398,591.725,3708
569.665,38.936,3709
793.528,821.842,3710
466.552,311.372,3711
637.579,898.161,3712
357.109,146.048,3713
753.913,136.401,3714
42.387,740.661,3715
827.627,90.871,3716
450.898,994.329,3717
796.785,909.586,3718
156.048,593.995,3719
465.239,984.616,3720
275.798,950.472,3721
710.078,908.874,3722
400.065,446.999,3723
242.250,9.242,3724
826.431,460.143,3725
580.029,322.481,3726
32.754,244.293,3727
669.089,565.559,3728
134.225,319.585,3729
993.159,710.213,3730
129.824,898.047,3731
971.433,16.386,3732
899.838,4.231,3733
979.699,999.000,3734
588.542,164.864,3735
639.659,524.577,3736
216.297,216.216,3737
384.861,485.026,3738
327.331,232.873,3739
847.831,839.604,3740
919.220,458.331,3741
187.675,173.547,3742
387.325,837.115,3743
870.818,200.488,3744
967.991,429.756,3745
148.020,255.352,3746
236.087,890.723,3747
623.652,386.773,3748
730.845,255.923,3749
190.966,453.459,3750
622.423,799.564,3751
142.089,4.729,3752
736.658,143.997,3753
288.943,455.087,3754
19.185,755.029,3755
375.572,51.494,3756
479.410,756.380,3757
825.164,304.050,3758
834.959,491.980,3759
889.123,204.076,3760
326.485,711.271,3761
672.046,133.051,3762
552.544,924.594,3763
718.158,129.914,3764
396.293,235.361,3765
16.542,507.304,3766
166.181,302.198,3767
96.359,965.405,3768
516.831,855.334,3769
860.718,975.879,3770
524.080,612.500,3771
313.603,904.700,3772
177.197,192.373,3773
810.856,802.425,3774
953.084,896.763,3775
427.097,907.161,3776
232.607,820.903,3777
408.033,174.396,3778
518.517,496.931,3779
433.890,543.103,3780
114.856,845.793,3781
133.807,10.014,3782
406.959,379.533,3783
406.793,229.980,3784
978.935,367.144,3785
79.613,824.379,3786
138.825,332.973,3787
514.837,525.484,3788
151.018,823.298,3789
23.261,396.493,3790
272.472,169.588,3791
161.251,407.860,3792
29.742,718.036,3793
179.671,197.349,3794
429.782,306.647,3795
620.578,523.621,3796
764.614,225.011,3797
414.392,389.099,3798
274.968,341.319,3799
674.087,91.499,3800
3.308,60.894,3801
734.433,246.017,3802
996.913,611.013,3803
977.937,961.863,3804
92.678,665.790,3805
785.013,867.689,3806
1.594,554.305,3807
740.125,382.050,3808
345.821,351.837,3809
451.139,333.774,3810
335.817,752.086,3811
704.186,503.841,3812
694.910,401.115,3813
424.772,325.637,3814
55.396,673.211,3815
814.819,486.135,3816
89.035,707.254,3817
469.324,253.403,3818
620.417,631.327,3819
708.063,565.251,3820
678.726,191.373,3821
436.693,482.605,3822
130.454,532.730,3823
20.339,561.426,3824
889.684,306.072,3825
817.673,718.825,3826
472.957,712.600,3827
314.639,284.349,3828
99.794,234.697,3829
323.310,679.827,3830
692.771,261.112,3831
337.006,585.849,3832
426.096,597.048,3833
852.564,362.137,3834
377.526,205.144,3835
696.924,503.146,3836
918.588,188.785,3837
610.534,384.479,3838
586.053,525.000,3839
292.072,589.295,3840
223.884,883.345,3841
324.028,694.614,3842
708.079,121.929,3843
785.932,750.514,3844
655.813,928.731,3845
668.567,900.164,3846
64.306,448.483,3847
665.314,574.173,3848
962.603,917.668,3849
571.714,778.278,3850
5.103,727.582,3851
455.951,298.285,3852
978.227,712.516,3853
330.820,9.462,3854
478.965,263.764,3855
855.870,267.251,3856
624.657,251.838,3857
734.067,847.664,3858
153.678,995.715,3859
343.473,326.794,3860
815.332,26.778,3861
3.930,84.956,3862
533.593,510.509,3863
211.667,415.375,3864
46.230,538.493,3865
218.941,882.938,3866
228.482,289.090,3867
611.492,905.457,3868
647.560,875.751,3869
822.084,532.842,3870
864.404,39.120,3871
807.033,263.962,3872
461.890,972.704,3873
668.027,968.387,3874
10.708,726.645,3875
60.183,915.560,3876
580.699,159.461,3877
779.677,610.775,3878
390.055,60.507,3879
862.226,634.813,3880
746.306,871.983,3881
424.264,523.688,3882
807.154,661.133,3883
189.297,98.409,3884
806.490,534.433,3885
28.603,773.505,3886
938.492,152.112,3887
744.084,268.948,3888
269.673,654.082,3889
606.765,294.579,3890
817.828,235.040,3891
490.845,981.234,3892
176.992,839.409,3893
4.773,39.519,3894
11.796,412.688,3895
592.130,591.282,3896
395.219,757.619,3897
911.581,494.386,3898
979.384,646.606,3899
636.084,688.217,3900
320.474,676.161,3901
514.349,874.491,3902
862.495,79.303,3903
951.190,596.181,3904
706.625,167.113,3905
999.000,626.917,3906
201.317,932.728,3907
364.532,558.076,3908
952.069,203.680,3909
275.428,999.000,3910
994.802,176.461,3911
739.915,549.297,3912
980.142,886.959,3913
966.806,56.484,3914
105.890,645.793,3915
513.945,432.990,3916
756.293,969.488,3917
803.712,718.508,3918
11.738,823.936,3919
948.350,902.906,3920
988.730,982.830,3921
683.208,683.679,3922
470.255,633.090,3923
754.510,414.803,3924
920.454,377.650,3925
469.885,584.825,3926
111.358,90.228,3927
213.240,390.095,3928
684.707,985.076,3929
309.288,398.886,3930
997.986,199.067,3931
341.987,482.126,3932
770.673,545.269,3933
261.228,387.122,3934
406.693,178.205,3935
873.753,904.325,3936
167.498,398.945,3937
521.392,308.750,3938
35.397,38.704,3939
387.277,303.597,3940
708.534,228.092,3941
854.843,328.879,3942
47.693,698.808,3943
283.551,179.025,3944
371.040,210.773,3945
631.228,970.189,3946
258.985,789.951,3947
443.826,926.310,3948
767.986,245.924,3949
74.055,198.162,3950
806.317,336.932,3951
170.560,206.745,3952
103.710,788.151,3953
431.092,519.874,3954
377.691,945.661,3955
507.443,884.387,3956
970.255,387.122,3957
86.149,252.136,3958
845.738,383.856,3959
886.246,381.097,3960
576.522,484.198,3961
322.345,208.712,3962
989.708,495.123,3963
38.939,934.329,3964
698.019,497.203,3965
494.488,732.430,3966
292.840,119.235,3967
699.862,660.399,3968
17.209,363.791,3969
970.005,789.603,3970
697.473,89.997,3971
551.005,118.048,3972
113.626,66.996,3973
385.938,979.574,3974
118.063,966.872,3975
433.122,756.792,3976
330.610,865.570,3977
611.302,489.533,3978
792.435,390.441,3979
994.661,394.939,3980
886.143,148.742,3981
476.046,702.681,3982
735.421,529.214,3983
441.410,619.446,3984
6.379,233.597,3985
889.955,854.301,3986
490.190,776.721,3987
408.629,984.937,3988
927.355,778.433,3989
822.752,413.960,3990
59.956,244.652,3991
319.998,0.337,3992
670.909,533.336,3993
903.762,960.818,3994
155.768,529.170,3995
36.136,529.973,3996
362.458,869.768,3997
168.282,665.487,3998
679.845,616.541,3999
599.572,402.320,4000
616.118,967.856,4001
534.008,20.422,4002
256.489,707.608,4003
744.225,682.348,4004
151.654,514.488,4005
478.615,649.888,4006
962.470,251.063,4007
355.498,946.733,4008
863.724,580.905,4009
362.512,389.657,4010
957.846,936.883,4011
933.347,278.452,4012
933.863,582.183,4013
876.389,778.469,4014
420.140,582.551,4015
390.697,257.683,4016
709.433,915.359,4017
572.294,639.584,4018
221.417,61.277,4019
541.746,288.533,4020
943.688,515.259,4021
780.330,807.638,4022
965.294,436.899,4023
633.059,802.545,4024
488.052,867.589,4025
653.603,590.274,4026
599.269,474.952,4027
143.590,360.433,4028
881.873,19.559,4029
564.082,841.259,4030
813.767,737.585,4031
737.668,992.960,4032
650.043,64.472,4033
840.158,815.982,4034
679.801,79.379,4035
671.167,272.749,4036
403.540,639.690,4037
396.550,697.312,4038
75.735,378.853,4039
336.263,590.192,4040
179.205,532.357,4041
972.312,93.793,4042
990.456,971.090,4043
332.466,860.193,4044
606.536,974.765,4045
373.320,504.779,4046
121.463,757.102,4047
177.913,471.459,4048
628.639,819.021,4049
636.896,141.217,4050
974.606,98.694,4051
166.040,909.180,4052
457.384,922.814,4053
775.194,397.188,4054
312.341,224.632,4055
694.906,761.564,4056
135.256,701.992,4057
546.203,876.892,4058
582.076,282.641,4059
963.366,611.485,4060
800.229,856.615,4061
15.398,297.699,4062
879.372,616.947,4063
430.108,895.608,4064
167.333,81.245,4065
537.834,566.445,4066
518.453,534.316,4067
700.475,484.956,4068
418.669,328.535,4069
111.178,333.148,4070
542.588,856.589,4071
641.007,477.567,4072
697.495,334.383,4073
885.644,952.311,4074
158.788,946.750,4075
918.489,257.981,4076
975.585,683.965,4077
193.086,916.525,4078
841.510,138.529,4079
357.822,340.600,4080
220.263,664.975,4081
741.545,171.084,4082
50.874,679.673,4083
806.167,293.967,4084
944.341,696.818,4085
369.199,550.289,4086
855.550,817.581,4087
170.817,489.195,4088
396.781,374.622,4089
966.285,782.079,4090
431.977,595.311,4091
391.287,826.994,4092
234.652,725.373,4093
855.059,116.224,4094
984.865,912.046,4095
753.725,712.992,4096
232.990,401.072,4097
357.300,321.151,4098
800.031,930.385,4099
564.136,843.769,4100
534.493,17.944,4101
154.173,463.233,4102
489.290,878.879,4103
943.275,496.298,4104
955.197,819.171,4105
459.378,923.226,4106
875.683,706.985,4107
666.833,216.862,4108
576.735,70.040,4109
116.255,216.312,4110
779.366,723.768,4111
235.475,435.604,4112
107.958,133.206,4113
599.980,824.973,4114
566.681,913.289,4115
269.273,890.490,4116
91.969,35.229,4117
852.774,189.802,4118
711.378,753.223,4119
915.575,445.784,4120
901.752,822.747,4121
252.136,684.258,4122
413.185,921.259,4123
559.659,859.031,4124
798.094,359.561,4125
785.318,696.849,4126
891.654,13.018,4127
677.109,829.714,4128
296.132,724.812,4129
678.093,189.584,4130
884.032,930.363,4131
303.251,214.104,4132
583.168,845.890,4133
227.259,430.742,4134
891.692,431.502,4135
488.035,190.265,4136
523.330,524.534,4137
572.094,10.109,4138
777.820,245.926,4139
48.106,246.253,4140
359.922,298.500,4141
476.227,655.447,4142
455.726,332.075,4143
844.918,65.442,4144
34.118,759.227,4145
957.160,174.849,4146
364.854,528.831,4147
421.181,461.934,4148
796.839,707.617,4149
708.188,551.081,4150
557.263,437.614,4151
931.881,234.607,4152
802.684,991.261,4153
931.248,121.107,4154
146.385,76.703,4155
62.529,452.113,4156
56.863,932.115,4157
357.348,321.977,4158
908.917,914.405,4159
858.517,120.974,4160
447.668,12.856,4161
802.176,367.212,4162
712.621,704.661,4163
467.224,942.372,4164
28.886,992.772,4165
44.660,278.709,4166
537.808,533.489,4167
823.498,530.113,4168
459.599,732.201,4169
675.042,243.359,4170
137.546,462.520,4171
693.106,834.116,4172
213.864,544.495,4173
926.251,329.499,4174
118.619,853.499,4175
661.081,541.439,4176
256.238,692.802,4177
575.395,974.006,4178
532.943,104.560,4179
77.972,37.408,4180
137.356,894.592,4181
544.343,562.869,4182
249.031,309.405,4183
406.428,430.090,4184
641.417,704.335,4185
340.081,443.606,4186
88.830,846.553,4187
55.151,145.700,4188
285.799,418.696,4189
554.277,474.025,4190
592.725,789.509,4191
244.038,195.141,4192
872.688,781.066,4193
711.570,709.255,4194
920.028,853.460,4195
435.462,301.370,4196
45.056,700.625,4197
386.081,568.113,4198
216.385,959.826,4199
596.816,139.290,4200
353.790,529.554,4201
123.410,891.967,4202
99.671,677.460,4203
183.937,167.871,4204
302.488,666.562,4205
431.303,969.466,4206
473.081,650.531,4207
922.778,406.133,4208
286.995,741.587,4209
365.465,228.243,4210
606.405,90.495,4211
640.484,587.817,4212
561.847,449.450,4213
319.589,653.158,4214
786.290,646.841,4215
884.000,829.992,4216
810.008,317.874,4217
364.005,688.479,4218
5.265,668.734,4219
913.162,648.320,4220
381.765,316.744,4221
435.005,424.875,4222
164.787,675.743,4223
541.672,481.939,4224
153.742,451.220,4225
958.161,484.373,4226
593.765,31.918,4227
722.145,600.400,4228
69.258,977.298,4229
65.314,761.606,4230
981.691,352.367,4231
144.579,422.497,4232
763.365,120.925,4233
110.965,312.234,4234
884.999,969.334,4235
785.845,854.017,4236
846.191,521.960,4237
786.486,102.702,4238
906.802,772.963,4239
601.492,979.466,4240
878.583,914.200,4241
472.779,909.488,4242
759.461,94.711,4243
471.729,589.748,4244
160.531,807.820,4245
222.644,144.305,4246
569.456,679.212,4247
700.527,442.358,4248
460.407,724.709,4249
284.569,199.584,4250
821.633,959.290,4251
59.258,345.364,4252
521.919,76.703,4253
561.705,452.859,4254
226.648,882.112,4255
669.532,480.972,4256
193.448,20.528,4257
855.161,874.193,4258
517.120,558.232,4259
931.055,833.948,4260
220.671,978.807,4261
746.450,875.843,4262
257.302,370.373,4263
565.436,557.241,4264
963.777,481.845,4265
989.107,600.324,4266
70.062,126.173,4267
671.689,34.475,4268
830.164,4.610,4269
785.076,392.043,4270
528.815,212.518,4271
951.950,698.684,4272
327.565,566.862,4273
939.579,693.562,4274
873.432,961.699,4275
114.582,251.146,4276
824.071,582.924,4277
817.899,657.991,4278
128.758,206.022,4279
727.738,194.060,4280
724.656,541.198,4281
461.839,902.296,4282
228.685,445.400,4283
450.920,514.208,4284
94.498,811.515,4285
638.834,743.618,4286
229.055,736.728,4287
522.900,610.664,4288
976.271,525.039,4289
60.153,425.103,4290
511.057,833.548,4291
7.969,198.708,4292
249.644,613.186,4293
576.485,73.064,4294
313.494,681.279,4295
191.146,775.165,4296
828.942,560.053,4297
343.641,613.191,4298
49.176,26.114,4299
69.295,28.156,4300
465.947,740.034,4301
799.904,433.619,4302
735.521,341.194,4303
592.246,764.951,4304
243.016,779.742,4305
104.170,698.095,4306
875.906,774.275,4307
350.030,300.596,4308
606.428,862.232,4309
957.306,450.306,4310
145.296,820.525,4311
508.620,91.454,4312
593.643,105.025,4313
868.785,768.196,4314
428.989,241.197,4315
95.942,279.859,4316
443.973,953.146,4317
362.133,954.383,4318
114.699,769.818,4319
90.690,13.923,4320
508.933,285.574,4321
583.953,469.925,4322
516.984,424.820,4323
803.420,553.174,4324
632.943,598.785,4325
187.318,33.246,4326
166.446,79.981,4327
788.532,955.226,4328
980.924,947.463,4329
316.002,56.770,4330
337.478,689.663,4331
126.644,794.936,4332
861.641,813.814,4333
61.237,5.577,4334
226.208,268.131,4335
633.054,611.817,4336
400.621,453.828,4337
574.014,223.680,4338
985.761,430.753,4339
381.220,295.074,4340
868.592,466.449,4341
534.220,875.459,4342
390.846,851.818,4343
610.403,364.724,4344
952.308,146.108,4345
373.065,821.157,4346
588.806,913.387,4347
542.992,129.208,4348
635.118,726.178,4349
700.943,451.064,4350
630.459,104.393,4351
368.207,128.068,4352
921.887,469.658,4353
671.567,465.590,4354
941.544,365.315,4355
298.412,511.581,4356
346.590,472.195,4357
692.264,893.347,4358
398.061,404.056,4359
881.516,280.836,4360
983.399,760.950,4361
263.203,863.053,4362
36.834,762.954,4363
341.949,12.061,4364
999.000,31.537,4365
360.245,796.335,4366
47.202,758.898,4367
985.881,881.333,4368
983.932,59.034,4369
744.314,905.759,4370
336.415,259.041,4371
719.758,846.978,4372
74.428,150.893,4373
586.664,939.600,4374
90.156,348.702,4375
843.352,422.731,4376
166.487,830.588,4377
823.886,483.810,4378
949.869,35.079,4379
993.965,595.762,4380
668.335,752.242,4381
99.530,720.010,4382
366.336,195.107,4383
450.897,302.251,4384
147.439,943.519,4385
56.134,961.491,4386
797.177,154.303,4387
541.665,704.408,4388
540.793,952.986,4389
3.824,636.565,4390
707.575,739.207,4391
396.830,860.857,4392
487.300,395.503,4393
608.431,586.177,4394
356.474,166.557,4395
6.772,262.949,4396
671.815,751.891,4397
904.437,192.344,4398
777.586,763.918,4399
191.902,269.160,4400
185.530,743.957,4401
669.142,578.057,4402
726.043,588.519,4403
636.557,524.627,4404
642.425,835.731,4405
250.669,297.407,4406
496.488,788.862,4407
40.973,616.238,4408
730.042,635.425,4409
426.940,97.281,4410
935.376,273.483,4411
125.415,139.478,4412
979.378,180.657,4413
906.826,104.543,4414
27.161,80.889,4415
466.790,360.170,4416
228.738,336.680,4417
532.146,159.096,4418
912.526,410.824,4419
152.786,255.453,4420
828.440,745.549,4421
635.577,912.460,4422
719.306,435.312,4423
532.208,418.940,4424
575.623,957.693,4425
669.750,312.123,4426
262.576,301.261,4427
123.757,430.825,4428
40.963,637.000,4429
575.604,862.609,4430
886.557,949.677,4431
785.150,978.119,4432
406.486,36.345,4433
555.260,753.656,4434
434.309,392.781,4435
83.354,192.014,4436
62.509,278.029,4437
738.745,133.138,4438
998.297,374.548,4439
196.338,861.915,4440
986.712,875.224,4441
403.229,350.534,4442
818.959,106.020,4443
142.117,230.453,4444
201.594,471.988,4445
851.435,508.817,4446
972.246,361.257,4447
4.905,514.969,4448
395.899,579.241,4449
198.206,353.406,4450
852.312,274.321,4451
764.440,126.412,4452
832.317,741.779,4453
276.793,204.878,4454
697.932,993.088,4455
490.739,936.023,4456
36.111,595.839,4457
630.089,147.042,4458
383.140,529.835,4459
77.608,13.656,4460
890.406,79.348,4461
203.157,406.503,4462
108.544,386.888,4463
366.724,977.115,4464
695.098,466.220,4465
713.776,451.231,4466
150.167,393.370,4467
992.405,852.816,4468
672.492,372.271,4469
412.776,39.775,4470
344.911,453.068,4471
950.211,898.990,4472
289.037,947.359,4473
33.473,30.730,4474
749.788,868.161,4475
748.972,370.810,4476
835.777,536.851,4477
28.139,591.102,4478
682.557,86.917,4479
447.070,542.128,4480
490.671,961.883,4481
712.261,444.524,4482
367.740,570.881,4483
814.607,963.693,4484
995.151,316.918,4485
859.266,269.384,4486
590.223,630.806,4487
449.243,292.813,4488
591.815,600.779,4489
433.729,702.604,4490
471.309,156.379,4491
604.328,451.549,4492
375.600,444.224,4493
770.031,65.443,4494
540.748,322.530,4495
691.999,769.144,4496
167.987,398.548,4497
622.632,353.497,4498
231.587,109.266,4499
323.436,510.472,4500
691.207,694.630,4501
928.054,105.961,4502
899.837,596.778,4503
156.364,270.656,4504
802.597,686.205,4505
201.335,499.843,4506
614.075,849.521,4507
390.987,370.950,4508
852.818,615.212,4509
534.235,490.980,4510
698.159,665.677,4511
284.394,68.009,4512
35.282,278.410,4513
997.827,203.419,4514
452.252,138.119,4515
4.187,657.251,4516
106.466,260.371,4517
39.806,205.895,4518
386.674,251.262,4519
958.781,876.702,4520
884.352,645.901,4521
556.797,665.152,4522
881.257,383.217,4523
569.202,519.055,4524
545.016,61.590,4525
542.133,158.531,4526
606.149,461.562,4527
365.191,875.444,4528
4.831,106.791,4529
372.083,289.603,4530
718.260,563.110,4531
229.442,579.250,4532
388.369,400.937,4533
900.778,269.515,4534
689.336,247.583,4535
312.965,957.544,4536
771.997,856.726,4537
979.488,301.501,4538
123.138,297.161,4539
132.482,719.010,4540
957.271,771.088,4541
746.813,891.730,4542
666.492,325.660,4543
803.029,298.684,4544
159.762,318.426,4545
155.700,730.067,4546
66.093,977.788,4547
643.164,228.966,4548
473.338,903.748,4549
461.672,96.808,4550
50.307,13.957,4551
900.022,776.218,4552
918.531,965.122,4553
677.373,334.379,4554
766.376,24.322,4555
527.358,850.638,4556
944.355,456.638,4557
270.104,746.119,4558
283.135,13.718,4559
132.819,629.580,4560
479.380,856.748,4561
978.951,624.847,4562
309.545,722.943,4563
868.318,953.925,4564
702.873,445.579,4565
12.495,243.605,4566
322.776,558.058,4567
911.546,368.677,4568
287.830,617.416,4569
353.840,180.851,4570
581.542,216.754,4571
966.707,666.584,4572
575.320,893.726,4573
474.830,359.248,4574
125.569,992.374,4575
834.071,757.139,4576
782.567,784.247,4577
321.319,753.284,4578
385.822,518.190,4579
809.568,206.873,4580
249.924,555.061,4581
343.635,992.555,4582
36.029,557.482,4583
337.741,153.509,4584
479.969,234.629,4585
62.405,742.132,4586
570.269,971.440,4587
451.553,21.769,4588
805.825,95.673,4589
650.164,145.145,4590
320.823,783.594,4591
199.222,176.468,4592
984.453,835.413,4593
467.998,894.627,4594
661.973,228.057,4595
902.590,979.196,4596
183.681,900.624,4597
446.499,543.891,4598
41.266,865.586,4599
193.970,512.989,4600
20.700,303.403,4601
842.467,651.993,4602
525.001,548.331,4603
958.862,758.106,4604
439.292,604.662,4605
942.078,891.281,4606
322.840,4.572,4607
566.035,826.909,4608
399.008,517.332,4609
393.022,297.754,4610
254.231,647.669,4611
76.008,380.690,4612
965.176,184.782,4613
394.392,215.696,4614
180.680,31.156,4615
55.061,872.885,4616
920.004,321.391,4617
442.319,913.093,4618
52.326,876.862,4619
375.711,843.455,4620
788.705,175.703,4621
230.512,929.303,4622
240.468,103.354,4623
201.513,819.656,4624
38.700,591.228,4625
306.693,374.894,4626
709.270,475.908,4627
825.014,517.377,4628
999.000,772.122,4629
811.497,385.271,4630
762.462,341.596,4631
899.953,422.276,4632
89.806,988.010,4633
31.235,761.467,4634
591.476,12.703,4635
772.184,855.256,4636
505.304,533.635,4637
821.452,790.070,4638
560.062,983.165,4639
569.244,109.781,4640
364.765,889.522,4641
568.562,772.170,4642
62.528,634.956,4643
421.560,50.210,4644
437.252,708.789,4645
174.677,646.124,4646
301.222,798.296,4647
255.516,718.013,4648
789.520,551.805,4649
448.161,811.958,4650
138.863,604.011,4651
588.299,318.147,4652
201.779,507.410,4653
477.002,40.388,4654
944.345,492.861,4655
620.490,319.945,4656
89.315,920.109,4657
238.474,584.394,4658
826.141,288.035,4659
406.880,149.437,4660
222.623,205.502,4661
675.834,293.729,4662
109.185,779.688,4663
959.369,852.211,4664
919.046,513.365,4665
155.089,357.402,4666
292.549,741.677,4667
582.445,67.128,4668
697.428,484.627,4669
28.541,526.110,4670
90.234,725.352,4671
702.785,530.313,4672
373.696,765.087,4673
232.391,876.197,4674
264.525,999.000,4675
832.550,271.140,4676
320.375,567.736,4677
122.456,773.271,4678
373.927,324.026,4679
318.186,100.260,4680
904.845,847.637,4681
97.151,71.146,4682
884.244,752.249,4683
714.584,435.119,4684
591.829,359.250,4685
692.202,201.160,4686
591.326,637.511,4687
238.330,594.154,4688
588.109,11.874,4689
741.692,837.267,4690
355.267,500.865,4691
482.269,993.030,4692
1.531,532.717,4693
169.639,213.614,4694
75.621,65.988,4695
491.570,988.644,4696
140.986,892.184,4697
808.402,615.296,4698
274.429,367.664,4699
696.020,921.735,4700
206.639,186.644,4701
876.882,718.728,4702
724.135,139.119,4703
65.988,325.569,4704
137.232,90.887,4705
310.514,500.311,4706
162.858,357.431,4707
347.078,167.868,4708
654.447,98.996,4709
314.936,103.715,4710
671.229,167.466,4711
921.098,629.876,4712
262.803,883.411,4713
382.777,585.241,4714
682.125,374.350,4715
363.679,760.926,4716
908.457,406.327,4717
683.665,564.360,4718
670.894,218.617,4719
670.243,780.747,4720
572.555,904.790,4721
511.702,61.124,4722
857.036,232.562,4723
892.311,977.278,4724
695.112,272.690,4725
182.925,421.176,4726
953.171,856.789,4727
415.323,597.473,4728
857.457,861.137,4729
812.213,155.374,4730
739.147,966.285,4731
314.699,5.919,4732
563.455,254.591,4733
256.632,553.886,4734
442.199,474.016,4735
22.884,635.025,4736
600.636,304.923,4737
178.167,320.631,4738
613.541,145.808,4739
77.276,541.196,4740
318.024,727.013,4741
83.100,242.512,4742
522.006,830.902,4743
60.444,178.042,4744
39.493,431.319,4745
14.538,214.497,4746
143.447,680.564,4747
865.098,891.037,4748
755.389,346.590,4749
105.498,566.870,4750
777.677,504.339,4751
337.082,345.448,4752
642.192,494.378,4753
106.510,176.475,4754
419.388,366.903,4755
421.840,893.676,4756
409.543,808.755,4757
533.530,844.906,4758
516.109,319.299,4759
203.195,267.265,4760
812.276,588.317,4761
584.054,455.015,4762
252.558,804.687,4763
648.086,459.165,4764
317.014,243.310,4765
374.059,727.716,4766
340.873,255.000,4767
33.483,0.994,4768
642.215,784.159,4769
466.286,63.967,4770
604.644,101.200,4771
505.114,268.580,4772
806.415,379.496,4773
308.628,519.670,4774
73.206,575.748,4775
247.515,63.053,4776
778.320,842.535,4777
417.660,320.614,4778
297.401,910.567,4779
818.786,383.336,4780
817.300,781.099,4781
731.876,156.977,4782
548.042,94.982,4783
982.074,1.118,4784
829.189,501.063,4785
958.555,126.892,4786
333.606,125.158,4787
528.380,773.034,4788
426.830,4.224,4789
914.501,685.172,4790
747.927,330.360,4791
249.577,478.331,4792
44.524,941.530,4793
159.023,985.568,4794
287.855,850.674,4795
269.026,882.181,4796
934.176,200.223,4797
868.595,294.121,4798
327.682,994.766,4799
487.051,115.907,4800
645.692,813.265,4801
660.463,91.185,4802
809.327,532.814,4803
377.628,573.661,4804
943.976,53.969,4805
366.290,610.754,4806
551.260,435.426,4807
974.036,792.545,4808
533.279,350.228,4809
585.496,583.827,4810
783.682,792.358,4811
239.474,944.761,4812
92.064,943.812,4813
454.741,387.081,4814
304.984,511.564,4815
798.595,654.285,4816
180.424,115.470,4817
255.581,799.320,4818
296.158,880.209,4819
422.225,69.061,4820
736.939,989.579,4821
838.442,415.229,4822
319.014,104.787,4823
354.937,878.103,4824
195.512,574.912,4825
137.612,955.888,4826
548.431,260.777,4827
976.145,56.815,4828
547.952,1.579,4829
406.787,444.825,4830
96.604,526.266,4831
198.820,601.373,4832
100.184,385.741,4833
988.830,732.831,4834
513.437,281.967,4835
739.110,163.335,4836
928.601,788.496,4837
208.556,787.703,4838
64.719,372.338,4839
612.919,766.397,4840
141.327,505.369,4841
386.369,510.258,4842
256.371,522.061,4843
579.740,269.833,4844
273.349,285.766,4845
376.055,153.204,4846
152.966,559.381,4847
614.904,953.674,4848
94.438,140.171,4849
623.362,116.640,4850
995.230,535.678,4851
864.636,452.645,4852
575.707,935.670,4853
992.460,566.472,4854
231.817,272.256,4855
742.870,605.266,4856
609.430,835.181,4857
753.217,30.621,4858
573.960,96.378,4859
868.688,181.022,4860
860.452,918.410,4861
41.414,431.674,4862
650.685,16.764,4863
684.918,158.457,4864
22.557,160.898,4865
374.023,640.565,4866
238.107,83.759,4867
189.377,18.089,4868
60.269,717.259,4869
891.291,424.575,4870
164.851,470.177,4871
724.072,524.480,4872
75.559,223.302,4873
752.393,86.841,4874
254.774,496.413,4875
967.215,63.760,4876
620.275,357.339,4877
476.540,290.542,4878
241.623,180.497,4879
407.421,61.011,4880
520.715,69.189,4881
311.995,209.244,4882
820.810,334.417,4883
122.509,30.553,4884
655.403,756.404,4885
466.243,628.050,4886
240.262,430.428,4887
23.244,957.577,4888
259.879,19.406,4889
861.271,802.021,4890
744.125,780.149,4891
645.839,486.738,4892
633.230,262.477,4893
506.820,198.560,4894
567.020,951.454,4895
964.570,383.903,4896
844.755,771.253,4897
292.104,493.526,4898
411.259,759.383,4899
456.553,502.047,4900
468.639,577.060,4901
92.595,468.665,4902
816.346,751.228,4903
417.547,466.821,4904
154.295,382.285,4905
755.290,786.928,4906
236.841,96.811,4907
593.660,235.484,4908
422.743,379.598,4909
360.362,999.000,4910
692.826,690.883,4911
183.146,0.673,4912
804.470,342.929,4913
897.310,369.912,4914
679.900,152.521,4915
449.090,864.501,4916
300.583,315.573,4917
397.093,761.833,4918
452.861,831.434,4919
138.661,834.904,4920
709.237,746.525,4921
190.855,686.695,4922
6.308,73.475,4923
633.412,863.679,4924
475.926,163.116,4925
232.980,699.466,4926
505.090,818.790,4927
121.538,93.563,4928
297.035,402.513,4929
647.866,634.597,4930
253.316,359.222,4931
524.221,627.542,4932
228.903,999.000,4933
344.632,709.672,4934
40.028,672.639,4935
781.645,542.823,4936
680.597,388.063,4937
372.567,91.390,4938
116.536,270.155,4939
474.330,283.506,4940
869.962,741.813,4941
999.000,118.314,4942
363.764,499.027,4943
312.145,550.694,4944
605.394,675.382,4945
242.648,239.758,4946
11.605,735.274,4947
603.804,865.664,4948
897.435,910.152,4949
298.622,867.428,4950
596.267,979.016,4951
519.559,681.553,4952
304.917,144.623,4953
910.510,968.443,4954
544.512,992.119,4955
472.121,139.026,4956
39.531,82.716,4957
603.629,706.533,4958
530.452,947.935,4959
268.576,999.000,4960
650.163,152.131,4961
547.447,701.117,4962
397.773,161.283,4963
542.459,706.761,4964
464.631,47.039,4965
150.261,446.407,4966
238.135,641.025,4967
444.226,807.212,4968
82.505,990.043,4969
542.088,587.965,4970
981.563,573.861,4971
159.366,428.232,4972
161.457,279.439,4973
93.281,553.388,4974
737.003,231.246,4975
942.350,641.651,4976
814.814,401.870,4977
727.749,651.349,4978
37.113,41.053,4979
901.706,982.617,4980
481.090,884.640,4981
648.163,492.400,4982
970.204,957.126,4983
381.873,905.355,4984
315.012,29.221,4985
784.263,620.521,4986
358.654,312.357,4987
356.519,283.781,4988
710.615,829.354,4989
201.488,469.885,4990
228.639,94.265,4991
150.763,808.126,4992
439.634,553.196,4993
338.428,688.955,4994
868.924,28.128,4995
489.453,905.521,4996
2.337,83.213,4997
98.665,558.530,4998
235.313,268.568,4999
971.349,587.737,5000
638.606,244.460,5001
274.230,858.531,5002
443.030,823.576,5003
935.908,751.044,5004
944.593,926.435,5005
390.965,866.381,5006
605.393,488.202,5007
885.771,442.746,5008
873.064,72.968,5009
495.995,734.196,5010
121.507,548.942,5011
144.220,903.771,5012
900.877,542.715,5013
659.271,648.631,5014
239.589,630.421,5015
812.300,860.613,5016
221.660,780.608,5017
412.503,401.495,5018
425.589,916.624,5019
816.891,944.725,5020
683.102,133.511,5021
260.666,677.106,5022
50.481,241.576,5023
689.271,327.037,5024
234.839,777.290,5025
46.879,709.358,5026
415.223,37.423,5027
116.890,567.103,5028
916.015,126.887,5029
838.078,564.817,5030
903.450,462.073,5031
191.413,583.830,5032
560.189,692.463,5033
412.388,824.702,5034
123.860,155.761,5035
221.012,223.869,5036
447.038,631.688,5037
622.235,213.087,5038
788.159,460.347,5039
276.508,994.497,5040
385.528,815.451,5041
335.322,666.402,5042
620.949,879.610,5043
802.419,971.716,5044
522.025,707.599,5045
638.273,409.756,5046
559.377,687.597,5047
634.097,353.513,5048
449.897,171.528,5049
215.405,909.186,5050
402.942,637.703,5051
718.701,122.279,5052
250.261,94.481,5053
617.006,660.725,5054
422.980,842.331,5055
156.838,621.556,5056
602.758,976.782,5057
885.570,295.739,5058
77.112,94.749,5059
130.068,799.498,5060
348.952,1.785,5061
167.846,548.573,5062
410.227,685.623,5063
412.675,847.579,5064
159.549,402.158,5065
772.139,912.626,5066
899.683,732.773,5067
806.820,949.415,5068
917.474,678.808,5069
910.956,526.988,5070
813.541,601.887,5071
584.034,812.404,5072
809.940,957.120,5073
141.539,981.930,5074
777.146,154.263,5075
587.881,424.771,5076
414.612,100.252,5077
625.337,995.424,5078
749.401,816.248,5079
677.711,288.748,5080
392.239,469.581,5081
480.195,683.268,5082
794.947,355.079,5083
89.235,355.804,5084
554.750,471.694,5085
361.576,119.133,5086
244.131,795.597,5087
572.920,90.628,5088
80.649,131.459,5089
970.642,410.652,5090
295.849,387.417,5091
745.593,116.818,5092
762.917,748.281,5093
593.046,828.748,5094
785.369,144.189,5095
252.304,760.826,5096
471.231,317.714,5097
463.816,112.198,5098
315.790,866.431,5099
427.373,911.117,5100
367.854,333.299,5101
358.932,978.308,5102
573.090,167.396,5103
353.745,867.679,5104
319.245,924.896,5105
838.856,848.885,5106
5.465,623.308,5107
474.199,39.000,5108
539.278,434.499,5109
23.655,971.595,5110
154.703,171.259,5111
215.146,746.315,5112
749.873,993.859,5113
703.341,519.307,5114
749.783,120.309,5115
74.413,324.118,5116
148.580,912.225,5117
622.320,874.095,5118
177.657,181.763,5119
85.868,254.879,5120
304.774,561.253,5121
448.849,11.245,5122
915.803,90.460,5123
400.662,882.621,5124
372.422,424.838,5125
282.798,903.138,5126
649.634,374.089,5127
437.617,281.792,5128
197.294,726.257,5129
456.936,914.634,5130
115.982,684.705,5131
770.453,120.452,5132
957.544,767.800,5133
455.645,86.454,5134
833.542,312.828,5135
759.980,445.415,5136
222.794,227.532,5137
647.279,586.355,5138
283.988,784.626,5139
689.865,86.420,5140
650.129,137.335,5141
484.165,755.144,5142
619.525,279.790,5143
245.612,117.430,5144
248.352,139.238,5145
594.362,603.120,5146
486.887,206.044,5147
44.521,978.081,5148
102.008,933.360,5149
630.684,793.875,5150
295.569,9.519,5151
649.227,958.344,5152
925.894,782.864,5153
941.293,46.299,5154
939.383,559.974,5155
992.301,890.999,5156
593.818,531.562,5157
413.459,94.145,5158
804.333,392.643,5159
819.881,574.535,5160
593.987,146.890,5161
728.031,177.147,5162
584.008,333.361,5163
445.232,680.931,5164
611.827,483.829,5165
156.495,339.280,5166
761.367,524.262,5167
465.353,192.776,5168
926.518,701.485,5169
300.502,986.272,5170
24.794,768.829,5171
401.734,470.998,5172
481.723,257.345,5173
736.214,344.547,5174
701.455,714.285,5175
903.595,296.779,5176
187.216,368.952,5177
650.141,41.682,5178
528.981,757.017,5179
669.133,845.522,5180
916.267,110.917,5181
963.711,36.951,5182
620.107,993.328,5183
294.611,204.053,5184
294.878,781.296,5185
788.325,217.113,5186
572.975,253.003,5187
355.681,207.405,5188
378.477,921.886,5189
188.167,298.062,5190
816.508,214.247,5191
205.116,901.819,5192
855.906,139.652,5193
425.157,791.541,5194
227.416,616.915,5195
97.978,952.182,5196
577.766,139.898,5197
824.642,396.540,5198
597.484,955.674,5199
604.020,964.557,5200
252.756,357.854,5201
917.115,724.219,5202
410.654,129.612,5203
456.234,865.290,5204
0.522,972.418,5205
73.358,474.125,5206
545.226,125.119,5207
567.577,63.041,5208
373.846,595.652,5209
558.477,55.345,5210
337.185,895.565,5211
666.746,934.784,5212
525.100,554.334,5213
756.396,97.591,5214
489.560,332.297,5215
600.444,804.711,5216
170.605,507.400,5217
384.319,306.410,5218
141.955,926.554,5219
681.150,265.668,5220
935.206,207.396,5221
855.943,138.180,5222
852.874,976.426,5223
962.674,423.320,5224
33.791,390.043,5225
154.207,378.179,5226
337.103,752.012,5227
435.686,907.472,5228
65.787,989.316,5229
267.656,821.539,5230
38.379,794.070,5231
899.853,518.151,5232
338.040,826.737,5233
852.325,271.278,5234
674.649,738.380,5235
204.972,444.212,5236
914.011,364.428,5237
144.042,125.234,5238
530.518,28.390,5239
377.098,585.020,5240
873.724,604.509,5241
24.039,879.713,5242
733.912,252.746,5243
111.595,830.599,5244
981.451,392.846,5245
688.127,63.872,5246
620.992,608.707,5247
653.549,261.379,5248
77.498,866.927,5249
158.187,469.086,5250
302.749,844.639,5251
784.318,829.781,5252
51.134,893.239,5253
393.060,697.003,5254
272.294,466.196,5255
79.598,939.317,5256
46.983,385.624,5257
221.595,88.061,5258
977.332,699.883,5259
827.851,974.539,5260
520.860,353.523,5261
290.131,470.507,5262
371.704,111.542,5263
855.530,485.599,5264
146.494,599.728,5265
97.321,245.148,5266
428.382,200.461,5267
85.947,812.821,5268
812.704,866.779,5269
87.557,683.772,5270
693.072,873.928,5271
914.030,275.751,5272
835.819,362.090,5273
504.635,880.310,5274
52.395,564.737,5275
908.113,365.133,5276
479.890,951.406,5277
447.310,189.667,5278
45.327,198.695,5279
898.223,915.336,5280
163.314,179.180,5281
592.913,245.093,5282
307.530,424.774,5283
190.945,928.966,5284
818.757,629.332,5285
727.665,883.330,5286
746.663,273.656,5287
451.669,219.434,5288
366.150,635.207,5289
499.394,81.965,5290
290.329,471.393,5291
462.480,671.141,5292
631.675,624.769,5293
251.242,834.186,5294
377.446,342.203,5295
633.695,508.238,5296
430.370,349.753,5297
427.909,625.794,5298
874.041,115.250,5299
610.400,831.987,5300
478.550,327.884,5301
383.243,187.890,5302
866.571,755.112,5303
970.725,562.689,5304
661.854,248.612,5305
847.092,15.804,5306
967.695,942.725,5307
845.693,353.434,5308
140.386,267.186,5309
438.565,545.460,5310
661.145,829.809,5311
501.162,793.679,5312
20.042,637.571,5313
596.985,771.342,5314
247.401,249.195,5315
430.059,116.524,5316
482.894,22.840,5317
979.916,807.298,5318
505.109,488.300,5319
812.155,571.903,5320
245.753,694.027,5321
339.903,728.592,5322
568.639,156.995,5323
134.390,196.778,5324
459.974,725.990,5325
997.377,717.785,5326
2.462,245.209,5327
361.352,767.528,5328
888.459,714.411,5329
61.079,214.501,5330
934.277,537.765,5331
687.871,919.291,5332
933.919,241.286,5333
242.950,405.051,5334
850.786,776.572,5335
424.540,896.468,5336
609.484,84.144,5337
531.999,267.577,5338
639.280,107.179,5339
88.979,916.938,5340
473.581,147.493,5341
925.657,682.964,5342
395.857,2.696,5343
551.533,578.933,5344
340.016,132.445,5345
872.636,741.751,5346
867.458,72.258,5347
488.346,613.693,5348
892.893,877.578,5349
774.287,709.175,5350
726.801,970.008,5351
51.738,18.142,5352
232.684,548.458,5353
910.681,130.340,5354
606.718,776.488,5355
223.877,793.982,5356
456.015,897.132,5357
91.301,435.235,5358
952.833,558.466,5359
809.583,323.950,5360
50.259,406.291,5361
694.527,714.509,5362
936.083,707.638,5363
395.000,718.474,5364
652.488,759.456,5365
112.656,124.757,5366
625.256,362.104,5367
147.141,151.097,5368
568.403,598.521,5369
526.204,362.085,5370
162.968,800.440,5371
823.770,10.260,5372
367.421,510.664,5373
596.679,271.810,5374
7.862,797.330,5375
438.073,911.311,5376
293.242,107.566,5377
59.514,72.002,5378
558.982,855.511,5379
929.852,881.143,5380
99.459,353.617,5381
704.250,990.741,5382
375.917,810.371,5383
831.658,560.400,5384
905.251,663.470,5385
99.264,772.005,5386
308.898,403.119,5387
888.739,144.853,5388
526.967,13.148,5389
824.138,957.965,5390
306.306,552.596,5391
457.854,20.682,5392
285.855,98.169,5393
984.760,182.594,5394
38.453,270.953,5395
908.978,494.425,5396
777.671,853.805,5397
301.862,173.460,5398
141.595,787.579,5399
903.879,689.713,5400
37.366,736.007,5401
376.621,367.938,5402
285.299,95.037,5403
456.261,529.651,5404
526.049,961.218,5405
961.895,273.916,5406
533.395,857.800,5407
779.288,4.141,5408
316.103,74.610,5409
161.130,455.068,5410
982.456,891.205,5411
743.606,41.640,5412
83.727,903.999,5413
55.783,868.398,5414
44.740,546.367,5415
319.158,593.577,5416
533.945,597.064,5417
526.949,644.320,5418
440.045,541.181,5419
464.881,718.591,5420
925.158,91.349,5421
148.344,297.691,5422
857.244,594.127,5423
166.177,215.730,5424
579.473,652.066,5425
948.140,78.311,5426
884.181,263.483,5427
35.512,989.851,5428
80.905,297.735,5429
399.625,536.051,5430
705.390,525.185,5431
18.616,370.796,5432
168.396,383.701,5433
45.892,91.052,5434
547.317,5.992,5435
388.982,211.048,5436
718.803,986.389,5437
915.327,221.171,5438
326.268,774.363,5439
21.091,502.503,5440
802.878,276.760,5441
614.784,851.798,5442
698.884,988.472,5443
320.341,903.209,5444
228.657,688.624,5445
663.848,870.232,5446
302.871,217.525,5447
342.597,320.846,5448
124.010,302.446,5449
535.905,602.262,5450
706.620,306.020,5451
250.977,517.693,5452
886.394,376.044,5453
340.611,392.980,5454
645.022,654.003,5455
253.166,196.833,5456
6.856,204.201,5457
931.476,817.623,5458
729.798,697.068,5459
26.961,444.341,5460
251.116,547.797,5461
329.457,490.613,5462
363.348,329.435,5463
881.246,524.230,5464
951.524,31.432,5465
609.360,317.538,5466
46.076,98.153,5467
525.808,829.334,5468
739.230,370.893,5469
346.226,917.520,5470
918.535,155.110,5471
528.611,75.946,5472
656.880,225.309,5473
53.837,458.442,5474
67.323,59.884,5475
595.777,28.887,5476
316.765,848.756,5477
48.589,452.260,5478
662.000,409.288,5479
105.046,420.871,5480
671.456,253.623,5481
657.565,304.223,5482
536.694,562.471,5483
682.585,49.470,5484
489.284,632.186,5485
634.246,582.050,5486
502.940,335.682,5487
69.456,32.543,5488
508.372,932.593,5489
358.036,788.537,5490
846.534,245.261,5491
709.207,514.792,5492
830.404,50.891,5493
783.759,512.640,5494
607.447,904.096,5495
349.336,548.862,5496
711.606,803.208,5497
420.248,215.508,5498
398.057,127.789,5499
90.464,782.429,5500
234.271,164.202,5501
640.667,673.017,5502
209.986,647.669,5503
916.205,54.945,5504
664.185,199.626,5505
764.436,852.514,5506
740.829,247.526,5507
268.038,187.781,5508
355.635,539.746,5509
845.470,645.140,5510
103.672,476.404,5511
894.629,719.243,5512
305.473,876.111,5513
124.386,128.414,5514
102.735,649.081,5515
178.706,793.431,5516
487.563,273.663,5517
822.984,416.629,5518
296.681,923.667,5519
757.580,508.331,5520
18.243,447.550,5521
316.251,4.035,5522
82.996,273.070,5523
260.363,367.428,5524
132.178,352.334,5525
416.830,355.502,5526
619.338,258.018,5527
329.619,797.393,5528
670.573,650.003,5529
749.993,790.241,5530
768.284,23.935,5531
76.774,91.154,5532
673.348,994.097,5533
904.520,992.208,5534
213.546,611.952,5535
336.968,749.541,5536
597.305,982.211,5537
227.403,637.201,5538
952.168,103.658,5539
593.790,662.147,5540
170.511,573.019,5541
348.138,341.081,5542
35.877,639.840,5543
825.818,881.123,5544
82.010,821.265,5545
547.148,91.470,5546
994.539,143.399,5547
337.360,137.999,5548
564.489,980.750,5549
280.954,661.968,5550
282.057,209.632,5551
742.230,165.706,5552
553.981,611.713,5553
841.969,472.482,5554
722.691,105.379,5555
176.230,399.478,5556
365.818,591.394,5557
933.910,254.657,5558
378.030,107.688,5559
583.897,622.730,5560
534.114,401.642,5561
689.932,182.526,5562
542.488,464.327,5563
893.112,858.121,5564
143.708,742.108,5565
404.482,871.122,5566
537.022,552.285,5567
749.996,306.518,5568
701.360,424.847,5569
242.875,917.135,5570
978.009,345.058,5571
991.944,512.197,5572
265.132,774.042,5573
955.190,963.881,5574
601.021,464.129,5575
326.450,980.302,5576
491.944,510.491,5577
948.061,656.964,5578
226.586,889.873,5579
12.490,733.401,5580
44.546,787.429,5581
702.929,913.635,5582
590.215,920.501,5583
637.651,293.118,5584
169.241,519.999,5585
48.333,568.024,5586
207.825,169.923,5587
930.514,374.238,5588
872.704,682.827,5589
96.481,682.824,5590
62.661,963.117,5591
48.367,236.942,5592
605.211,532.928,5593
991.852,906.368,5594
809.183,3.006,5595
431.003,503.428,5596
471.471,47.617,5597
959.818,237.975,5598
138.941,809.622,5599
688.774,822.954,5600
450.910,688.885,5601
227.374,8.917,5602
612.381,942.970,5603
676.499,767.688,5604
404.215,397.704,5605
421.670,51.625,5606
993.235,731.976,5607
699.257,197.055,5608
490.873,498.601,5609
223.621,883.420,5610
405.984,39.822,5611
553.121,444.000,5612
758.310,535.020,5613
900.120,538.255,5614
475.250,567.786,5615
515.368,421.472,5616
352.068,548.242,5617
923.256,283.284,5618
917.477,448.499,5619
293.357,588.949,5620
321.420,916.758,5621
378.405,503.769,5622
749.620,372.063,5623
333.304,191.036,5624
15.232,261.175,5625
446.618,468.409,5626
724.243,820.591,5627
458.486,77.108,5628
478.633,69.051,5629
43.971,620.052,5630
274.710,892.996,5631
704.469,856.162,5632
118.173,811.799,5633
128.023,229.300,5634
295.281,864.061,5635
129.030,389.560,5636
947.717,848.321,5637
714.164,268.637,5638
312.004,399.846,5639
143.534,453.864,5640
211.978,870.387,5641
71.887,248.821,5642
901.661,365.475,5643
276.013,119.475,5644
296.317,255.333,5645
205.119,574.651,5646
33.498,349.168,5647
634.236,532.051,5648
165.977,953.482,5649
815.204,830.871,5650
722.820,733.199,5651
339.731,889.390,5652
962.526,617.274,5653
816.693,635.187,5654
262.179,565.767,5655
243.262,153.848,5656
301.386,359.948,5657
839.757,117.108,5658
27.106,366.929,5659
32.455,429.949,5660
289.071,4.884,5661
831.459,949.192,5662
181.356,178.248,5663
552.023,520.821,5664
517.058,341.486,5665
749.122,872.901,5666
455.972,607.660,5667
509.761,961.577,5668
666.928,994.902,5669
297.151,821.518,5670
715.492,537.136,5671
998.249,782.540,5672
675.104,348.881,5673
823.926,301.175,5674
496.138,377.264,5675
302.245,209.338,5676
116.578,897.335,5677
809.082,550.865,5678
414.280,853.246,5679
926.385,760.403,5680
694.139,583.799,5681
452.069,52.276,5682
626.152,290.831,5683
650.737,654.437,5684
693.603,365.054,5685
449.015,82.040,5686
382.341,943.946,5687
867.837,659.864,5688
470.767,808.565,5689
920.329,86.372,5690
951.279,230.002,5691
728.454,395.962,5692
41.017,523.241,5693
233.561,937.907,5694
584.566,719.282,5695
286.201,443.705,5696
250.693,513.171,5697
502.616,458.299,5698
498.518,720.608,5699
85.475,869.493,5700
844.325,195.228,5701
303.216,778.336,5702
863.308,943.740,5703
527.635,15.644,5704
569.839,402.760,5705
377.164,586.519,5706
121.397,447.596,5707
898.068,581.959,5708
57.833,892.705,5709
713.265,831.636,5710
137.145,243.259,5711
716.511,534.699,5712
643.560,125.985,5713
478.885,823.123,5714
104.363,689.804,5715
79.025,728.867,5716
451.795,754.086,5717
979.654,824.868,5718
640.869,239.914,5719
512.627,576.416,5720
355.934,73.888,5721
226.700,530.356,5722
224.637,379.496,5723
863.413,556.641,5724
156.440,300.429,5725
278.644,585.400,5726
596.538,238.407,5727
744.200,454.384,5728
764.743,578.742,5729
443.042,280.603,5730
687.076,697.821,5731
512.602,642.307,5732
427.421,90.717,5733
499.837,372.662,5734
938.894,650.310,5735
273.408,554.807,5736
339.281,532.666,5737
501.807,348.162,5738
846.699,512.443,5739
117.166,691.822,5740
179.420,119.018,5741
400.507,933.326,5742
38.949,837.759,5743
108.543,181.280,5744
429.289,197.445,5745
766.473,471.528,5746
357.730,122.862,5747
502.237,79.254,5748
326.644,330.596,5749
259.867,385.856,5750
604.800,605.353,5751
299.846,744.402,5752
272.881,540.502,5753
492.399,724.118,5754
564.711,869.282,5755
959.016,500.339,5756
230.883,156.338,5757
358.870,894.293,5758
509.643,317.088,5759
679.090,716.911,5760
256.544,970.069,5761
432.697,798.016,5762
627.331,133.061,5763
105.523,575.961,5764
940.734,918.597,5765
463.172,361.274,5766
634.283,443.808,5767
766.726,316.335,5768
88.991,232.411,5769
35.854,465.436,5770
528.085,366.279,5771
412.605,300.932,5772
77.013,50.421,5773
712.663,390.942,5774
318.991,367.801,5775
18.034,814.782,5776
283.710,572.902,5777
57.786,443.495,5778
496.261,479.885,5779
745.890,230.296,5780
313.250,184.757,5781
746.021,53.192,5782
976.067,101.451,5783
755.871,622.992,5784
971.608,127.298,5785
481.668,255.755,5786
919.919,623.486,5787
960.714,446.754,5788
332.417,712.039,5789
694.678,575.651,5790
997.750,751.514,5791
342.027,341.578,5792
954.698,497.126,5793
990.662,686.855,5794
216.769,450.954,5795
60.725,176.704,5796
202.449,381.676,5797
831.206,815.654,5798
780.237,611.372,5799
997.125,870.941,5800
75.447,129.929,5801
641.377,901.786,5802
648.305,185.503,5803
669.617,672.772,5804
625.195,509.788,5805
179.782,432.012,5806
596.636,505.341,5807
970.781,690.172,5808
559.753,29.019,5809
143.369,311.519,5810
726.318,154.081,5811
192.817,914.317,5812
850.314,239.317,5813
748.478,946.792,5814
959.279,171.514,5815
676.249,516.225,5816
577.358,340.482,5817
195.285,139.938,5818
750.946,940.576,5819
44.553,576.662,5820
66.396,938.324,5821
820.805,876.497,5822
507.450,736.736,5823
521.949,722.660,5824
5.072,10.203,5825
367.175,701.262,5826
424.624,777.815,5827
219.756,598.526,5828
616.153,383.551,5829
220.604,158.089,5830
216.782,5.814,5831
347.328,371.892,5832
916.794,621.804,5833
312.449,29.577,5834
664.639,87.294,5835
551.739,40.372,5836
988.122,75.200,5837
862.986,496.106,5838
912.920,754.958,5839
328.908,586.551,5840
406.190,807.910,5841
945.926,159.516,5842
976.041,218.243,5843
442.712,392.812,5844
579.084,512.305,5845
668.667,425.888,5846
673.233,893.419,5847
396.922,51.160,5848
912.662,80.963,5849
640.004,386.338,5850
502.315,954.584,5851
783.155,695.361,5852
621.402,702.687,5853
812.647,370.455,5854
958.422,76.569,5855
609.715,39.389,5856
658.845,264.029,5857
683.973,712.748,5858
101.897,141.072,5859
987.522,504.121,5860
182.228,828.539,5861
115.440,140.026,5862
556.198,833.935,5863
372.604,57.793,5864
127.224,235.194,5865
97.623,307.740,5866
301.690,772.574,5867
316.679,630.813,5868
388.184,212.493,5869
940.152,868.390,5870
783.981,941.211,5871
78.752,908.309,5872
284.255,818.308,5873
174.875,432.007,5874
892.142,906.994,5875
424.915,97.293,5876
426.896,390.912,5877
970.778,538.950,5878
316.031,627.007,5879
557.612,291.573,5880
895.068,445.561,5881
807.740,828.295,5882
147.788,859.971,5883
164.120,254.853,5884
189.838,566.332,5885
233.318,751.055,5886
427.785,64.264,5887
572.749,474.515,5888
910.294,782.345,5889
672.506,216.913,5890
49.836,870.951,5891
751.224,977.736,5892
638.083,526.468,5893
116.822,78.994,5894
957.756,725.963,5895
195.946,675.753,5896
346.700,894.140,5897
459.697,198.320,5898
272.292,219.809,5899
425.454,182.464,5900
580.939,50.214,5901
838.812,487.841,5902
699.434,247.045,5903
82.897,397.701,5904
956.303,419.391,5905
609.056,692.164,5906
741.721,248.037,5907
403.128,336.921,5908
736.289,878.379,5909
139.596,685.072,5910
911.289,130.776,5911
972.919,390.729,5912
619.873,86.319,5913
135.651,896.412,5914
613.224,425.314,5915
305.437,165.646,5916
482.012,500.011,5917
905.428,656.660,5918
163.343,10.619,5919
97.497,690.016,5920
64.713,787.844,5921
202.135,755.445,5922
297.091,464.468,5923
992.052,168.019,5924
203.466,83.346,5925
723.830,345.367,5926
761.840,412.491,5927
233.093,47.504,5928
500.184,821.560,5929
107.015,311.072,5930
323.039,595.198,5931
170.804,10.194,5932
432.735,523.836,5933
627.134,257.029,5934
519.215,128.139,5935
865.454,512.976,5936
919.503,983.300,5937
944.813,308.778,5938
557.679,292.952,5939
833.113,574.136,5940
662.012,335.412,5941
794.193,788.865,5942
46.338,520.166,5943
489.486,48.217,5944
440.309,578.657,5945
628.120,608.671,5946
245.639,190.108,5947
183.159,732.571,5948
309.586,163.722,5949
871.407,638.713,5950
521.063,519.461,5951
519.670,794.609,5952
795.138,210.064,5953
942.824,695.792,5954
644.745,157.893,5955
225.491,77.999,5956
111.659,234.785,5957
726.514,986.907,5958
319.529,154.891,5959
200.392,388.414,5960
392.916,439.778,5961
842.073,64.879,5962
199.223,256.566,5963
795.324,57.344,5964
352.151,599.090,5965
134.934,409.015,5966
56.776,521.981,5967
312.244,690.830,5968
704.678,387.809,5969
870.095,15.034,5970
625.160,648.235,5971
961.952,973.568,5972
751.565,605.683,5973
765.795,330.424,5974
898.145,761.117,5975
912.270,513.416,5976
970.786,68.482,5977
794.181,517.826,5978
855.185,370.782,5979
265.774,888.684,5980
503.164,66.546,5981
305.026,878.624,5982
514.395,886.319,5983
145.046,385.947,5984
570.386,428.329,5985
28.203,978.084,5986
413.209,936.174,5987
850.554,903.802,5988
250.720,179.833,5989
45.292,202.107,5990
16.751,131.413,5991
883.704,473.838,5992
145.956,382.025,5993
628.240,145.842,5994
770.816,424.072,5995
681.212,495.056,5996
328.717,150.169,5997
92.652,818.267,5998
696.941,178.209,5999
283.934,457.466,6000
793.022,204.451,6001
977.956,578.190,6002
663.526,990.896,6003
125.483,389.425,6004
543.390,6.629,6005
88.827,598.422,6006
517.985,412.215,6007
566.650,676.349,6008
415.343,297.215,6009
727.145,211.762,6010
844.500,108.425,6011
421.262,99.418,6012
469.198,607.077,6013
603.247,575.873,6014
904.835,131.901,6015
873.436,581.763,6016
228.365,948.706,6017
54.355,633.987,6018
936.093,312.172,6019
549.057,139.190,6020
535.511,802.970,6021
861.523,536.191,6022
311.379,244.990,6023
404.897,952.297,6024
876.200,595.177,6025
115.085,842.127,6026
429.510,613.897,6027
706.346,272.786,6028
822.653,377.557,6029
549.435,570.814,6030
272.192,522.704,6031
190.253,402.529,6032
260.032,595.787,6033
499.706,414.395,6034
789.948,283.091,6035
858.938,504.311,6036
348.363,858.298,6037
726.262,324.274,6038
150.827,744.535,6039
377.217,878.389,6040
871.833,207.941,6041
478.253,925.209,6042
241.901,843.394,6043
705.047,218.898,6044
282.040,554.549,6045
495.026,920.371,6046
899.268,419.084,6047
641.772,839.094,6048
223.713,641.467,6049
370.649,742.988,6050
619.233,163.604,6051
905.266,470.890,6052
892.084,733.513,6053
172.651,65.382,6054
6.472,561.016,6055
560.454,885.645,6056
982.653,362.290,6057
849.702,990.992,6058
328.307,614.129,6059
237.689,274.940,6060
786.933,858.042,6061
165.341,451.274,6062
912.717,607.847,6063
329.972,449.136,6064
92.151,789.869,6065
585.184,51.505,6066
778.773,991.028,6067
313.487,987.300,6068
714.516,151.825,6069
697.393,556.441,6070
76.522,973.015,6071
997.081,979.929,6072
137.664,987.824,6073
695.685,408.294,6074
351.805,341.589,6075
986.140,599.998,6076
785.010,805.285,6077
772.593,612.603,6078
551.129,159.177,6079
966.461,178.533,6080
138.762,106.805,6081
390.915,782.403,6082
287.559,235.972,6083
260.392,65.411,6084
205.845,659.626,6085
581.292,524.601,6086
68.502,815.400,6087
493.940,950.487,6088
342.260,826.221,6089
978.289,233.983,6090
285.901,619.704,6091
588.924,604.049,6092
601.436,726.700,6093
535.635,215.511,6094
694.869,786.967,6095
509.516,640.911,6096
813.807,669.554,6097
217.878,750.127,6098
123.278,750.487,6099
89.267,629.786,6100
618.545,192.327,6101
399.708,704.996,6102
528.685,977.602,6103
983.973,779.058,6104
398.469,265.133,6105
29.792,886.451,6106
276.929,735.034,6107
232.712,238.157,6108
383.262,632.963,6109
222.823,116.700,6110
345.723,357.639,6111
506.133,364.555,6112
499.788,497.083,6113
302.269,470.220,6114
29.439,100.106,6115
390.413,926.181,6116
312.456,930.579,6117
575.333,184.713,6118
540.287,155.182,6119
539.608,555.779,6120
653.007,846.090,6121
397.848,983.366,6122
379.945,404.983,6123
505.335,734.878,6124
747.182,617.553,6125
307.614,558.883,6126
881.669,943.903,6127
46.971,795.322,6128
526.974,190.801,6129
378.064,418.235,6130
476.767,71.003,6131
441.810,340.028,6132
883.351,930.523,6133
714.982,389.731,6134
304.849,618.920,6135
290.426,891.391,6136
794.383,276.611,6137
800.999,222.760,6138
139.604,122.082,6139
151.109,83.616,6140
640.441,615.654,6141
206.517,10.403,6142
937.016,381.390,6143
488.496,161.092,6144
694.870,646.473,6145
778.073,237.225,6146
303.540,61.507,6147
924.112,290.094,6148
571.205,53.341,6149
41.921,841.737,6150
216.653,508.372,6151
395.059,867.663,6152
92.367,907.787,6153
576.906,841.599,6154
10.994,815.002,6155
960.338,422.189,6156
377.377,92.317,6157
43.729,921.485,6158
856.976,998.987,6159
531.175,286.278,6160
600.955,803.259,6161
633.871,515.692,6162
380.522,415.102,6163
184.797,944.857,6164
133.303,486.500,6165
311.352,563.363,6166
110.955,853.777,6167
158.261,557.170,6168
439.424,427.424,6169
717.951,494.419,6170
188.134,296.243,6171
857.458,439.109,6172
537.025,883.877,6173
285.703,560.469,6174
254.945,954.180,6175
806.737,655.616,6176
466.566,88.737,6177
477.717,928.383,6178
708.648,472.978,6179
392.247,177.621,6180
125.936,434.290,6181
15.898,17.213,6182
520.303,720.037,6183
471.981,689.870,6184
302.326,853.639,6185
508.764,771.362,6186
904.564,101.677,6187
250.644,59.572,6188
439.513,34.648,6189
858.715,27.433,6190
299.939,410.240,6191
219.022,614.186,6192
649.867,904.380,6193
109.375,239.683,6194
452.124,289.361,6195
193.698,367.357,6196
347.701,546.080,6197
844.756,142.046,6198
443.782,891.730,6199
551.684,679.933,6200
627.780,376.151,6201
603.401,922.583,6202
706.078,807.736,6203
363.761,218.937,6204
575.563,351.326,6205
306.424,333.005,6206
195.842,666.362,6207
935.052,909.555,6208
386.101,51.753,6209
276.925,554.261,6210
240.849,195.700,6211
805.356,484.781,6212
281.638,652.602,6213
749.760,695.526,6214
72.874,810.087,6215
959.724,542.461,6216
383.636,715.142,6217
41.020,277.297,6218
284.052,646.057,6219
880.959,271.596,6220
675.480,276.561,6221
763.716,546.888,6222
760.823,401.339,6223
616.783,390.048,6224
186.142,583.845,6225
954.511,506.327,6226
592.242,967.490,6227
458.627,506.201,6228
939.422,286.564,6229
110.902,334.858,6230
69.549,278.749,6231
343.504,225.488,6232
285.784,576.990,6233
192.463,598.960,6234
135.478,25.286,6235
743.313,99.010,6236
344.353,776.401,6237
127.786,643.588,6238
12.029,870.809,6239
968.063,86.624,6240
19.114,626.464,6241
792.547,97.336,6242
371.062,421.307,6243
958.274,814.028,6244
473.265,929.883,6245
140.289,837.384,6246
992.669,78.573,6247
266.863,542.211,6248
457.499,297.739,6249
311.104,554.524,6250
640.867,895.987,6251
497.072,301.282,6252
778.342,785.173,6253
604.831,733.154,6254
0.187,579.445,6255
174.956,52.439,6256
146.336,194.671,6257
52.775,952.788,6258
405.294,459.826,6259
428.152,237.472,6260
428.222,121.210,6261
69.294,191.154,6262
785.355,725.570,6263
667.960,583.563,6264
760.911,863.394,6265
708.884,660.910,6266
576.527,902.793,6267
486.629,243.128,6268
145.742,42.129,6269
224.101,936.226,6270
400.536,735.092,6271
643.688,999.000,6272
798.486,287.656,6273
426.099,225.184,6274
32.062,869.176,6275
413.139,610.805,6276
618.046,324.783,6277
581.301,448.403,6278
320.493,698.418,6279
636.162,728.372,6280
165.718,794.986,6281
953.343,657.068,6282
564.037,128.418,6283
775.075,468.647,6284
424.995,363.015,6285
869.644,572.484,6286
30.293,168.981,6287
124.523,665.339,6288
2.191,833.212,6289
434.122,942.850,6290
884.359,481.387,6291
705.654,805.397,6292
925.105,964.126,6293
522.510,431.745,6294
207.944,110.343,6295
317.840,166.395,6296
175.846,440.018,6297
132.795,587.684,6298
749.939,801.154,6299
901.393,775.811,6300
244.449,810.906,6301
835.634,779.861,6302
231.126,473.861,6303
567.484,985.425,6304
560.013,217.991,6305
102.416,641.059,6306
112.601,234.259,6307
393.201,910.988,6308
739.173,643.378,6309
825.292,800.605,6310
89.360,849.959,6311
634.944,285.536,6312
997.728,910.271,6313
438.361,669.345,6314
562.019,386.348,6315
839.782,289.218,6316
529.794,675.572,6317
498.238,58.391,6318
803.163,890.479,6319
386.651,777.738,6320
582.997,298.003,6321
917.453,92.735,6322
996.919,581.967,6323
752.964,684.449,6324
706.781,762.824,6325
998.186,263.392,6326
701.357,744.745,6327
489.030,721.239,6328
350.353,960.937,6329
13.244,423.592,6330
623.616,863.178,6331
748.565,134.305,6332
683.182,114.822,6333
190.519,398.639,6334
805.540,255.391,6335
793.425,88.039,6336
821.848,539.624,6337
72.171,597.464,6338
579.783,623.193,6339
677.276,22.375,6340
162.611,816.378,6341
236.487,370.643,6342
116.076,134.467,6343
683.302,665.452,6344
358.845,358.066,6345
528.252,387.127,6346
741.965,30.000,6347
47.118,312.135,6348
80.160,476.000,6349
651.359,615.521,6350
393.018,753.964,6351
267.291,715.878,6352
959.280,674.993,6353
868.321,117.948,6354
778.283,104.209,6355
867.028,831.726,6356
727.958,805.810,6357
666.073,113.163,6358
539.114,302.856,6359
997.573,111.668,6360
350.668,79.733,6361
6.690,394.028,6362
369.343,235.939,6363
311.717,272.730,6364
561.578,175.037,6365
621.520,292.793,6366
750.058,341.825,6367
836.397,188.436,6368
36.212,173.736,6369
720.624,625.234,6370
96.168,492.766,6371
751.803,940.884,6372
743.056,162.302,6373
38.891,450.384,6374
432.233,574.730,6375
301.696,888.602,6376
422.256,358.475,6377
164.810,422.321,6378
190.814,613.404,6379
478.125,806.574,6380
480.813,80.438,6381
216.259,690.928,6382
725.699,877.803,6383
893.253,942.060,6384
815.930,88.020,6385
34.238,440.524,6386
93.766,759.364,6387
296.282,758.324,6388
432.990,556.710,6389
700.826,91.805,6390
994.370,955.765,6391
443.077,90.056,6392
902.912,463.431,6393
271.290,81.519,6394
635.278,676.959,6395
415.557,216.510,6396
994.053,627.957,6397
139.178,103.034,6398
68.424,480.730,6399
176.597,688.120,6400
666.092,203.024,6401
395.806,650.346,6402
609.466,71.642,6403
851.759,81.196,6404
573.482,873.904,6405
524.478,619.276,6406
519.142,98.924,6407
216.445,188.213,6408
301.276,602.434,6409
695.135,9.609,6410
738.480,510.086,6411
504.471,211.804,6412
81.672,974.278,6413
143.722,418.829,6414
242.347,985.298,6415
669.143,647.055,6416
606.913,205.140,6417
867.713,359.306,6418
554.417,463.143,6419
297.766,919.037,6420
825.875,523.089,6421
863.332,107.546,6422
793.267,291.300,6423
632.319,93.164,6424
107.329,290.649,6425
577.289,901.590,6426
674.377,289.222,6427
607.878,750.128,6428
525.064,113.292,6429
253.494,936.673,6430
857.338,910.852,6431
870.357,20.209,6432
461.132,448.761,6433
171.644,507.456,6434
69.280,801.429,6435
752.655,465.316,6436
195.133,839.102,6437
931.406,745.795,6438
116.870,747.226,6439
58.201,193.479,6440
485.072,493.986,6441
147.362,829.853,6442
80.941,955.244,6443
763.365,306.995,6444
499.797,450.187,6445
43.874,236.631,6446
731.376,554.863,6447
369.395,770.395,6448
931.164,801.780,6449
419.399,427.396,6450
243.857,777.780,6451
6.588,851.337,6452
188.267,446.546,6453
797.837,335.501,6454
597.429,66.368,6455
238.916,363.689,6456
526.696,716.418,6457
912.497,477.182,6458
507.985,166.291,6459
336.420,734.667,6460
459.455,317.235,6461
901.829,334.040,6462
128.061,406.132,6463
705.700,145.907,6464
147.005,935.231,6465
275.544,562.999,6466
381.653,32.801,6467
861.010,322.819,6468
35.430,68.289,6469
791.472,536.513,6470
643.246,697.408,6471
512.156,385.572,6472
815.728,576.476,6473
696.028,13.615,6474
637.258,608.730,6475
253.647,220.579,6476
78.799,477.437,6477
305.238,457.851,6478
943.586,994.838,6479
962.987,489.203,6480
517.996,701.023,6481
639.212,956.848,6482
832.145,33.319,6483
805.738,578.359,6484
655.304,129.330,6485
572.867,889.707,6486
970.842,370.597,6487
832.888,581.448,6488
722.468,64.268,6489
128.316,923.463,6490
425.707,713.778,6491
554.108,470.595,6492
519.327,785.197,6493
975.049,150.399,6494
961.651,663.868,6495
553.319,50.222,6496
750.849,92.540,6497
50.866,52.215,6498
89.642,332.690,6499
779.003,612.976,6500
85.638,920.628,6501
870.300,630.015,6502
425.073,60.021,6503
997.860,605.957,6504
346.563,546.799,6505
874.507,408.047,6506
596.797,164.447,6507
738.193,466.582,6508
431.640,894.209,6509
346.013,691.830,6510
153.327,509.200,6511
137.685,827.937,6512
326.871,421.474,6513
41.811,466.488,6514
583.524,428.643,6515
231.102,91.508,6516
982.855,254.325,6517
940.076,730.969,6518
297.799,97.873,6519
813.071,556.616,6520
198.378,464.261,6521
302.265,661.245,6522
135.203,587.183,6523
32.831,283.704,6524
64.808,809.162,6525
603.066,952.868,6526
340.498,872.100,6527
703.178,192.949,6528
907.322,193.893,6529
117.274,539.582,6530
338.361,249.656,6531
927.227,824.016,6532
274.188,371.263,6533
78.053,423.246,6534
245.100,898.905,6535
336.510,551.846,6536
542.704,635.565,6537
428.427,48.280,6538
663.339,917.220,6539
417.250,303.857,6540
85.621,275.761,6541
624.049,371.385,6542
449.441,473.811,6543
79.174,643.184,6544
345.898,745.704,6545
593.603,151.671,6546
650.850,687.238,6547
2.578,498.524,6548
714.783,474.993,6549
889.257,858.180,6550
925.488,92.857,6551
194.775,180.080,6552
538.197,711.485,6553
885.542,797.086,6554
466.661,133.292,6555
76.561,920.388,6556
510.835,319.884,6557
204.882,132.687,6558
863.347,139.311,6559
58.131,348.603,6560
26.666,568.184,6561
857.610,519.904,6562
778.606,524.048,6563
570.321,374.392,6564
952.497,829.542,6565
609.675,910.084,6566
218.211,378.343,6567
450.106,171.675,6568
383.356,169.649,6569
628.892,471.559,6570
917.621,78.492,6571
821.685,149.881,6572
614.570,99.307,6573
445.717,795.497,6574
333.822,784.276,6575
279.657,369.381,6576
906.732,951.061,6577
775.651,755.919,6578
569.341,169.937,6579
939.864,893.590,6580
899.708,847.300,6581
374.808,821.269,6582
845.174,900.675,6583
372.925,272.099,6584
9.175,925.869,6585
863.918,930.671,6586
832.069,896.394,6587
357.638,240.377,6588
617.965,527.234,6589
159.503,599.766,6590
897.119,586.599,6591
143.478,786.985,6592
175.670,610.083,6593
259.073,671.794,6594
159.256,169.681,6595
363.376,922.067,6596
476.091,619.968,6597
804.616,455.335,6598
899.676,914.872,6599
931.870,894.171,6600
144.511,601.179,6601
847.174,899.139,6602
103.203,427.934,6603
873.820,219.560,6604
191.423,348.530,6605
772.483,974.861,6606
87.408,963.438,6607
131.921,65.777,6608
905.936,269.162,6609
151.960,886.879,6610
140.724,251.208,6611
892.822,831.688,6612
330.399,693.005,6613
941.646,345.647,6614
536.730,863.125,6615
285.691,189.472,6616
939.712,674.351,6617
379.024,94.992,6618
124.845,986.869,6619
156.945,128.595,6620
768.801,915.435,6621
158.861,34.125,6622
949.933,150.263,6623
938.920,553.270,6624
91.946,166.651,6625
992.537,344.321,6626
135.359,755.763,6627
157.404,107.679,6628
700.997,325.574,6629
385.183,870.555,6630
168.932,109.956,6631
848.045,882.729,6632
627.062,70.253,6633
700.768,954.333,6634
872.040,253.710,6635
602.833,391.809,6636
517.910,414.978,6637
329.088,469.537,6638
128.971,255.485,6639
326.864,24.959,6640
641.514,535.282,6641
867.472,541.607,6642
576.745,619.490,6643
381.950,369.977,6644
409.514,731.884,6645
603.526,97.155,6646
784.396,462.148,6647
776.589,15.799,6648
560.441,71.522,6649
75.642,757.935,6650
242.176,755.051,6651
181.167,237.282,6652
203.660,584.695,6653
710.343,824.186,6654
567.534,374.186,6655
765.346,874.571,6656
217.689,938.432,6657
152.250,804.474,6658
246.127,514.716,6659
442.716,243.073,6660
668.017,217.346,6661
638.795,874.917,6662
519.305,587.805,6663
687.431,975.794,6664
574.871,351.041,6665
863.174,626.586,6666
778.018,23.654,6667
611.782,327.003,6668
947.816,81.686,6669
259.119,595.539,6670
801.770,253.397,6671
511.027,851.859,6672
309.491,242.411,6673
498.376,921.011,6674
294.354,721.361,6675
782.731,502.116,6676
937.256,918.891,6677
619.658,184.591,6678
124.518,349.828,6679
314.346,845.658,6680
775.537,684.290,6681
684.172,249.048,6682
265.254,539.842,6683
464.445,368.465,6684
812.089,436.697,6685
515.635,492.175,6686
201.361,944.075,6687
841.389,817.090,6688
459.372,683.280,6689
268.691,57.904,6690
535.696,698.273,6691
739.145,292.782,6692
844.841,316.119,6693
785.955,702.485,6694
344.010,685.659,6695
130.263,618.261,6696
364.395,378.373,6697
363.752,124.592,6698
502.709,122.109,6699
167.928,49.401,6700
529.534,98.144,6701
482.373,40.876,6702
644.427,275.099,6703
525.736,577.165,6704
262.657,891.495,6705
455.959,300.320,6706
321.396,310.697,6707
632.639,848.944,6708
169.971,843.822,6709
138.293,390.637,6710
811.066,675.797,6711
409.762,505.747,6712
126.342,520.644,6713
828.775,728.308,6714
922.274,805.802,6715
100.484,355.400,6716
61.502,444.777,6717
772.800,362.455,6718
275.089,908.006,6719
9.611,276.883,6720
109.066,506.345,6721
140.707,952.488,6722
220.909,822.819,6723
521.489,839.402,6724
476.395,281.157,6725
523.494,951.300,6726
145.230,332.128,6727
175.018,281.676,6728
560.054,206.147,6729
689.592,926.401,6730
168.192,621.426,6731
208.921,424.433,6732
320.591,493.293,6733
36.795,222.613,6734
956.298,690.841,6735
160.250,912.000,6736
254.299,159.561,6737
720.305,158.849,6738
677.091,196.518,6739
575.022,170.785,6740
651.904,552.378,6741
640.847,210.951,6742
655.919,602.960,6743
743.476,90.110,6744
595.988,184.000,6745
618.047,694.245,6746
632.924,56.414,6747
567.503,578.422,6748
139.336,66.750,6749
306.684,571.885,6750
626.192,835.868,6751
380.418,817.665,6752
117.405,862.121,6753
489.616,915.493,6754
376.448,616.372,6755
331.829,213.572,6756
285.944,400.055,6757
851.335,395.679,6758
959.281,200.246,6759
37.646,331.330,6760
438.964,624.872,6761
828.971,777.843,6762
471.804,131.798,6763
408.057,934.445,6764
869.965,615.303,6765
643.730,142.581,6766
700.046,683.212,6767
266.689,728.866,6768
833.306,372.169,6769
938.880,593.852,6770
151.768,536.764,6771
588.480,540.397,6772
47.762,771.190,6773
862.433,95.326,6774
38.887,569.192,6775
784.437,480.518,6776
664.042,348.401,6777
775.564,657.687,6778
730.063,623.432,6779
350.661,242.069,6780
438.071,412.398,6781
329.778,472.601,6782
76.406,138.943,6783
762.356,132.735,6784
245.686,931.264,6785
443.060,846.005,6786
264.413,302.799,6787
100.866,119.336,6788
222.454,765.678,6789
658.485,669.268,6790
518.128,354.039,6791
102.085,469.010,6792
142.166,743.255,6793
136.783,62.464,6794
268.072,715.803,6795
948.319,767.871,6796
25.844,927.405,6797
642.952,377.863,6798
989.571,638.659,6799
709.172,360.500,6800
630.722,797.540,6801
356.670,860.988,6802
571.950,963.387,6803
927.603,213.222,6804
508.988,183.378,6805
216.360,235.052,6806
590.710,950.277,6807
795.378,952.167,6808
723.880,30.881,6809
81.821,24.938,6810
16.318,510.750,6811
944.453,435.886,6812
344.764,320.955,6813
942.880,250.096,6814
49.567,845.566,6815
629.577,695.528,6816
210.995,565.004,6817
561.153,898.460,6818
899.456,982.101,6819
615.430,173.050,6820
179.696,385.159,6821
950.889,101.571,6822
812.630,828.061,6823
949.056,655.694,6824
637.471,106.047,6825
632.846,148.682,6826
164.641,559.130,6827
119.040,714.221,6828
908.111,738.929,6829
531.892,211.190,6830
746.708,865.900,6831
200.137,886.314,6832
227.567,41.278,6833
979.240,985.900,6834
460.462,701.386,6835
574.500,77.871,6836
497.472,223.999,6837
858.795,936.470,6838
371.166,549.236,6839
874.990,227.006,6840
369.517,624.289,6841
212.675,338.864,6842
957.641,206.655,6843
563.466,953.716,6844
947.788,309.074,6845
220.105,57.051,6846
200.321,403.070,6847
499.696,441.828,6848
363.493,570.796,6849
352.524,492.261,6850
306.504,571.406,6851
851.460,582.142,6852
86.451,593.306,6853
574.335,530.387,6854
178.770,912.990,6855
446.705,429.521,6856
764.923,785.291,6857
167.452,289.547,6858
919.699,673.198,6859
451.473,778.526,6860
60.664,209.312,6861
90.223,502.482,6862
581.599,572.246,6863
814.274,723.301,6864
32.835,644.046,6865
187.160,950.272,6866
182.955,174.836,6867
333.321,320.610,6868
644.889,215.770,6869
763.797,503.172,6870
886.955,8.579,6871
121.185,807.861,6872
661.488,707.023,6873
789.367,324.894,6874
459.382,254.782,6875
42.870,541.396,6876
139.384,100.079,6877
993.744,323.130,6878
581.278,681.914,6879
953.689,704.280,6880
577.259,132.164,6881
514.761,397.967,6882
299.131,607.102,6883
740.009,978.788,6884
52.096,995.213,6885
485.491,684.829,6886
912.666,455.155,6887
144.586,97.821,6888
831.144,566.987,6889
789.714,239.495,6890
113.907,734.221,6891
227.237,579.137,6892
562.859,36.710,6893
459.291,902.124,6894
55.064,545.733,6895
93.431,529.586,6896
238.837,623.412,6897
105.642,591.411,6898
450.106,171.634,6899
739.190,916.606,6900
499.046,413.313,6901
182.589,914.679,6902
67.968,655.796,6903
23.890,448.299,6904
496.869,561.871,6905
507.260,13.730,6906
757.530,288.496,6907
172.959,738.061,6908
517.921,236.014,6909
826.371,267.619,6910
240.539,976.329,6911
292.604,248.300,6912
540.164,278.769,6913
571.333,47.664,6914
722.500,398.741,6915
348.056,155.868,6916
51.951,122.378,6917
835.921,222.994,6918
805.921,695.404,6919
570.992,802.852,6920
257.756,476.415,6921
60.573,282.501,6922
788.016,717.819,6923
787.120,760.846,6924
777.118,416.115,6925
68.194,161.087,6926
407.536,594.899,6927
653.773,730.839,6928
746.925,258.068,6929
677.244,213.212,6930
956.400,980.834,6931
709.477,898.469,6932
74.870,507.985,6933
585.973,730.639,6934
227.380,483.082,6935
346.927,985.774,6936
537.410,225.469,6937
21.438,139.242,6938
86.055,733.077,6939
504.506,348.050,6940
708.337,340.388,6941
496.785,797.922,6942
690.182,188.184,6943
856.562,705.698,6944
172.601,616.010,6945
232.352,683.044,6946
118.027,505.542,6947
206.980,855.119,6948
559.882,699.945,6949
8.585,447.279,6950
422.800,45.322,6951
895.497,191.424,6952
261.251,371.575,6953
449.040,420.393,6954
126.610,908.131,6955
625.551,283.538,6956
301.470,172.028,6957
567.969,504.444,6958
500.495,836.298,6959
191.566,217.288,6960
463.910,854.603,6961
859.317,89.566,6962
279.915,750.385,6963
135.822,947.796,6964
256.320,804.091,6965
325.744,557.761,6966
818.799,137.154,6967
299.308,520.547,6968
48.088,170.920,6969
205.853,695.383,6970
301.428,174.907,6971
140.116,151.567,6972
711.368,61.852,6973
940.546,532.398,6974
886.303,0.000,6975
428.997,976.985,6976
148.842,848.740,6977
835.253,259.471,6978
230.091,848.131,6979
348.908,813.277,6980
690.142,447.494,6981
799.103,750.072,6982
467.475,603.099,6983
455.269,542.122,6984
754.186,119.062,6985
76.332,733.207,6986
280.185,218.765,6987
977.559,772.009,6988
410.642,269.716,6989
194.884,259.007,6990
512.614,718.334,6991
480.920,140.536,6992
9.400,649.651,6993
711.024,385.641,6994
366.048,406.665,6995
961.868,147.113,6996
872.763,609.988,6997
633.740,267.740,6998
508.483,351.705,6999
