x,y,target_id
256.070,191.677,0
850.606,30.185,1
745.739,164.344,2
106.925,494.578,3
43.995,841.576,4
158.130,317.537,5
2.221,79.164,6
888.626,833.637,7
777.217,992.392,8
287.433,345.654,9
467.569,238.702,10
297.746,65.044,11
103.789,53.502,12
701.656,660.943,13
3.777,941.859,14
368.266,695.608,15
63.205,717.583,16
77.284,404.040,17
471.194,947.887,18
876.414,147.111,19
211.124,917.912,20
324.095,718.145,21
10.742,686.221,22
785.423,890.289,23
63.049,759.352,24
718.802,542.694,25
249.632,495.593,26
943.769,274.370,27
455.177,479.020,28
506.276,838.972,29
481.421,153.712,30
462.241,466.608,31
998.592,521.379,32
493.650,125.494,33
744.212,773.237,34
500.545,283.334,35
232.290,613.573,36
443.438,587.459,37
313.838,966.712,38
763.458,335.698,39
329.478,960.182,40
143.018,320.078,41
250.144,256.101,42
950.523,304.032,43
889.340,461.034,44
519.443,563.881,45
509.349,493.068,46
40.263,755.344,47
571.694,235.806,48
330.889,741.816,49
961.942,25.026,50
351.611,449.766,51
849.743,545.391,52
578.440,258.655,53
163.432,709.325,54
566.501,445.278,55
927.023,377.550,56
442.055,639.560,57
477.854,304.173,58
74.649,741.944,59
875.151,671.345,60
496.386,701.066,61
740.447,507.762,62
199.300,208.191,63
773.938,517.528,64
547.984,570.387,65
786.742,701.915,66
210.963,2.682,67
151.980,980.324,68
184.739,358.097,69
754.327,241.218,70
417.734,578.512,71
880.731,845.824,72
856.314,666.035,73
142.609,144.056,74
682.683,779.203,75
387.548,739.242,76
937.436,980.088,77
478.274,608.128,78
686.244,595.202,79
299.687,387.665,80
975.018,318.599,81
884.067,783.876,82
139.983,139.479,83
625.125,504.649,84
783.155,796.979,85
232.063,905.809,86
812.657,933.730,87
25.484,306.137,88
134.030,283.739,89
935.874,644.067,90
55.975,545.429,91
608.745,240.571,92
294.722,982.546,93
130.123,199.422,94
461.767,646.088,95
519.046,393.463,96
515.312,137.829,97
915.249,248.055,98
307.492,751.859,99
629.829,634.810,100
42.152,946.675,101
154.262,514.736,102
178.528,735.029,103
183.439,796.628,104
799.336,687.360,105
182.559,459.512,106
292.439,429.949,107
293.648,419.913,108
698.144,321.810,109
656.501,62.814,110
803.264,86.311,111
791.870,398.407,112
367.839,795.405,113
82.908,400.932,114
408.371,961.626,115
817.990,15.241,116
46.365,265.155,117
332.122,147.188,118
102.754,778.553,119
670.605,371.231,120
609.446,200.466,121
583.204,451.300,122
573.557,7.183,123
841.133,4.908,124
359.779,555.584,125
149.326,450.991,126
940.471,300.179,127
925.637,106.859,128
392.181,690.946,129
428.312,171.223,130
33.212,503.568,131
559.337,985.760,132
163.050,116.377,133
459.712,547.695,134
81.364,945.676,135
471.923,399.788,136
342.757,665.044,137
857.477,375.777,138
189.174,829.544,139
209.289,382.971,140
191.367,844.422,141
836.194,745.933,142
146.359,130.826,143
772.303,118.877,144
895.106,104.501,145
235.480,895.078,146
840.674,224.727,147
991.559,896.173,148
900.224,285.715,149
586.558,345.389,150
659.459,552.195,151
718.526,578.861,152
143.832,160.690,153
884.732,932.079,154
884.526,462.181,155
510.220,443.356,156
638.684,696.843,157
842.308,471.583,158
525.265,355.898,159
718.745,406.514,160
419.667,427.559,161
936.186,623.262,162
737.054,811.433,163
485.942,477.958,164
252.213,570.994,165
437.076,156.105,166
401.259,928.418,167
240.477,784.425,168
172.792,755.948,169
593.446,766.047,170
487.258,579.460,171
523.988,393.205,172
603.752,426.811,173
941.910,906.744,174
147.460,727.346,175
730.372,193.447,176
73.466,239.613,177
771.047,51.078,178
191.781,207.484,179
382.823,518.201,180
194.959,49.778,181
560.695,136.775,182
486.954,607.030,183
319.455,622.571,184
741.122,819.702,185
300.704,822.301,186
667.716,277.365,187
83.075,399.466,188
448.386,944.306,189
816.355,35.783,190
497.223,789.307,191
960.528,638.749,192
974.233,449.067,193
93.986,451.936,194
550.130,719.134,195
679.357,405.454,196
949.458,735.353,197
414.853,927.680,198
897.084,640.479,199
878.195,174.318,200
558.568,389.118,201
564.161,659.037,202
432.648,935.031,203
584.455,356.273,204
677.114,777.657,205
136.533,846.421,206
786.201,66.210,207
225.688,181.641,208
158.311,558.564,209
803.393,797.623,210
393.238,990.734,211
761.500,84.491,212
508.189,79.355,213
165.771,635.661,214
282.714,389.545,215
208.608,97.294,216
954.681,956.637,217
63.750,552.913,218
967.124,260.641,219
789.320,413.740,220
265.666,569.125,221
692.006,717.672,222
507.523,793.789,223
379.757,279.056,224
978.620,124.178,225
93.678,708.072,226
230.492,795.350,227
886.529,53.181,228
266.772,801.540,229
397.238,53.907,230
551.610,69.546,231
264.349,735.208,232
20.653,206.938,233
580.926,51.112,234
884.234,359.317,235
60.460,733.639,236
212.063,719.122,237
338.145,437.704,238
875.262,797.005,239
447.702,998.650,240
886.097,842.557,241
51.466,913.085,242
94.581,428.525,243
783.141,404.841,244
804.211,603.943,245
426.381,609.666,246
349.018,68.218,247
86.253,487.109,248
398.808,911.300,249
501.488,139.915,250
735.995,815.421,251
364.603,131.770,252
101.247,635.342,253
121.286,280.710,254
207.488,374.742,255
892.043,575.904,256
899.428,447.047,257
965.985,135.601,258
417.542,992.913,259
322.103,297.374,260
990.477,336.566,261
906.141,798.175,262
677.438,871.233,263
946.377,127.167,264
312.470,575.773,265
962.124,309.526,266
646.677,417.299,267
34.753,323.520,268
4.523,135.604,269
193.242,63.145,270
499.762,627.323,271
366.131,591.966,272
964.005,251.338,273
979.474,282.092,274
756.495,663.114,275
81.921,860.387,276
21.162,719.983,277
981.886,34.204,278
635.367,69.082,279
892.613,454.859,280
481.668,262.795,281
827.240,592.721,282
902.317,477.638,283
336.637,283.456,284
805.399,317.499,285
667.618,660.594,286
321.811,901.293,287
580.769,999.000,288
601.028,838.698,289
523.391,347.709,290
800.401,935.521,291
740.303,253.594,292
88.915,458.027,293
452.790,178.519,294
319.081,341.732,295
440.375,99.483,296
392.360,462.950,297
199.834,161.276,298
519.258,657.807,299
132.408,626.892,300
262.660,326.240,301
431.946,445.033,302
177.564,201.174,303
156.252,568.511,304
230.194,859.247,305
880.318,774.680,306
831.487,76.251,307
411.310,97.490,308
277.170,100.045,309
441.764,133.076,310
185.440,595.853,311
136.442,195.684,312
806.829,921.999,313
317.040,21.842,314
622.118,649.090,315
801.158,608.370,316
509.120,591.611,317
63.781,588.471,318
306.939,475.584,319
633.617,684.803,320
877.488,832.612,321
980.653,778.020,322
477.323,459.633,323
181.687,309.733,324
921.647,432.450,325
310.895,786.756,326
526.411,281.386,327
38.209,182.527,328
491.319,417.476,329
730.829,134.941,330
607.661,979.494,331
416.307,473.332,332
826.879,856.198,333
17.988,733.176,334
654.998,923.541,335
887.268,442.357,336
175.250,919.226,337
817.714,746.657,338
773.352,20.882,339
972.660,894.286,340
941.111,713.187,341
220.475,466.939,342
591.209,851.280,343
259.608,70.149,344
799.035,913.035,345
354.708,539.085,346
651.088,981.504,347
466.156,885.758,348
794.700,431.798,349
649.876,318.209,350
149.109,367.055,351
633.367,447.241,352
672.286,355.281,353
305.466,170.412,354
531.607,777.272,355
98.771,590.577,356
955.481,918.448,357
155.099,480.280,358
650.267,771.839,359
927.466,828.239,360
466.213,671.382,361
792.105,897.955,362
408.364,553.338,363
595.824,863.596,364
783.322,664.323,365
390.646,72.931,366
764.638,513.367,367
346.929,343.216,368
507.357,217.270,369
710.633,245.112,370
546.097,963.132,371
867.362,667.117,372
122.342,305.188,373
610.307,818.786,374
38.389,374.965,375
858.523,453.652,376
71.250,489.317,377
849.211,640.917,378
590.635,377.230,379
946.066,237.588,380
41.881,395.089,381
203.763,346.153,382
304.221,476.129,383
828.870,120.113,384
116.907,40.347,385
597.346,167.922,386
217.014,721.111,387
767.575,270.773,388
213.043,506.433,389
901.659,249.640,390
151.749,64.709,391
926.995,76.477,392
320.940,515.771,393
138.469,785.646,394
288.948,891.046,395
293.008,65.172,396
749.404,6.032,397
158.689,293.650,398
350.950,913.972,399
812.847,561.288,400
306.893,550.060,401
467.933,278.026,402
527.842,104.749,403
928.106,367.225,404
394.399,974.405,405
824.541,537.513,406
843.277,332.313,407
62.023,702.134,408
427.088,991.853,409
317.926,474.044,410
58.898,702.428,411
36.659,439.350,412
786.951,313.390,413
209.222,833.157,414
999.000,498.223,415
691.035,464.597,416
189.271,478.062,417
117.707,632.785,418
290.268,538.966,419
871.887,221.934,420
953.324,112.305,421
197.129,667.733,422
613.852,159.254,423
172.961,669.091,424
155.857,100.616,425
961.098,974.526,426
807.925,269.586,427
252.652,794.590,428
281.817,253.424,429
620.786,631.333,430
345.512,469.336,431
836.280,402.962,432
316.037,715.373,433
935.419,100.280,434
40.493,281.711,435
573.850,67.493,436
639.455,847.431,437
348.595,982.436,438
567.950,788.060,439
843.921,351.643,440
393.267,21.939,441
930.933,674.757,442
878.129,706.017,443
479.726,313.321,444
629.072,104.092,445
173.486,282.341,446
834.910,725.240,447
956.922,708.625,448
154.829,217.999,449
624.150,363.924,450
133.250,780.541,451
130.235,843.597,452
819.993,837.165,453
477.673,94.093,454
139.481,209.197,455
952.747,499.623,456
533.750,491.161,457
469.926,756.443,458
50.812,226.556,459
557.778,398.158,460
257.027,78.178,461
880.226,297.770,462
547.495,766.318,463
239.231,705.799,464
250.904,166.612,465
854.572,520.834,466
708.380,157.009,467
40.464,755.669,468
76.959,635.623,469
940.753,984.592,470
401.120,59.478,471
125.876,623.863,472
777.514,303.604,473
346.374,364.289,474
212.599,608.460,475
999.000,509.399,476
987.391,99.185,477
297.743,307.335,478
261.140,929.975,479
540.471,801.553,480
898.628,789.329,481
360.611,118.792,482
561.921,667.272,483
191.356,233.307,484
976.294,413.723,485
616.368,927.710,486
457.360,231.785,487
651.994,221.183,488
166.825,173.871,489
198.145,886.566,490
557.127,50.849,491
735.828,559.134,492
214.578,919.966,493
607.785,134.322,494
157.600,326.763,495
777.973,881.682,496
796.767,853.688,497
636.195,228.777,498
427.619,216.171,499
856.126,879.371,500
608.304,719.966,501
177.026,269.471,502
564.591,41.754,503
661.932,777.537,504
253.231,66.142,505
551.247,385.241,506
435.376,83.122,507
771.164,310.805,508
493.833,66.131,509
882.334,981.905,510
405.498,924.935,511
656.830,183.773,512
141.083,712.537,513
120.603,665.739,514
528.922,543.333,515
858.777,37.593,516
606.426,745.020,517
398.936,793.441,518
372.309,710.443,519
298.685,226.956,520
205.106,196.025,521
773.862,927.060,522
835.494,110.449,523
445.543,684.158,524
130.988,991.304,525
513.202,961.803,526
299.838,272.078,527
111.670,793.065,528
91.552,647.462,529
235.856,650.093,530
647.370,208.204,531
280.905,209.899,532
861.227,401.711,533
282.834,306.246,534
524.171,836.945,535
261.340,609.349,536
807.780,927.811,537
907.303,468.230,538
445.605,340.438,539
33.214,642.713,540
957.781,197.392,541
434.533,198.764,542
304.549,304.070,543
100.831,405.985,544
825.958,548.775,545
65.301,691.567,546
86.507,872.230,547
599.182,691.075,548
479.862,956.694,549
156.454,649.599,550
269.249,805.459,551
430.812,352.665,552
352.989,26.068,553
78.471,351.083,554
553.128,744.489,555
511.274,451.762,556
341.056,238.864,557
158.617,646.953,558
565.847,672.389,559
875.122,16.191,560
955.503,567.837,561
333.554,541.600,562
92.644,930.090,563
595.770,931.004,564
811.531,197.655,565
46.912,845.743,566
212.481,352.575,567
725.767,613.109,568
645.683,360.119,569
133.972,550.379,570
462.080,825.918,571
748.457,11.406,572
100.822,324.328,573
461.795,851.947,574
788.747,622.894,575
704.922,979.026,576
991.429,900.819,577
462.010,297.322,578
656.495,181.033,579
513.148,571.685,580
851.271,515.512,581
347.524,270.065,582
659.301,754.636,583
769.265,30.201,584
576.560,758.892,585
589.058,868.151,586
203.102,878.097,587
454.791,858.683,588
148.472,429.536,589
520.606,103.413,590
733.341,954.517,591
779.757,477.139,592
845.052,943.049,593
944.104,696.264,594
592.832,761.217,595
879.662,220.373,596
454.330,917.386,597
802.615,959.056,598
349.053,336.033,599
838.201,228.474,600
542.254,219.004,601
281.538,78.218,602
219.839,251.519,603
582.518,64.647,604
1.917,442.554,605
191.500,765.004,606
234.900,261.806,607
739.105,160.385,608
668.219,983.084,609
37.028,148.294,610
935.996,496.225,611
87.563,384.372,612
795.325,457.458,613
291.123,687.496,614
759.766,126.766,615
783.809,676.207,616
229.233,435.091,617
349.383,289.485,618
898.846,315.621,619
35.626,743.795,620
960.868,195.212,621
319.992,878.692,622
517.771,34.350,623
785.946,994.534,624
570.401,309.360,625
707.923,870.497,626
400.685,958.772,627
945.997,725.874,628
44.411,557.022,629
7.754,385.274,630
631.619,659.761,631
496.711,633.771,632
170.735,213.701,633
943.475,473.298,634
894.844,10.201,635
156.293,513.949,636
409.874,777.120,637
982.184,598.677,638
102.485,924.741,639
53.060,666.544,640
826.168,48.100,641
657.219,343.380,642
75.574,850.619,643
628.013,832.636,644
821.273,773.756,645
335.506,970.572,646
387.736,817.049,647
886.637,76.030,648
249.679,994.300,649
819.746,917.259,650
486.183,561.721,651
805.951,494.049,652
810.655,800.788,653
363.486,407.928,654
536.048,106.282,655
260.088,850.157,656
678.050,295.179,657
883.190,492.735,658
888.945,489.127,659
911.183,847.782,660
961.044,361.501,661
893.586,792.157,662
725.423,228.119,663
393.879,785.457,664
605.567,62.665,665
559.556,644.574,666
170.815,954.595,667
462.574,55.669,668
217.741,468.875,669
294.428,87.952,670
670.560,775.336,671
382.941,954.451,672
960.378,676.771,673
957.190,765.775,674
327.461,376.038,675
743.230,233.720,676
694.009,808.275,677
44.654,372.187,678
621.792,424.222,679
358.044,542.647,680
494.466,154.517,681
304.604,69.086,682
96.497,685.647,683
459.628,376.112,684
60.348,340.437,685
795.692,622.981,686
477.932,590.446,687
208.427,990.376,688
7.494,519.471,689
226.102,787.047,690
849.196,265.107,691
995.682,891.537,692
794.040,889.202,693
886.540,13.146,694
388.635,42.507,695
466.091,857.950,696
206.290,315.426,697
275.262,849.395,698
357.399,715.016,699
367.005,934.563,700
890.819,635.553,701
319.050,886.448,702
589.425,433.684,703
31.157,928.148,704
8.985,620.406,705
88.649,8.638,706
452.289,821.200,707
649.327,362.681,708
656.414,771.103,709
322.561,349.122,710
289.701,210.533,711
528.686,828.738,712
942.054,762.169,713
348.507,276.475,714
610.907,173.815,715
272.559,462.377,716
537.234,847.013,717
861.589,312.680,718
348.204,19.630,719
886.204,85.698,720
591.656,259.392,721
207.777,96.818,722
676.177,508.218,723
89.708,551.976,724
92.211,717.746,725
763.468,308.612,726
402.139,37.434,727
567.633,181.917,728
116.276,157.111,729
829.812,623.085,730
293.565,980.752,731
474.709,632.504,732
437.152,940.652,733
391.344,171.558,734
888.634,474.952,735
747.511,45.319,736
579.330,452.890,737
936.696,89.057,738
11.547,166.590,739
81.884,53.408,740
904.813,625.093,741
4.847,618.888,742
176.661,237.688,743
266.502,579.900,744
748.568,732.209,745
409.302,339.368,746
855.022,168.802,747
218.826,979.041,748
703.547,583.665,749
999.000,615.684,750
941.952,496.575,751
230.986,866.054,752
66.931,127.888,753
646.491,942.863,754
124.761,90.721,755
618.271,525.567,756
776.291,809.493,757
507.474,27.404,758
662.292,780.479,759
10.037,291.492,760
694.629,69.170,761
888.328,293.757,762
318.013,522.308,763
88.000,474.442,764
619.823,834.442,765
375.513,786.139,766
482.257,950.247,767
307.431,390.557,768
446.499,820.279,769
357.439,232.946,770
169.808,72.941,771
635.573,572.263,772
193.852,0.000,773
555.621,753.395,774
180.286,729.092,775
761.896,588.505,776
928.045,784.751,777
684.867,515.504,778
580.294,172.581,779
454.867,818.785,780
626.230,487.826,781
804.984,735.101,782
953.396,595.775,783
122.575,707.004,784
928.740,346.950,785
970.654,710.043,786
223.540,480.477,787
650.938,165.594,788
12.524,990.131,789
840.050,498.022,790
54.642,192.463,791
729.738,818.391,792
680.352,421.573,793
810.781,668.056,794
757.094,344.471,795
128.481,922.447,796
269.091,497.929,797
852.426,850.751,798
258.415,314.200,799
35.607,459.981,800
406.778,929.525,801
269.024,32.129,802
854.809,984.899,803
431.424,819.033,804
241.933,838.604,805
729.574,831.623,806
698.099,172.381,807
88.108,525.245,808
355.056,332.285,809
497.815,721.112,810
474.343,182.664,811
918.797,915.218,812
336.659,36.207,813
503.589,826.285,814
564.311,63.858,815
417.622,829.615,816
822.880,947.264,817
348.003,310.087,818
104.611,942.070,819
774.451,520.445,820
188.534,966.791,821
285.998,316.388,822
154.407,959.266,823
408.355,595.865,824
405.300,223.482,825
637.322,296.913,826
907.338,380.287,827
759.221,841.653,828
509.826,873.036,829
614.598,512.334,830
783.765,296.330,831
477.158,859.544,832
68.023,948.527,833
615.158,272.857,834
682.090,363.120,835
582.247,707.287,836
571.267,622.927,837
507.399,418.667,838
777.194,513.468,839
216.544,404.712,840
220.023,994.992,841
305.648,929.706,842
668.393,246.449,843
863.670,68.128,844
995.842,415.802,845
98.527,111.363,846
757.304,538.310,847
934.060,302.534,848
941.589,474.183,849
920.990,229.856,850
129.632,132.117,851
759.789,758.875,852
730.895,154.700,853
132.529,714.620,854
714.662,493.149,855
592.661,415.323,856
861.905,596.956,857
312.145,465.703,858
538.253,302.451,859
908.274,270.550,860
339.328,429.699,861
53.251,397.331,862
132.469,575.063,863
942.593,101.996,864
34.343,343.911,865
579.941,230.234,866
500.248,822.015,867
273.094,318.067,868
610.329,801.126,869
184.323,804.624,870
156.678,318.667,871
453.040,361.835,872
770.891,823.371,873
313.311,103.845,874
165.768,804.581,875
137.296,17.085,876
455.742,708.447,877
26.890,71.182,878
449.978,601.278,879
713.966,666.546,880
599.214,752.229,881
166.418,166.091,882
497.081,307.498,883
762.031,84.774,884
729.187,497.521,885
465.847,57.108,886
107.594,247.874,887
790.308,888.921,888
226.048,107.212,889
675.853,18.962,890
200.601,189.222,891
874.647,913.682,892
866.750,367.862,893
798.738,890.854,894
655.263,143.513,895
185.809,137.272,896
355.337,893.936,897
238.367,258.700,898
814.598,376.350,899
810.677,70.585,900
527.998,780.739,901
67.522,745.553,902
566.256,457.194,903
968.934,146.094,904
101.021,434.736,905
449.317,442.344,906
741.959,485.128,907
524.639,759.738,908
660.044,284.736,909
803.730,829.508,910
597.051,696.696,911
813.749,919.207,912
477.285,36.418,913
388.351,39.696,914
70.456,190.926,915
127.268,718.216,916
797.138,575.685,917
308.965,798.845,918
790.435,558.659,919
503.775,894.564,920
603.993,477.997,921
120.407,976.572,922
311.551,136.827,923
278.911,815.029,924
336.119,612.886,925
785.032,694.102,926
204.822,691.396,927
259.525,898.879,928
626.340,651.432,929
491.702,953.643,930
383.740,824.061,931
434.421,512.109,932
954.918,569.137,933
43.790,766.621,934
130.020,683.313,935
798.070,773.067,936
623.615,653.785,937
188.434,944.322,938
575.849,505.283,939
211.551,944.969,940
913.855,584.793,941
883.532,175.117,942
628.579,201.574,943
640.952,781.069,944
258.696,272.327,945
530.010,751.501,946
351.626,927.921,947
398.985,891.559,948
257.060,455.669,949
271.490,699.972,950
1.980,373.815,951
924.084,641.898,952
317.676,484.296,953
660.298,904.810,954
930.274,812.605,955
664.177,496.005,956
447.427,492.379,957
535.047,992.229,958
662.730,655.726,959
89.760,783.738,960
108.538,201.071,961
873.722,314.056,962
307.286,569.477,963
193.195,216.725,964
859.095,433.980,965
10.110,480.804,966
944.863,172.862,967
788.715,751.415,968
249.646,654.869,969
701.245,327.153,970
907.384,328.726,971
132.245,85.042,972
538.359,761.948,973
453.908,368.689,974
35.903,448.645,975
730.520,61.551,976
158.441,115.855,977
998.346,685.124,978
462.405,709.465,979
100.449,467.339,980
785.055,362.938,981
398.809,19.023,982
551.691,631.563,983
691.022,939.895,984
399.873,345.878,985
200.965,316.012,986
385.941,543.935,987
312.271,312.847,988
446.527,364.754,989
24.996,898.784,990
87.448,556.963,991
757.326,653.613,992
151.830,460.027,993
639.034,983.628,994
790.414,685.122,995
351.044,725.070,996
644.899,992.964,997
604.561,665.969,998
57.758,786.934,999
778.127,485.306,1000
60.503,658.549,1001
203.601,263.866,1002
444.664,482.573,1003
403.064,548.810,1004
891.967,934.873,1005
626.411,487.347,1006
148.209,612.821,1007
631.866,792.815,1008
597.045,994.802,1009
176.569,321.474,1010
829.025,661.917,1011
222.160,869.904,1012
858.993,651.258,1013
743.006,58.168,1014
287.167,938.117,1015
296.110,71.501,1016
87.144,814.417,1017
440.047,921.578,1018
754.410,209.967,1019
972.280,586.081,1020
878.211,362.129,1021
242.773,648.953,1022
257.723,92.186,1023
66.216,999.000,1024
567.012,361.865,1025
423.650,768.423,1026
261.136,981.079,1027
640.068,560.328,1028
401.235,118.338,1029
935.586,154.334,1030
213.017,522.051,1031
961.606,186.470,1032
439.462,529.703,1033
656.229,92.477,1034
519.098,458.975,1035
234.674,217.558,1036
616.687,488.055,1037
99.371,645.092,1038
407.603,660.957,1039
718.906,787.948,1040
388.389,844.065,1041
331.966,851.890,1042
114.746,543.965,1043
981.406,634.722,1044
167.807,40.812,1045
875.982,412.830,1046
73.353,31.333,1047
958.990,175.831,1048
58.777,51.544,1049
488.857,50.753,1050
486.995,512.898,1051
640.688,208.885,1052
802.543,399.162,1053
994.426,30.991,1054
245.084,546.511,1055
651.623,842.726,1056
538.601,915.672,1057
594.719,632.758,1058
920.829,237.686,1059
266.159,595.578,1060
147.544,550.791,1061
906.338,108.380,1062
87.583,385.100,1063
178.358,18.266,1064
959.650,891.092,1065
136.054,797.358,1066
783.258,590.976,1067
851.802,294.910,1068
660.937,576.045,1069
599.534,245.003,1070
98.667,500.014,1071
525.982,945.956,1072
464.088,369.359,1073
146.405,434.733,1074
109.338,991.376,1075
881.900,10.753,1076
949.778,153.687,1077
720.771,183.269,1078
715.311,579.773,1079
697.203,184.556,1080
998.284,270.413,1081
340.864,666.172,1082
744.687,903.019,1083
273.798,332.922,1084
105.934,696.600,1085
534.711,549.988,1086
76.087,704.073,1087
501.515,212.535,1088
18.942,339.435,1089
856.507,868.252,1090
466.963,309.869,1091
401.850,638.344,1092
456.728,647.902,1093
314.663,392.787,1094
140.075,463.149,1095
21.865,448.799,1096
486.928,380.179,1097
873.952,531.537,1098
824.820,287.169,1099
577.757,705.469,1100
204.950,936.449,1101
474.336,19.970,1102
587.537,655.189,1103
777.864,667.648,1104
902.750,371.034,1105
449.855,350.996,1106
260.979,259.449,1107
577.570,771.664,1108
163.318,95.891,1109
397.307,304.391,1110
410.268,837.144,1111
663.408,504.176,1112
374.893,218.435,1113
995.395,342.096,1114
395.460,349.609,1115
634.556,207.953,1116
877.207,946.502,1117
448.968,735.496,1118
197.259,170.209,1119
396.098,183.608,1120
2.189,636.682,1121
171.312,256.251,1122
11.641,848.340,1123
275.843,539.555,1124
491.476,907.818,1125
378.230,649.378,1126
984.005,366.052,1127
673.046,318.515,1128
662.687,357.582,1129
788.563,560.445,1130
623.049,954.387,1131
617.005,667.272,1132
149.871,674.598,1133
482.801,952.966,1134
962.582,472.655,1135
63.182,651.767,1136
260.552,244.705,1137
73.304,538.228,1138
771.552,91.641,1139
771.751,364.237,1140
128.241,240.581,1141
250.638,996.543,1142
980.954,196.157,1143
291.980,186.001,1144
187.928,326.829,1145
856.681,18.553,1146
328.725,276.927,1147
758.988,43.792,1148
764.898,454.348,1149
708.477,452.000,1150
588.421,111.614,1151
442.469,279.747,1152
36.558,708.577,1153
785.817,122.368,1154
11.076,7.200,1155
505.559,773.268,1156
566.665,531.157,1157
606.278,701.859,1158
325.854,127.957,1159
580.373,648.275,1160
104.731,726.150,1161
296.586,323.314,1162
246.261,949.276,1163
789.071,798.456,1164
963.637,162.543,1165
746.243,128.753,1166
681.648,203.863,1167
139.963,967.265,1168
222.417,156.565,1169
496.526,837.027,1170
299.024,272.102,1171
325.527,786.059,1172
396.930,529.036,1173
130.753,608.363,1174
903.843,832.778,1175
989.843,848.012,1176
291.551,959.621,1177
330.490,383.960,1178
690.398,820.767,1179
91.777,271.564,1180
611.463,873.848,1181
117.388,262.381,1182
396.246,776.071,1183
752.093,120.087,1184
860.717,766.864,1185
256.135,363.409,1186
313.507,145.730,1187
398.958,947.689,1188
922.925,843.637,1189
93.302,76.641,1190
159.484,496.226,1191
353.043,783.343,1192
923.781,229.531,1193
126.018,756.460,1194
997.254,106.843,1195
693.670,272.742,1196
191.689,370.028,1197
558.050,869.367,1198
269.281,388.308,1199
152.590,36.496,1200
245.438,269.773,1201
874.074,351.757,1202
651.400,41.408,1203
57.103,19.218,1204
918.924,20.497,1205
742.823,32.745,1206
460.808,658.867,1207
27.567,691.278,1208
662.250,642.391,1209
233.192,46.617,1210
414.848,96.951,1211
587.253,884.756,1212
674.397,628.903,1213
385.572,742.801,1214
515.192,310.085,1215
251.955,510.008,1216
287.593,132.438,1217
809.706,564.326,1218
583.467,126.726,1219
43.336,452.498,1220
435.620,51.268,1221
165.916,460.566,1222
841.251,486.453,1223
905.762,742.982,1224
931.231,867.074,1225
302.540,48.496,1226
158.458,959.365,1227
161.689,749.779,1228
26.667,469.985,1229
945.812,678.071,1230
218.661,456.410,1231
55.776,374.531,1232
153.074,131.205,1233
897.567,392.721,1234
740.335,803.498,1235
135.137,985.057,1236
391.048,420.110,1237
605.023,595.654,1238
227.566,891.394,1239
316.418,273.038,1240
468.882,207.129,1241
788.295,183.801,1242
434.613,916.301,1243
538.216,601.057,1244
908.642,875.926,1245
758.892,972.084,1246
682.354,719.357,1247
642.658,786.748,1248
219.834,969.439,1249
183.700,11.860,1250
814.796,663.590,1251
472.191,694.645,1252
194.990,566.322,1253
746.829,334.363,1254
578.790,936.299,1255
384.176,101.600,1256
393.715,68.454,1257
132.837,660.662,1258
116.658,353.651,1259
688.030,372.724,1260
355.695,555.689,1261
544.607,452.047,1262
292.764,91.429,1263
949.979,460.560,1264
432.264,349.726,1265
767.135,307.540,1266
160.157,600.418,1267
791.424,318.259,1268
213.743,677.614,1269
50.740,412.616,1270
270.347,82.368,1271
476.700,350.609,1272
664.359,502.768,1273
256.683,807.669,1274
305.092,438.306,1275
47.197,902.084,1276
646.698,473.139,1277
469.309,440.009,1278
744.152,692.152,1279
584.576,31.279,1280
260.990,115.737,1281
955.259,832.306,1282
828.749,658.271,1283
256.221,145.264,1284
924.484,282.116,1285
237.398,740.663,1286
835.790,50.771,1287
676.212,335.498,1288
382.488,988.188,1289
989.238,540.442,1290
7.511,956.767,1291
200.439,422.635,1292
546.252,532.329,1293
321.487,858.881,1294
352.314,430.453,1295
470.592,616.167,1296
153.016,910.080,1297
898.175,644.036,1298
360.781,569.401,1299
478.043,697.867,1300
425.870,357.815,1301
132.045,244.009,1302
163.911,286.328,1303
834.507,13.707,1304
429.757,894.657,1305
614.168,521.860,1306
805.144,529.249,1307
600.854,802.830,1308
831.572,477.473,1309
286.315,910.974,1310
487.968,834.375,1311
321.285,966.837,1312
443.356,0.848,1313
119.175,234.908,1314
179.942,427.149,1315
768.869,860.316,1316
309.980,21.514,1317
124.824,246.692,1318
192.004,450.709,1319
64.122,783.966,1320
937.795,240.977,1321
100.368,17.569,1322
868.155,970.042,1323
468.618,742.269,1324
616.297,929.598,1325
434.168,216.112,1326
554.925,952.944,1327
145.926,128.800,1328
938.997,452.621,1329
950.804,834.016,1330
419.238,6.567,1331
986.391,629.959,1332
864.029,175.999,1333
638.303,483.901,1334
909.619,606.700,1335
483.028,908.815,1336
856.736,668.800,1337
177.223,500.349,1338
608.992,580.635,1339
687.901,229.810,1340
874.207,588.279,1341
108.655,584.881,1342
352.752,410.438,1343
63.429,569.275,1344
909.323,176.861,1345
867.145,13.588,1346
292.565,582.914,1347
403.933,338.515,1348
875.121,576.702,1349
505.544,667.562,1350
905.984,608.817,1351
546.764,224.628,1352
377.566,21.175,1353
770.460,104.245,1354
110.304,121.088,1355
705.834,673.905,1356
885.093,277.682,1357
832.336,246.570,1358
90.981,795.298,1359
833.275,912.019,1360
343.353,105.876,1361
699.588,961.964,1362
536.118,710.419,1363
712.247,548.663,1364
926.286,563.150,1365
819.979,941.486,1366
682.330,754.962,1367
362.257,43.148,1368
180.782,461.686,1369
968.684,242.538,1370
206.824,306.512,1371
849.229,134.228,1372
118.703,838.847,1373
926.153,293.326,1374
735.388,801.685,1375
837.492,662.294,1376
483.458,74.496,1377
812.380,49.693,1378
270.270,386.863,1379
504.010,981.090,1380
1.553,390.471,1381
208.629,184.619,1382
718.512,490.947,1383
187.572,39.351,1384
148.550,256.671,1385
64.560,939.259,1386
380.731,577.127,1387
529.156,187.887,1388
464.887,425.571,1389
719.244,51.676,1390
17.712,416.462,1391
441.897,783.470,1392
825.378,963.359,1393
862.502,838.326,1394
500.934,233.745,1395
62.507,576.785,1396
3.507,695.360,1397
638.884,663.668,1398
507.969,368.797,1399
942.884,828.810,1400
169.559,273.655,1401
279.946,460.820,1402
321.367,48.561,1403
982.110,308.527,1404
455.527,202.311,1405
692.950,213.742,1406
501.762,9.843,1407
653.906,847.750,1408
41.202,471.814,1409
784.600,329.484,1410
928.959,790.425,1411
840.221,202.474,1412
390.314,332.796,1413
998.630,51.335,1414
216.444,726.491,1415
30.279,275.551,1416
293.417,37.316,1417
222.095,793.231,1418
681.116,275.564,1419
459.099,695.557,1420
138.193,303.193,1421
553.541,990.153,1422
845.017,278.750,1423
896.989,107.666,1424
52.419,470.034,1425
165.885,100.259,1426
538.947,541.217,1427
893.514,223.025,1428
654.303,433.792,1429
727.262,733.130,1430
310.886,860.074,1431
929.295,933.311,1432
247.054,274.887,1433
48.650,804.378,1434
905.532,798.271,1435
759.771,816.585,1436
881.060,110.252,1437
979.413,944.928,1438
178.645,273.905,1439
569.418,89.028,1440
180.506,556.955,1441
729.899,4.256,1442
563.672,354.968,1443
368.106,115.696,1444
555.270,321.122,1445
97.712,75.627,1446
351.675,553.741,1447
957.618,965.643,1448
96.513,265.953,1449
690.587,795.610,1450
73.890,145.249,1451
180.349,565.740,1452
426.358,100.379,1453
640.130,97.223,1454
940.967,158.325,1455
101.618,882.712,1456
14.093,688.623,1457
896.313,113.473,1458
259.000,571.085,1459
357.024,840.670,1460
731.453,871.456,1461
343.233,570.202,1462
223.380,850.574,1463
796.095,335.741,1464
727.889,215.329,1465
334.531,534.212,1466
881.213,6.994,1467
794.555,429.973,1468
221.242,427.585,1469
951.431,409.316,1470
143.142,18.172,1471
510.939,69.756,1472
373.588,915.019,1473
813.553,208.829,1474
654.725,805.414,1475
685.838,918.394,1476
0.755,667.874,1477
888.037,194.627,1478
258.133,434.049,1479
152.890,209.197,1480
77.507,902.170,1481
423.979,372.150,1482
156.740,577.336,1483
491.552,647.238,1484
635.693,910.783,1485
24.522,615.792,1486
980.540,451.854,1487
8.264,753.867,1488
355.078,851.241,1489
780.892,331.357,1490
280.154,616.169,1491
911.638,577.222,1492
773.520,220.520,1493
959.201,692.067,1494
607.575,605.425,1495
743.668,592.044,1496
668.412,30.145,1497
789.736,296.157,1498
288.872,270.864,1499
908.780,288.144,1500
857.645,822.558,1501
661.650,224.762,1502
567.856,691.838,1503
84.731,866.439,1504
353.309,27.095,1505
681.704,507.798,1506
882.758,258.757,1507
139.378,15.097,1508
658.479,746.831,1509
881.306,247.743,1510
397.481,180.021,1511
348.493,940.690,1512
824.793,963.278,1513
95.214,440.129,1514
229.366,59.119,1515
17.346,104.646,1516
663.173,252.435,1517
326.722,729.322,1518
801.223,767.715,1519
759.290,637.086,1520
95.920,953.766,1521
632.321,776.810,1522
659.177,684.704,1523
536.536,211.943,1524
562.292,302.451,1525
930.094,179.604,1526
109.385,112.399,1527
738.888,878.980,1528
879.723,46.106,1529
117.605,815.486,1530
61.126,551.189,1531
265.061,699.738,1532
56.366,256.319,1533
998.402,382.813,1534
319.426,30.535,1535
125.587,359.296,1536
388.672,595.255,1537
215.680,899.960,1538
491.276,289.370,1539
51.229,122.143,1540
43.148,602.006,1541
628.501,569.535,1542
63.497,218.479,1543
5.268,354.506,1544
513.901,212.134,1545
674.308,227.905,1546
886.397,627.790,1547
340.819,760.838,1548
796.993,817.558,1549
955.629,839.346,1550
21.197,768.190,1551
867.926,224.241,1552
890.056,43.182,1553
787.298,731.142,1554
300.636,547.608,1555
296.262,584.519,1556
835.284,595.354,1557
94.380,583.956,1558
393.847,676.575,1559
134.906,60.052,1560
533.070,798.107,1561
74.758,433.993,1562
458.950,850.795,1563
526.304,650.453,1564
123.833,70.444,1565
674.150,549.967,1566
704.504,869.409,1567
233.966,848.002,1568
793.659,100.567,1569
311.432,691.101,1570
314.221,901.634,1571
555.505,585.457,1572
567.836,384.367,1573
989.708,15.163,1574
988.506,15.707,1575
266.422,923.964,1576
506.944,808.414,1577
642.648,613.572,1578
404.039,95.068,1579
938.364,422.074,1580
911.576,955.532,1581
814.971,276.666,1582
714.036,383.958,1583
64.254,790.791,1584
322.608,467.078,1585
399.228,338.688,1586
837.472,365.588,1587
264.659,560.195,1588
328.843,935.165,1589
300.660,323.635,1590
242.182,868.016,1591
579.530,159.744,1592
392.633,282.171,1593
282.267,877.001,1594
902.024,896.316,1595
792.278,668.964,1596
478.916,639.804,1597
351.381,577.420,1598
777.237,682.123,1599
703.326,299.510,1600
290.842,904.480,1601
842.467,236.052,1602
892.694,821.066,1603
73.582,772.069,1604
693.814,836.088,1605
105.151,967.606,1606
757.665,526.166,1607
536.513,738.594,1608
123.535,284.716,1609
282.529,900.591,1610
827.657,747.708,1611
557.516,522.941,1612
794.214,192.353,1613
126.678,154.639,1614
318.136,211.548,1615
248.425,104.326,1616
621.541,585.658,1617
685.735,998.932,1618
6.486,377.557,1619
216.950,485.385,1620
223.791,371.652,1621
882.179,183.620,1622
89.273,462.621,1623
842.520,781.757,1624
807.565,100.365,1625
727.188,555.488,1626
307.112,963.974,1627
999.000,238.372,1628
924.689,259.677,1629
135.342,89.981,1630
147.047,728.423,1631
246.699,713.941,1632
922.859,78.393,1633
791.013,543.638,1634
924.882,291.189,1635
629.590,35.365,1636
788.090,889.646,1637
102.989,438.844,1638
347.507,263.751,1639
700.088,123.113,1640
665.183,378.323,1641
737.603,858.449,1642
921.668,203.512,1643
139.768,689.794,1644
128.282,522.569,1645
626.880,491.952,1646
413.020,264.931,1647
141.244,842.884,1648
502.889,973.639,1649
849.695,301.966,1650
475.335,897.563,1651
1.582,78.363,1652
605.360,716.026,1653
180.087,764.995,1654
536.270,303.996,1655
946.662,691.944,1656
65.073,806.847,1657
908.884,592.809,1658
289.641,757.416,1659
888.742,861.973,1660
565.519,522.110,1661
715.456,783.443,1662
510.781,620.371,1663
227.926,866.746,1664
783.080,500.545,1665
756.656,280.844,1666
592.166,846.816,1667
924.233,123.960,1668
864.842,293.573,1669
803.527,557.644,1670
79.823,549.274,1671
936.530,254.095,1672
851.254,811.993,1673
93.600,822.120,1674
588.332,85.542,1675
453.715,420.664,1676
265.663,665.777,1677
697.267,270.260,1678
461.530,881.623,1679
103.509,164.655,1680
922.519,557.220,1681
504.422,438.057,1682
219.481,700.806,1683
540.839,32.230,1684
536.955,667.610,1685
255.526,756.060,1686
222.135,131.205,1687
778.697,514.235,1688
505.546,915.638,1689
66.038,675.007,1690
0.819,895.729,1691
365.615,429.562,1692
964.439,822.272,1693
379.174,118.338,1694
734.094,37.486,1695
777.405,556.056,1696
442.002,126.783,1697
404.129,369.483,1698
946.113,628.317,1699
143.151,334.295,1700
537.975,585.120,1701
27.083,522.350,1702
52.322,110.971,1703
297.116,64.642,1704
940.868,346.404,1705
221.001,387.854,1706
65.361,837.166,1707
291.232,98.678,1708
466.422,59.995,1709
828.368,234.226,1710
724.053,42.345,1711
494.354,341.986,1712
352.731,367.677,1713
480.821,407.435,1714
99.795,359.249,1715
540.884,401.642,1716
268.387,222.318,1717
317.647,308.014,1718
545.909,672.615,1719
507.168,678.870,1720
879.014,149.484,1721
423.309,591.668,1722
723.887,159.824,1723
116.132,614.965,1724
119.565,797.954,1725
543.967,255.148,1726
826.564,821.305,1727
377.455,830.120,1728
912.167,482.239,1729
355.376,480.647,1730
289.136,739.172,1731
515.491,39.474,1732
290.956,392.443,1733
393.775,788.578,1734
286.814,616.107,1735
758.096,377.210,1736
673.098,320.057,1737
472.190,649.219,1738
246.863,50.129,1739
314.136,264.121,1740
211.329,856.143,1741
980.164,207.053,1742
138.682,123.875,1743
225.509,837.254,1744
806.351,800.065,1745
256.053,672.503,1746
789.721,634.978,1747
404.593,672.755,1748
221.107,467.015,1749
398.774,589.168,1750
796.183,716.981,1751
286.766,232.206,1752
845.225,660.253,1753
651.057,715.535,1754
859.623,829.559,1755
411.558,548.193,1756
616.578,814.926,1757
667.276,676.509,1758
838.664,818.675,1759
782.641,362.924,1760
842.374,711.788,1761
485.889,667.936,1762
308.420,102.686,1763
935.216,8.001,1764
253.663,974.417,1765
447.606,208.108,1766
857.202,466.843,1767
573.964,564.726,1768
719.022,159.511,1769
743.552,965.154,1770
934.400,880.971,1771
162.140,559.336,1772
949.114,613.036,1773
295.007,829.264,1774
544.715,442.690,1775
214.193,503.683,1776
701.271,859.581,1777
820.659,289.626,1778
919.942,310.178,1779
798.934,537.278,1780
915.487,728.865,1781
589.118,660.828,1782
976.474,141.271,1783
579.828,306.419,1784
329.846,571.404,1785
394.099,985.507,1786
526.345,896.732,1787
258.154,293.398,1788
773.796,101.452,1789
190.157,529.635,1790
235.548,109.239,1791
491.813,912.436,1792
656.901,82.789,1793
232.662,953.880,1794
848.350,558.765,1795
595.400,283.415,1796
362.174,174.150,1797
542.577,254.759,1798
565.524,322.900,1799
656.789,50.922,1800
803.416,297.644,1801
962.839,317.472,1802
433.554,871.060,1803
115.871,561.792,1804
282.417,637.791,1805
106.336,582.814,1806
660.660,946.742,1807
227.938,969.698,1808
165.581,565.206,1809
547.144,452.484,1810
716.000,727.910,1811
375.319,284.583,1812
569.454,450.329,1813
417.285,233.383,1814
856.297,320.434,1815
558.065,480.880,1816
916.010,259.210,1817
598.358,826.593,1818
763.004,819.508,1819
208.548,298.902,1820
833.063,808.863,1821
597.545,436.840,1822
576.277,441.874,1823
323.924,460.967,1824
331.269,600.938,1825
850.286,938.634,1826
977.565,431.889,1827
281.932,58.353,1828
102.896,478.576,1829
123.369,931.843,1830
170.706,874.472,1831
423.450,847.807,1832
722.951,645.934,1833
26.944,88.200,1834
224.722,10.494,1835
890.081,87.140,1836
785.766,925.241,1837
867.870,63.830,1838
357.351,987.194,1839
904.227,927.744,1840
503.833,417.703,1841
98.183,899.395,1842
776.078,431.040,1843
187.574,540.356,1844
448.142,449.122,1845
140.452,960.091,1846
782.604,396.695,1847
500.072,200.459,1848
650.549,588.483,1849
553.145,345.595,1850
730.376,254.963,1851
634.853,514.942,1852
874.302,273.427,1853
575.542,632.186,1854
507.243,290.452,1855
151.188,665.780,1856
644.912,384.391,1857
912.898,723.576,1858
920.069,605.753,1859
577.921,823.476,1860
940.173,957.763,1861
50.412,14.442,1862
636.692,551.621,1863
842.399,11.962,1864
966.527,661.610,1865
826.790,589.690,1866
218.253,215.445,1867
848.591,511.608,1868
592.556,683.264,1869
99.974,913.010,1870
231.910,227.779,1871
772.824,303.531,1872
442.760,969.786,1873
113.167,720.597,1874
117.861,453.460,1875
350.147,138.349,1876
702.498,902.190,1877
158.557,710.755,1878
748.830,369.800,1879
154.883,188.464,1880
233.656,349.048,1881
456.334,753.126,1882
500.727,619.800,1883
29.510,612.233,1884
919.378,479.991,1885
115.259,131.804,1886
952.308,594.796,1887
599.593,729.658,1888
467.578,585.547,1889
781.288,976.342,1890
680.627,245.636,1891
149.210,952.975,1892
115.800,523.908,1893
486.156,705.437,1894
746.925,608.379,1895
974.866,840.489,1896
955.199,19.501,1897
34.834,617.070,1898
950.040,797.656,1899
312.782,17.982,1900
618.089,319.248,1901
171.921,818.083,1902
682.588,143.554,1903
144.759,744.245,1904
996.843,805.267,1905
372.558,757.605,1906
381.975,624.878,1907
654.926,345.968,1908
864.458,626.443,1909
441.921,969.437,1910
819.992,154.254,1911
994.662,454.006,1912
64.416,856.813,1913
650.501,448.006,1914
134.364,516.845,1915
724.358,437.971,1916
688.585,45.472,1917
855.350,283.257,1918
680.436,979.094,1919
421.419,305.339,1920
827.771,67.107,1921
211.840,971.982,1922
899.654,776.215,1923
395.388,779.143,1924
782.410,692.368,1925
651.447,610.762,1926
899.912,131.712,1927
260.766,293.778,1928
687.933,69.649,1929
205.554,831.747,1930
310.615,215.797,1931
233.776,956.656,1932
2.512,199.250,1933
592.058,472.504,1934
569.973,506.338,1935
559.507,703.413,1936
51.813,536.193,1937
723.980,112.552,1938
750.699,165.262,1939
403.944,363.175,1940
659.295,910.365,1941
858.593,205.370,1942
103.804,32.722,1943
277.038,710.559,1944
797.218,512.720,1945
621.664,515.282,1946
77.249,143.163,1947
848.218,986.626,1948
96.119,447.311,1949
393.308,42.630,1950
296.397,594.095,1951
879.246,482.853,1952
928.253,468.914,1953
924.799,559.963,1954
614.715,720.312,1955
170.608,632.178,1956
483.596,898.297,1957
455.346,22.618,1958
710.549,792.466,1959
186.206,968.614,1960
820.062,77.839,1961
794.645,165.703,1962
300.198,933.835,1963
600.248,341.602,1964
93.949,557.217,1965
61.747,220.134,1966
858.313,333.566,1967
547.708,265.149,1968
973.133,235.604,1969
664.140,287.708,1970
81.821,216.641,1971
896.438,141.855,1972
996.561,907.712,1973
847.589,846.489,1974
779.595,984.013,1975
319.421,828.896,1976
309.562,737.332,1977
655.646,633.773,1978
433.979,207.099,1979
491.190,831.474,1980
187.147,4.218,1981
299.362,381.255,1982
937.658,840.466,1983
527.081,797.860,1984
90.257,704.571,1985
633.081,676.564,1986
763.885,224.884,1987
446.415,626.783,1988
472.500,716.865,1989
303.524,403.431,1990
497.314,58.486,1991
218.358,961.211,1992
125.256,512.376,1993
304.068,450.505,1994
424.589,86.782,1995
294.553,276.949,1996
269.241,894.453,1997
61.942,884.794,1998
798.217,7.777,1999
825.399,578.920,2000
441.682,745.451,2001
808.621,39.963,2002
234.517,408.556,2003
517.704,74.688,2004
732.256,867.858,2005
555.991,449.194,2006
711.536,459.644,2007
898.190,74.182,2008
195.662,632.029,2009
418.228,368.963,2010
533.325,411.571,2011
865.556,826.260,2012
504.890,587.328,2013
77.271,19.415,2014
240.095,770.394,2015
941.354,984.868,2016
885.321,666.486,2017
760.213,526.647,2018
454.983,186.454,2019
104.432,948.988,2020
831.789,289.400,2021
534.415,723.339,2022
29.721,761.767,2023
967.725,923.540,2024
106.029,330.504,2025
712.095,43.683,2026
861.690,968.735,2027
956.925,609.784,2028
405.807,532.855,2029
441.774,197.501,2030
655.206,242.159,2031
11.158,423.020,2032
658.458,202.748,2033
393.739,362.381,2034
101.822,676.834,2035
70.272,91.347,2036
11.836,815.505,2037
80.074,122.699,2038
863.409,911.928,2039
567.679,970.072,2040
73.368,438.424,2041
926.261,526.223,2042
711.545,828.568,2043
681.722,696.405,2044
954.100,208.816,2045
573.676,58.260,2046
895.378,806.729,2047
649.483,2.987,2048
780.624,739.470,2049
406.474,26.110,2050
614.498,318.746,2051
968.043,245.012,2052
759.453,670.309,2053
368.216,734.040,2054
964.584,846.853,2055
913.048,511.668,2056
247.624,326.350,2057
809.932,430.022,2058
853.410,534.390,2059
896.111,282.024,2060
948.039,580.438,2061
665.235,686.510,2062
584.132,752.023,2063
445.943,675.475,2064
406.423,379.873,2065
866.406,9.021,2066
422.883,703.526,2067
80.983,590.661,2068
879.260,79.962,2069
421.557,120.219,2070
654.381,572.055,2071
310.779,974.989,2072
630.699,298.990,2073
662.788,957.544,2074
464.237,257.111,2075
883.266,88.308,2076
366.393,456.131,2077
165.366,233.134,2078
128.535,139.274,2079
126.785,841.446,2080
563.660,248.866,2081
928.621,712.292,2082
236.443,395.946,2083
211.018,746.955,2084
809.880,307.709,2085
656.966,213.048,2086
409.732,530.189,2087
112.439,761.622,2088
560.776,685.722,2089
414.497,254.856,2090
901.396,326.783,2091
437.158,165.942,2092
789.774,416.032,2093
448.931,799.997,2094
538.826,459.526,2095
236.622,544.535,2096
536.262,60.175,2097
930.748,183.885,2098
702.731,794.704,2099
25.974,611.080,2100
507.703,399.113,2101
998.567,273.700,2102
389.443,705.177,2103
301.767,907.778,2104
895.942,525.896,2105
841.142,375.138,2106
362.411,966.770,2107
869.049,58.682,2108
278.333,711.359,2109
175.399,821.581,2110
106.054,365.516,2111
852.994,149.146,2112
647.775,876.488,2113
485.916,454.601,2114
841.608,105.948,2115
228.932,832.136,2116
512.832,541.323,2117
767.044,889.726,2118
941.414,364.661,2119
866.117,741.891,2120
230.767,92.737,2121
246.640,546.722,2122
858.171,107.653,2123
434.081,709.384,2124
44.004,16.116,2125
320.593,426.729,2126
300.790,955.056,2127
269.791,638.644,2128
424.226,819.337,2129
384.689,830.088,2130
451.532,254.262,2131
878.293,506.973,2132
499.541,558.913,2133
625.100,959.729,2134
218.498,140.773,2135
254.635,360.040,2136
386.623,724.515,2137
995.557,747.708,2138
661.108,699.574,2139
908.073,593.789,2140
487.347,739.220,2141
495.375,122.981,2142
42.218,866.026,2143
944.618,708.757,2144
563.148,541.368,2145
4.871,272.872,2146
614.834,878.883,2147
828.316,142.844,2148
721.656,444.549,2149
583.250,539.482,2150
685.892,464.177,2151
482.552,453.782,2152
246.798,635.866,2153
211.826,438.741,2154
461.940,850.862,2155
245.891,65.712,2156
818.772,610.311,2157
222.291,203.456,2158
63.150,482.322,2159
171.844,770.630,2160
143.651,525.936,2161
749.769,283.025,2162
109.128,339.696,2163
417.189,348.646,2164
285.381,204.135,2165
451.175,638.527,2166
941.089,955.779,2167
77.853,127.903,2168
754.055,340.898,2169
563.717,402.253,2170
949.594,794.200,2171
515.951,80.079,2172
39.915,289.151,2173
4.606,533.677,2174
342.061,937.637,2175
609.745,725.651,2176
132.794,372.425,2177
424.602,440.371,2178
691.424,282.065,2179
642.790,108.317,2180
909.667,292.908,2181
52.524,631.315,2182
898.670,836.998,2183
453.854,942.930,2184
899.693,466.142,2185
49.509,326.691,2186
675.878,207.204,2187
83.069,752.301,2188
555.071,168.109,2189
801.530,491.514,2190
337.076,985.619,2191
664.778,814.589,2192
331.829,44.566,2193
466.036,862.535,2194
378.198,931.054,2195
738.681,295.131,2196
542.614,450.489,2197
751.192,203.417,2198
958.040,124.599,2199
992.976,325.864,2200
823.296,330.435,2201
727.526,245.833,2202
188.665,646.182,2203
667.297,460.987,2204
619.478,756.544,2205
86.224,980.770,2206
486.384,199.073,2207
25.546,282.457,2208
871.296,241.676,2209
152.430,204.593,2210
0.000,126.349,2211
556.591,284.051,2212
503.351,27.157,2213
533.962,498.881,2214
86.097,850.132,2215
888.308,857.605,2216
50.510,516.840,2217
340.752,584.451,2218
893.982,498.377,2219
391.717,663.518,2220
296.318,468.442,2221
831.503,389.678,2222
58.573,108.564,2223
972.100,872.151,2224
39.063,107.484,2225
128.684,929.919,2226
436.362,365.841,2227
783.387,189.369,2228
338.591,402.366,2229
963.044,915.970,2230
65.057,109.144,2231
223.385,375.406,2232
468.630,645.634,2233
276.215,372.078,2234
716.320,763.717,2235
315.699,649.355,2236
181.367,664.952,2237
740.768,635.506,2238
506.374,876.584,2239
885.305,631.790,2240
373.845,651.341,2241
401.198,915.160,2242
247.837,571.253,2243
85.695,889.788,2244
713.224,128.762,2245
48.122,384.838,2246
25.999,209.555,2247
585.228,58.034,2248
952.521,683.932,2249
366.342,749.386,2250
495.843,317.364,2251
615.528,792.225,2252
101.645,846.646,2253
288.766,1.619,2254
843.526,839.063,2255
500.925,710.090,2256
320.168,209.681,2257
762.477,578.025,2258
961.217,684.879,2259
609.861,718.186,2260
737.610,733.966,2261
552.270,546.451,2262
87.992,994.623,2263
700.099,925.136,2264
644.561,925.005,2265
334.674,339.866,2266
369.315,581.522,2267
887.943,698.747,2268
388.959,91.429,2269
64.231,199.944,2270
721.214,889.504,2271
96.857,34.515,2272
586.047,879.036,2273
688.555,789.732,2274
603.985,809.399,2275
378.799,327.111,2276
663.853,864.203,2277
172.949,473.329,2278
496.208,395.261,2279
327.281,772.744,2280
184.457,141.441,2281
510.000,926.925,2282
178.825,649.740,2283
930.420,76.034,2284
660.756,750.659,2285
400.303,652.871,2286
771.149,703.923,2287
538.801,843.179,2288
102.706,407.338,2289
379.381,353.364,2290
326.653,700.991,2291
747.855,341.733,2292
824.471,341.958,2293
246.850,154.091,2294
541.747,567.093,2295
45.672,693.514,2296
390.596,982.133,2297
954.786,734.658,2298
548.296,929.353,2299
593.382,981.686,2300
163.300,388.759,2301
615.303,2.747,2302
737.517,610.893,2303
720.779,365.088,2304
190.403,937.186,2305
391.630,861.187,2306
261.764,151.761,2307
58.441,638.778,2308
769.614,724.717,2309
791.229,158.272,2310
655.737,540.990,2311
535.192,653.375,2312
652.116,691.212,2313
713.808,811.388,2314
783.207,731.675,2315
470.708,605.213,2316
748.298,704.945,2317
303.542,547.592,2318
314.787,970.060,2319
228.670,167.730,2320
842.471,670.713,2321
998.764,266.529,2322
81.034,647.969,2323
694.092,967.656,2324
659.373,877.750,2325
470.804,183.232,2326
676.510,61.410,2327
163.226,0.757,2328
821.586,30.343,2329
989.073,860.805,2330
163.685,768.866,2331
606.931,357.357,2332
634.536,475.455,2333
32.698,422.835,2334
655.562,774.156,2335
839.571,727.832,2336
947.519,767.759,2337
366.277,156.147,2338
302.157,141.256,2339
798.885,743.494,2340
105.562,256.560,2341
416.894,477.918,2342
724.163,345.516,2343
838.889,331.019,2344
229.128,181.718,2345
683.442,693.430,2346
937.410,62.221,2347
802.145,49.548,2348
510.125,281.857,2349
456.614,914.582,2350
11.715,516.831,2351
895.929,467.962,2352
525.907,929.261,2353
707.306,714.243,2354
64.860,679.014,2355
502.191,817.919,2356
267.634,463.389,2357
199.334,11.074,2358
988.440,63.637,2359
384.679,984.023,2360
490.255,702.703,2361
915.373,328.719,2362
523.366,649.669,2363
537.971,498.955,2364
390.830,602.754,2365
398.542,897.558,2366
629.323,174.240,2367
964.609,204.492,2368
96.600,49.319,2369
949.381,874.938,2370
273.771,232.198,2371
215.154,543.350,2372
60.879,823.327,2373
872.738,105.865,2374
258.026,981.004,2375
306.898,151.057,2376
267.020,957.690,2377
298.197,200.150,2378
787.084,311.591,2379
862.595,577.639,2380
933.064,25.505,2381
189.386,941.967,2382
963.282,262.173,2383
735.222,782.564,2384
318.488,625.690,2385
428.173,954.766,2386
438.093,188.905,2387
506.689,419.309,2388
220.552,346.853,2389
325.494,488.141,2390
50.261,899.462,2391
874.850,429.256,2392
62.863,303.485,2393
634.798,760.007,2394
291.301,219.792,2395
295.582,159.263,2396
164.649,352.125,2397
393.233,845.089,2398
211.134,351.116,2399
299.686,21.805,2400
627.858,936.231,2401
786.877,289.446,2402
472.679,135.495,2403
2.616,883.152,2404
226.895,768.161,2405
352.842,633.999,2406
988.503,770.530,2407
343.907,356.270,2408
352.245,594.285,2409
227.524,766.560,2410
154.377,66.055,2411
454.072,107.370,2412
212.626,442.320,2413
204.056,911.174,2414
991.711,62.943,2415
640.619,619.081,2416
146.958,823.089,2417
269.336,9.110,2418
667.487,303.934,2419
30.826,134.516,2420
274.449,767.862,2421
738.576,801.428,2422
415.537,101.034,2423
334.274,532.197,2424
465.426,423.726,2425
977.473,28.663,2426
41.967,114.010,2427
578.589,121.144,2428
492.608,128.986,2429
275.841,226.355,2430
596.034,765.754,2431
556.872,19.021,2432
668.563,169.523,2433
828.714,297.807,2434
369.661,355.443,2435
145.579,275.445,2436
755.985,859.873,2437
59.691,16.267,2438
159.873,895.601,2439
451.798,339.534,2440
88.842,487.669,2441
32.310,564.759,2442
25.847,496.622,2443
364.897,980.033,2444
914.182,770.168,2445
40.676,906.123,2446
421.601,567.765,2447
291.980,78.912,2448
263.913,509.669,2449
529.859,870.907,2450
720.908,45.981,2451
13.260,450.088,2452
35.819,342.679,2453
63.467,532.947,2454
252.251,611.513,2455
345.205,0.669,2456
555.177,914.708,2457
2.195,222.858,2458
821.032,790.655,2459
56.791,128.166,2460
664.434,204.643,2461
643.497,956.963,2462
799.511,656.689,2463
225.210,480.300,2464
383.585,438.427,2465
379.339,616.129,2466
412.025,895.103,2467
556.398,922.920,2468
922.202,923.843,2469
336.840,368.979,2470
233.862,311.735,2471
492.801,964.734,2472
969.716,833.717,2473
441.813,500.086,2474
236.751,357.731,2475
633.749,363.015,2476
45.875,147.814,2477
445.617,854.462,2478
973.088,72.494,2479
4.740,782.551,2480
112.788,226.097,2481
879.066,551.884,2482
360.461,778.222,2483
219.063,383.881,2484
443.165,815.113,2485
375.897,275.582,2486
963.663,613.604,2487
861.017,830.595,2488
743.564,83.235,2489
818.207,743.921,2490
101.300,266.378,2491
663.888,875.845,2492
983.652,369.096,2493
103.908,644.571,2494
926.920,681.800,2495
957.086,21.408,2496
645.145,449.477,2497
589.131,257.556,2498
412.090,244.195,2499
530.552,767.151,2500
630.487,368.747,2501
608.850,494.041,2502
662.430,121.876,2503
598.785,108.891,2504
305.936,995.782,2505
450.287,364.564,2506
775.380,932.684,2507
867.681,95.570,2508
191.722,45.174,2509
470.582,443.416,2510
799.368,680.599,2511
260.402,799.861,2512
187.277,858.732,2513
680.654,141.665,2514
239.072,226.518,2515
247.882,78.861,2516
155.589,945.788,2517
62.966,64.805,2518
133.484,643.742,2519
409.596,16.032,2520
201.388,546.604,2521
234.476,446.768,2522
267.450,148.498,2523
773.381,389.970,2524
422.007,942.589,2525
952.791,477.115,2526
341.478,181.057,2527
121.528,603.823,2528
972.845,787.476,2529
600.213,754.373,2530
562.008,494.539,2531
8.159,463.534,2532
100.576,208.902,2533
821.052,409.974,2534
16.131,882.474,2535
387.265,416.661,2536
432.293,27.602,2537
64.584,22.389,2538
118.611,534.110,2539
212.476,613.766,2540
968.582,186.714,2541
727.902,234.434,2542
87.881,39.662,2543
68.631,140.652,2544
601.664,877.549,2545
458.884,98.169,2546
77.945,743.972,2547
20.411,938.670,2548
276.015,996.843,2549
75.026,56.928,2550
482.668,934.860,2551
19.311,106.136,2552
217.800,145.956,2553
471.009,645.203,2554
336.484,908.812,2555
106.606,764.422,2556
434.961,670.832,2557
791.031,374.062,2558
260.166,834.683,2559
380.842,363.161,2560
230.994,433.167,2561
309.979,620.996,2562
507.049,897.190,2563
271.260,404.792,2564
911.142,601.468,2565
816.470,740.459,2566
654.859,547.238,2567
275.856,369.083,2568
175.462,173.343,2569
531.291,52.550,2570
924.298,615.247,2571
406.543,494.342,2572
471.404,229.277,2573
869.379,128.163,2574
127.089,159.713,2575
577.777,366.848,2576
369.810,497.357,2577
415.927,911.273,2578
858.074,800.157,2579
59.405,486.748,2580
853.912,739.507,2581
83.548,372.518,2582
608.504,96.250,2583
281.414,701.565,2584
251.879,214.344,2585
673.415,210.559,2586
626.586,47.169,2587
677.237,489.547,2588
762.535,882.861,2589
11.162,607.001,2590
453.470,787.928,2591
878.724,209.276,2592
366.544,74.433,2593
201.971,460.374,2594
336.695,340.791,2595
489.634,286.618,2596
313.275,763.097,2597
241.682,846.226,2598
696.439,280.590,2599
255.388,694.274,2600
427.118,400.385,2601
393.485,317.582,2602
53.462,822.622,2603
113.505,930.803,2604
122.734,577.629,2605
264.307,889.458,2606
494.168,982.562,2607
336.901,653.244,2608
377.190,779.731,2609
135.526,418.066,2610
819.378,743.566,2611
427.620,665.080,2612
530.750,464.552,2613
39.458,433.285,2614
43.002,809.270,2615
951.983,318.845,2616
119.307,737.218,2617
350.365,846.954,2618
830.327,666.380,2619
731.275,955.876,2620
709.530,8.234,2621
295.517,794.272,2622
900.832,268.211,2623
791.768,37.500,2624
97.506,317.916,2625
689.578,609.037,2626
525.303,282.618,2627
322.899,569.800,2628
749.609,582.978,2629
680.611,690.110,2630
64.667,574.103,2631
192.702,889.662,2632
219.440,140.819,2633
803.610,568.689,2634
697.574,803.295,2635
52.815,668.458,2636
994.210,559.256,2637
207.316,153.782,2638
813.411,953.022,2639
574.490,438.066,2640
119.807,57.374,2641
565.690,213.841,2642
440.731,608.949,2643
233.491,201.041,2644
385.280,442.602,2645
160.061,232.706,2646
735.638,831.778,2647
238.923,264.792,2648
365.081,731.213,2649
366.589,821.485,2650
1.673,132.041,2651
331.841,560.607,2652
980.204,67.423,2653
242.156,930.617,2654
173.854,975.255,2655
378.513,317.517,2656
469.852,270.833,2657
353.534,835.533,2658
589.250,861.897,2659
182.840,761.829,2660
709.905,16.338,2661
549.062,468.386,2662
260.285,728.800,2663
314.625,284.638,2664
115.482,976.572,2665
893.985,553.116,2666
312.667,541.708,2667
714.109,963.902,2668
921.476,392.487,2669
997.180,940.240,2670
910.082,625.829,2671
552.681,840.864,2672
249.414,586.653,2673
521.935,904.291,2674
867.087,226.109,2675
900.355,867.532,2676
372.848,740.377,2677
423.287,959.797,2678
429.831,618.975,2679
654.776,945.366,2680
396.599,489.010,2681
332.538,105.838,2682
43.746,796.713,2683
907.807,487.406,2684
912.663,449.542,2685
395.878,249.546,2686
239.326,91.893,2687
850.171,881.144,2688
93.993,299.514,2689
656.815,839.046,2690
184.322,71.211,2691
973.211,963.852,2692
451.752,142.949,2693
698.509,835.701,2694
581.563,839.934,2695
158.154,738.365,2696
544.910,420.197,2697
328.432,54.939,2698
610.236,513.118,2699
643.694,979.689,2700
465.639,470.104,2701
83.863,112.086,2702
897.466,149.205,2703
273.698,457.046,2704
748.800,82.202,2705
574.231,745.901,2706
111.567,312.675,2707
551.851,983.769,2708
696.415,205.334,2709
819.516,262.318,2710
102.809,606.516,2711
793.108,42.007,2712
933.958,208.199,2713
694.324,455.599,2714
768.329,444.579,2715
901.180,163.365,2716
252.872,818.456,2717
790.886,326.307,2718
323.333,697.208,2719
18.802,292.558,2720
888.160,184.114,2721
740.818,235.667,2722
862.299,827.718,2723
405.755,939.563,2724
656.600,461.006,2725
199.968,121.600,2726
257.431,453.744,2727
548.745,956.534,2728
946.618,401.173,2729
937.308,768.144,2730
931.689,396.457,2731
225.258,574.639,2732
365.078,406.378,2733
574.952,56.040,2734
264.918,868.829,2735
200.964,163.547,2736
167.053,447.656,2737
955.546,571.337,2738
775.731,135.733,2739
301.922,406.326,2740
129.586,631.490,2741
870.975,910.809,2742
407.997,265.898,2743
293.798,717.829,2744
989.299,734.378,2745
977.640,124.674,2746
966.738,988.425,2747
990.989,836.193,2748
484.202,322.670,2749
554.534,410.730,2750
40.719,525.649,2751
951.291,38.094,2752
546.426,454.417,2753
734.162,64.498,2754
27.975,615.491,2755
573.499,876.203,2756
672.371,807.684,2757
73.475,513.919,2758
591.549,157.555,2759
975.575,969.103,2760
986.338,16.522,2761
43.912,54.912,2762
368.819,11.939,2763
888.114,73.588,2764
244.975,304.565,2765
651.046,439.783,2766
852.263,950.648,2767
671.846,130.471,2768
887.790,637.123,2769
85.565,68.396,2770
20.703,947.144,2771
454.645,228.076,2772
86.722,346.221,2773
658.119,180.416,2774
540.019,790.281,2775
93.071,957.673,2776
807.914,424.835,2777
225.328,783.467,2778
67.781,621.548,2779
175.592,180.136,2780
248.169,614.042,2781
383.662,756.264,2782
192.330,398.328,2783
762.550,629.517,2784
363.487,769.445,2785
511.262,152.917,2786
748.787,754.488,2787
605.033,788.335,2788
409.068,345.332,2789
625.619,188.621,2790
253.262,189.847,2791
25.964,604.871,2792
816.395,845.007,2793
155.254,163.872,2794
543.657,214.481,2795
997.603,763.777,2796
109.156,236.110,2797
223.532,817.623,2798
866.140,744.707,2799
948.650,144.646,2800
415.436,237.042,2801
984.439,928.889,2802
934.475,859.796,2803
820.065,676.164,2804
315.395,350.693,2805
372.549,923.973,2806
835.216,605.370,2807
684.165,477.510,2808
420.867,836.023,2809
518.761,291.013,2810
394.010,22.158,2811
975.815,806.442,2812
149.228,34.447,2813
496.342,605.567,2814
823.417,216.409,2815
635.830,361.560,2816
226.633,782.654,2817
349.447,794.671,2818
617.354,318.135,2819
502.790,766.655,2820
658.882,633.795,2821
377.293,176.825,2822
95.306,888.517,2823
26.973,190.365,2824
794.259,671.148,2825
162.731,677.631,2826
810.711,931.206,2827
414.820,852.637,2828
501.289,426.905,2829
87.045,290.033,2830
954.047,548.955,2831
195.346,348.745,2832
763.490,571.672,2833
74.633,519.952,2834
491.594,13.396,2835
390.923,618.343,2836
457.727,47.081,2837
84.080,698.245,2838
913.616,178.412,2839
852.667,714.982,2840
249.396,940.850,2841
507.345,371.468,2842
733.656,460.572,2843
785.148,250.877,2844
394.694,754.810,2845
511.520,22.633,2846
644.816,852.749,2847
590.203,906.546,2848
422.055,782.650,2849
40.937,352.967,2850
791.617,706.129,2851
485.668,862.533,2852
203.934,587.347,2853
33.883,128.041,2854
428.009,135.931,2855
331.154,999.000,2856
481.584,44.127,2857
586.681,304.755,2858
343.513,612.764,2859
509.709,113.488,2860
708.687,880.793,2861
19.595,992.851,2862
73.932,964.950,2863
322.293,858.686,2864
902.387,658.134,2865
168.822,36.015,2866
155.066,264.328,2867
792.873,989.525,2868
284.286,485.881,2869
796.713,175.734,2870
364.785,133.420,2871
773.673,1.072,2872
346.282,876.186,2873
272.469,580.190,2874
544.584,493.672,2875
539.018,977.691,2876
162.533,605.221,2877
362.703,183.871,2878
250.406,368.996,2879
221.581,645.383,2880
327.859,832.359,2881
160.207,516.567,2882
593.757,334.702,2883
429.839,650.254,2884
419.198,311.369,2885
917.988,42.579,2886
456.023,29.809,2887
116.927,246.668,2888
42.599,532.830,2889
345.541,892.061,2890
218.038,718.625,2891
561.415,219.773,2892
579.100,353.396,2893
332.902,742.337,2894
750.157,435.944,2895
181.093,561.975,2896
308.610,399.474,2897
290.657,259.923,2898
152.331,14.711,2899
349.437,546.201,2900
749.730,716.968,2901
266.235,531.885,2902
109.834,402.407,2903
94.572,143.820,2904
214.659,826.732,2905
130.711,976.049,2906
962.187,503.475,2907
704.775,296.670,2908
172.962,946.740,2909
608.812,589.054,2910
242.189,212.430,2911
818.403,586.384,2912
831.018,329.425,2913
395.359,819.675,2914
814.629,388.345,2915
515.295,199.775,2916
381.884,730.128,2917
444.433,198.266,2918
404.441,544.535,2919
977.786,907.804,2920
183.634,14.380,2921
81.149,879.776,2922
282.319,956.129,2923
8.916,306.624,2924
121.257,917.521,2925
164.193,906.087,2926
20.836,424.636,2927
841.744,600.215,2928
186.676,365.732,2929
250.355,156.220,2930
156.836,817.935,2931
43.998,90.129,2932
363.566,526.483,2933
221.464,373.103,2934
226.070,385.816,2935
696.104,984.511,2936
194.587,380.282,2937
954.239,802.680,2938
9.753,711.159,2939
974.686,274.788,2940
980.912,605.163,2941
877.354,764.641,2942
760.912,421.025,2943
994.241,939.655,2944
181.645,184.856,2945
242.386,731.531,2946
356.869,211.429,2947
196.972,10.320,2948
973.955,840.908,2949
781.174,146.132,2950
812.441,982.714,2951
304.363,316.015,2952
493.018,990.702,2953
36.025,155.820,2954
7.829,620.668,2955
1.052,716.172,2956
551.975,69.753,2957
479.076,944.950,2958
605.512,460.691,2959
65.731,641.842,2960
759.405,616.457,2961
713.134,532.475,2962
924.215,318.848,2963
930.427,670.187,2964
649.542,120.189,2965
548.017,204.777,2966
209.999,952.157,2967
0.108,501.153,2968
200.741,699.261,2969
129.654,437.264,2970
466.195,647.353,2971
329.605,427.453,2972
970.098,951.933,2973
846.007,986.698,2974
421.382,499.530,2975
934.160,751.071,2976
486.033,605.231,2977
588.037,8.178,2978
631.574,197.050,2979
4.918,854.535,2980
134.896,394.413,2981
930.046,869.806,2982
855.269,198.838,2983
479.960,878.317,2984
323.176,352.383,2985
633.939,724.346,2986
528.032,482.763,2987
158.532,358.233,2988
521.740,217.211,2989
700.835,251.220,2990
76.189,609.923,2991
924.488,316.094,2992
25.621,732.611,2993
905.401,966.906,2994
390.581,319.069,2995
268.116,843.111,2996
515.061,326.131,2997
769.735,917.989,2998
437.044,17.240,2999
189.847,909.697,3000
343.194,642.307,3001
603.641,630.864,3002
54.512,908.005,3003
668.929,260.549,3004
569.615,812.946,3005
768.190,434.374,3006
690.021,776.390,3007
925.064,320.154,3008
254.652,125.768,3009
450.605,417.598,3010
443.282,566.783,3011
793.790,795.617,3012
66.450,676.367,3013
996.585,788.093,3014
371.321,764.708,3015
365.158,936.886,3016
606.457,166.633,3017
786.691,675.268,3018
336.968,705.854,3019
162.363,934.331,3020
590.931,100.567,3021
194.130,986.776,3022
444.128,310.323,3023
526.109,265.770,3024
711.609,66.093,3025
687.715,867.390,3026
18.869,21.383,3027
699.582,202.185,3028
414.821,918.469,3029
967.995,805.467,3030
620.420,881.968,3031
594.533,996.898,3032
290.711,957.729,3033
169.271,427.208,3034
138.538,512.160,3035
387.117,75.967,3036
455.328,795.357,3037
784.215,91.322,3038
534.329,810.706,3039
566.031,884.849,3040
141.581,984.663,3041
768.662,286.265,3042
658.405,396.440,3043
4.861,358.717,3044
446.402,276.104,3045
345.958,89.180,3046
201.860,296.212,3047
12.107,599.346,3048
694.128,451.615,3049
588.159,985.033,3050
625.465,475.522,3051
829.433,182.911,3052
671.399,888.973,3053
443.350,188.519,3054
3.068,725.855,3055
767.482,368.618,3056
569.738,446.714,3057
573.630,57.065,3058
494.058,161.605,3059
174.885,923.687,3060
302.400,502.386,3061
333.739,719.214,3062
631.025,541.142,3063
995.107,736.170,3064
292.317,250.843,3065
421.250,377.021,3066
58.152,81.176,3067
808.021,368.730,3068
56.721,176.357,3069
445.206,995.012,3070
36.349,109.940,3071
310.249,574.894,3072
586.074,511.607,3073
647.700,539.505,3074
124.638,617.738,3075
603.962,971.307,3076
477.325,993.831,3077
867.832,647.402,3078
847.570,871.381,3079
988.176,515.037,3080
103.662,772.635,3081
751.613,760.371,3082
804.615,362.809,3083
57.768,159.805,3084
706.496,838.300,3085
542.776,985.140,3086
609.744,943.120,3087
678.759,787.685,3088
184.522,419.798,3089
293.860,702.408,3090
882.933,875.025,3091
468.084,9.171,3092
744.336,79.183,3093
980.025,123.360,3094
269.795,849.382,3095
154.839,984.603,3096
716.645,384.500,3097
827.687,136.846,3098
120.539,936.434,3099
187.391,371.682,3100
557.369,682.849,3101
691.110,536.161,3102
287.962,43.118,3103
991.207,978.465,3104
287.271,760.769,3105
723.168,260.641,3106
673.057,495.048,3107
499.816,521.003,3108
908.771,922.803,3109
808.060,10.500,3110
919.027,839.611,3111
859.405,986.157,3112
785.590,79.919,3113
681.573,649.792,3114
20.407,810.716,3115
967.253,602.891,3116
352.928,58.752,3117
953.253,417.228,3118
404.749,938.282,3119
854.989,159.664,3120
540.985,717.137,3121
657.636,852.467,3122
313.550,120.354,3123
707.103,668.305,3124
75.435,450.191,3125
392.360,809.675,3126
542.310,508.168,3127
849.849,717.540,3128
138.995,470.110,3129
849.530,732.520,3130
812.394,123.855,3131
787.755,588.832,3132
497.303,787.401,3133
680.542,731.002,3134
678.683,369.564,3135
796.118,835.228,3136
370.479,415.784,3137
27.925,173.854,3138
40.410,65.173,3139
885.640,721.055,3140
48.718,390.032,3141
343.778,691.376,3142
638.320,288.628,3143
536.849,184.561,3144
570.693,802.715,3145
336.801,173.871,3146
231.849,771.817,3147
171.892,218.496,3148
835.078,806.605,3149
1.485,699.957,3150
492.255,518.466,3151
845.889,161.973,3152
881.070,479.676,3153
994.367,357.097,3154
546.662,575.128,3155
582.425,989.402,3156
393.459,146.483,3157
929.239,415.872,3158
906.814,379.555,3159
465.637,568.595,3160
792.391,169.024,3161
188.541,241.025,3162
64.316,219.534,3163
50.526,340.097,3164
194.039,284.709,3165
31.094,881.194,3166
534.079,820.345,3167
461.224,698.322,3168
811.338,274.177,3169
187.956,419.998,3170
959.116,69.574,3171
953.260,189.979,3172
550.393,496.909,3173
69.483,612.425,3174
662.167,792.225,3175
88.429,29.733,3176
404.739,338.608,3177
302.858,113.283,3178
977.389,0.110,3179
607.829,485.795,3180
169.338,739.300,3181
828.945,570.591,3182
821.795,492.183,3183
56.103,357.678,3184
537.723,392.616,3185
306.160,289.865,3186
102.223,684.503,3187
308.391,200.455,3188
306.274,179.300,3189
913.799,357.116,3190
276.224,574.716,3191
342.913,450.084,3192
165.706,713.409,3193
734.335,589.357,3194
410.872,785.286,3195
325.840,119.702,3196
158.541,776.021,3197
342.072,944.785,3198
113.937,750.178,3199
380.199,96.085,3200
260.753,769.835,3201
316.036,854.641,3202
380.414,611.835,3203
169.450,919.847,3204
525.606,602.219,3205
606.223,978.268,3206
190.383,925.811,3207
855.459,979.382,3208
176.971,356.515,3209
140.603,717.026,3210
811.495,282.350,3211
909.546,360.714,3212
140.467,604.199,3213
603.331,342.052,3214
431.837,235.904,3215
872.837,377.159,3216
424.284,223.834,3217
187.196,651.117,3218
369.244,974.172,3219
768.879,195.322,3220
489.415,860.534,3221
46.392,698.919,3222
362.455,752.103,3223
984.990,790.122,3224
83.177,477.407,3225
97.143,559.505,3226
386.421,752.640,3227
772.647,602.004,3228
979.658,985.284,3229
465.556,984.128,3230
474.172,439.528,3231
580.365,177.184,3232
199.956,982.543,3233
695.520,872.254,3234
719.372,353.756,3235
983.866,606.612,3236
428.240,587.996,3237
670.998,636.264,3238
600.035,809.133,3239
836.888,645.707,3240
905.548,319.685,3241
333.270,272.121,3242
286.290,586.243,3243
212.549,438.927,3244
715.298,303.721,3245
68.791,321.380,3246
739.897,716.135,3247
414.687,357.479,3248
303.712,346.940,3249
635.985,55.848,3250
704.345,350.363,3251
174.171,849.630,3252
588.634,226.290,3253
149.934,40.974,3254
788.497,986.151,3255
733.473,247.303,3256
206.603,730.998,3257
102.119,489.937,3258
454.540,335.223,3259
217.358,94.343,3260
803.252,752.943,3261
21.399,873.812,3262
841.913,394.173,3263
312.181,405.334,3264
530.741,546.511,3265
815.372,642.535,3266
776.463,767.724,3267
213.182,992.379,3268
488.263,667.707,3269
405.559,580.978,3270
779.976,870.155,3271
518.665,813.611,3272
604.999,433.438,3273
865.716,915.775,3274
981.359,212.025,3275
367.617,689.676,3276
772.345,36.573,3277
531.092,943.888,3278
929.369,390.762,3279
548.440,304.930,3280
116.367,181.816,3281
16.492,972.694,3282
932.861,95.392,3283
310.486,749.016,3284
842.387,523.543,3285
590.663,432.098,3286
628.058,143.877,3287
211.912,707.494,3288
196.164,996.086,3289
333.860,119.807,3290
600.372,929.485,3291
655.689,681.770,3292
375.815,415.618,3293
975.094,811.688,3294
566.345,494.535,3295
899.663,66.679,3296
718.557,85.991,3297
251.551,34.212,3298
644.511,211.333,3299
679.796,400.275,3300
693.495,955.011,3301
781.236,643.436,3302
331.638,145.211,3303
392.231,573.615,3304
299.716,967.807,3305
886.469,244.889,3306
733.453,181.043,3307
677.702,355.332,3308
80.588,422.377,3309
622.233,373.988,3310
92.252,74.292,3311
860.805,66.183,3312
514.488,387.635,3313
25.418,53.655,3314
231.360,106.846,3315
384.894,98.919,3316
240.157,589.594,3317
268.586,944.819,3318
594.060,27.269,3319
48.356,569.346,3320
812.331,121.080,3321
653.278,654.250,3322
426.432,687.202,3323
568.219,18.711,3324
201.813,185.938,3325
162.417,104.964,3326
879.304,399.793,3327
235.089,892.448,3328
227.629,45.745,3329
24.915,871.141,3330
841.376,267.356,3331
807.294,154.410,3332
322.716,728.956,3333
935.714,655.279,3334
960.994,160.700,3335
948.034,305.807,3336
347.787,129.597,3337
959.915,457.408,3338
423.788,890.203,3339
83.065,308.596,3340
723.292,669.561,3341
453.769,807.864,3342
507.243,195.731,3343
0.983,686.504,3344
669.194,167.320,3345
452.129,173.630,3346
17.020,163.312,3347
930.789,787.199,3348
858.382,465.702,3349
161.517,162.833,3350
466.265,246.764,3351
428.021,719.020,3352
101.285,739.971,3353
533.380,100.037,3354
391.213,943.951,3355
519.337,450.608,3356
800.856,168.486,3357
538.488,687.742,3358
613.719,109.790,3359
24.980,308.421,3360
26.207,667.130,3361
55.239,330.838,3362
474.847,25.521,3363
135.116,375.433,3364
287.871,40.977,3365
97.908,69.955,3366
131.023,367.010,3367
172.306,553.457,3368
721.476,686.061,3369
683.513,767.322,3370
878.177,876.972,3371
741.655,14.577,3372
926.523,823.474,3373
197.336,5.317,3374
811.867,121.488,3375
615.084,267.034,3376
962.343,491.606,3377
603.700,626.139,3378
867.029,598.262,3379
757.207,476.540,3380
458.213,572.861,3381
693.526,596.263,3382
543.360,802.749,3383
15.596,407.520,3384
408.562,549.221,3385
539.550,26.022,3386
414.848,14.161,3387
588.381,22.747,3388
503.924,738.927,3389
587.054,632.793,3390
469.398,252.857,3391
11.644,508.925,3392
4.172,760.633,3393
102.888,178.392,3394
490.154,8.510,3395
826.129,404.862,3396
343.481,77.514,3397
401.617,993.996,3398
309.031,511.680,3399
688.159,98.806,3400
50.021,726.777,3401
182.267,359.819,3402
472.872,524.144,3403
797.567,504.662,3404
541.685,170.239,3405
783.120,846.236,3406
473.880,838.106,3407
135.418,811.892,3408
800.195,422.685,3409
160.631,261.279,3410
285.788,69.404,3411
68.894,583.225,3412
879.914,187.708,3413
613.385,501.403,3414
865.500,473.241,3415
143.124,111.381,3416
411.596,371.203,3417
793.341,351.118,3418
212.045,931.232,3419
698.561,63.245,3420
144.817,208.429,3421
693.998,202.131,3422
523.507,473.802,3423
393.872,336.447,3424
828.863,245.450,3425
357.731,559.935,3426
812.085,717.415,3427
523.840,215.834,3428
269.008,690.176,3429
181.724,100.338,3430
403.419,788.337,3431
110.558,487.137,3432
705.472,866.521,3433
272.239,257.343,3434
866.743,603.072,3435
363.953,278.665,3436
975.659,791.373,3437
603.353,118.298,3438
386.198,101.966,3439
474.765,431.704,3440
184.003,145.426,3441
966.613,762.095,3442
668.824,401.777,3443
480.625,474.466,3444
173.066,104.440,3445
867.886,794.854,3446
752.573,532.575,3447
640.392,869.136,3448
347.170,797.555,3449
781.491,219.482,3450
304.818,220.605,3451
569.372,665.346,3452
588.373,77.945,3453
290.076,898.967,3454
920.142,7.289,3455
451.210,289.366,3456
680.205,55.585,3457
946.616,910.513,3458
560.694,450.709,3459
354.653,461.800,3460
877.176,382.235,3461
305.844,820.438,3462
375.072,900.659,3463
164.855,513.259,3464
854.652,374.443,3465
284.965,229.624,3466
474.871,423.675,3467
849.310,386.650,3468
587.448,565.652,3469
14.513,629.935,3470
423.766,794.741,3471
546.050,181.803,3472
553.333,183.355,3473
614.829,353.789,3474
709.938,117.885,3475
659.515,447.506,3476
68.663,502.891,3477
977.119,682.863,3478
71.512,256.852,3479
5.110,926.331,3480
921.327,224.591,3481
918.776,465.964,3482
863.827,499.163,3483
54.097,841.524,3484
579.317,320.622,3485
891.456,413.186,3486
159.049,101.219,3487
819.315,543.470,3488
784.388,561.754,3489
431.277,231.287,3490
919.035,538.944,3491
61.386,813.105,3492
149.926,909.549,3493
361.253,640.341,3494
664.256,642.911,3495
779.024,569.414,3496
259.742,653.344,3497
247.146,18.541,3498
378.631,799.689,3499
0.389,973.131,3500
203.725,960.721,3501
580.948,994.127,3502
231.705,70.186,3503
595.348,351.501,3504
115.944,690.432,3505
886.102,287.040,3506
909.046,402.393,3507
725.736,940.833,3508
17.984,519.475,3509
567.628,73.444,3510
729.394,998.823,3511
651.499,510.841,3512
301.311,401.582,3513
169.281,286.645,3514
734.598,783.193,3515
154.587,950.089,3516
977.687,133.816,3517
724.830,790.957,3518
188.813,93.621,3519
36.766,852.173,3520
606.856,847.662,3521
421.551,79.699,3522
145.340,304.152,3523
121.157,483.722,3524
425.431,861.724,3525
793.398,896.392,3526
530.864,828.731,3527
213.437,575.584,3528
249.022,990.906,3529
845.753,943.905,3530
705.973,851.199,3531
167.981,778.534,3532
954.816,689.312,3533
68.137,972.979,3534
352.975,84.804,3535
123.391,293.700,3536
636.925,357.326,3537
612.578,770.161,3538
405.860,229.150,3539
550.200,413.543,3540
470.050,291.299,3541
63.897,295.137,3542
403.485,489.476,3543
992.260,715.544,3544
34.797,112.440,3545
782.582,86.099,3546
126.374,908.119,3547
212.373,823.486,3548
330.789,727.792,3549
211.734,130.776,3550
268.993,502.465,3551
242.333,883.409,3552
102.296,653.561,3553
823.881,78.390,3554
668.209,452.154,3555
373.087,758.352,3556
462.455,17.649,3557
872.867,883.408,3558
502.098,284.493,3559
254.034,66.535,3560
905.132,740.854,3561
482.155,200.590,3562
374.468,948.639,3563
878.775,975.991,3564
890.368,192.526,3565
496.203,347.520,3566
641.249,27.211,3567
463.075,339.887,3568
836.513,794.654,3569
340.674,516.361,3570
729.661,560.574,3571
340.798,662.063,3572
117.460,648.736,3573
485.142,544.167,3574
974.532,336.541,3575
173.014,111.969,3576
836.126,490.602,3577
290.434,493.365,3578
624.143,193.664,3579
950.265,157.353,3580
351.860,940.092,3581
851.595,355.682,3582
607.210,159.065,3583
508.085,151.398,3584
620.848,917.677,3585
652.604,300.685,3586
798.745,212.035,3587
582.791,264.398,3588
119.983,50.792,3589
651.403,485.858,3590
161.523,147.390,3591
315.356,559.325,3592
529.526,232.874,3593
672.573,80.953,3594
58.088,631.676,3595
537.439,222.625,3596
620.041,275.423,3597
598.658,547.205,3598
0.848,254.742,3599
823.971,673.169,3600
991.400,711.849,3601
975.078,718.934,3602
7.507,412.026,3603
604.195,985.037,3604
152.491,69.306,3605
701.036,116.269,3606
104.329,300.376,3607
989.588,391.106,3608
383.108,621.991,3609
854.259,732.290,3610
409.627,502.862,3611
82.740,109.400,3612
981.739,137.388,3613
130.492,651.407,3614
600.607,841.519,3615
699.184,2.138,3616
442.506,278.029,3617
227.251,146.562,3618
245.931,153.922,3619
784.501,884.938,3620
785.394,923.994,3621
660.820,328.851,3622
676.208,266.590,3623
183.131,9.751,3624
731.602,475.105,3625
267.684,516.433,3626
72.824,191.612,3627
170.837,61.394,3628
389.328,383.916,3629
584.189,655.015,3630
324.401,100.549,3631
639.732,363.406,3632
68.306,241.236,3633
383.520,781.444,3634
683.238,646.947,3635
78.486,703.860,3636
799.346,146.385,3637
346.837,662.538,3638
270.571,449.778,3639
85.138,998.740,3640
787.184,289.939,3641
197.992,356.014,3642
677.117,608.079,3643
229.925,986.973,3644
991.200,591.414,3645
653.277,731.201,3646
72.920,105.411,3647
788.267,517.818,3648
822.139,378.959,3649
791.334,780.961,3650
331.742,327.425,3651
207.045,251.146,3652
972.317,797.029,3653
861.529,743.240,3654
632.496,748.886,3655
149.667,890.319,3656
802.270,960.677,3657
292.514,111.277,3658
129.074,32.934,3659
413.756,981.146,3660
6.721,561.811,3661
852.459,38.124,3662
395.651,23.006,3663
565.451,440.023,3664
685.142,270.216,3665
742.326,757.557,3666
427.844,375.921,3667
709.945,6.591,3668
416.839,808.029,3669
127.200,309.719,3670
76.616,431.404,3671
735.596,608.806,3672
28.762,7.108,3673
54.916,270.979,3674
706.224,372.668,3675
428.478,486.117,3676
911.745,688.585,3677
633.064,809.607,3678
455.369,487.678,3679
128.317,900.571,3680
98.920,208.635,3681
700.533,958.429,3682
570.097,212.132,3683
979.973,416.432,3684
139.940,488.074,3685
700.841,79.210,3686
35.223,73.281,3687
625.261,284.569,3688
113.030,760.225,3689
366.903,441.593,3690
167.298,911.472,3691
929.408,542.910,3692
147.201,27.359,3693
160.947,698.096,3694
883.260,227.630,3695
227.970,289.340,3696
922.647,438.664,3697
791.526,43.307,3698
561.531,107.028,3699
359.145,704.974,3700
657.386,860.577,3701
241.895,592.019,3702
42.261,308.428,3703
450.296,232.767,3704
228.073,347.453,3705
287.647,162.778,3706
228.551,84.743,3707
22.592,592.495,3708
570.958,38.948,3709
792.341,823.220,3710
466.547,312.595,3711
638.462,898.171,3712
357.104,146.057,3713
753.909,136.411,3714
43.631,739.652,3715
827.626,90.873,3716
450.890,994.342,3717
797.670,909.596,3718
156.047,592.675,3719
466.483,984.630,3720
275.795,951.330,3721
708.735,909.620,3722
398.664,447.936,3723
242.250,9.243,3724
826.430,459.194,3725
581.159,322.487,3726
31.433,243.365,3727
668.350,564.381,3728
134.225,319.591,3729
992.373,711.029,3730
129.041,899.253,3731
972.581,17.653,3732
899.832,3.125,3733
979.692,999.000,3734
587.293,164.875,3735
639.659,524.578,3736
217.480,215.469,3737
384.861,483.899,3738
327.327,231.834,3739
847.830,838.734,3740
919.220,457.497,3741
188.665,172.417,3742
388.589,835.859,3743
871.568,200.497,3744
969.183,431.086,3745
148.016,255.360,3746
236.083,889.372,3747
623.648,387.743,3748
730.842,256.802,3749
192.071,452.175,3750
622.420,798.346,3751
140.667,4.738,3752
735.669,143.999,3753
288.942,455.090,3754
19.179,753.981,3755
374.319,51.505,3756
479.408,755.615,3757
825.920,303.115,3758
834.959,492.759,3759
889.123,205.513,3760
327.381,712.194,3761
671.165,133.054,3762
551.232,923.532,3763
718.158,128.561,3764
397.410,234.009,3765
17.303,505.906,3766
166.179,302.208,3767
95.093,965.407,3768
518.155,856.411,3769
859.503,974.685,3770
524.080,612.500,3771
313.603,904.704,3772
175.759,193.147,3773
811.767,802.427,3774
953.084,895.403,3775
427.095,908.129,3776
231.390,820.905,3777
406.833,174.396,3778
518.510,497.964,3779
435.248,543.114,3780
114.850,844.759,3781
133.801,11.173,3782
408.060,379.543,3783
407.936,229.982,3784
977.851,367.886,3785
79.610,825.520,3786
138.823,334.349,3787
513.481,525.489,3788
151.016,821.944,3789
24.554,395.301,3790
273.277,169.592,3791
160.310,408.754,3792
31.038,718.044,3793
178.876,197.351,3794
430.874,305.221,3795
621.798,523.625,3796
763.762,225.013,3797
414.391,389.107,3798
274.201,341.327,3799
674.081,91.513,3800
3.303,61.650,3801
735.834,246.020,3802
997.948,611.022,3803
976.806,961.864,3804
92.673,665.801,3805
786.336,867.695,3806
1.589,553.542,3807
740.122,382.054,3808
347.052,351.050,3809
451.139,333.025,3810
335.815,752.094,3811
704.186,505.243,3812
694.909,401.988,3813
423.399,325.642,3814
56.184,674.472,3815
814.817,486.141,3816
90.059,708.568,3817
468.274,254.736,3818
620.417,631.337,3819
709.472,566.064,3820
678.722,192.498,3821
435.801,483.793,3822
131.699,532.731,3823
21.645,561.440,3824
890.723,305.029,3825
817.668,719.562,3826
471.616,713.993,3827
314.635,283.224,3828
98.710,234.703,3829
324.477,679.837,3830
693.951,261.119,3831
337.006,584.905,3832
424.884,597.828,3833
851.445,362.147,3834
377.525,205.966,3835
695.689,504.237,3836
918.587,188.791,3837
609.512,385.853,3838
586.051,525.006,3839
292.069,589.301,3840
223.883,884.091,3841
324.027,695.767,3842
709.369,121.933,3843
784.871,750.517,3844
656.625,928.737,3845
669.588,900.169,3846
65.351,448.495,3847
665.308,575.087,3848
963.420,916.755,3849
571.712,778.283,3850
5.103,727.585,3851
454.587,298.292,3852
977.266,712.523,3853
332.084,9.467,3854
477.999,264.561,3855
855.870,267.254,3856
624.649,251.853,3857
732.662,849.023,3858
154.751,995.725,3859
343.472,325.662,3860
814.141,27.737,3861
3.131,84.957,3862
534.331,510.514,3863
210.567,415.390,3864
44.926,539.475,3865
220.104,882.949,3866
228.476,287.680,3867
612.794,905.462,3868
648.876,875.752,3869
821.169,531.960,3870
864.402,39.129,3871
807.033,263.965,3872
461.889,972.718,3873
668.024,967.646,3874
9.563,726.649,3875
59.308,914.415,3876
580.698,159.469,3877
780.922,610.777,3878
389.271,60.515,3879
860.978,633.396,3880
747.686,871.984,3881
422.993,523.696,3882
807.150,661.933,3883
190.114,98.419,3884
806.487,533.364,3885
28.602,772.197,3886
939.263,153.378,3887
744.082,268.065,3888
269.673,653.063,3889
606.761,294.582,3890
817.016,236.326,3891
490.845,980.493,3892
178.141,839.420,3893
5.719,38.345,3894
11.795,413.719,3895
592.124,592.594,3896
394.253,757.632,3897
910.285,495.671,3898
979.381,645.560,3899
636.917,688.224,3900
321.334,676.170,3901
513.569,875.477,3902
861.362,79.318,3903
951.184,597.311,3904
708.017,167.120,3905
999.000,628.055,3906
200.544,932.737,3907
365.745,558.084,3908
952.069,202.727,3909
276.559,999.000,3910
993.803,176.465,3911
739.915,548.206,3912
979.182,886.973,3913
966.803,57.797,3914
105.003,647.006,3915
512.917,431.672,3916
757.261,968.263,3917
803.711,718.511,3918
11.738,822.928,3919
949.424,902.907,3920
987.997,983.896,3921
681.885,683.682,3922
470.254,632.319,3923
754.506,413.666,3924
920.453,377.658,3925
468.542,584.829,3926
110.411,90.230,3927
212.086,390.104,3928
685.893,985.078,3929
309.284,398.125,3930
998.747,199.081,3931
341.982,483.269,3932
770.672,544.098,3933
262.511,385.738,3934
406.693,177.445,3935
873.752,903.163,3936
168.348,399.769,3937
522.422,308.751,3938
34.408,39.573,3939
387.273,304.558,3940
708.531,228.873,3941
855.722,328.887,3942
48.698,699.993,3943
284.591,179.034,3944
371.864,211.771,3945
629.902,970.196,3946
257.751,790.994,3947
443.825,927.612,3948
767.980,245.936,3949
75.108,198.165,3950
807.616,336.945,3951
171.450,206.758,3952
102.462,788.155,3953
430.233,519.885,3954
377.689,946.943,3955
507.443,882.995,3956
971.570,387.128,3957
87.501,253.174,3958
846.504,383.864,3959
884.854,379.905,3960
577.916,482.996,3961
321.178,208.715,3962
988.579,496.445,3963
38.935,934.330,3964
698.014,497.988,3965
493.185,732.444,3966
293.948,117.969,3967
699.862,660.405,3968
17.204,362.977,3969
970.726,789.615,3970
697.471,91.309,3971
551.004,116.811,3972
114.610,66.996,3973
384.871,979.590,3974
117.245,968.131,3975
431.969,757.780,3976
330.607,866.650,3977
609.902,489.548,3978
793.747,391.788,3979
993.811,394.940,3980
886.142,148.745,3981
477.311,702.694,3982
736.364,529.223,3983
441.404,620.639,3984
5.418,233.597,3985
890.957,853.313,3986
491.276,778.159,3987
408.626,983.623,3988
927.354,779.352,3989
821.322,413.110,3990
58.908,244.664,3991
319.994,0.338,3992
671.963,533.338,3993
905.173,960.826,3994
155.763,529.184,3995
36.136,530.738,3996
362.458,869.769,3997
168.275,664.268,3998
678.551,616.542,3999
600.917,402.327,4000
616.893,968.886,4001
534.005,21.849,4002
257.368,707.611,4003
744.221,682.358,4004
151.650,514.500,4005
478.610,648.729,4006
963.473,252.348,4007
355.497,945.581,4008
865.111,582.259,4009
362.512,389.663,4010
956.808,937.961,4011
932.190,278.456,4012
935.125,583.044,4013
876.388,777.416,4014
420.136,583.440,4015
390.697,257.686,4016
710.730,914.594,4017
572.294,640.666,4018
221.417,61.279,4019
540.624,288.539,4020
943.688,516.012,4021
781.373,807.648,4022
964.032,437.701,4023
633.059,801.283,4024
488.052,866.759,4025
653.598,591.714,4026
599.266,474.957,4027
142.641,360.440,4028
882.620,18.153,4029
565.006,841.260,4030
815.059,736.645,4031
736.480,994.260,4032
649.080,64.482,4033
841.299,815.263,4034
678.878,79.390,4035
671.167,274.002,4036
403.536,639.696,4037
397.984,698.064,4038
76.759,377.430,4039
336.262,589.051,4040
177.989,532.361,4041
972.312,92.969,4042
990.452,969.769,4043
333.788,860.201,4044
605.653,974.030,4045
372.400,504.784,4046
120.470,758.216,4047
178.688,472.756,4048
629.502,817.796,4049
636.895,139.836,4050
974.606,97.560,4051
166.890,909.194,4052
456.257,922.822,4053
775.192,397.195,4054
313.102,224.640,4055
696.257,761.567,4056
135.254,702.000,4057
547.468,876.904,4058
582.935,282.654,4059
964.537,610.570,4060
800.223,856.625,4061
16.658,297.710,4062
880.511,616.949,4063
429.115,896.947,4064
168.739,80.000,4065
538.867,566.453,4066
519.181,535.102,4067
700.472,485.889,4068
419.766,329.666,4069
110.319,333.152,4070
543.426,856.590,4071
641.005,478.766,4072
698.754,334.383,4073
884.855,952.317,4074
160.209,946.761,4075
918.485,256.973,4076
974.827,684.740,4077
193.086,916.533,4078
842.786,138.537,4079
356.521,339.275,4080
219.391,664.984,4081
741.542,171.089,4082
49.485,679.673,4083
805.121,293.975,4084
944.340,696.825,4085
369.193,550.296,4086
854.189,818.404,4087
170.814,488.411,4088
397.882,374.631,4089
966.284,781.200,4090
431.974,595.318,4091
392.584,826.995,4092
233.548,726.185,4093
856.191,116.227,4094
985.777,910.643,4095
752.345,712.999,4096
232.990,400.184,4097
356.000,320.042,4098
799.033,930.389,4099
564.132,843.027,4100
535.671,17.950,4101
153.224,464.576,4102
488.056,878.882,4103
943.275,497.574,4104
955.978,819.179,4105
459.376,923.234,4106
874.721,706.995,4107
668.035,215.842,4108
576.734,68.715,4109
117.404,216.329,4110
779.364,724.730,4111
236.691,435.613,4112
106.637,133.219,4113
599.979,824.979,4114
565.435,912.536,4115
270.173,891.437,4116
91.182,35.233,4117
853.820,191.023,4118
712.638,753.234,4119
915.575,446.827,4120
902.678,824.139,4121
253.329,685.543,4122
412.067,921.269,4123
561.013,859.038,4124
798.094,359.563,4125
785.313,695.469,4126
892.491,14.437,4127
677.106,828.426,4128
296.131,724.816,4129
678.087,189.595,4130
885.079,930.374,4131
303.248,215.089,4132
583.165,845.902,4133
228.122,430.743,4134
890.947,431.503,4135
488.837,190.270,4136
524.552,523.690,4137
572.087,9.387,4138
777.819,244.753,4139
49.342,245.281,4140
359.920,298.511,4141
475.208,655.463,4142
457.001,332.082,4143
844.918,65.454,4144
33.220,759.238,4145
956.290,174.851,4146
365.983,528.833,4147
419.762,463.272,4148
798.189,706.778,4149
708.186,550.083,4150
557.254,437.624,4151
931.880,234.619,4152
803.987,992.033,4153
929.817,122.197,4154
147.136,76.706,4155
62.524,451.245,4156
57.891,931.066,4157
357.341,321.986,4158
908.915,914.411,4159
859.257,120.981,4160
447.664,12.868,4161
802.175,367.220,4162
711.499,703.793,4163
466.177,942.373,4164
30.133,991.654,4165
45.381,278.723,4166
537.799,534.870,4167
823.496,531.347,4168
458.565,733.564,4169
674.146,242.544,4170
136.262,462.525,4171
693.105,835.133,4172
213.858,544.502,4173
925.226,329.507,4174
119.595,853.502,4175
661.905,541.442,4176
256.236,692.804,4177
575.392,974.908,4178
533.683,104.568,4179
76.646,38.199,4180
136.061,894.599,4181
545.068,561.488,4182
249.030,308.271,4183
406.427,428.928,4184
641.417,705.334,4185
340.081,442.853,4186
87.655,845.613,4187
55.151,145.708,4188
284.557,420.002,4189
553.260,474.961,4190
592.725,789.522,4191
242.802,195.144,4192
873.589,781.948,4193
710.732,709.261,4194
920.027,854.407,4195
435.456,302.169,4196
43.886,701.989,4197
386.081,567.065,4198
216.383,959.839,4199
596.814,138.155,4200
353.781,530.856,4201
123.405,890.706,4202
98.623,677.472,4203
183.933,167.885,4204
302.487,667.430,4205
431.303,969.470,4206
472.090,650.534,4207
923.696,404.712,4208
285.856,740.745,4209
365.464,229.423,4210
607.562,90.504,4211
639.388,587.818,4212
562.941,450.577,4213
320.370,653.957,4214
785.137,645.768,4215
882.894,830.938,4216
810.005,317.884,4217
363.044,688.492,4218
5.265,669.765,4219
914.514,647.566,4220
381.764,317.773,4221
436.092,423.705,4222
163.491,676.603,4223
541.669,481.948,4224
152.898,451.224,4225
957.205,484.380,4226
594.735,30.634,4227
722.141,600.411,4228
70.514,977.308,4229
64.373,762.375,4230
980.775,352.375,4231
145.744,422.498,4232
762.460,120.936,4233
110.962,312.244,4234
884.996,969.343,4235
787.096,854.028,4236
847.262,521.970,4237
786.479,102.715,4238
906.802,771.585,4239
600.643,978.060,4240
878.583,914.205,4241
471.419,909.494,4242
759.458,94.722,4243
473.071,589.759,4244
160.528,808.598,4245
222.639,143.101,4246
569.453,679.220,4247
701.861,442.367,4248
460.406,724.713,4249
285.935,200.485,4250
822.532,959.293,4251
59.258,345.373,4252
522.876,76.710,4253
560.960,453.785,4254
226.648,880.764,4255
669.528,481.697,4256
193.440,20.535,4257
855.157,874.201,4258
515.943,559.110,4259
931.053,833.095,4260
220.664,977.865,4261
745.711,875.844,4262
256.128,370.388,4263
566.347,557.243,4264
963.776,481.848,4265
988.244,599.519,4266
70.060,126.178,4267
672.435,33.648,4268
831.504,4.611,4269
785.076,392.043,4270
529.946,211.137,4271
951.949,699.522,4272
328.707,566.877,4273
939.579,693.570,4274
874.374,960.788,4275
114.581,252.204,4276
824.070,584.263,4277
817.894,659.130,4278
128.753,204.750,4279
727.732,194.063,4280
725.684,542.241,4281
461.839,900.916,4282
227.288,446.498,4283
450.919,512.866,4284
94.493,812.469,4285
638.831,743.625,4286
227.729,735.384,4287
522.898,609.324,4288
977.548,525.049,4289
59.195,425.115,4290
510.161,833.554,4291
7.965,200.124,4292
249.644,613.192,4293
576.482,73.073,4294
312.125,680.032,4295
192.580,775.173,4296
828.942,560.054,4297
342.575,611.944,4298
50.288,26.122,4299
69.295,26.959,4300
465.032,738.604,4301
799.904,432.699,4302
736.450,342.370,4303
592.974,764.961,4304
242.039,779.747,4305
102.732,698.098,4306
874.901,774.286,4307
348.940,300.598,4308
606.426,863.418,4309
958.323,449.006,4310
145.293,820.537,4311
507.800,90.540,4312
592.367,105.906,4313
867.516,767.087,4314
428.987,241.198,4315
95.940,280.748,4316
443.969,952.351,4317
362.133,955.680,4318
113.592,769.821,4319
90.686,12.896,4320
508.928,285.576,4321
584.828,469.936,4322
516.983,423.401,4323
803.414,553.190,4324
634.120,597.917,4325
187.316,32.167,4326
166.444,79.242,4327
789.523,955.229,4328
981.727,947.473,4329
317.343,56.777,4330
338.815,688.872,4331
126.639,795.754,4332
861.640,814.826,4333
61.230,6.863,4334
227.028,268.142,4335
633.053,611.826,4336
401.795,453.834,4337
575.139,223.680,4338
984.605,430.766,4339
381.214,295.084,4340
869.759,467.176,4341
534.216,876.468,4342
390.842,852.803,4343
609.118,363.406,4344
951.545,146.112,4345
373.064,819.963,4346
589.898,913.394,4347
541.670,130.338,4348
635.114,727.493,4349
700.940,451.078,4350
630.454,103.106,4351
368.205,126.828,4352
920.567,470.923,4353
671.567,466.478,4354
941.539,365.320,4355
298.409,511.590,4356
345.414,471.376,4357
693.692,892.379,4358
397.151,404.977,4359
881.512,280.845,4360
983.398,760.950,4361
264.435,863.055,4362
35.626,764.393,4363
341.073,10.807,4364
999.000,31.548,4365
361.057,796.342,4366
48.054,758.901,4367
985.878,882.759,4368
982.817,60.124,4369
745.099,905.765,4370
336.407,259.056,4371
719.755,846.982,4372
74.423,149.885,4373
586.657,939.613,4374
91.142,347.599,4375
843.350,422.741,4376
167.721,830.603,4377
824.902,483.821,4378
951.007,35.950,4379
992.924,595.763,4380
669.499,753.227,4381
100.901,721.303,4382
367.650,196.409,4383
452.203,301.251,4384
147.437,942.114,4385
55.248,961.500,4386
795.758,155.677,4387
540.679,704.420,4388
540.792,954.112,4389
3.822,635.831,4390
707.574,740.245,4391
396.826,860.867,4392
487.296,396.509,4393
607.271,586.193,4394
356.472,166.566,4395
5.635,262.953,4396
671.813,751.097,4397
904.436,190.942,4398
778.839,763.921,4399
191.092,270.059,4400
186.935,743.967,4401
668.186,578.824,4402
726.042,587.736,4403
637.288,524.629,4404
642.424,834.768,4405
250.669,298.376,4406
497.489,788.869,4407
40.966,617.075,4408
731.114,636.551,4409
427.932,96.532,4410
934.333,273.495,4411
125.413,139.482,4412
979.377,181.852,4413
906.825,103.422,4414
27.160,82.005,4415
466.789,360.176,4416
227.597,337.855,4417
533.397,159.101,4418
913.539,412.108,4419
151.987,254.553,4420
829.811,745.556,4421
636.752,912.466,4422
720.639,434.031,4423
532.927,418.950,4424
576.395,957.701,4425
669.747,310.741,4426
261.337,301.264,4427
123.749,430.109,4428
39.652,637.007,4429
576.663,861.845,4430
886.555,949.684,4431
785.146,978.119,4432
406.482,36.352,4433
553.869,755.082,4434
434.304,391.828,4435
82.301,192.023,4436
62.509,278.029,4437
740.067,131.902,4438
998.293,373.429,4439
197.313,861.928,4440
985.553,875.225,4441
403.229,351.403,4442
818.958,106.027,4443
142.114,231.673,4444
202.451,471.992,4445
851.435,507.919,4446
973.526,361.263,4447
4.904,513.915,4448
397.053,580.440,4449
199.232,353.407,4450
851.052,275.223,4451
764.440,126.425,4452
832.317,740.430,4453
275.643,203.753,4454
697.926,993.100,4455
489.663,934.885,4456
36.108,594.923,4457
628.864,147.054,4458
383.140,531.128,4459
77.602,14.585,4460
889.675,79.354,4461
203.153,405.311,4462
109.745,387.893,4463
366.722,977.986,4464
693.924,466.228,4465
713.776,452.672,4466
151.164,393.378,4467
992.405,851.659,4468
672.486,371.303,4469
412.772,40.885,4470
343.793,453.077,4471
949.024,899.829,4472
289.037,946.617,4473
34.577,30.739,4474
749.784,869.292,4475
748.969,370.822,4476
837.010,536.854,4477
27.322,589.820,4478
682.554,87.938,4479
448.155,542.129,4480
490.665,960.788,4481
712.261,444.525,4482
366.493,569.902,4483
814.601,962.279,4484
995.150,316.921,4485
859.264,267.975,4486
589.111,629.557,4487
448.164,292.822,4488
591.810,600.787,4489
432.614,702.607,4490
472.198,156.379,4491
605.428,452.992,4492
375.598,445.370,4493
768.979,65.454,4494
539.828,322.536,4495
691.997,768.238,4496
167.161,398.549,4497
621.385,353.509,4498
231.586,110.307,4499
322.259,510.479,4500
692.141,694.640,4501
928.939,107.242,4502
898.512,595.643,4503
155.564,269.461,4504
803.874,686.215,4505
201.333,498.576,4506
613.089,848.136,4507
392.365,369.849,4508
852.816,616.658,4509
535.540,490.991,4510
697.042,664.393,4511
285.604,68.019,4512
34.028,278.419,4513
998.624,202.700,4514
453.079,138.936,4515
4.179,658.082,4516
106.466,259.145,4517
38.511,205.895,4518
388.004,250.006,4519
957.720,876.706,4520
883.103,646.661,4521
556.793,663.841,4522
881.256,383.224,4523
568.058,520.004,4524
544.262,62.717,4525
542.132,157.127,4526
607.326,460.524,4527
365.190,876.763,4528
3.398,106.797,4529
373.459,290.583,4530
717.042,561.755,4531
230.236,579.258,4532
388.369,399.630,4533
900.777,270.863,4534
690.743,247.591,4535
312.963,957.548,4536
771.996,856.728,4537
978.106,300.331,4538
123.134,297.173,4539
132.479,718.024,4540
958.441,769.949,4541
746.813,892.828,4542
665.431,325.670,4543
803.029,297.385,4544
158.549,318.427,4545
155.700,728.972,4546
66.976,978.745,4547
644.302,228.982,4548
472.056,904.973,4549
461.671,95.440,4550
50.303,14.897,4551
900.021,777.309,4552
917.256,965.135,4553
676.376,334.381,4554
766.373,25.346,4555
526.174,850.643,4556
944.350,455.714,4557
270.099,746.126,4558
283.134,12.876,4559
131.857,629.584,4560
479.377,857.978,4561
978.947,624.855,4562
310.787,722.132,4563
868.314,953.936,4564
701.892,444.490,4565
12.495,244.948,4566
321.782,558.070,4567
910.585,367.777,4568
287.097,617.424,4569
353.832,180.089,4570
580.636,216.757,4571
967.458,666.601,4572
574.474,893.732,4573
473.604,360.144,4574
124.662,992.380,4575
834.069,756.087,4576
783.720,784.252,4577
321.313,752.054,4578
386.678,518.200,4579
810.630,206.879,4580
248.829,556.166,4581
344.391,992.555,4582
37.044,558.413,4583
336.643,152.563,4584
479.969,235.827,4585
61.508,743.029,4586
571.246,971.441,4587
451.552,21.773,4588
805.820,97.011,4589
651.576,145.161,4590
321.836,784.476,4591
200.117,176.475,4592
984.453,834.062,4593
466.717,895.822,4594
661.252,228.062,4595
901.572,979.200,4596
184.686,900.628,4597
447.794,544.864,4598
41.265,864.388,4599
192.756,513.964,4600
21.626,304.402,4601
843.467,652.869,4602
523.611,547.439,4603
959.885,758.113,4604
439.289,604.666,4605
942.071,891.283,4606
322.839,3.349,4607
564.870,825.630,4608
397.798,518.488,4609
393.018,297.764,4610
253.490,646.312,4611
76.007,379.856,4612
963.985,184.792,4613
395.721,216.653,4614
181.767,31.157,4615
54.173,873.658,4616
918.753,321.401,4617
442.318,913.098,4618
51.509,876.873,4619
375.706,843.464,4620
789.766,175.706,4621
231.436,930.601,4622
241.451,103.361,4623
202.737,820.804,4624
38.693,591.242,4625
306.688,376.059,4626
710.424,477.024,4627
825.014,518.467,4628
999.000,772.125,4629
810.297,385.276,4630
763.621,342.511,4631
900.832,422.281,4632
90.778,986.762,4633
31.235,760.713,4634
592.377,11.415,4635
772.181,855.266,4636
506.295,534.916,4637
822.338,790.077,4638
561.474,983.172,4639
570.263,109.790,4640
364.765,888.083,4641
568.561,772.174,4642
63.586,634.959,4643
421.560,48.861,4644
438.124,707.692,4645
174.677,647.355,4646
300.392,797.398,4647
254.412,717.241,4648
790.508,551.814,4649
448.160,811.966,4650
137.451,604.019,4651
589.327,319.292,4652
201.773,508.384,4653
478.199,40.398,4654
944.345,492.863,4655
619.764,319.012,4656
89.315,919.032,4657
239.468,583.004,4658
826.138,288.046,4659
405.587,150.317,4660
223.370,204.578,4661
675.833,293.732,4662
109.181,778.259,4663
960.514,852.211,4664
919.045,512.600,4665
156.386,356.144,4666
292.548,742.637,4667
582.444,68.332,4668
697.424,485.605,4669
28.541,525.274,4670
90.226,725.359,4671
702.781,531.289,4672
373.695,765.094,4673
233.289,876.205,4674
263.133,999.000,4675
833.731,269.901,4676
320.366,567.745,4677
121.041,773.278,4678
373.927,322.865,4679
316.841,101.064,4680
904.845,846.342,4681
97.150,72.446,4682
883.084,752.254,4683
713.614,434.342,4684
591.825,359.262,4685
691.026,199.923,4686
590.073,638.264,4687
239.288,593.092,4688
588.108,12.999,4689
741.690,837.273,4690
355.265,499.638,4691
480.835,993.035,4692
1.531,533.683,4693
169.637,213.625,4694
74.183,65.103,4695
492.412,988.652,4696
142.395,892.184,4697
809.692,615.309,4698
273.583,366.779,4699
696.016,920.871,4700
207.798,187.738,4701
875.449,718.743,4702
723.382,139.120,4703
66.882,325.576,4704
138.595,90.902,4705
311.442,498.901,4706
164.180,356.647,4707
347.077,168.904,4708
655.510,99.009,4709
314.929,104.626,4710
672.252,168.192,4711
922.530,629.877,4712
264.020,883.424,4713
382.777,583.914,4714
682.121,374.363,4715
363.677,760.124,4716
908.455,407.590,4717
683.663,563.359,4718
670.894,217.448,4719
670.239,779.368,4720
571.280,906.027,4721
513.107,61.996,4722
857.829,231.527,4723
891.073,977.286,4724
696.204,273.728,4725
181.880,421.180,4726
951.778,857.753,4727
414.368,597.487,4728
856.527,861.151,4729
813.604,154.425,4730
738.403,966.290,4731
315.839,5.921,4732
562.227,254.606,4733
257.889,554.832,4734
441.121,475.181,4735
24.094,634.167,4736
600.632,305.939,4737
178.167,321.697,4738
612.200,144.577,4739
76.532,541.198,4740
318.024,727.023,4741
81.955,241.219,4742
523.199,830.905,4743
60.444,178.051,4744
40.417,432.446,4745
15.778,214.505,4746
143.447,679.830,4747
865.094,892.266,4748
756.712,346.596,4749
104.192,565.943,4750
776.384,504.343,4751
335.899,345.455,4752
643.056,494.383,4753
106.506,175.121,4754
420.253,367.630,4755
420.444,894.495,4756
408.538,808.763,4757
533.525,844.913,4758
517.128,320.230,4759
203.192,266.040,4760
811.359,588.321,4761
584.049,453.905,4762
253.837,804.697,4763
648.086,458.382,4764
317.013,244.546,4765
372.877,727.725,4766
342.135,255.001,4767
34.831,1.002,4768
642.214,784.161,4769
466.283,64.877,4770
606.016,100.282,4771
504.092,267.522,4772
807.298,378.377,4773
309.431,518.592,4774
73.206,575.749,4775
246.101,61.829,4776
777.555,842.537,4777
417.656,321.831,4778
297.400,909.201,4779
819.755,383.342,4780
818.474,780.116,4781
730.762,156.984,4782
548.041,93.931,4783
982.068,2.505,4784
829.180,502.173,4785
959.492,126.907,4786
332.628,125.158,4787
529.584,773.040,4788
426.830,3.131,4789
914.498,685.184,4790
749.229,330.366,4791
250.322,478.336,4792
43.210,941.532,4793
157.609,985.572,4794
286.483,849.618,4795
268.050,880.775,4796
933.106,200.227,4797
869.982,292.912,4798
328.896,994.048,4799
487.050,115.917,4800
644.267,813.267,4801
660.462,92.038,4802
810.342,531.388,4803
377.626,574.841,4804
944.960,53.971,4805
366.289,611.802,4806
551.259,435.430,4807
973.061,793.530,4808
534.085,350.233,4809
584.534,583.842,4810
782.638,792.371,4811
240.383,943.821,4812
92.062,945.153,4813
453.391,388.003,4814
304.981,511.567,4815
799.748,654.286,4816
180.424,115.481,4817
254.753,799.328,4818
297.247,880.210,4819
421.232,69.997,4820
736.939,989.580,4821
838.438,414.268,4822
319.853,105.901,4823
354.937,878.108,4824
196.532,574.924,4825
136.607,956.969,4826
547.636,260.786,4827
976.142,56.824,4828
547.124,2.412,4829
406.785,443.762,4830
96.602,524.873,4831
198.818,602.245,4832
101.406,385.749,4833
987.811,732.836,4834
513.436,281.973,4835
740.141,163.343,4836
929.592,788.501,4837
208.556,787.705,4838
63.757,372.344,4839
612.919,765.524,4840
139.885,504.635,4841
386.363,511.253,4842
256.371,520.990,4843
578.986,268.518,4844
273.347,285.773,4845
375.050,153.212,4846
151.701,559.397,4847
614.899,953.680,4848
94.438,140.171,4849
624.506,115.735,4850
996.101,535.680,4851
865.946,452.654,4852
575.705,935.678,4853
993.643,566.479,4854
232.863,272.262,4855
742.868,606.611,4856
609.430,835.913,4857
754.168,31.946,4858
573.960,95.282,4859
867.306,180.152,4860
860.451,918.415,4861
41.413,430.633,4862
650.682,15.414,4863
683.697,158.467,4864
22.556,160.907,4865
374.016,641.738,4866
238.921,83.763,4867
188.656,16.656,4868
60.267,718.557,4869
890.502,425.729,4870
164.846,468.823,4871
723.139,524.482,4872
75.557,223.311,4873
751.638,85.586,4874
255.985,496.423,4875
968.112,63.771,4876
619.270,356.292,4877
476.535,291.874,4878
241.621,179.410,4879
406.314,62.330,4880
520.715,69.194,4881
311.162,207.846,4882
820.805,334.425,4883
123.582,31.935,4884
656.655,756.407,4885
466.236,626.902,4886
241.594,431.315,4887
22.320,958.355,4888
261.253,20.350,4889
860.383,800.604,4890
744.120,778.795,4891
645.838,487.953,4892
633.227,261.343,4893
508.108,199.680,4894
568.429,951.467,4895
964.564,383.908,4896
844.755,770.064,4897
292.103,493.531,4898
411.258,760.705,4899
457.337,500.990,4900
468.638,576.287,4901
92.589,469.613,4902
817.590,751.993,4903
416.577,465.938,4904
154.295,380.875,4905
756.363,785.674,4906
236.837,96.819,4907
593.657,234.485,4908
423.787,378.757,4909
360.357,999.000,4910
692.825,690.887,4911
184.213,0.676,4912
803.077,344.054,4913
897.306,371.017,4914
679.899,153.684,4915
450.319,864.510,4916
301.775,315.582,4917
396.045,763.258,4918
452.856,832.625,4919
138.660,833.952,4920
709.236,745.465,4921
190.853,686.702,4922
6.301,74.258,4923
634.262,863.693,4924
477.228,163.125,4925
233.854,698.225,4926
505.905,818.793,4927
120.552,94.364,4928
297.033,403.616,4929
647.862,634.601,4930
254.140,358.287,4931
523.051,628.588,4932
227.457,999.000,4933
344.628,709.678,4934
41.275,673.930,4935
782.995,541.731,4936
680.591,387.278,4937
371.207,91.399,4938
117.657,269.323,4939
475.244,284.846,4940
868.692,743.101,4941
998.200,118.321,4942
364.706,499.039,4943
312.140,550.700,4944
604.388,674.356,4945
243.540,241.012,4946
11.605,736.334,4947
603.801,864.806,4948
898.555,910.156,4949
298.618,867.433,4950
595.444,977.826,4951
519.553,682.489,4952
304.917,145.557,4953
911.703,968.446,4954
543.574,992.122,4955
472.121,137.839,4956
39.529,82.723,4957
603.627,705.553,4958
529.729,946.789,4959
269.940,999.000,4960
649.216,152.927,4961
546.486,700.263,4962
396.418,161.285,4963
541.475,706.773,4964
464.631,46.172,4965
150.258,445.171,4966
239.433,641.941,4967
445.471,807.227,4968
82.500,990.050,4969
542.937,589.138,4970
981.560,573.863,4971
159.366,429.259,4972
161.452,278.353,4973
93.277,554.689,4974
737.002,231.248,4975
942.347,642.800,4976
813.927,403.251,4977
727.743,650.322,4978
37.107,41.059,4979
903.016,983.947,4980
482.376,883.626,4981
649.587,492.402,4982
971.219,957.135,4983
380.956,906.086,4984
316.384,29.968,4985
783.162,620.528,4986
357.926,311.474,4987
355.232,283.784,4988
711.676,829.362,4989
201.484,469.897,4990
228.636,93.493,4991
150.759,809.084,4992
439.630,553.201,4993
339.247,688.956,4994
868.918,27.386,4995
490.835,906.688,4996
3.695,84.064,4997
98.663,558.539,4998
235.313,268.578,4999
971.348,586.897,5000
637.700,245.595,5001
275.120,859.269,5002
441.766,824.791,5003
934.631,751.045,5004
944.587,927.817,5005
392.339,867.805,5006
604.349,488.210,5007
884.832,443.579,5008
874.050,72.984,5009
495.989,734.939,5010
121.507,548.942,5011
144.218,903.785,5012
899.891,542.724,5013
658.014,649.872,5014
238.749,629.468,5015
810.925,859.507,5016
221.658,781.700,5017
411.344,400.287,5018
424.173,916.638,5019
817.834,943.757,5020
684.220,132.548,5021
261.688,675.725,5022
49.158,240.791,5023
690.246,327.876,5024
233.558,778.313,5025
45.806,709.368,5026
414.137,36.304,5027
116.890,568.223,5028
916.013,126.028,5029
838.073,564.827,5030
904.250,462.082,5031
191.412,582.487,5032
561.593,693.867,5033
411.059,825.711,5034
123.860,154.442,5035
221.010,222.792,5036
447.035,632.751,5037
623.157,213.089,5038
788.154,461.513,5039
277.746,994.500,5040
386.438,814.392,5041
335.321,665.283,5042
622.071,879.622,5043
802.414,970.922,5044
522.025,708.579,5045
638.273,408.947,5046
560.145,686.500,5047
634.096,352.458,5048
448.901,171.537,5049
214.556,910.532,5050
402.939,637.714,5051
717.765,123.401,5052
251.473,94.483,5053
618.440,660.730,5054
422.976,843.242,5055
156.834,621.568,5056
602.758,975.932,5057
885.562,296.620,5058
76.101,95.888,5059
130.068,800.241,5060
350.324,3.138,5061
167.841,547.772,5062
410.227,685.633,5063
411.524,847.583,5064
159.549,403.564,5065
770.790,912.634,5066
899.676,731.418,5067
807.725,950.615,5068
916.422,678.817,5069
910.955,526.994,5070
813.541,600.576,5071
582.993,812.419,5072
809.043,957.982,5073
142.902,983.020,5074
776.241,154.270,5075
586.455,424.775,5076
414.608,101.558,5077
626.536,995.434,5078
748.548,816.261,5079
677.711,288.750,5080
392.238,469.590,5081
478.841,683.268,5082
796.134,355.083,5083
89.234,354.907,5084
553.695,472.701,5085
360.215,119.143,5086
245.073,795.598,5087
572.917,89.319,5088
81.726,131.462,5089
969.749,411.505,5090
295.849,388.247,5091
746.558,116.827,5092
761.628,748.287,5093
592.145,828.755,5094
786.534,144.192,5095
252.304,759.502,5096
470.475,318.556,5097
463.816,110.803,5098
316.614,865.368,5099
427.367,910.279,5100
366.433,333.310,5101
357.982,979.152,5102
571.880,168.270,5103
353.745,867.680,5104
320.175,925.645,5105
837.631,848.893,5106
4.398,623.322,5107
474.193,39.011,5108
540.633,434.512,5109
22.420,970.759,5110
154.699,169.970,5111
216.178,746.317,5112
749.872,993.862,5113
703.341,520.502,5114
750.898,119.180,5115
73.641,324.125,5116
147.762,913.257,5117
622.317,873.357,5118
178.839,180.823,5119
87.173,253.721,5120
303.338,559.881,5121
448.847,10.147,5122
916.646,90.469,5123
401.599,881.437,5124
373.271,424.083,5125
281.494,903.151,5126
648.689,374.097,5127
437.611,281.806,5128
197.291,727.450,5129
456.932,914.646,5130
115.982,683.384,5131
771.345,119.212,5132
957.543,767.805,5133
455.643,87.357,5134
832.716,313.623,5135
759.977,446.823,5136
222.792,226.675,5137
648.480,586.366,5138
285.208,783.710,5139
689.864,85.626,5140
648.966,136.299,5141
483.190,755.149,5142
619.525,280.780,5143
245.607,118.439,5144
249.636,140.243,5145
595.250,603.129,5146
487.934,204.936,5147
43.110,976.824,5148
100.669,934.737,5149
629.827,793.882,5150
295.566,8.660,5151
648.303,958.349,5152
926.672,782.865,5153
941.290,46.303,5154
939.383,559.975,5155
992.295,892.261,5156
593.815,532.791,5157
412.390,92.902,5158
803.398,391.717,5159
819.880,574.541,5160
594.736,146.119,5161
728.770,177.156,5162
583.038,334.354,5163
446.118,680.938,5164
610.466,483.831,5165
156.491,339.283,5166
761.364,523.030,5167
466.447,194.123,5168
925.217,702.588,5169
299.537,986.287,5170
24.794,767.597,5171
402.952,472.045,5172
483.044,257.348,5173
736.211,345.801,5174
701.455,714.289,5175
904.336,297.791,5176
186.151,370.371,5177
651.037,41.682,5178
530.324,757.763,5179
669.130,844.183,5180
916.266,110.117,5181
963.704,38.128,5182
620.107,992.179,5183
294.610,205.119,5184
296.179,781.298,5185
789.580,218.368,5186
572.973,253.757,5187
356.487,207.415,5188
378.477,923.121,5189
188.163,296.691,5190
816.506,215.575,5191
205.116,901.823,5192
855.906,140.721,5193
426.064,790.780,5194
226.318,618.191,5195
97.975,951.056,5196
579.144,139.907,5197
824.638,395.179,5198
596.209,955.685,5199
604.019,963.247,5200
251.606,357.858,5201
915.757,725.414,5202
409.906,130.704,5203
456.234,864.446,5204
0.521,971.067,5205
72.518,474.138,5206
546.237,125.131,5207
566.822,63.048,5208
373.839,595.660,5209
559.750,54.108,5210
336.087,895.569,5211
665.841,934.788,5212
525.099,554.340,5213
757.446,96.795,5214
490.894,333.404,5215
599.437,803.476,5216
170.599,506.311,5217
385.406,306.420,5218
140.878,925.167,5219
681.147,265.677,5220
936.017,207.405,5221
854.670,138.181,5222
851.572,975.633,5223
963.438,421.895,5224
33.790,390.047,5225
155.152,378.180,5226
335.945,752.013,5227
436.786,908.396,5228
65.021,989.316,5229
267.655,822.906,5230
37.495,794.078,5231
901.130,518.162,5232
337.239,825.335,5233
852.325,271.290,5234
675.872,737.417,5235
204.970,445.198,5236
914.010,363.444,5237
145.338,123.909,5238
529.727,28.397,5239
378.493,585.026,5240
873.722,604.512,5241
24.036,878.612,5242
733.911,253.522,5243
110.398,831.789,5244
980.519,393.951,5245
687.319,63.874,5246
620.991,607.338,5247
653.546,262.650,5248
78.611,866.930,5249
157.345,468.314,5250
302.744,845.656,5251
784.317,828.599,5252
51.130,893.244,5253
393.059,696.128,5254
273.138,466.197,5255
81.030,939.324,5256
47.848,385.629,5257
221.592,86.867,5258
977.326,698.794,5259
827.849,975.974,5260
520.858,354.506,5261
288.750,470.516,5262
370.316,110.117,5263
855.526,484.648,5264
146.490,598.660,5265
96.033,243.870,5266
428.377,200.473,5267
86.944,812.827,5268
812.704,866.780,5269
86.793,683.775,5270
691.901,873.929,5271
914.030,274.676,5272
835.813,363.219,5273
505.395,880.321,5274
52.392,564.744,5275
908.954,363.809,5276
478.804,951.410,5277
446.194,189.678,5278
44.125,198.705,5279
897.058,914.349,5280
163.314,178.150,5281
591.637,246.189,5282
307.529,424.781,5283
190.944,927.911,5284
817.549,630.686,5285
727.665,882.210,5286
745.687,273.658,5287
450.711,218.036,5288
365.053,636.424,5289
500.643,81.978,5290
289.347,472.321,5291
462.475,670.409,5292
631.671,625.560,5293
251.241,832.944,5294
377.443,342.211,5295
632.652,509.504,5296
431.135,350.554,5297
428.838,625.803,5298
872.875,116.700,5299
610.400,832.809,5300
478.550,327.076,5301
383.241,189.040,5302
866.569,754.261,5303
969.427,562.699,5304
660.545,250.052,5305
847.092,15.083,5306
968.616,942.727,5307
845.693,354.782,5308
141.818,267.193,5309
437.337,544.366,5310
660.005,829.085,5311
499.863,794.470,5312
20.904,637.573,5313
598.239,771.346,5314
248.781,249.202,5315
429.323,115.590,5316
483.730,24.198,5317
980.885,807.301,5318
505.102,489.679,5319
812.894,571.904,5320
245.752,692.714,5321
339.902,727.516,5322
568.638,158.128,5323
135.330,197.961,5324
459.974,727.034,5325
996.126,717.800,5326
2.461,243.882,5327
362.515,768.599,5328
887.714,713.034,5329
61.077,214.512,5330
934.273,536.429,5331
688.973,918.137,5332
933.916,242.196,5333
242.949,405.052,5334
850.783,775.293,5335
425.948,897.644,5336
610.331,85.210,5337
533.433,268.496,5338
639.280,107.191,5339
88.973,917.683,5340
473.579,148.348,5341
925.649,682.969,5342
395.855,3.834,5343
552.452,578.942,5344
340.016,131.231,5345
871.789,741.759,5346
867.458,73.420,5347
488.344,613.705,5348
892.886,876.653,5349
773.109,709.185,5350
726.801,968.951,5351
50.556,18.146,5352
232.677,547.570,5353
911.608,130.348,5354
606.718,775.645,5355
223.070,795.283,5356
456.010,898.221,5357
92.212,434.459,5358
953.769,559.721,5359
808.522,324.954,5360
51.218,406.299,5361
695.674,714.515,5362
936.076,708.802,5363
393.731,718.487,5364
653.384,759.460,5365
112.655,123.487,5366
624.332,362.106,5367
145.740,152.501,5368
568.398,598.524,5369
525.075,363.442,5370
162.154,801.620,5371
824.933,11.560,5372
366.337,511.464,5373
597.811,271.819,5374
9.279,797.331,5375
438.071,912.437,5376
293.236,108.398,5377
59.508,72.017,5378
559.987,855.523,5379
929.850,882.422,5380
99.458,354.676,5381
705.514,990.742,5382
375.915,810.381,5383
830.614,561.594,5384
906.123,663.473,5385
98.505,770.838,5386
308.039,403.892,5387
889.887,143.936,5388
526.964,13.156,5389
824.138,957.028,5390
305.033,551.448,5391
457.852,20.690,5392
284.654,98.175,5393
984.758,183.665,5394
38.453,272.127,5395
908.974,495.206,5396
778.738,852.655,5397
300.597,173.469,5398
142.958,786.699,5399
903.877,689.723,5400
38.175,734.786,5401
377.837,369.126,5402
284.151,95.043,5403
456.254,530.931,5404
525.216,961.222,5405
961.891,272.935,5406
534.157,857.805,5407
779.284,4.151,5408
316.892,75.615,5409
162.314,454.320,5410
981.027,891.205,5411
743.606,41.643,5412
82.777,902.820,5413
55.783,867.260,5414
45.745,546.369,5415
319.157,595.016,5416
533.943,597.901,5417
525.619,643.470,5418
439.106,539.790,5419
465.877,717.258,5420
925.158,90.616,5421
148.344,297.693,5422
858.609,594.922,5423
167.094,215.731,5424
578.033,653.096,5425
948.136,77.011,5426
884.180,263.487,5427
35.512,989.854,5428
80.180,297.741,5429
400.466,537.261,5430
705.383,525.192,5431
18.616,370.797,5432
167.364,383.705,5433
46.641,91.066,5434
547.314,5.146,5435
388.979,209.643,5436
719.795,986.394,5437
916.720,221.181,5438
326.266,774.364,5439
21.089,502.508,5440
802.143,276.768,5441
615.919,852.975,5442
698.880,989.519,5443
320.335,903.221,5444
228.655,687.726,5445
663.847,868.839,5446
302.871,218.359,5447
341.350,321.638,5448
124.009,303.377,5449
535.902,600.970,5450
706.620,304.872,5451
250.976,516.826,5452
887.208,376.046,5453
339.790,392.981,5454
645.749,652.986,5455
253.165,195.760,5456
7.617,204.999,5457
931.474,816.279,5458
728.725,697.071,5459
26.073,445.315,5460
249.749,548.759,5461
329.451,489.175,5462
363.346,328.681,5463
882.037,523.461,5464
950.725,31.433,5465
609.360,317.551,5466
45.172,99.109,5467
525.808,829.341,5468
739.225,370.899,5469
346.224,917.527,5470
919.756,153.893,5471
528.610,75.951,5472
655.935,225.309,5473
53.832,457.497,5474
67.320,61.145,5475
595.768,28.900,5476
315.550,849.973,5477
47.620,453.393,5478
661.997,409.295,5479
105.046,422.084,5480
672.613,253.624,5481
657.562,303.312,5482
536.694,563.757,5483
683.577,49.474,5484
489.276,632.197,5485
633.462,582.061,5486
502.940,335.683,5487
68.728,31.140,5488
509.474,932.596,5489
359.474,788.538,5490
846.534,244.212,5491
710.240,514.801,5492
831.644,49.523,5493
783.755,511.291,5494
608.709,903.065,5495
348.441,547.761,5496
711.606,804.512,5497
421.415,214.211,5498
398.056,126.719,5499
89.179,781.587,5500
234.264,163.471,5501
641.558,671.781,5502
209.986,647.672,5503
916.199,56.022,5504
665.436,199.632,5505
764.430,851.150,5506
739.558,247.542,5507
268.038,187.783,5508
354.612,539.757,5509
846.290,646.015,5510
104.747,477.298,5511
894.629,720.670,5512
306.426,877.055,5513
124.380,127.104,5514
102.730,648.353,5515
177.940,793.440,5516
487.562,273.669,5517
822.982,417.473,5518
295.920,924.590,5519
757.580,509.157,5520
18.235,448.854,5521
315.129,4.036,5522
82.995,274.394,5523
261.696,367.437,5524
132.176,351.594,5525
418.156,355.503,5526
619.337,257.161,5527
328.832,797.401,5528
671.471,648.684,5529
751.201,790.256,5530
768.281,23.042,5531
76.772,92.562,5532
674.275,992.890,5533
903.527,992.217,5534
213.545,611.957,5535
336.968,748.497,5536
596.300,980.964,5537
227.403,638.559,5538
951.053,105.099,5539
594.890,661.137,5540
171.446,571.903,5541
348.133,341.097,5542
36.842,639.005,5543
824.768,882.417,5544
83.179,821.273,5545
547.937,91.478,5546
994.535,143.406,5547
337.360,138.007,5548
564.489,979.857,5549
279.911,662.817,5550
281.255,209.645,5551
741.353,165.722,5552
553.197,610.765,5553
840.747,473.302,5554
721.657,106.359,5555
177.592,399.482,5556
365.815,592.219,5557
934.657,254.664,5558
377.237,106.740,5559
584.755,622.731,5560
534.111,400.684,5561
690.680,182.535,5562
542.487,465.350,5563
894.457,859.196,5564
143.702,743.098,5565
403.271,870.048,5566
536.268,552.298,5567
749.994,307.302,5568
701.360,424.849,5569
241.465,915.854,5570
978.008,346.456,5571
990.575,512.209,5572
265.131,773.319,5573
955.184,963.891,5574
601.017,465.236,5575
326.449,979.184,5576
490.557,509.442,5577
948.058,656.966,5578
227.331,889.875,5579
11.315,733.404,5580
45.779,787.439,5581
703.681,912.424,5582
590.213,921.346,5583
636.896,293.128,5584
168.179,520.004,5585
49.222,566.955,5586
207.821,171.365,5587
930.513,375.422,5588
872.703,683.701,5589
95.199,682.826,5590
61.442,963.124,5591
48.366,235.832,5592
606.594,533.976,5593
993.208,905.158,5594
809.183,3.007,5595
429.983,503.434,5596
471.465,46.208,5597
959.810,236.983,5598
139.976,809.635,5599
689.973,823.957,5600
450.907,687.895,5601
226.234,8.924,5602
613.307,944.209,5603
675.154,768.463,5604
403.438,399.056,5605
422.625,51.630,5606
993.235,732.833,5607
700.396,197.064,5608
490.873,499.596,5609
223.615,884.222,5610
404.926,40.749,5611
552.107,445.421,5612
758.308,535.025,5613
900.120,538.255,5614
476.320,567.791,5615
516.766,420.401,5616
352.063,547.194,5617
922.243,283.287,5618
916.103,448.500,5619
293.357,589.831,5620
320.081,917.853,5621
377.097,503.772,5622
748.407,372.065,5623
331.928,192.263,5624
16.541,262.139,5625
446.618,469.307,5626
723.467,820.595,5627
458.486,77.109,5628
477.785,70.243,5629
42.831,618.655,5630
274.708,894.066,5631
705.382,856.998,5632
116.800,811.806,5633
126.793,228.054,5634
295.276,862.668,5635
127.876,390.640,5636
947.717,849.741,5637
713.409,268.645,5638
312.004,399.857,5639
143.531,453.868,5640
210.742,870.395,5641
71.881,249.912,5642
901.659,365.482,5643
277.038,119.476,5644
297.345,255.342,5645
206.336,575.870,5646
34.494,350.062,5647
634.231,532.060,5648
164.602,953.486,5649
814.344,829.582,5650
722.820,733.203,5651
340.494,889.392,5652
962.525,616.108,5653
817.879,633.816,5654
262.179,565.769,5655
243.254,154.939,5656
300.084,359.954,5657
839.756,117.108,5658
28.465,365.907,5659
32.453,429.955,5660
289.069,4.087,5661
832.226,948.394,5662
180.382,178.254,5663
550.622,520.824,5664
517.056,342.530,5665
747.920,873.836,5666
456.827,608.958,5667
509.760,960.847,5668
665.823,994.067,5669
297.976,822.380,5670
716.635,537.140,5671
998.249,782.551,5672
675.889,348.886,5673
822.623,301.182,5674
495.198,376.091,5675
302.244,209.345,5676
115.548,897.338,5677
810.486,550.869,5678
414.276,853.256,5679
925.111,761.776,5680
693.055,584.626,5681
452.064,51.230,5682
624.955,291.665,5683
649.606,653.677,5684
693.598,364.212,5685
449.012,83.308,5686
382.339,942.887,5687
866.494,659.875,5688
469.748,808.568,5689
919.296,86.378,5690
950.015,228.637,5691
728.454,397.079,5692
41.992,524.559,5693
232.782,937.913,5694
584.564,719.289,5695
284.800,444.578,5696
252.030,513.179,5697
503.922,458.306,5698
497.346,719.861,5699
86.494,869.495,5700
844.323,194.498,5701
303.215,779.292,5702
863.301,942.843,5703
528.787,16.838,5704
569.838,403.730,5705
378.184,586.535,5706
121.397,448.616,5707
897.340,581.961,5708
57.833,892.705,5709
712.056,831.648,5710
137.139,243.270,5711
717.373,534.708,5712
642.145,125.987,5713
478.883,824.470,5714
103.029,689.097,5715
80.437,730.093,5716
452.841,752.765,5717
981.009,824.875,5718
640.864,239.002,5719
514.036,575.617,5720
356.981,72.579,5721
225.903,530.361,5722
224.637,379.497,5723
864.384,556.643,5724
155.307,300.437,5725
279.606,585.404,5726
596.535,239.787,5727
744.199,453.058,5728
763.462,579.922,5729
444.430,280.604,5730
687.073,698.922,5731
513.999,643.243,5732
428.425,89.462,5733
499.837,373.633,5734
938.891,651.384,5735
273.400,553.855,5736
339.279,531.556,5737
501.806,349.562,5738
845.806,511.258,5739
116.365,692.602,5740
179.414,119.033,5741
400.503,934.663,5742
38.944,837.771,5743
107.200,182.400,5744
428.112,197.455,5745
766.473,472.716,5746
356.478,122.871,5747
503.287,78.362,5748
325.369,331.505,5749
258.594,385.869,5750
604.800,605.353,5751
300.965,744.407,5752
274.043,540.513,5753
491.342,724.128,5754
563.379,867.946,5755
957.822,500.344,5756
229.937,156.338,5757
357.535,894.298,5758
510.474,317.093,5759
679.085,715.747,5760
257.752,971.176,5761
432.690,798.776,5762
626.043,134.448,5763
104.726,575.971,5764
940.730,917.214,5765
464.599,362.487,5766
633.262,443.814,5767
766.726,315.287,5768
90.082,232.412,5769
37.159,465.441,5770
526.928,365.088,5771
413.786,300.157,5772
75.741,50.426,5773
711.705,390.957,5774
318.990,367.006,5775
18.032,814.785,5776
283.709,573.634,5777
57.785,444.738,5778
497.578,478.565,5779
744.833,231.315,5780
313.248,183.331,5781
746.019,53.947,5782
976.064,101.460,5783
755.870,622.996,5784
970.826,127.308,5785
481.662,255.765,5786
918.791,623.492,5787
960.713,447.747,5788
333.144,712.985,5789
695.738,575.661,5790
997.750,751.516,5791
340.799,341.582,5792
954.698,495.875,5793
990.661,686.857,5794
216.768,450.960,5795
60.724,175.950,5796
202.448,382.679,5797
832.543,815.664,5798
780.980,611.377,5799
997.871,872.317,5800
74.577,129.935,5801
641.376,903.041,5802
646.882,186.527,5803
669.615,672.775,5804
625.191,509.789,5805
179.780,431.179,5806
596.634,505.346,5807
971.561,690.177,5808
560.725,29.026,5809
143.368,311.528,5810
725.086,154.083,5811
192.817,914.321,5812
849.428,240.348,5813
748.477,945.900,5814
959.277,170.684,5815
674.980,516.231,5816
577.357,340.488,5817
194.345,139.946,5818
750.940,940.586,5819
44.548,576.670,5820
67.824,938.330,5821
820.803,877.580,5822
507.448,737.570,5823
522.981,722.673,5824
4.200,10.210,5825
366.428,701.266,5826
425.393,777.826,5827
219.749,597.596,5828
617.509,382.284,5829
220.598,158.102,5830
216.774,6.971,5831
347.328,372.754,5832
916.792,622.576,5833
311.712,29.589,5834
665.405,85.975,5835
551.738,39.526,5836
988.841,75.209,5837
864.202,496.106,5838
913.687,754.959,5839
328.010,585.699,5840
405.024,807.080,5841
946.696,158.312,5842
975.242,219.673,5843
444.040,393.873,5844
580.113,512.312,5845
668.663,424.886,5846
674.562,893.427,5847
397.814,49.928,5848
912.658,80.975,5849
638.896,387.303,5850
501.527,954.596,5851
782.134,694.108,5852
620.024,703.604,5853
811.707,371.835,5854
958.420,76.577,5855
610.690,39.393,5856
658.844,265.147,5857
685.257,713.899,5858
101.893,142.260,5859
988.261,505.423,5860
182.221,827.625,5861
115.436,141.352,5862
556.194,835.343,5863
371.852,56.637,5864
127.224,236.292,5865
96.861,308.577,5866
302.458,773.844,5867
316.676,630.819,5868
388.181,211.347,5869
940.151,867.121,5870
783.981,942.599,5871
78.744,907.470,5872
284.255,818.310,5873
173.501,431.066,5874
892.141,905.859,5875
423.927,98.558,5876
425.507,390.920,5877
969.681,537.679,5878
316.030,626.062,5879
558.734,292.923,5880
896.341,445.565,5881
807.740,828.297,5882
148.619,859.974,5883
165.131,254.862,5884
190.563,566.341,5885
232.285,752.189,5886
427.782,64.269,5887
571.755,474.529,5888
911.180,781.461,5889
673.589,215.849,5890
49.834,871.917,5891
752.172,978.727,5892
638.081,526.482,5893
116.818,79.002,5894
959.007,725.965,5895
196.791,675.764,5896
348.078,894.144,5897
459.693,199.676,5898
270.980,219.816,5899
426.657,181.721,5900
580.938,50.219,5901
837.537,487.853,5902
699.433,247.054,5903
82.896,397.707,5904
956.300,418.613,5905
608.200,691.153,5906
741.717,247.019,5907
401.923,338.194,5908
736.289,878.380,5909
138.544,685.082,5910
912.420,131.846,5911
974.296,390.733,5912
620.656,85.517,5913
135.647,897.398,5914
613.224,424.392,5915
305.429,164.749,5916
482.008,500.021,5917
905.425,656.661,5918
162.252,9.604,5919
97.494,688.772,5920
64.713,787.848,5921
201.052,755.459,5922
297.090,465.433,5923
993.149,168.023,5924
203.465,84.369,5925
723.829,344.231,5926
760.756,411.666,5927
233.861,48.839,5928
500.177,822.674,5929
106.180,311.081,5930
322.000,595.207,5931
170.803,10.197,5932
432.735,523.840,5933
627.133,258.429,5934
519.208,127.036,5935
864.165,512.001,5936
919.498,982.204,5937
944.809,307.955,5938
557.678,294.169,5939
833.951,574.142,5940
662.005,335.424,5941
794.190,788.872,5942
45.040,520.174,5943
489.486,48.981,5944
441.124,578.657,5945
628.118,609.872,5946
244.915,190.108,5947
184.197,733.392,5948
309.581,162.985,5949
871.403,637.323,5950
521.875,519.463,5951
520.744,795.480,5952
795.138,211.493,5953
942.821,696.620,5954
643.867,157.894,5955
225.491,76.871,5956
110.515,235.918,5957
725.667,987.888,5958
319.527,154.892,5959
199.629,388.423,5960
392.915,440.918,5961
842.068,64.882,5962
199.951,255.694,5963
796.454,56.356,5964
352.151,599.092,5965
133.577,409.028,5966
56.771,523.392,5967
312.244,692.124,5968
705.488,386.559,5969
871.433,15.040,5970
623.884,648.968,5971
960.939,973.569,5972
751.563,604.635,5973
764.742,331.784,5974
898.138,759.986,5975
910.856,512.039,5976
970.782,69.485,5977
793.225,517.833,5978
856.043,370.037,5979
266.847,887.966,5980
503.161,65.359,5981
306.029,879.358,5982
514.394,887.723,5983
144.284,385.956,5984
569.146,428.343,5985
28.197,978.085,5986
413.208,934.823,5987
849.695,904.863,5988
251.497,179.845,5989
44.244,202.112,5990
15.332,131.418,5991
882.456,474.573,5992
145.956,382.028,5993
628.240,145.120,5994
770.815,424.802,5995
682.624,494.200,5996
328.714,149.014,5997
92.646,817.469,5998
696.936,177.258,5999
283.933,457.470,6000
793.749,204.452,6001
977.952,576.787,6002
664.773,990.898,6003
126.392,388.228,6004
544.619,7.980,6005
88.821,598.437,6006
517.082,412.227,6007
565.391,677.181,6008
414.379,297.220,6009
727.144,210.341,6010
843.759,109.382,6011
420.281,98.348,6012
469.194,608.445,6013
603.246,574.539,6014
904.834,131.907,6015
874.832,581.771,6016
228.364,947.555,6017
54.350,632.931,6018
936.092,311.333,6019
550.425,138.252,6020
535.510,802.974,6021
862.608,536.936,6022
311.378,243.975,6023
406.141,952.304,6024
875.086,594.163,6025
115.084,842.133,6026
429.504,613.905,6027
706.345,272.789,6028
824.081,377.559,6029
549.431,572.062,6030
273.114,521.965,6031
191.557,402.536,6032
261.127,594.429,6033
498.734,414.406,6034
788.558,282.044,6035
859.816,503.417,6036
349.208,859.210,6037
724.822,324.283,6038
152.076,743.609,6039
376.133,877.273,6040
871.832,207.948,6041
479.162,926.569,6042
243.097,842.190,6043
703.823,218.899,6044
283.318,554.554,6045
495.024,920.372,6046
898.531,419.091,6047
643.066,839.952,6048
222.285,641.477,6049
371.625,742.996,6050
620.272,164.539,6051
905.265,471.874,6052
891.149,733.522,6053
171.686,65.392,6054
5.620,561.024,6055
561.416,884.545,6056
981.668,363.436,6057
848.752,992.014,6058
328.307,615.376,6059
238.490,274.010,6060
786.929,859.226,6061
165.340,449.881,6062
911.506,607.856,6063
329.968,450.185,6064
93.305,788.494,6065
585.180,51.517,6066
778.773,992.377,6067
313.479,988.577,6068
713.535,151.830,6069
698.790,556.445,6070
76.521,972.202,6071
997.858,979.104,6072
136.270,988.940,6073
696.929,409.156,6074
351.805,342.448,6075
986.918,598.616,6076
785.003,805.300,6077
771.449,611.600,6078
551.129,160.113,6079
966.455,179.290,6080
140.156,106.805,6081
392.347,782.404,6082
288.352,235.977,6083
261.435,65.416,6084
205.838,658.611,6085
581.292,523.231,6086
68.498,815.405,6087
495.281,950.499,6088
342.256,826.222,6089
978.287,232.620,6090
287.014,619.712,6091
588.051,604.056,6092
602.181,725.672,6093
535.635,215.516,6094
694.868,788.371,6095
510.258,640.914,6096
813.807,668.643,6097
216.884,750.136,6098
124.187,750.497,6099
89.266,628.640,6100
618.541,191.290,6101
398.522,706.145,6102
527.831,977.608,6103
985.272,779.068,6104
398.467,266.445,6105
31.093,886.461,6106
276.928,734.077,6107
233.429,239.474,6108
384.476,633.697,6109
222.822,116.709,6110
347.080,358.410,6111
506.131,365.896,6112
498.697,498.530,6113
303.696,471.351,6114
29.437,101.349,6115
389.075,925.017,6116
312.451,931.511,6117
574.416,184.728,6118
539.157,155.195,6119
539.605,554.408,6120
651.947,847.437,6121
398.761,983.376,6122
378.649,404.991,6123
505.328,733.987,6124
747.179,617.563,6125
306.623,558.891,6126
882.485,943.912,6127
48.030,796.297,6128
527.717,190.807,6129
378.064,419.072,6130
477.641,71.006,6131
441.806,340.035,6132
884.770,931.594,6133
714.979,388.712,6134
304.843,617.913,6135
289.690,891.398,6136
793.341,276.619,6137
800.998,221.418,6138
139.604,123.012,6139
152.110,84.880,6140
640.441,615.659,6141
207.835,9.268,6142
935.952,380.069,6143
487.104,161.098,6144
693.437,647.708,6145
778.072,236.449,6146
303.533,61.508,6147
925.320,290.104,6148
572.283,53.348,6149
41.917,842.823,6150
217.974,507.013,6151
396.172,867.673,6152
91.532,908.591,6153
575.727,841.610,6154
9.622,815.008,6155
961.233,421.292,6156
377.377,92.319,6157
42.419,921.495,6158
856.973,998.068,6159
531.174,287.271,6160
600.152,803.268,6161
633.870,516.728,6162
381.626,415.111,6163
183.814,944.858,6164
134.724,486.510,6165
311.352,562.534,6166
109.749,852.636,6167
158.257,558.295,6168
439.420,427.436,6169
719.029,493.500,6170
189.391,297.605,6171
856.460,438.312,6172
537.024,884.856,6173
286.744,560.477,6174
253.784,955.058,6175
808.049,655.619,6176
465.780,87.606,6177
477.712,928.389,6178
707.588,472.989,6179
391.048,177.622,6180
126.781,435.296,6181
17.020,17.220,6182
520.302,718.892,6183
471.102,688.638,6184
301.382,853.651,6185
508.762,770.085,6186
903.280,101.686,6187
250.644,60.396,6188
440.872,33.618,6189
857.750,27.447,6190
301.123,410.241,6191
219.014,615.358,6192
650.928,902.983,6193
110.652,238.746,6194
453.380,289.370,6195
193.698,366.271,6196
348.463,547.101,6197
843.943,142.840,6198
445.218,891.733,6199
550.531,679.933,6200
628.520,375.195,6201
604.838,921.296,6202
706.076,809.047,6203
364.611,218.939,6204
575.562,351.332,6205
305.241,333.011,6206
196.983,665.079,6207
935.993,908.639,6208
386.095,51.763,6209
276.059,554.269,6210
242.116,194.841,6211
806.424,485.567,6212
281.638,652.604,6213
750.664,694.478,6214
72.078,810.837,6215
959.721,543.377,6216
384.739,715.143,6217
41.020,278.493,6218
285.133,644.743,6219
882.032,271.611,6220
676.531,277.546,6221
762.473,546.893,6222
760.823,401.342,6223
617.657,391.312,6224
187.455,583.854,6225
955.684,507.626,6226
590.841,967.498,6227
459.703,506.211,6228
940.601,286.567,6229
111.736,334.871,6230
69.549,278.752,6231
342.196,226.646,6232
284.442,576.994,6233
191.377,598.974,6234
134.629,25.299,6235
742.500,99.016,6236
343.370,776.403,6237
126.751,643.593,6238
12.028,870.810,6239
967.191,85.465,6240
19.903,627.300,6241
792.544,96.295,6242
369.898,421.318,6243
959.470,812.610,6244
474.137,929.895,6245
140.289,836.345,6246
992.665,77.185,6247
266.859,543.326,6248
456.697,298.557,6249
309.688,555.694,6250
640.866,894.683,6251
497.070,301.289,6252
778.336,783.824,6253
604.829,731.866,6254
0.182,580.171,6255
174.951,51.321,6256
144.943,194.681,6257
53.784,951.858,6258
405.292,459.828,6259
427.192,236.286,6260
428.221,122.420,6261
69.293,191.156,6262
785.352,724.445,6263
667.959,583.566,6264
760.910,864.628,6265
707.962,660.913,6266
575.634,903.912,6267
487.594,243.936,6268
146.667,42.132,6269
224.096,935.244,6270
401.907,735.104,6271
643.685,999.000,6272
798.479,288.560,6273
426.091,223.993,6274
31.306,870.244,6275
413.136,610.807,6276
618.040,324.794,6277
581.301,447.339,6278
321.224,697.574,6279
635.339,728.374,6280
165.715,796.311,6281
952.483,657.076,6282
564.834,128.423,6283
775.074,469.671,6284
424.995,361.831,6285
869.641,573.762,6286
29.504,168.985,6287
123.145,665.351,6288
3.146,833.224,6289
435.028,943.703,6290
884.358,481.393,6291
705.645,806.187,6292
923.730,962.917,6293
523.706,430.853,6294
207.936,110.357,6295
317.839,165.177,6296
174.605,438.985,6297
132.794,587.694,6298
748.930,801.160,6299
900.505,776.931,6300
243.642,809.553,6301
836.496,779.873,6302
231.123,472.639,6303
567.481,986.441,6304
560.005,218.005,6305
101.390,641.063,6306
111.346,234.267,6307
394.479,912.160,6308
739.167,642.335,6309
825.292,799.639,6310
89.360,849.962,6311
634.938,286.377,6312
999.000,910.281,6313
437.014,669.358,6314
563.108,386.357,6315
838.765,290.242,6316
529.793,674.319,6317
497.009,59.557,6318
802.296,891.732,6319
386.651,777.739,6320
582.991,298.769,6321
917.450,92.740,6322
996.919,580.593,6323
751.820,684.455,6324
706.780,761.807,6325
998.179,264.784,6326
701.355,744.754,6327
490.388,721.247,6328
350.349,961.735,6329
12.222,423.592,6330
623.609,862.144,6331
749.744,135.562,6332
683.180,113.559,6333
191.353,398.644,6334
804.208,255.395,6335
792.064,89.080,6336
823.265,540.768,6337
72.944,596.508,6338
580.980,622.098,6339
677.275,23.698,6340
161.693,817.188,6341
236.486,372.035,6342
116.076,133.233,6343
683.298,665.462,6344
359.868,358.067,6345
527.383,388.342,6346
740.944,30.007,6347
47.112,312.987,6348
81.336,476.011,6349
652.708,615.521,6350
391.747,755.112,6351
267.286,715.893,6352
958.157,673.816,6353
869.529,116.851,6354
778.281,104.217,6355
866.200,830.806,6356
727.956,805.817,6357
666.073,113.166,6358
539.113,302.863,6359
997.571,110.791,6360
350.667,78.375,6361
5.837,394.914,6362
370.599,236.662,6363
311.716,271.988,6364
561.576,176.343,6365
620.082,293.591,6366
750.057,342.637,6367
837.638,189.572,6368
36.212,172.506,6369
719.727,626.006,6370
96.898,492.775,6371
751.802,939.759,6372
743.053,161.257,6373
38.890,450.386,6374
433.450,575.478,6375
303.107,887.829,6376
420.968,357.568,6377
164.810,423.626,6378
189.659,612.328,6379
477.229,806.586,6380
482.191,80.442,6381
216.258,692.039,6382
724.420,878.828,6383
891.912,942.065,6384
814.911,89.330,6385
34.234,439.160,6386
93.761,758.547,6387
296.281,758.329,6388
432.078,558.144,6389
701.644,91.810,6390
993.208,956.771,6391
443.076,90.061,6392
901.627,463.437,6393
271.286,81.534,6394
636.455,676.016,6395
415.555,215.172,6396
995.319,627.961,6397
140.318,103.863,6398
67.319,480.741,6399
176.596,687.190,6400
667.205,203.025,6401
396.723,649.073,6402
608.209,70.569,6403
851.754,79.781,6404
573.477,874.730,6405
525.690,619.283,6406
517.721,98.930,6407
215.515,188.221,6408
302.374,603.326,6409
696.561,8.283,6410
737.084,510.094,6411
504.470,210.804,6412
80.832,975.686,6413
145.063,418.832,6414
242.347,986.152,6415
669.142,646.248,6416
606.906,205.974,6417
868.731,360.401,6418
554.417,463.157,6419
297.766,919.039,6420
824.969,524.038,6421
864.704,106.553,6422
793.264,292.150,6423
632.313,93.166,6424
106.210,290.659,6425
576.318,902.494,6426
675.523,288.501,6427
606.685,748.783,6428
523.773,113.304,6429
253.494,937.877,6430
855.991,909.675,6431
869.000,20.215,6432
462.298,448.770,6433
172.726,507.457,6434
68.259,800.048,6435
751.329,466.403,6436
194.244,839.902,6437
930.209,746.585,6438
117.733,747.235,6439
57.171,193.480,6440
486.262,493.991,6441
147.356,829.132,6442
80.938,953.927,6443
764.762,307.003,6444
501.010,450.189,6445
42.567,235.396,6446
730.591,555.626,6447
369.393,770.407,6448
931.163,800.434,6449
419.398,428.655,6450
244.743,776.964,6451
6.587,852.515,6452
188.259,446.553,6453
796.858,335.513,6454
596.247,67.374,6455
237.987,364.653,6456
527.926,716.431,6457
912.494,476.017,6458
509.107,166.298,6459
335.461,736.009,6460
460.511,318.579,6461
902.590,334.041,6462
128.060,404.844,6463
704.267,145.914,6464
147.000,936.590,6465
275.544,563.011,6466
380.646,32.803,6467
861.010,322.833,6468
34.191,69.205,6469
792.871,536.516,6470
643.245,695.990,6471
512.154,386.855,6472
815.727,575.259,6473
697.254,12.716,6474
637.257,608.012,6475
252.858,221.634,6476
79.746,477.439,6477
304.123,459.032,6478
943.581,993.792,6479
962.987,489.205,6480
516.840,701.027,6481
637.904,955.438,6482
832.141,34.650,6483
806.527,578.369,6484
655.300,128.195,6485
574.232,889.708,6486
971.659,369.462,6487
834.086,581.458,6488
723.862,63.333,6489
128.316,924.205,6490
424.481,714.955,6491
555.145,470.600,6492
520.119,786.427,6493
975.047,150.403,6494
960.588,663.879,6495
554.246,50.231,6496
750.841,92.549,6497
50.858,52.217,6498
90.404,331.424,6499
779.003,612.162,6500
85.636,919.829,6501
870.298,630.024,6502
424.191,61.259,6503
999.000,607.332,6504
345.777,547.579,6505
875.869,408.050,6506
598.187,165.287,6507
737.257,465.786,6508
431.636,894.976,6509
344.712,691.830,6510
152.296,509.201,6511
137.685,827.944,6512
326.868,420.647,6513
41.809,466.489,6514
582.742,428.656,6515
231.101,91.509,6516
982.855,253.466,6517
939.280,730.969,6518
297.799,97.875,6519
813.069,555.452,6520
198.377,464.266,6521
303.207,661.246,6522
135.197,588.362,6523
32.083,283.706,6524
65.835,809.171,6525
603.062,952.881,6526
341.466,872.106,6527
704.467,192.960,6528
907.319,195.006,6529
117.273,540.876,6530
339.104,249.662,6531
926.489,824.023,6532
272.749,370.054,6533
76.629,424.478,6534
245.099,899.961,6535
336.508,550.963,6536
543.968,635.570,6537
429.804,49.402,6538
663.332,918.643,6539
416.360,303.857,6540
85.616,274.873,6541
625.066,371.392,6542
450.275,473.814,6543
80.372,643.189,6544
345.898,744.653,6545
592.827,151.679,6546
651.608,687.247,6547
2.573,498.539,6548
714.047,474.001,6549
889.252,856.991,6550
924.235,91.830,6551
193.533,179.057,6552
539.021,712.402,6553
884.197,797.947,6554
466.661,133.302,6555
77.352,921.426,6556
510.835,321.256,6557
204.878,132.694,6558
863.344,139.316,6559
58.962,347.706,6560
26.663,568.196,6561
857.608,520.803,6562
777.669,524.931,6563
571.335,374.401,6564
951.202,830.808,6565
609.675,908.686,6566
218.204,376.985,6567
450.105,172.679,6568
384.333,169.651,6569
628.891,470.687,6570
918.445,78.498,6571
821.679,149.894,6572
615.930,98.146,6573
445.709,796.625,6574
333.822,785.140,6575
279.652,370.426,6576
907.513,949.970,6577
774.319,755.928,6578
569.340,168.675,6579
938.429,893.590,6580
899.703,848.592,6581
374.808,820.138,6582
845.167,900.684,6583
372.920,271.270,6584
10.069,926.929,6585
863.918,930.684,6586
832.066,894.961,6587
358.578,241.616,6588
617.964,527.238,6589
160.381,599.767,6590
898.296,586.600,6591
142.538,786.994,6592
174.397,610.088,6593
259.998,671.002,6594
158.225,169.689,6595
363.371,922.934,6596
476.084,620.975,6597
803.326,456.249,6598
899.676,916.099,6599
933.308,894.181,6600
145.617,601.990,6601
846.158,900.034,6602
101.943,427.944,6603
875.016,218.631,6604
191.417,349.942,6605
773.823,976.271,6606
86.476,964.733,6607
131.145,67.099,6608
907.088,269.167,6609
151.956,886.889,6610
139.842,251.210,6611
891.955,830.261,6612
331.387,691.992,6613
941.646,347.021,6614
535.375,863.126,6615
285.691,188.638,6616
939.710,675.120,6617
377.806,95.000,6618
125.992,986.877,6619
156.096,128.604,6620
768.005,914.116,6621
159.678,34.135,6622
951.231,150.266,6623
938.920,552.261,6624
93.236,166.657,6625
993.897,342.908,6626
135.359,755.771,6627
156.360,107.683,6628
699.917,326.765,6629
384.163,870.566,6630
170.147,108.632,6631
848.043,882.738,6632
627.782,70.253,6633
701.854,954.334,6634
873.193,254.824,6635
602.833,390.785,6636
517.903,414.992,6637
330.041,470.455,6638
128.971,254.689,6639
328.132,24.970,6640
641.514,534.391,6641
867.471,542.587,6642
576.742,620.683,6643
380.669,369.979,6644
410.679,730.897,6645
602.525,98.593,6646
784.395,461.230,6647
775.573,15.811,6648
560.440,72.858,6649
75.635,759.138,6650
242.176,755.058,6651
182.407,238.552,6652
202.388,585.682,6653
710.343,825.190,6654
567.534,375.445,6655
766.356,875.925,6656
218.524,938.436,6657
152.250,805.219,6658
246.122,514.723,6659
442.715,243.077,6660
668.015,218.647,6661
638.794,876.346,6662
519.303,586.650,6663
687.427,974.689,6664
576.123,351.041,6665
862.155,626.588,6666
779.323,24.531,6667
611.782,327.006,6668
949.128,80.336,6669
259.115,596.342,6670
800.828,253.398,6671
512.215,850.546,6672
310.708,242.414,6673
498.370,921.023,6674
295.204,719.960,6675
783.804,502.119,6676
937.256,917.534,6677
619.657,184.596,6678
125.252,349.837,6679
314.345,844.441,6680
775.531,684.301,6681
683.332,248.152,6682
265.253,540.715,6683
463.032,368.465,6684
811.352,437.510,6685
514.362,491.188,6686
199.942,944.083,6687
841.386,818.396,6688
459.369,683.286,6689
268.691,59.264,6690
535.695,698.282,6691
738.397,292.784,6692
843.838,316.925,6693
785.950,703.267,6694
344.822,684.777,6695
129.185,618.263,6696
364.393,377.245,6697
363.752,123.417,6698
501.540,120.744,6699
167.200,49.411,6700
528.551,99.401,6701
482.373,39.719,6702
643.375,275.103,6703
525.735,576.274,6704
262.650,892.702,6705
455.959,299.231,6706
321.394,309.581,6707
631.290,848.953,6708
170.778,843.828,6709
138.291,389.485,6710
811.066,674.729,6711
409.760,504.351,6712
125.494,519.647,6713
827.618,728.314,6714
920.932,805.804,6715
101.810,356.438,6716
60.447,444.786,6717
771.557,362.461,6718
275.087,908.918,6719
10.375,276.892,6720
109.061,505.116,6721
140.707,951.494,6722
221.729,821.950,6723
521.486,839.407,6724
475.013,279.750,6725
522.752,951.304,6726
146.023,332.136,6727
175.825,280.669,6728
561.169,207.481,6729
690.733,926.411,6730
169.235,621.430,6731
208.920,423.038,6732
319.500,494.038,6733
36.790,222.622,6734
956.293,692.050,6735
160.250,912.003,6736
254.299,159.561,6737
720.305,158.850,6738
677.090,195.642,6739
575.018,169.699,6740
653.335,551.044,6741
640.847,210.959,6742
656.733,603.775,6743
744.546,90.117,6744
595.988,184.001,6745
617.273,693.369,6746
631.850,56.428,6747
568.367,578.424,6748
140.530,67.729,6749
306.679,571.109,6750
624.955,835.878,6751
380.412,819.051,6752
117.404,862.132,6753
490.797,915.507,6754
377.246,615.628,6755
331.825,214.853,6756
287.000,401.268,6757
852.167,396.906,6758
960.624,198.974,6759
36.845,332.295,6760
438.964,624.138,6761
828.235,777.855,6762
471.804,130.905,6763
407.059,935.471,6764
870.808,615.304,6765
644.917,142.590,6766
700.904,682.400,6767
265.802,727.823,6768
832.322,371.020,6769
940.295,594.771,6770
151.767,538.203,6771
588.478,541.224,6772
46.959,772.473,6773
862.431,94.458,6774
37.519,570.519,6775
784.432,479.726,6776
665.298,348.407,6777
774.219,656.773,6778
730.061,622.071,6779
351.837,241.135,6780
438.069,412.401,6781
329.774,473.877,6782
75.155,137.635,6783
763.577,133.814,6784
246.879,931.270,6785
443.059,847.025,6786
264.409,304.171,6787
101.868,119.342,6788
222.449,766.446,6789
658.479,668.407,6790
519.005,352.809,6791
101.220,467.719,6792
140.857,743.264,6793
136.782,62.473,6794
266.736,716.637,6795
947.134,766.806,6796
24.687,927.414,6797
644.317,379.169,6798
988.491,638.671,6799
707.857,359.553,6800
631.509,797.547,6801
355.418,860.993,6802
573.185,962.595,6803
926.834,213.223,6804
509.971,182.490,6805
216.360,235.055,6806
589.701,951.282,6807
796.266,952.171,6808
723.878,30.888,6809
83.034,24.948,6810
17.254,510.761,6811
943.103,435.896,6812
343.526,322.372,6813
942.876,250.102,6814
50.767,844.287,6815
628.172,694.290,6816
209.906,563.849,6817
561.153,898.463,6818
898.293,983.131,6819
614.663,173.825,6820
179.695,384.300,6821
950.888,101.578,6822
814.007,827.341,6823
949.053,655.696,6824
638.700,106.058,6825
632.846,147.252,6826
164.640,558.101,6827
117.977,715.196,6828
906.783,739.911,6829
531.891,210.304,6830
746.701,865.908,6831
199.207,886.326,6832
227.566,42.578,6833
980.426,984.729,6834
460.459,701.394,6835
574.498,76.967,6836
498.274,225.297,6837
858.795,936.470,6838
372.110,550.297,6839
874.984,227.016,6840
368.492,624.294,6841
213.643,338.877,6842
956.720,205.934,6843
563.466,954.896,6844
946.511,309.077,6845
219.168,55.669,6846
200.317,401.648,6847
500.813,443.097,6848
363.488,569.704,6849
351.746,492.263,6850
307.318,571.418,6851
850.659,583.495,6852
86.451,594.246,6853
574.331,531.274,6854
178.765,911.766,6855
446.704,430.424,6856
763.942,785.297,6857
167.451,289.555,6858
921.131,673.199,6859
451.472,778.536,6860
60.664,208.578,6861
90.223,502.490,6862
581.594,573.596,6863
815.479,723.309,6864
33.968,643.122,6865
187.160,949.404,6866
181.660,174.843,6867
333.321,319.823,6868
643.872,215.772,6869
762.521,502.107,6870
886.953,8.584,6871
119.993,807.015,6872
662.437,707.039,6873
789.361,323.596,6874
459.381,255.709,6875
42.868,542.683,6876
139.384,99.013,6877
994.737,323.135,6878
581.275,681.924,6879
955.086,703.022,6880
578.213,132.990,6881
514.759,396.998,6882
299.130,607.108,6883
740.006,977.531,6884
50.936,995.215,6885
485.486,684.838,6886
912.661,455.167,6887
143.751,99.056,6888
832.226,565.698,6889
790.918,238.767,6890
113.907,732.913,6891
228.101,579.142,6892
564.041,36.710,6893
458.111,903.392,6894
54.306,544.870,6895
92.078,529.591,6896
239.669,623.428,6897
104.249,591.417,6898
449.281,171.646,6899
739.186,915.475,6900
499.044,413.319,6901
182.588,913.477,6902
67.127,655.807,6903
24.903,446.880,6904
496.031,560.519,6905
508.501,12.476,6906
756.677,287.514,6907
173.722,738.072,6908
517.920,237.306,6909
826.369,266.234,6910
241.410,977.539,6911
293.663,248.313,6912
539.302,278.771,6913
571.333,48.925,6914
721.689,398.748,6915
347.008,155.872,6916
50.895,121.363,6917
835.912,221.801,6918
805.919,696.305,6919
570.154,802.860,6920
258.842,477.621,6921
60.567,283.935,6922
786.901,717.822,6923
786.222,760.853,6924
776.295,415.328,6925
66.970,162.174,6926
408.320,594.044,6927
652.464,731.746,6928
746.923,256.903,6929
677.240,213.224,6930
956.400,980.843,6931
709.475,899.295,6932
76.302,506.911,6933
585.970,731.394,6934
228.345,481.904,6935
346.927,986.808,6936
537.408,224.381,6937
22.801,139.246,6938
84.639,734.049,6939
504.505,346.738,6940
708.337,340.392,6941
496.784,798.681,6942
690.177,186.927,6943
856.561,705.706,6944
173.937,615.131,6945
232.345,683.885,6946
119.328,505.552,6947
206.977,854.172,6948
560.855,699.012,6949
9.845,445.844,6950
422.796,46.642,6951
894.074,191.436,6952
262.534,372.767,6953
450.174,420.402,6954
127.747,908.134,6955
626.791,284.587,6956
302.270,173.396,6957
567.962,503.453,6958
499.554,836.300,6959
192.315,217.296,6960
463.909,853.422,6961
859.315,89.577,6962
279.913,750.394,6963
135.816,949.073,6964
257.628,803.113,6965
325.744,557.762,6966
817.869,136.296,6967
298.072,519.621,6968
49.266,172.217,6969
205.844,696.369,6970
301.426,173.714,6971
141.245,151.573,6972
711.361,63.116,6973
941.367,532.399,6974
886.302,0.000,6975
428.997,977.868,6976
148.839,849.977,6977
836.343,259.481,6978
228.705,849.442,6979
348.150,811.850,6980
689.297,447.498,6981
800.319,749.089,6982
467.475,603.101,6983
454.291,542.134,6984
755.189,119.073,6985
76.331,734.076,6986
278.827,219.843,6987
976.218,772.011,6988
409.440,269.720,6989
194.883,257.581,6990
512.614,719.197,6991
480.084,139.184,6992
9.396,650.524,6993
710.058,385.653,6994
367.268,406.672,6995
961.119,147.120,6996
872.759,608.836,6997
632.940,267.741,6998
509.328,350.694,6999
