x,y,target_id
255.536,191.681,0
850.606,30.692,1
745.739,164.344,2
106.924,495.086,3
43.453,841.201,4
158.719,317.540,5
1.605,78.622,6
888.626,833.302,7
777.214,993.012,8
287.907,346.314,9
466.953,238.314,10
297.746,65.045,11
103.788,53.504,12
702.168,660.554,13
4.403,941.862,14
368.914,696.153,15
62.690,717.584,16
77.282,403.607,17
471.843,947.890,18
876.067,147.522,19
211.560,917.359,20
324.493,718.146,21
10.741,686.223,22
785.419,889.922,23
63.048,758.906,24
718.801,543.035,25
249.632,494.963,26
943.252,273.833,27
454.772,478.377,28
506.700,838.547,29
481.420,154.185,30
462.611,466.197,31
998.590,521.830,32
493.650,125.496,33
743.740,773.238,34
500.934,283.336,35
232.286,613.577,36
443.438,587.904,37
313.836,967.247,38
762.907,335.700,39
329.475,960.187,40
143.017,320.420,41
250.777,255.621,42
950.866,303.656,43
889.338,461.036,44
519.442,563.273,45
509.346,493.589,46
39.873,755.348,47
572.110,235.809,48
330.889,741.816,49
961.942,24.449,50
351.607,449.770,51
849.312,545.794,52
577.994,258.658,53
163.427,709.668,54
567.082,444.696,55
926.550,377.551,56
441.619,639.563,57
477.854,304.174,58
74.648,741.338,59
875.149,671.348,60
495.911,701.067,61
740.819,507.766,62
199.300,208.541,63
773.935,518.111,64
548.321,569.835,65
786.242,701.918,66
211.307,3.122,67
151.543,980.780,68
184.351,357.476,69
753.824,241.218,70
417.730,577.932,71
881.306,845.827,72
855.711,666.038,73
142.608,144.674,74
682.036,779.734,75
387.209,738.878,76
937.435,980.460,77
478.272,607.592,78
686.241,595.207,79
299.686,388.211,80
975.619,319.243,81
883.537,784.509,82
139.469,139.483,83
625.125,504.652,84
783.642,797.479,85
232.063,906.162,86
812.017,933.732,87
25.482,306.549,88
134.451,284.367,89
935.874,644.702,90
56.389,546.089,91
608.745,240.070,92
294.717,982.008,93
130.123,199.425,94
461.186,645.613,95
519.045,393.814,96
514.824,137.834,97
915.638,248.059,98
308.122,751.859,99
629.829,635.236,100
42.151,946.676,101
154.772,515.237,102
178.526,735.034,103
183.439,796.630,104
799.335,687.746,105
182.017,458.880,106
292.794,430.496,107
293.648,420.462,108
698.143,321.812,109
656.831,62.817,110
803.263,85.901,111
792.388,398.770,112
367.839,795.409,113
83.268,400.436,114
408.369,961.088,115
817.988,14.594,116
46.712,265.158,117
332.121,147.191,118
102.127,777.947,119
670.605,371.834,120
609.869,199.875,121
582.756,451.762,122
573.557,6.626,123
841.133,4.910,124
359.202,555.966,125
149.755,451.443,126
940.468,300.183,127
926.207,106.509,128
392.179,690.383,129
427.705,171.832,130
33.211,503.571,131
559.337,985.319,132
162.601,116.852,133
459.327,548.251,134
81.364,945.138,135
471.922,399.792,136
343.317,665.048,137
856.999,375.779,138
188.719,829.547,139
209.287,383.408,140
191.365,844.912,141
836.192,745.936,142
146.357,131.393,143
772.301,118.488,144
895.645,103.954,145
235.877,894.634,146
840.673,224.729,147
991.081,896.547,148
900.583,285.719,149
585.934,345.394,150
659.098,552.195,151
718.526,578.453,152
143.486,160.693,153
885.390,931.627,154
884.526,462.185,155
509.559,443.954,156
638.683,697.495,157
842.308,472.174,158
525.265,355.901,159
718.744,405.971,160
419.663,428.055,161
936.589,623.266,162
737.051,811.081,163
485.942,477.334,164
252.211,570.604,165
436.677,156.700,166
401.859,928.422,167
240.475,783.792,168
172.284,755.951,169
594.062,766.049,170
487.255,578.872,171
523.554,393.688,172
603.752,426.298,173
941.275,906.745,174
147.849,727.348,175
730.784,193.453,176
73.464,239.288,177
771.046,50.664,178
191.781,207.487,179
382.822,517.749,180
194.955,49.146,181
560.694,137.395,182
486.362,606.647,183
319.807,622.190,184
740.713,819.705,185
300.365,822.302,186
668.359,277.367,187
82.656,399.470,188
447.821,944.306,189
816.696,35.434,190
496.625,789.308,191
961.039,638.278,192
974.663,449.538,193
93.986,451.942,194
549.666,719.653,195
678.907,406.032,196
949.062,734.736,197
414.372,927.312,198
897.084,640.481,199
878.193,174.322,200
558.568,388.481,201
563.655,659.041,202
432.648,935.431,203
584.454,355.882,204
677.730,777.200,205
135.964,846.425,206
785.813,65.834,207
225.203,182.019,208
158.311,558.972,209
802.802,797.127,210
392.591,990.160,211
762.146,84.496,212
508.189,79.355,213
166.339,635.016,214
283.221,389.549,215
208.606,96.935,216
955.287,956.641,217
63.749,553.448,218
967.541,261.035,219
789.745,413.745,220
266.243,569.130,221
692.589,718.238,222
507.154,794.356,223
379.756,279.058,224
978.619,124.781,225
93.046,708.074,226
229.892,794.875,227
886.081,53.185,228
266.400,802.071,229
396.673,53.911,230
550.980,69.550,231
263.920,734.857,232
20.141,206.941,233
580.537,51.114,234
884.805,359.882,235
60.460,734.271,236
211.455,718.581,237
337.615,437.708,238
875.919,796.629,239
447.244,998.290,240
886.649,842.970,241
51.837,913.532,242
93.960,428.525,243
782.543,404.842,244
804.208,603.946,245
426.904,609.168,246
349.616,67.792,247
86.250,487.113,248
398.807,911.709,249
501.486,139.416,250
736.571,815.969,251
364.602,132.360,252
100.807,635.343,253
121.286,280.364,254
207.834,375.274,255
892.042,575.482,256
899.910,446.518,257
966.553,135.607,258
417.541,993.561,259
322.100,296.893,260
990.036,336.566,261
905.675,797.662,262
677.996,871.237,263
945.901,127.167,264
312.025,576.366,265
962.123,309.529,266
647.157,416.718,267
34.753,324.182,268
4.041,135.012,269
193.241,63.590,270
499.761,626.790,271
366.126,592.425,272
963.624,251.342,273
980.123,282.616,274
756.495,663.119,275
82.356,859.922,276
21.699,719.989,277
981.258,34.210,278
635.755,69.083,279
892.612,455.470,280
481.666,262.800,281
827.798,592.357,282
902.316,477.993,283
336.636,284.115,284
805.396,318.054,285
667.618,661.088,286
322.450,901.296,287
580.206,999.000,288
601.027,839.263,289
523.390,347.158,290
800.401,934.932,291
739.725,253.954,292
88.912,458.556,293
452.283,178.520,294
319.474,342.096,295
441.020,99.486,296
392.360,462.956,297
200.229,160.627,298
519.253,658.288,299
132.856,626.533,300
262.658,326.759,301
431.944,445.445,302
176.939,201.176,303
156.252,569.035,304
230.194,859.250,305
880.316,774.095,306
831.484,76.256,307
411.777,97.495,308
277.170,100.047,309
441.230,133.079,310
185.438,595.493,311
136.974,195.186,312
807.264,921.656,313
317.037,22.212,314
622.115,649.093,315
801.158,607.820,316
509.727,591.945,317
63.138,587.984,318
306.511,476.089,319
633.022,684.808,320
878.062,832.614,321
980.266,778.026,322
476.913,459.635,323
182.083,309.740,324
921.646,432.453,325
310.893,786.333,326
526.411,281.387,327
38.807,183.071,328
490.972,417.477,329
731.366,134.287,330
607.659,979.848,331
416.645,473.890,332
826.879,856.705,333
18.516,733.650,334
654.995,923.926,335
886.689,442.359,336
175.249,919.860,337
818.123,746.660,338
773.351,20.551,339
972.660,894.286,340
941.481,713.192,341
220.474,466.469,342
591.548,851.281,343
259.078,69.579,344
798.454,912.668,345
354.707,538.702,346
651.086,981.945,347
466.490,886.091,348
795.104,431.800,349
649.876,317.724,350
149.733,367.060,351
633.366,446.661,352
671.719,355.620,353
305.010,170.418,354
531.606,776.851,355
98.391,590.582,356
956.047,918.453,357
154.736,479.948,358
650.265,771.843,359
927.082,827.776,360
466.598,671.387,361
792.515,897.956,362
408.362,552.903,363
595.822,863.233,364
783.321,664.325,365
390.645,73.281,366
764.635,513.877,367
346.412,343.218,368
507.355,217.895,369
711.051,245.641,370
546.096,963.785,371
866.868,667.119,372
121.882,305.792,373
609.693,818.791,374
38.388,375.547,375
858.523,453.654,376
71.250,488.777,377
849.211,640.917,378
590.635,377.231,379
946.062,237.589,380
41.426,395.092,381
203.761,345.762,382
304.851,476.131,383
829.401,120.115,384
117.530,40.701,385
596.820,168.333,386
217.479,720.615,387
767.085,270.773,388
213.043,507.083,389
901.657,250.101,390
152.297,64.715,391
927.519,76.129,392
321.455,515.774,393
138.468,785.649,394
288.292,891.047,395
292.527,65.176,396
749.954,5.446,397
158.230,293.654,398
350.452,913.977,399
813.211,561.292,400
306.893,549.546,401
467.570,278.418,402
528.450,105.094,403
928.643,367.227,404
394.398,975.024,405
823.965,538.131,406
842.622,332.315,407
62.356,702.473,408
426.471,992.463,409
317.543,474.047,410
58.895,702.786,411
36.214,439.351,412
787.528,313.395,413
208.793,833.162,414
999.000,498.223,415
690.543,464.600,416
189.850,478.064,417
118.215,632.786,418
290.267,538.533,419
871.883,221.384,420
952.947,112.306,421
197.127,667.135,422
614.292,158.920,423
173.372,669.094,424
155.856,100.263,425
961.461,974.530,426
808.405,269.591,427
252.649,795.115,428
282.371,253.803,429
620.784,630.707,430
345.510,468.781,431
835.852,402.966,432
316.034,715.938,433
934.793,99.815,434
40.491,281.357,435
573.850,68.152,436
638.880,847.436,437
349.255,982.437,438
568.397,787.671,439
843.918,351.647,440
393.721,21.941,441
930.933,674.758,442
878.624,705.421,443
479.725,312.872,444
629.657,104.093,445
173.816,281.975,446
834.370,724.801,447
956.411,708.626,448
154.359,218.002,449
624.684,364.455,450
133.250,780.140,451
130.232,843.099,452
819.993,837.784,453
478.266,94.523,454
139.479,209.203,455
952.319,500.179,456
533.197,491.783,457
469.349,756.085,458
51.316,227.068,459
557.775,398.161,460
257.023,78.783,461
879.770,297.770,462
547.031,766.321,463
238.628,705.801,464
250.904,167.060,465
855.080,520.219,466
708.380,156.650,467
40.464,756.280,468
76.623,635.629,469
940.205,983.971,470
401.118,59.911,471
126.302,624.231,472
776.857,303.607,473
346.973,364.731,474
213.068,607.985,475
999.000,508.955,476
987.968,98.813,477
297.740,307.340,478
261.140,929.981,479
540.471,802.076,480
898.627,788.915,481
360.610,119.408,482
562.471,667.671,483
190.791,233.750,484
976.294,413.220,485
617.005,928.361,486
457.813,232.199,487
651.993,221.598,488
166.824,174.464,489
198.145,887.221,490
556.519,51.336,491
735.382,559.766,492
215.236,919.967,493
608.362,134.326,494
157.599,327.249,495
777.971,881.685,496
796.767,853.361,497
636.192,228.780,498
427.617,216.643,499
855.573,879.371,500
607.942,720.314,501
177.026,269.471,502
564.588,41.759,503
662.522,778.166,504
252.728,65.794,505
551.247,384.617,506
435.372,83.660,507
771.506,310.808,508
493.392,66.133,509
882.334,981.906,510
404.971,925.419,511
656.829,183.386,512
140.592,712.989,513
120.942,665.743,514
528.919,543.891,515
859.146,37.933,516
606.426,745.361,517
398.339,792.975,518
372.309,709.978,519
298.292,226.960,520
205.500,195.675,521
773.331,927.062,522
836.110,110.451,523
445.995,684.673,524
131.554,991.307,525
512.771,961.804,526
299.498,272.579,527
111.669,792.686,528
91.072,646.816,529
235.855,650.742,530
647.712,208.853,531
281.351,210.291,532
860.826,401.714,533
283.332,306.249,534
524.169,836.343,535
260.737,609.352,536
807.780,928.423,537
907.302,468.623,538
446.150,340.444,539
32.613,642.717,540
957.777,197.395,541
434.533,199.406,542
303.926,304.420,543
100.265,406.419,544
825.958,548.329,545
65.301,691.568,546
85.946,872.880,547
598.841,690.742,548
480.498,957.171,549
155.891,649.604,550
268.593,805.463,551
430.811,352.100,552
352.582,25.624,553
78.468,351.486,554
553.639,744.491,555
511.272,451.196,556
341.055,238.868,557
158.615,646.518,558
565.240,672.390,559
875.122,16.196,560
954.843,568.318,561
333.552,541.947,562
92.644,930.626,563
596.285,931.515,564
811.128,197.657,565
46.908,845.330,566
213.056,351.925,567
726.120,613.111,568
645.683,359.741,569
133.969,549.873,570
462.618,826.551,571
748.453,12.013,572
100.822,324.329,573
461.391,851.950,574
789.294,622.897,575
704.374,979.027,576
991.426,900.824,577
462.009,297.739,578
656.491,181.037,579
513.506,572.039,580
851.637,515.512,581
347.091,269.481,582
659.800,754.986,583
769.264,30.573,584
577.077,758.894,585
588.659,868.585,586
203.098,878.729,587
454.786,858.687,588
147.889,428.925,589
521.185,103.414,590
733.828,954.522,591
779.397,477.139,592
845.050,943.517,593
944.611,696.268,594
593.349,761.218,595
879.660,220.376,596
454.826,917.389,597
802.048,959.057,598
349.637,336.034,599
837.658,228.917,600
542.254,219.541,601
282.076,77.879,602
219.839,251.923,603
582.517,64.269,604
1.917,443.187,605
191.496,765.639,606
234.508,261.195,607
738.705,160.389,608
667.575,983.088,609
36.519,148.294,610
936.361,496.887,611
87.563,384.377,612
794.719,457.462,613
291.123,686.944,614
759.766,127.419,615
784.413,676.840,616
229.647,435.096,617
349.898,289.491,618
898.301,314.967,619
35.044,743.799,620
960.277,194.753,621
320.643,878.695,622
517.771,33.885,623
786.479,994.537,624
570.038,309.364,625
708.266,870.502,626
400.219,959.276,627
946.626,725.235,628
44.411,557.023,629
7.754,385.276,630
632.040,659.332,631
496.708,633.775,632
170.734,213.704,633
943.474,473.300,634
894.473,10.680,635
155.723,514.540,636
410.482,777.123,637
982.183,598.034,638
103.070,924.744,639
53.056,666.547,640
826.759,47.472,641
657.795,342.984,642
75.571,851.261,643
628.013,833.135,644
821.791,774.134,645
335.506,970.028,646
387.736,817.053,647
886.976,75.702,648
249.678,994.305,649
820.355,916.669,650
486.178,561.371,651
805.387,494.053,652
810.652,800.169,653
363.126,407.930,654
535.636,106.285,655
259.500,850.161,656
678.434,294.810,657
882.722,492.160,658
889.535,489.132,659
911.183,848.266,660
961.043,361.104,661
893.585,792.717,662
724.975,227.506,663
393.879,784.908,664
606.195,62.670,665
559.556,645.140,666
170.399,954.598,667
462.573,55.135,668
217.741,469.461,669
294.428,87.443,670
670.046,775.338,671
382.941,954.056,672
960.378,676.775,673
957.187,765.781,674
327.460,375.570,675
742.693,233.720,676
693.440,808.663,677
44.136,372.786,678
622.325,424.222,679
358.042,542.651,680
494.465,155.017,681
304.116,69.630,682
96.981,685.286,683
460.061,376.113,684
60.347,340.440,685
795.690,622.519,686
478.278,590.452,687
208.845,990.378,688
7.492,519.980,689
226.100,787.410,690
849.196,264.533,691
996.180,891.542,692
794.036,888.856,693
886.910,13.148,694
388.631,42.512,695
466.089,858.519,696
206.630,315.429,697
275.261,850.020,698
356.867,715.521,699
366.621,935.222,700
890.819,635.556,701
319.645,886.958,702
589.903,433.079,703
31.677,928.152,704
9.584,620.407,705
88.994,9.080,706
452.702,821.613,707
648.878,362.682,708
656.911,771.106,709
322.559,348.791,710
289.088,209.896,711
528.351,828.740,712
942.443,761.588,713
348.507,276.478,714
610.907,173.820,715
272.559,462.846,716
537.232,846.606,717
861.587,312.682,718
348.203,19.634,719
886.202,86.052,720
591.654,259.394,721
207.428,96.821,722
676.177,508.801,723
89.708,551.977,724
91.651,717.749,725
762.978,308.612,726
402.589,37.050,727
568.173,182.429,728
116.275,157.556,729
829.811,623.088,730
294.099,980.754,731
474.706,632.504,732
437.152,940.174,733
391.341,171.021,734
888.634,475.468,735
746.874,44.898,736
579.836,452.894,737
937.092,88.695,738
11.547,167.249,739
82.470,52.782,740
905.253,625.453,741
4.269,618.447,742
177.204,237.692,743
265.889,579.904,744
748.568,732.658,745
409.302,338.779,746
855.021,168.805,747
218.822,979.043,748
703.149,583.666,749
999.000,616.231,750
942.455,497.018,751
230.984,866.662,752
66.426,128.505,753
647.074,942.864,754
124.214,90.073,755
618.761,525.570,756
776.290,810.116,757
507.008,27.409,758
662.928,780.856,759
10.037,291.110,760
694.628,68.840,761
887.991,293.763,762
318.585,522.963,763
87.450,474.446,764
620.443,835.014,765
375.163,786.650,766
481.703,950.248,767
306.828,391.071,768
445.963,819.689,769
358.025,232.947,770
169.805,73.300,771
634.980,572.267,772
193.852,0.000,773
555.619,754.058,774
180.285,729.565,775
761.373,588.508,776
928.044,784.754,777
684.215,515.899,778
580.294,173.037,779
454.419,818.298,780
626.595,488.404,781
805.577,734.761,782
953.396,596.205,783
122.575,707.594,784
928.363,347.489,785
970.022,710.047,786
223.538,480.866,787
650.348,166.156,788
12.878,990.134,789
839.473,498.024,790
54.642,192.464,791
729.257,819.032,792
680.350,421.109,793
811.419,668.057,794
757.094,345.072,795
129.127,922.447,796
269.666,497.934,797
852.426,850.755,798
258.415,314.201,799
35.090,459.986,800
406.776,929.969,801
269.024,31.632,802
854.454,984.444,803
431.850,819.502,804
241.456,838.605,805
729.183,832.281,806
697.766,172.848,807
87.554,525.782,808
355.701,332.286,809
497.812,721.114,810
473.889,183.271,811
918.797,915.220,812
336.659,35.845,813
503.023,825.696,814
564.310,63.862,815
418.164,829.165,816
823.311,947.265,817
348.003,310.091,818
104.014,942.603,819
773.860,520.449,820
189.046,966.797,821
285.998,316.035,822
154.914,959.271,823
407.986,595.321,824
404.834,223.981,825
637.680,297.491,826
907.915,380.292,827
759.826,841.124,828
509.191,873.477,829
614.236,512.334,830
783.764,295.889,831
477.650,859.215,832
68.022,948.528,833
615.647,272.379,834
681.668,363.125,835
582.836,707.764,836
570.914,622.531,837
507.395,419.216,838
777.794,513.471,839
216.047,405.285,840
220.462,995.522,841
305.648,929.274,842
669.041,246.451,843
863.670,67.502,844
996.360,416.327,845
98.077,111.364,846
756.867,538.312,847
934.059,301.925,848
942.232,474.184,849
920.563,229.858,850
129.111,131.529,851
760.369,759.287,852
730.248,154.700,853
131.984,714.624,854
715.042,493.697,855
593.040,415.328,856
862.536,596.307,857
311.738,466.102,858
538.249,303.036,859
908.273,270.029,860
338.846,429.701,861
52.747,397.699,862
132.883,574.549,863
943.020,102.001,864
34.340,344.389,865
580.392,230.746,866
500.696,822.018,867
273.094,318.507,868
610.324,801.763,869
184.320,804.628,870
156.083,318.669,871
453.672,361.840,872
770.890,823.939,873
313.306,103.851,874
165.765,804.959,875
136.841,17.086,876
455.375,708.055,877
26.378,70.769,878
449.392,601.280,879
713.964,666.013,880
599.214,752.798,881
166.415,166.091,882
497.079,306.938,883
762.031,85.130,884
729.522,498.095,885
466.196,57.110,886
107.594,247.428,887
790.306,888.427,888
225.488,107.215,889
676.427,18.962,890
200.597,189.819,891
875.093,913.155,892
866.294,368.417,893
799.273,890.855,894
655.262,143.083,895
185.306,136.869,896
354.971,893.321,897
238.366,258.703,898
814.597,376.954,899
810.102,71.072,900
528.543,780.739,901
67.522,745.554,902
565.828,456.765,903
968.933,146.660,904
101.385,434.739,905
449.316,441.789,906
741.959,485.783,907
524.639,759.740,908
659.460,284.739,909
804.376,829.512,910
596.404,696.331,911
813.749,919.208,912
476.837,36.423,913
388.924,39.700,914
70.451,190.545,915
127.264,718.217,916
796.544,575.203,917
308.496,799.366,918
789.975,559.004,919
504.296,894.173,920
603.415,478.335,921
120.761,976.573,922
311.550,137.470,923
278.911,814.575,924
335.573,612.890,925
785.031,693.683,926
205.249,691.400,927
259.522,898.312,928
626.337,651.435,929
491.257,953.647,930
384.260,824.062,931
434.418,512.624,932
955.405,569.731,933
43.400,765.984,934
130.020,683.728,935
798.601,772.626,936
624.041,653.789,937
188.434,944.763,938
575.247,505.285,939
211.883,944.973,940
914.470,585.339,941
882.962,175.120,942
628.921,201.577,943
640.950,780.553,944
259.202,271.871,945
530.402,750.970,946
351.120,927.392,947
398.984,892.222,948
257.696,456.129,949
271.876,700.518,950
2.629,373.815,951
924.080,641.900,952
317.672,484.846,953
660.740,904.815,954
930.622,812.607,955
664.173,496.005,956
447.426,492.750,957
535.044,991.752,958
663.068,655.112,959
89.760,784.187,960
109.121,200.691,961
873.214,314.063,962
307.286,569.480,963
193.561,216.728,964
859.091,433.983,965
10.108,480.808,966
945.274,172.867,967
788.714,751.831,968
249.644,654.306,969
700.867,327.656,970
906.948,328.731,971
132.702,84.538,972
538.358,761.339,973
453.395,368.692,974
36.471,448.647,975
730.519,62.207,976
158.441,116.324,977
998.345,684.508,978
462.402,709.465,979
101.102,467.340,980
785.465,363.282,981
398.331,19.481,982
552.333,632.112,983
691.528,940.396,984
399.873,345.510,985
201.595,316.489,986
385.939,543.482,987
312.267,312.852,988
445.939,365.320,989
24.994,899.345,990
88.067,557.501,991
757.325,653.013,992
151.359,460.646,993
639.536,983.634,994
790.890,685.123,995
351.044,724.655,996
644.896,992.610,997
605.095,665.572,998
57.757,787.268,999
778.127,485.846,1000
60.503,658.018,1001
204.121,263.871,1002
444.662,481.937,1003
402.506,548.812,1004
891.966,934.877,1005
626.410,487.889,1006
148.820,612.825,1007
631.415,792.816,1008
596.465,994.402,1009
176.046,321.859,1010
829.024,661.488,1011
221.735,869.905,1012
859.488,650.899,1013
743.005,57.715,1014
287.167,938.118,1015
295.758,71.931,1016
87.143,813.783,1017
440.045,921.937,1018
753.768,210.341,1019
972.278,586.486,1020
878.208,362.133,1021
242.214,648.610,1022
258.102,92.188,1023
65.723,999.000,1024
567.009,361.870,1025
423.649,767.986,1026
260.755,981.533,1027
640.468,559.894,1028
400.876,118.340,1029
935.048,154.810,1030
213.016,522.057,1031
961.606,186.059,1032
439.461,529.140,1033
656.228,93.030,1034
519.633,458.979,1035
235.194,217.016,1036
616.329,488.057,1037
99.369,645.095,1038
407.602,661.608,1039
718.902,787.489,1040
387.917,843.636,1041
331.962,851.319,1042
114.394,543.969,1043
981.960,634.725,1044
167.802,40.237,1045
875.982,412.188,1046
73.955,31.764,1047
958.987,175.835,1048
58.776,52.052,1049
489.243,50.138,1050
486.993,512.401,1051
641.294,208.891,1052
802.069,399.164,1053
994.043,30.993,1054
244.493,545.886,1055
651.623,842.286,1056
538.012,915.186,1057
595.109,632.298,1058
920.249,237.687,1059
265.546,595.234,1060
148.098,550.299,1061
906.337,108.383,1062
87.583,385.584,1063
178.355,17.773,1064
959.647,891.095,1065
136.470,796.860,1066
783.729,590.977,1067
852.239,294.342,1068
660.489,575.550,1069
599.872,245.382,1070
98.014,500.014,1071
525.336,945.508,1072
463.442,369.365,1073
145.800,434.095,1074
109.005,990.726,1075
881.330,11.175,1076
950.356,153.693,1077
720.142,183.273,1078
714.828,579.132,1079
697.761,184.559,1080
998.614,270.416,1081
340.863,666.527,1082
744.111,903.682,1083
273.798,333.584,1084
106.433,696.603,1085
534.077,549.991,1086
76.086,704.487,1087
502.128,212.885,1088
18.939,339.439,1089
857.022,868.256,1090
466.961,310.442,1091
401.848,637.728,1092
457.355,647.311,1093
314.999,393.128,1094
140.070,463.540,1095
22.431,448.803,1096
487.357,380.183,1097
873.951,531.539,1098
824.820,286.708,1099
577.757,705.841,1100
205.333,936.451,1101
473.725,19.487,1102
587.203,654.850,1103
778.304,667.652,1104
903.214,371.037,1105
449.273,351.343,1106
261.597,259.455,1107
577.971,771.668,1108
163.849,96.346,1109
397.767,304.395,1110
410.643,837.148,1111
663.408,503.717,1112
374.889,217.867,1113
995.393,342.714,1114
396.033,350.037,1115
634.191,207.954,1116
877.206,946.016,1117
448.462,736.042,1118
197.258,169.611,1119
396.098,183.612,1120
2.834,637.267,1121
171.311,255.710,1122
11.641,848.344,1123
275.840,540.004,1124
490.982,907.818,1125
378.842,649.382,1126
984.528,366.053,1127
673.046,319.147,1128
662.687,357.198,1129
788.921,559.880,1130
623.048,953.981,1131
617.600,667.619,1132
149.524,674.600,1133
482.168,952.969,1134
962.582,472.170,1135
63.622,652.369,1136
260.551,244.708,1137
72.935,538.230,1138
772.062,92.094,1139
771.385,364.621,1140
128.238,239.925,1141
250.038,997.058,1142
980.953,195.796,1143
291.978,186.614,1144
187.533,326.380,1145
856.235,18.555,1146
328.724,276.599,1147
758.985,44.197,1148
764.898,454.350,1149
707.820,451.432,1150
589.003,111.054,1151
441.925,279.751,1152
36.086,708.581,1153
785.816,122.786,1154
11.076,7.200,1155
506.136,773.608,1156
566.662,530.531,1157
605.867,702.337,1158
326.189,127.961,1159
579.979,648.276,1160
104.280,726.789,1161
296.585,323.315,1162
245.731,949.281,1163
788.506,798.909,1164
964.296,162.547,1165
746.242,129.215,1166
682.269,204.526,1167
140.379,966.666,1168
222.846,156.961,1169
496.046,836.466,1170
299.024,271.458,1171
325.524,785.501,1172
396.928,529.040,1173
131.263,608.364,1174
904.439,833.205,1175
989.840,847.503,1176
292.004,960.167,1177
330.488,383.961,1178
689.784,820.770,1179
91.777,271.566,1180
610.829,873.855,1181
117.386,262.384,1182
395.874,776.074,1183
752.091,120.093,1184
860.282,766.531,1185
256.134,364.009,1186
313.966,146.282,1187
398.957,947.690,1188
922.920,843.190,1189
92.832,76.257,1190
159.826,495.757,1191
353.043,783.900,1192
924.356,229.072,1193
126.018,755.861,1194
996.882,107.194,1195
694.192,272.744,1196
191.688,370.674,1197
558.050,869.368,1198
269.279,387.662,1199
152.139,36.942,1200
245.435,269.776,1201
874.711,351.140,1202
652.044,41.409,1203
57.610,18.858,1204
918.923,20.499,1205
743.393,32.748,1206
460.447,658.869,1207
26.990,691.894,1208
662.248,641.843,1209
233.189,47.008,1210
414.846,97.587,1211
587.827,884.761,1212
673.872,628.377,1213
385.040,742.805,1214
515.191,310.687,1215
251.620,510.011,1216
287.590,132.439,1217
809.704,563.991,1218
583.463,126.322,1219
43.335,452.867,1220
435.079,51.608,1221
165.916,460.055,1222
840.737,485.952,1223
905.169,743.575,1224
930.857,867.078,1225
302.538,48.878,1226
158.458,959.862,1227
162.336,749.779,1228
26.132,469.987,1229
945.294,677.646,1230
218.159,455.797,1231
56.167,374.537,1232
153.725,131.792,1233
898.033,393.117,1234
740.881,803.499,1235
135.688,985.058,1236
391.046,420.114,1237
605.589,596.176,1238
227.563,891.397,1239
316.880,273.652,1240
468.879,207.132,1241
788.294,184.195,1242
434.610,916.304,1243
537.617,601.061,1244
908.128,875.930,1245
758.890,971.497,1246
681.800,719.921,1247
642.037,786.190,1248
219.833,969.100,1249
183.144,11.863,1250
814.794,663.594,1251
472.191,695.292,1252
194.464,565.969,1253
746.827,333.992,1254
578.790,936.305,1255
384.175,101.143,1256
393.713,68.104,1257
132.837,660.258,1258
117.225,353.654,1259
687.404,372.394,1260
355.693,555.690,1261
545.123,452.519,1262
293.350,91.945,1263
950.628,460.561,1264
432.639,349.728,1265
766.677,307.965,1266
160.156,600.861,1267
791.772,318.888,1268
213.326,677.055,1269
50.738,413.213,1270
270.882,82.964,1271
477.335,350.185,1272
664.358,502.770,1273
256.042,807.269,1274
304.576,438.311,1275
46.780,902.088,1276
647.103,472.607,1277
469.307,439.585,1278
743.502,692.159,1279
584.574,31.282,1280
261.490,115.738,1281
955.259,831.712,1282
828.749,657.910,1283
256.221,145.619,1284
925.025,282.120,1285
237.395,740.100,1286
835.313,50.773,1287
676.607,334.879,1288
382.485,988.762,1289
988.821,540.448,1290
7.507,956.434,1291
200.437,422.640,1292
546.818,532.802,1293
321.486,859.506,1294
352.313,430.455,1295
470.592,616.171,1296
153.013,910.084,1297
898.824,644.660,1298
360.781,569.741,1299
477.636,697.499,1300
426.518,358.183,1301
132.044,243.427,1302
163.911,286.866,1303
834.040,13.709,1304
429.209,894.067,1305
613.827,521.230,1306
805.144,529.251,1307
601.473,802.834,1308
831.076,477.945,1309
286.314,910.378,1310
487.495,834.379,1311
321.283,967.294,1312
442.939,0.848,1313
118.590,234.431,1314
180.595,426.631,1315
768.869,860.742,1316
309.454,22.007,1317
124.369,246.694,1318
192.637,450.196,1319
63.741,784.300,1320
938.434,240.980,1321
99.969,17.572,1322
868.152,969.715,1323
468.617,742.271,1324
615.863,929.032,1325
433.606,216.114,1326
555.341,952.398,1327
145.544,128.804,1328
938.995,452.623,1329
950.804,833.409,1330
419.235,7.040,1331
986.990,629.962,1332
864.516,175.536,1333
638.673,483.902,1334
909.615,606.706,1335
483.557,908.168,1336
856.733,669.297,1337
177.774,500.351,1338
608.992,580.179,1339
688.344,229.460,1340
873.681,587.643,1341
109.310,584.882,1342
352.386,409.999,1343
63.015,569.806,1344
909.321,176.864,1345
866.618,14.101,1346
292.167,583.556,1347
403.303,339.110,1348
874.710,577.066,1349
505.198,667.566,1350
905.982,609.157,1351
546.762,224.230,1352
378.071,21.180,1353
770.458,104.246,1354
110.302,120.641,1355
706.407,674.358,1356
885.673,277.688,1357
832.336,246.574,1358
90.981,795.300,1359
833.786,912.022,1360
343.836,105.530,1361
699.588,961.543,1362
536.117,710.917,1363
712.784,548.665,1364
926.816,563.681,1365
819.350,941.486,1366
682.330,754.437,1367
362.257,43.148,1368
180.210,462.034,1369
968.045,243.111,1370
206.824,306.513,1371
848.676,133.785,1372
118.116,839.315,1373
926.149,293.727,1374
735.388,801.687,1375
837.922,661.913,1376
483.455,74.107,1377
812.380,49.694,1378
269.779,387.524,1379
504.009,981.092,1380
1.553,390.473,1381
208.627,184.080,1382
719.033,490.950,1383
187.021,39.354,1384
148.549,256.674,1385
65.051,939.262,1386
380.729,576.690,1387
529.153,187.344,1388
464.540,425.576,1389
719.243,52.161,1390
17.710,416.115,1391
442.529,783.476,1392
826.034,963.810,1393
862.501,838.329,1394
500.933,234.134,1395
62.506,577.141,1396
2.876,695.364,1397
638.881,664.267,1398
508.550,368.801,1399
943.337,828.813,1400
169.557,273.151,1401
279.312,460.822,1402
321.894,48.025,1403
982.732,308.530,1404
455.524,202.313,1405
692.430,213.743,1406
501.757,9.846,1407
654.540,847.752,1408
41.801,472.167,1409
784.230,329.488,1410
928.959,790.428,1411
839.775,202.479,1412
389.879,333.179,1413
998.099,51.340,1414
216.444,727.134,1415
29.651,274.942,1416
293.415,37.775,1417
222.095,793.853,1418
681.762,275.567,1419
459.557,695.557,1420
137.827,303.196,1421
553.539,990.158,1422
845.017,279.254,1423
896.598,108.178,1424
52.417,469.511,1425
166.405,100.260,1426
539.480,541.222,1427
894.036,222.503,1428
654.699,433.796,1429
726.845,733.134,1430
310.269,860.079,1431
929.670,933.312,1432
247.631,274.891,1433
48.167,804.384,1434
905.531,798.859,1435
759.171,816.589,1436
881.059,110.253,1437
979.066,945.387,1438
178.080,273.906,1439
569.418,88.577,1440
180.917,556.958,1441
730.372,4.261,1442
563.669,354.972,1443
368.106,115.291,1444
554.778,321.125,1445
98.278,76.245,1446
351.672,554.161,1447
957.618,965.247,1448
96.513,265.517,1449
691.084,796.199,1450
73.888,145.748,1451
180.348,566.347,1452
426.951,100.384,1453
640.463,96.597,1454
940.967,158.325,1455
100.976,883.284,1456
14.091,687.999,1457
896.313,113.474,1458
258.465,571.523,1459
357.672,840.671,1460
731.449,871.460,1461
343.630,570.206,1462
223.380,850.095,1463
796.092,335.743,1464
727.889,215.694,1465
334.977,533.817,1466
881.212,7.537,1467
794.554,429.384,1468
220.805,427.042,1469
950.826,409.320,1470
142.628,18.176,1471
511.575,69.758,1472
374.213,915.024,1473
813.551,208.832,1474
654.723,805.414,1475
685.487,918.400,1476
1.361,667.301,1477
888.474,195.146,1478
258.480,434.429,1479
153.447,208.672,1480
77.506,902.539,1481
423.977,372.153,1482
157.161,577.907,1483
491.193,647.241,1484
635.690,911.430,1485
23.901,615.262,1486
980.922,452.496,1487
8.625,754.315,1488
354.565,851.733,1489
780.515,332.001,1490
280.660,616.170,1491
911.250,577.820,1492
773.028,219.876,1493
959.201,691.495,1494
608.053,605.429,1495
743.668,591.709,1496
669.062,30.488,1497
790.292,295.660,1498
288.869,271.308,1499
908.334,288.146,1500
858.073,822.079,1501
661.650,225.137,1502
568.187,691.840,1503
84.097,865.912,1504
352.715,27.579,1505
682.344,507.802,1506
882.757,258.419,1507
139.378,15.103,1508
659.074,746.834,1509
880.724,248.378,1510
396.857,179.492,1511
349.087,940.125,1512
824.792,962.703,1513
94.857,440.533,1514
228.766,58.657,1515
17.345,104.648,1516
663.588,251.958,1517
326.720,729.326,1518
800.629,768.220,1519
758.730,637.089,1520
96.365,953.292,1521
632.859,776.811,1522
659.544,685.278,1523
536.147,212.436,1524
562.676,302.455,1525
930.509,179.182,1526
109.904,112.815,1527
739.365,878.344,1528
880.197,46.690,1529
117.603,816.059,1530
61.124,551.695,1531
265.591,699.739,1532
56.957,256.874,1533
997.878,382.405,1534
319.928,30.867,1535
125.586,358.707,1536
389.009,594.695,1537
215.336,899.963,1538
491.650,289.375,1539
51.224,122.148,1540
43.674,602.408,1541
628.500,569.535,1542
64.130,219.047,1543
5.266,355.108,1544
514.556,212.689,1545
674.308,227.906,1546
886.394,627.796,1547
340.818,760.286,1548
796.992,816.967,1549
955.165,838.790,1550
20.667,768.190,1551
867.923,224.642,1552
890.055,43.185,1553
787.296,730.763,1554
300.209,547.214,1555
296.262,583.965,1556
835.815,595.865,1557
93.998,584.542,1558
394.292,676.580,1559
135.339,59.430,1560
533.069,798.109,1561
75.093,433.996,1562
459.597,850.193,1563
525.678,650.458,1564
123.462,69.957,1565
673.603,550.431,1566
703.972,868.924,1567
233.963,848.007,1568
793.656,100.040,1569
311.432,691.102,1570
314.867,901.195,1571
554.989,585.463,1572
567.836,384.368,1573
989.707,15.631,1574
988.505,15.137,1575
266.860,923.965,1576
506.565,808.962,1577
642.648,614.050,1578
403.521,95.405,1579
938.360,422.583,1580
912.147,955.537,1581
814.425,276.672,1582
714.036,383.958,1583
64.254,790.791,1584
322.606,467.084,1585
399.227,338.175,1586
837.130,365.590,1587
264.659,560.690,1588
329.216,935.169,1589
300.303,323.640,1590
241.630,867.579,1591
578.932,159.746,1592
393.155,282.635,1593
282.267,877.004,1594
902.404,896.322,1595
792.275,668.966,1596
478.916,640.336,1597
351.381,577.422,1598
777.237,681.480,1599
703.830,298.944,1600
290.840,904.484,1601
843.083,236.054,1602
892.155,821.070,1603
74.004,772.071,1604
693.813,835.720,1605
104.779,967.609,1606
758.029,526.171,1607
535.948,738.599,1608
123.530,285.277,1609
282.989,900.145,1610
827.283,747.711,1611
557.514,522.947,1612
793.828,192.845,1613
126.675,155.078,1614
318.135,212.110,1615
248.040,104.330,1616
621.538,585.291,1617
686.074,999.000,1618
6.485,376.976,1619
216.949,484.754,1620
223.244,371.656,1621
881.805,183.073,1622
88.617,462.621,1623
842.518,782.329,1624
807.563,100.370,1625
727.186,555.491,1626
307.107,964.630,1627
999.000,237.713,1628
924.686,259.677,1629
135.339,89.982,1630
146.531,728.001,1631
247.050,713.945,1632
922.856,78.397,1633
790.514,543.106,1634
924.881,291.193,1635
630.228,35.369,1636
787.755,889.652,1637
103.565,439.342,1638
348.107,263.754,1639
700.085,123.114,1640
665.182,377.949,1641
738.200,857.903,1642
921.266,203.514,1643
140.133,689.797,1644
128.282,522.569,1645
626.876,491.956,1646
413.350,265.528,1647
140.833,843.339,1648
502.888,974.155,1649
850.315,301.969,1650
474.817,897.954,1651
1.166,78.368,1652
605.993,715.669,1653
179.458,765.000,1654
536.270,303.471,1655
946.202,691.399,1656
64.671,807.311,1657
908.392,592.814,1658
289.640,757.803,1659
888.742,862.338,1660
566.046,522.112,1661
716.022,782.938,1662
511.285,620.374,1663
227.424,866.746,1664
782.739,500.965,1665
756.292,280.847,1666
592.696,847.274,1667
923.764,124.472,1668
864.300,293.052,1669
803.991,557.101,1670
79.819,549.276,1671
936.529,254.097,1672
850.873,812.475,1673
93.950,822.122,1674
588.665,85.547,1675
453.712,420.110,1676
265.295,665.778,1677
697.603,270.261,1678
461.528,881.627,1679
102.946,164.658,1680
922.014,557.225,1681
504.420,438.670,1682
219.480,700.810,1683
541.481,32.867,1684
536.369,668.142,1685
256.143,756.061,1686
222.667,131.210,1687
778.696,514.238,1688
505.201,915.639,1689
66.627,675.008,1690
0.396,895.099,1691
365.615,429.135,1692
964.438,821.653,1693
379.171,118.709,1694
734.091,36.881,1695
777.043,556.059,1696
442.356,127.220,1697
403.523,369.487,1698
946.676,628.318,1699
143.149,333.843,1700
538.417,584.557,1701
26.554,522.351,1702
51.734,110.977,1703
297.116,64.642,1704
940.243,346.406,1705
220.509,387.858,1706
64.849,837.166,1707
291.748,98.135,1708
465.763,59.999,1709
827.716,234.228,1710
724.406,42.752,1711
494.351,341.420,1712
353.281,367.683,1713
480.821,407.436,1714
99.795,358.749,1715
540.884,401.644,1716
268.827,221.904,1717
317.642,308.512,1718
546.244,672.618,1719
507.167,679.349,1720
879.012,149.909,1721
423.308,591.672,1722
724.319,159.825,1723
115.713,615.551,1724
119.565,797.954,1725
543.445,255.546,1726
826.175,821.307,1727
377.453,829.676,1728
912.511,482.241,1729
354.731,480.652,1730
289.785,739.174,1731
515.838,39.478,1732
290.953,391.810,1733
394.122,788.583,1734
286.812,616.642,1735
758.742,377.211,1736
673.098,320.535,1737
472.845,649.222,1738
246.325,50.132,1739
313.643,264.125,1740
211.324,856.148,1741
980.708,207.059,1742
138.678,124.404,1743
225.083,837.257,1744
806.351,800.070,1745
255.631,672.506,1746
790.125,635.328,1747
404.590,672.126,1748
221.107,467.016,1749
399.307,589.169,1750
796.181,716.982,1751
286.109,232.727,1752
844.633,659.851,1753
651.057,716.020,1754
859.965,829.561,1755
411.928,547.853,1756
617.205,815.495,1757
667.275,676.895,1758
839.220,818.284,1759
782.640,362.343,1760
842.948,711.283,1761
485.889,668.280,1762
308.420,102.088,1763
935.214,8.005,1764
253.662,975.044,1765
448.115,208.111,1766
856.797,466.850,1767
574.443,564.731,1768
719.022,160.090,1769
743.049,965.154,1770
934.397,880.975,1771
162.140,558.709,1772
948.676,613.039,1773
295.006,828.786,1774
545.047,442.690,1775
213.622,503.282,1776
701.269,859.207,1777
820.156,289.631,1778
919.942,310.713,1779
798.930,537.722,1780
914.970,728.870,1781
589.586,660.293,1782
976.921,141.274,1783
579.828,305.782,1784
330.449,570.918,1785
393.530,985.960,1786
526.343,897.296,1787
258.151,293.056,1788
774.196,102.018,1789
189.641,530.115,1790
235.546,109.677,1791
491.222,912.441,1792
657.409,82.792,1793
233.016,953.883,1794
847.691,558.769,1795
595.397,283.935,1796
362.540,174.150,1797
542.091,254.763,1798
565.152,322.442,1799
656.787,50.425,1800
803.413,297.993,1801
962.836,318.108,1802
433.098,870.413,1803
116.448,561.142,1804
282.412,637.443,1805
106.335,582.403,1806
661.162,947.277,1807
227.938,969.699,1808
165.031,565.209,1809
547.140,452.490,1810
715.999,728.548,1811
375.316,284.020,1812
569.453,450.332,1813
417.285,233.787,1814
855.844,320.438,1815
558.463,481.535,1816
915.502,258.746,1817
597.716,827.171,1818
763.004,819.985,1819
209.172,298.265,1820
833.063,808.342,1821
596.986,436.488,1822
576.653,442.381,1823
324.501,460.968,1824
331.265,601.428,1825
849.689,938.639,1826
977.002,431.512,1827
281.512,58.762,1828
102.241,478.169,1829
123.365,931.849,1830
170.706,874.999,1831
423.445,847.811,1832
722.950,645.470,1833
27.569,88.836,1834
224.300,9.927,1835
890.081,87.142,1836
786.287,925.887,1837
868.450,64.425,1838
356.849,987.199,1839
904.765,927.745,1840
504.213,417.704,1841
98.182,898.997,1842
775.597,431.573,1843
187.053,541.018,1844
447.556,449.126,1845
141.067,960.095,1846
782.034,397.080,1847
500.072,200.831,1848
649.987,588.485,1849
553.482,346.077,1850
730.376,254.964,1851
635.313,514.948,1852
874.886,274.050,1853
575.540,631.590,1854
507.615,290.453,1855
150.675,665.783,1856
644.502,384.393,1857
913.450,724.230,1858
920.069,605.754,1859
577.920,824.073,1860
940.609,957.314,1861
50.408,14.105,1862
636.691,552.254,1863
842.399,12.595,1864
966.024,661.020,1865
826.449,589.691,1866
218.253,214.903,1867
848.591,511.083,1868
593.027,683.268,1869
100.372,913.011,1870
231.910,227.389,1871
772.821,302.921,1872
442.221,969.416,1873
113.165,720.598,1874
117.858,453.466,1875
350.147,137.829,1876
702.496,902.193,1877
158.203,711.177,1878
748.445,369.805,1879
154.880,188.988,1880
233.654,349.596,1881
455.955,752.650,1882
501.110,619.197,1883
29.508,612.235,1884
919.373,479.995,1885
115.257,131.808,1886
951.699,594.454,1887
599.989,729.662,1888
468.064,584.921,1889
780.819,975.878,1890
680.007,245.228,1891
149.209,952.978,1892
115.800,523.910,1893
486.155,705.439,1894
746.924,608.380,1895
975.322,840.489,1896
955.683,19.507,1897
34.834,616.503,1898
950.040,797.657,1899
312.780,17.984,1900
618.088,318.704,1901
172.436,818.088,1902
683.152,143.556,1903
144.132,744.248,1904
996.840,805.659,1905
373.095,757.608,1906
381.414,624.882,1907
654.926,346.456,1908
864.457,627.002,1909
441.458,969.442,1910
819.350,154.255,1911
994.083,454.461,1912
64.415,857.352,1913
650.499,448.010,1914
134.364,516.431,1915
723.792,438.505,1916
688.078,45.477,1917
855.878,282.649,1918
680.436,979.570,1919
421.417,305.343,1920
828.110,67.111,1921
212.192,971.985,1922
900.228,775.807,1923
394.870,779.145,1924
783.030,692.707,1925
652.078,610.765,1926
900.284,131.719,1927
261.219,293.213,1928
687.933,69.274,1929
205.048,831.383,1930
310.614,215.260,1931
233.431,956.659,1932
2.045,198.700,1933
592.637,473.033,1934
569.972,506.938,1935
558.955,703.936,1936
51.813,535.773,1937
723.447,112.557,1938
750.049,165.266,1939
403.942,363.178,1940
659.290,909.855,1941
858.207,206.015,1942
103.453,32.726,1943
277.589,710.561,1944
797.218,512.725,1945
622.006,515.780,1946
77.247,142.564,1947
848.779,987.261,1948
95.744,447.800,1949
393.308,41.998,1950
296.397,594.667,1951
879.626,482.352,1952
927.842,468.918,1953
925.181,560.303,1954
615.056,720.313,1955
170.044,632.181,1956
483.205,897.891,1957
454.693,22.256,1958
710.547,792.469,1959
185.762,968.619,1960
819.694,77.308,1961
794.999,166.086,1962
299.827,933.391,1963
600.582,341.602,1964
93.604,557.223,1965
61.165,220.137,1966
858.309,333.571,1967
547.706,265.154,1968
972.576,236.018,1969
663.618,287.709,1970
81.819,216.290,1971
895.783,142.445,1972
996.145,907.291,1973
847.588,846.492,1974
779.590,983.545,1975
319.418,828.899,1976
310.009,737.335,1977
655.644,634.411,1978
433.506,207.577,1979
491.628,832.026,1980
187.146,3.721,1981
299.765,381.747,1982
937.081,841.074,1983
527.459,798.330,1984
89.902,705.151,1985
633.079,676.144,1986
763.393,224.263,1987
446.415,626.784,1988
472.497,716.362,1989
302.996,403.019,1990
497.312,58.492,1991
218.886,961.773,1992
124.849,512.793,1993
303.612,450.510,1994
423.986,86.783,1995
295.205,276.954,1996
269.238,894.868,1997
62.569,884.795,1998
797.807,7.777,1999
825.930,578.921,2000
441.214,745.453,2001
808.618,40.386,2002
234.958,408.557,2003
517.206,74.690,2004
731.750,867.859,2005
555.990,449.199,2006
711.536,459.645,2007
898.189,74.516,2008
195.661,632.032,2009
417.764,368.966,2010
533.825,411.574,2011
865.554,826.266,2012
504.890,586.795,2013
77.720,19.419,2014
240.092,769.761,2015
941.352,985.258,2016
884.798,666.486,2017
760.211,526.047,2018
454.979,186.982,2019
104.024,948.989,2020
832.287,289.401,2021
534.757,723.339,2022
29.719,762.387,2023
967.725,923.926,2024
106.454,330.504,2025
711.467,43.683,2026
861.688,968.738,2027
956.925,609.404,2028
405.804,533.241,2029
442.355,197.835,2030
654.713,242.806,2031
11.156,423.024,2032
657.951,203.336,2033
393.738,362.386,2034
101.821,676.838,2035
70.272,90.797,2036
11.835,815.091,2037
80.495,122.703,2038
863.409,912.585,2039
567.677,970.077,2040
73.367,438.061,2041
926.259,525.794,2042
711.159,828.573,2043
681.199,696.407,2044
954.614,208.173,2045
573.253,58.810,2046
894.800,807.207,2047
648.837,2.989,2048
780.242,739.473,2049
406.909,26.113,2050
615.022,318.129,2051
967.454,244.505,2052
758.825,670.929,2053
368.216,734.557,2054
964.082,846.454,2055
913.678,511.225,2056
248.212,326.354,2057
809.403,429.652,2058
852.763,534.920,2059
896.107,282.641,2060
948.688,580.438,2061
665.235,686.511,2062
583.712,751.415,2063
445.942,675.481,2064
405.795,380.533,2065
865.807,9.023,2066
422.881,703.530,2067
81.638,591.144,2068
879.260,79.491,2069
421.556,120.222,2070
654.381,572.459,2071
310.778,974.992,2072
630.084,299.463,2073
663.437,957.194,2074
464.233,256.766,2075
883.264,88.673,2076
366.917,456.708,2077
165.366,233.518,2078
128.535,139.680,2079
126.785,841.867,2080
564.168,248.867,2081
928.082,712.297,2082
235.868,395.946,2083
210.594,746.959,2084
810.300,307.713,2085
656.962,213.054,2086
409.149,530.191,2087
111.835,761.217,2088
561.235,686.212,2089
413.893,254.252,2090
900.946,326.788,2091
437.156,165.946,2092
789.774,415.657,2093
448.930,799.650,2094
538.248,459.530,2095
236.622,545.155,2096
536.260,60.179,2097
931.310,183.885,2098
703.334,794.098,2099
26.523,611.643,2100
508.236,399.446,2101
997.961,274.327,2102
389.440,705.832,2103
301.766,907.208,2104
895.942,525.896,2105
840.652,375.140,2106
361.750,967.121,2107
869.049,58.685,2108
278.848,711.363,2109
175.863,821.995,2110
106.054,365.025,2111
852.994,148.499,2112
648.240,876.978,2113
485.559,454.602,2114
841.607,105.952,2115
228.928,832.687,2116
512.226,541.327,2117
766.523,889.728,2118
941.916,364.663,2119
866.113,741.507,2120
230.401,92.278,2121
247.024,546.726,2122
858.168,107.182,2123
434.079,709.912,2124
44.473,16.117,2125
321.176,427.219,2126
300.790,955.584,2127
269.174,638.070,2128
424.742,819.686,2129
384.030,830.090,2130
450.943,253.824,2131
878.293,506.424,2132
499.540,559.437,2133
624.584,959.731,2134
218.498,140.408,2135
254.633,360.399,2136
386.970,724.059,2137
995.557,747.711,2138
661.559,699.577,2139
908.480,594.376,2140
487.347,739.722,2141
494.799,122.614,2142
42.217,865.424,2143
944.993,709.117,2144
562.496,541.915,2145
4.871,272.439,2146
614.833,878.888,2147
828.315,143.477,2148
722.185,444.961,2149
583.249,538.928,2150
686.442,463.652,2151
482.547,453.786,2152
247.288,635.867,2153
212.310,439.349,2154
461.936,850.388,2155
245.252,65.713,2156
818.121,610.312,2157
222.946,203.457,2158
63.661,482.327,2159
171.842,770.634,2160
143.651,526.383,2161
750.147,283.459,2162
108.520,339.696,2163
416.786,348.648,2164
285.995,204.680,2165
451.175,638.095,2166
940.711,956.355,2167
77.305,127.907,2168
754.389,341.497,2169
564.083,401.839,2170
950.092,793.695,2171
515.951,79.524,2172
39.470,289.152,2173
4.124,534.026,2174
342.059,937.114,2175
609.144,725.283,2176
132.367,372.429,2177
424.098,439.764,2178
691.423,281.470,2179
642.309,108.319,2180
909.206,292.911,2181
52.519,630.723,2182
899.005,837.001,2183
453.854,943.290,2184
900.091,466.553,2185
49.052,327.269,2186
675.268,207.815,2187
83.069,752.699,2188
554.453,168.672,2189
801.088,490.996,2190
337.731,985.622,2191
664.417,815.080,2192
332.457,44.026,2193
466.035,863.133,2194
377.864,931.671,2195
739.304,294.500,2196
543.197,450.925,2197
751.188,203.422,2198
957.523,124.604,2199
992.973,325.279,2200
823.295,331.052,2201
726.938,245.835,2202
188.665,646.628,2203
667.296,460.504,2204
619.112,756.545,2205
86.612,980.772,2206
486.384,199.511,2207
25.545,282.828,2208
871.708,241.676,2209
152.430,203.949,2210
0.000,126.352,2211
556.588,283.556,2212
503.898,26.510,2213
533.447,498.482,2214
86.440,849.503,2215
887.724,857.084,2216
50.506,516.844,2217
340.751,585.077,2218
894.639,498.379,2219
391.100,663.043,2220
296.318,468.798,2221
830.915,389.031,2222
59.166,108.569,2223
972.653,871.809,2224
39.488,107.485,2225
129.299,930.342,2226
436.362,365.289,2227
783.734,189.924,2228
338.953,402.367,2229
963.042,915.970,2230
64.623,109.147,2231
223.936,375.409,2232
469.186,646.203,2233
276.605,372.081,2234
716.320,764.343,2235
315.184,649.357,2236
181.364,664.400,2237
740.768,634.965,2238
505.809,876.587,2239
884.653,631.372,2240
373.844,651.344,2241
401.198,915.606,2242
247.347,570.614,2243
86.242,890.137,2244
712.573,128.762,2245
48.120,384.268,2246
26.472,209.559,2247
584.635,58.038,2248
952.186,683.936,2249
366.923,749.838,2250
495.843,316.902,2251
615.524,792.226,2252
102.219,847.164,2253
289.376,1.621,2254
843.151,839.543,2255
501.545,709.508,2256
320.789,209.257,2257
762.476,578.030,2258
961.639,684.883,2259
609.857,717.755,2260
738.185,733.381,2261
552.268,546.455,2262
88.561,994.236,2263
700.532,925.698,2264
644.560,924.598,2265
334.674,339.866,2266
368.780,581.524,2267
888.581,698.750,2268
388.401,90.888,2269
64.705,199.948,2270
721.868,889.506,2271
96.856,34.518,2272
586.046,879.040,2273
688.166,790.262,2274
603.532,810.063,2275
378.799,326.577,2276
664.224,863.600,2277
172.544,473.332,2278
495.642,395.850,2279
327.686,772.747,2280
184.457,141.443,2281
509.348,926.928,2282
178.247,649.743,2283
929.856,76.450,2284
660.756,750.659,2285
399.857,652.874,2286
771.149,703.924,2287
538.238,843.180,2288
103.277,407.344,2289
380.036,352.771,2290
326.103,700.994,2291
747.436,341.227,2292
825.113,342.311,2293
247.323,153.705,2294
542.319,567.654,2295
46.282,694.115,2296
390.594,982.137,2297
954.402,734.662,2298
548.818,929.723,2299
593.380,981.691,2300
163.945,388.760,2301
615.302,2.749,2302
738.111,610.429,2303
720.198,365.092,2304
190.023,937.569,2305
392.098,861.677,2306
261.252,151.764,2307
58.441,638.279,2308
769.087,724.718,2309
791.710,158.272,2310
656.257,540.996,2311
535.189,653.884,2312
652.113,691.646,2313
714.142,811.394,2314
783.206,732.234,2315
471.120,604.601,2316
748.298,705.585,2317
302.912,547.595,2318
314.785,970.557,2319
229.143,168.254,2320
843.023,670.714,2321
999.000,266.532,2322
81.031,647.471,2323
693.695,967.660,2324
659.016,877.376,2325
470.400,183.709,2326
676.913,62.054,2327
163.225,0.153,2328
821.586,29.908,2329
988.718,861.394,2330
163.183,768.868,2331
606.930,357.362,2332
634.534,475.066,2333
32.697,422.327,2334
655.559,774.558,2335
840.182,727.832,2336
948.004,767.763,2337
366.276,156.748,2338
301.819,140.717,2339
798.883,744.134,2340
105.561,256.086,2341
417.381,478.556,2342
723.545,345.520,2343
838.888,331.024,2344
228.497,182.098,2345
683.438,693.436,2346
937.410,61.838,2347
802.143,49.554,2348
509.786,281.860,2349
456.968,914.155,2350
12.332,516.832,2351
896.329,467.965,2352
525.907,928.664,2353
707.305,714.725,2354
64.435,679.015,2355
502.189,818.401,2356
267.174,463.392,2357
198.940,11.077,2358
988.789,63.639,2359
384.678,984.374,2360
490.254,702.709,2361
915.766,329.317,2362
523.366,649.257,2363
538.567,498.960,2364
390.194,602.755,2365
398.900,898.070,2366
629.323,174.242,2367
964.257,204.496,2368
96.598,48.782,2369
950.018,875.436,2370
273.347,231.588,2371
214.787,543.858,2372
60.878,822.685,2373
873.088,105.867,2374
258.024,981.004,2375
307.466,151.061,2376
267.619,957.692,2377
298.193,199.703,2378
786.454,312.159,2379
862.595,577.640,2380
933.064,25.000,2381
189.385,941.556,2382
963.785,262.794,2383
735.667,782.568,2384
318.486,626.248,2385
428.169,954.769,2386
438.092,189.424,2387
507.232,419.704,2388
220.551,346.443,2389
324.900,488.540,2390
50.258,899.464,2391
874.850,428.821,2392
63.262,302.871,2393
634.158,759.406,2394
291.300,219.142,2395
295.003,159.265,2396
165.078,352.512,2397
393.232,845.728,2398
211.133,351.118,2399
300.085,21.470,2400
627.858,936.233,2401
786.876,289.449,2402
473.183,135.044,2403
2.616,883.152,2404
226.535,768.162,2405
353.410,634.416,2406
988.501,770.976,2407
344.320,356.271,2408
352.828,593.698,2409
227.867,766.065,2410
154.373,66.060,2411
454.568,107.373,2412
213.134,441.682,2413
203.570,910.791,2414
991.708,63.490,2415
640.055,619.666,2416
146.957,823.091,2417
269.837,9.112,2418
667.484,303.595,2419
30.825,133.956,2420
274.448,767.236,2421
738.573,801.429,2422
415.189,101.039,2423
334.683,531.742,2424
465.424,423.125,2425
977.055,28.114,2426
41.965,114.014,2427
578.587,121.764,2428
492.608,129.330,2429
275.415,226.010,2430
596.498,765.757,2431
556.871,19.024,2432
669.205,170.075,2433
828.714,297.807,2434
369.069,355.815,2435
145.050,275.104,2436
755.543,860.299,2437
59.213,16.834,2438
159.873,895.603,2439
451.392,339.537,2440
88.450,487.291,2441
31.949,564.279,2442
25.844,497.172,2443
364.894,979.571,2444
914.181,770.577,2445
40.676,906.621,2446
421.143,568.292,2447
291.978,78.587,2448
264.511,509.669,2449
530.403,870.440,2450
720.908,46.633,2451
13.260,449.642,2452
35.815,342.683,2453
62.849,532.949,2454
252.251,611.514,2455
345.204,1.138,2456
555.712,914.711,2457
1.820,222.374,2458
821.032,791.063,2459
56.791,128.167,2460
664.434,204.989,2461
644.115,956.964,2462
799.969,656.694,2463
224.800,480.667,2464
383.585,437.931,2465
379.335,616.134,2466
412.023,894.690,2467
556.394,923.547,2468
921.779,923.844,2469
336.839,368.393,2470
234.346,311.290,2471
493.422,964.391,2472
970.139,833.257,2473
441.812,500.088,2474
236.134,358.073,2475
633.322,362.644,2476
45.432,147.817,2477
445.613,854.862,2478
973.519,72.496,2479
4.740,782.553,2480
113.371,226.098,2481
879.512,552.333,2482
360.459,777.606,2483
218.461,383.403,2484
443.505,815.115,2485
375.541,275.003,2486
964.280,613.605,2487
861.016,829.974,2488
743.561,83.239,2489
818.722,743.354,2490
101.297,266.384,2491
664.299,875.847,2492
984.301,368.769,2493
103.556,644.023,2494
926.556,681.805,2495
956.428,21.052,2496
645.681,448.884,2497
589.129,256.967,2498
412.089,244.199,2499
531.203,767.694,2500
630.486,368.149,2501
608.848,494.653,2502
662.003,121.257,2503
598.340,108.427,2504
305.933,995.785,2505
450.713,364.568,2506
775.830,932.218,2507
867.678,95.234,2508
191.722,45.750,2509
471.115,443.420,2510
799.367,680.210,2511
260.402,799.350,2512
187.812,858.735,2513
681.292,141.203,2514
238.646,226.130,2515
247.882,78.864,2516
156.027,945.213,2517
63.429,64.808,2518
133.481,643.746,2519
409.248,16.535,2520
201.902,547.136,2521
233.968,446.769,2522
267.448,148.501,2523
774.033,389.975,2524
422.006,942.044,2525
953.363,477.120,2526
341.477,181.061,2527
121.526,603.278,2528
972.844,788.007,2529
600.745,754.375,2530
561.498,494.999,2531
7.671,464.100,2532
100.087,208.903,2533
821.052,409.978,2534
16.760,882.946,2535
387.264,416.178,2536
432.293,27.988,2537
64.584,22.391,2538
117.953,534.453,2539
212.088,613.370,2540
968.582,186.716,2541
727.289,233.905,2542
87.881,40.080,2543
68.102,141.017,2544
601.663,878.001,2545
458.884,98.705,2546
77.529,744.545,2547
20.809,938.674,2548
275.619,996.423,2549
75.023,56.455,2550
483.193,934.242,2551
19.946,106.141,2552
218.197,145.514,2553
471.370,645.785,2554
336.482,908.217,2555
106.237,765.069,2556
435.385,670.833,2557
791.511,374.593,2558
260.662,834.687,2559
381.339,363.593,2560
230.383,433.170,2561
309.977,620.998,2562
506.709,897.193,2563
270.607,404.335,2564
910.649,601.468,2565
816.914,740.064,2566
655.258,546.591,2567
276.339,369.086,2568
176.060,172.779,2569
531.291,52.554,2570
923.949,614.736,2571
406.543,494.346,2572
471.404,229.279,2573
869.379,127.602,2574
127.086,159.345,2575
577.291,366.370,2576
369.810,497.357,2577
416.570,911.658,2578
858.074,800.660,2579
58.922,486.748,2580
853.909,739.145,2581
82.993,372.521,2582
607.914,96.251,2583
281.061,701.568,2584
251.879,214.968,2585
673.751,210.560,2586
626.586,47.784,2587
677.743,489.048,2588
762.082,882.863,2589
10.782,607.005,2590
453.097,788.321,2591
878.723,208.724,2592
367.102,74.957,2593
202.375,460.710,2594
336.693,341.193,2595
489.049,286.244,2596
313.275,763.532,2597
241.682,846.227,2598
696.852,280.594,2599
254.882,693.695,2600
427.116,400.873,2601
393.484,317.583,2602
53.792,822.624,2603
113.505,930.446,2604
123.066,577.631,2605
264.637,890.047,2606
493.693,982.567,2607
336.371,653.248,2608
376.705,779.734,2609
136.184,418.071,2610
818.796,743.566,2611
428.174,665.562,2612
531.241,464.554,2613
39.455,433.291,2614
43.002,808.722,2615
951.481,318.507,2616
119.823,737.880,2617
350.364,846.472,2618
830.809,666.383,2619
730.848,955.433,2620
710.045,8.236,2621
294.958,794.730,2622
900.832,268.814,2623
791.350,37.503,2624
97.877,317.920,2625
689.983,609.038,2626
525.782,282.278,2627
322.419,569.805,2628
749.155,582.424,2629
680.258,690.114,2630
64.667,573.584,2631
192.244,889.664,2632
219.439,141.313,2633
803.610,568.165,2634
697.574,802.895,2635
53.191,668.460,2636
993.693,558.716,2637
207.315,153.352,2638
814.037,952.585,2639
575.075,438.066,2640
119.805,57.379,2641
565.687,213.333,2642
440.730,609.517,2643
233.491,201.396,2644
384.673,442.604,2645
160.060,232.211,2646
736.278,831.781,2647
238.921,264.796,2648
365.555,730.679,2649
365.943,821.486,2650
1.068,132.480,2651
331.841,560.607,2652
979.628,67.426,2653
242.757,930.000,2654
173.852,974.772,2655
377.944,318.047,2656
469.852,271.320,2657
353.910,835.535,2658
589.886,861.898,2659
182.257,762.195,2660
709.904,15.714,2661
549.058,468.392,2662
259.850,728.802,2663
314.625,284.639,2664
115.481,976.125,2665
893.984,553.729,2666
312.118,542.367,2667
714.109,963.907,2668
921.476,392.927,2669
997.180,940.590,2670
910.082,625.831,2671
552.261,840.869,2672
249.410,586.221,2673
521.543,904.293,2674
867.086,226.658,2675
900.353,867.535,2676
372.846,740.378,2677
423.931,960.227,2678
429.419,619.633,2679
655.235,944.865,2680
396.598,488.500,2681
332.158,105.490,2682
43.743,797.120,2683
907.165,487.906,2684
912.662,449.939,2685
395.298,249.169,2686
239.783,91.896,2687
850.593,881.148,2688
93.469,299.519,2689
656.177,839.047,2690
183.831,71.216,2691
973.867,963.856,2692
451.752,142.950,2693
698.018,835.334,2694
581.561,840.414,2695
158.152,737.941,2696
545.544,419.727,2697
328.087,54.592,2698
610.752,513.123,2699
643.184,979.694,2700
465.265,470.107,2701
83.863,112.455,2702
897.465,149.860,2703
273.697,457.637,2704
748.800,81.630,2705
574.226,745.906,2706
111.567,312.675,2707
551.263,983.771,2708
696.410,205.960,2709
819.515,262.670,2710
102.382,607.142,2711
792.532,41.396,2712
933.957,208.853,2713
693.851,455.604,2714
767.984,443.971,2715
901.177,162.949,2716
252.870,818.094,2717
791.437,326.871,2718
323.912,696.850,2719
19.164,292.559,2720
888.158,183.727,2721
741.271,235.672,2722
861.965,828.165,2723
405.752,939.918,2724
656.245,460.455,2725
200.457,122.161,2726
256.984,453.746,2727
549.170,956.537,2728
947.250,401.177,2729
936.686,768.150,2730
931.302,396.459,2731
225.254,574.030,2732
365.076,406.381,2733
575.341,56.041,2734
264.915,868.420,2735
200.964,163.552,2736
167.052,447.658,2737
955.546,571.989,2738
775.728,136.382,2739
301.555,406.329,2740
128.932,632.109,2741
870.541,910.811,2742
407.629,266.364,2743
293.169,717.830,2744
988.859,734.992,2745
977.249,124.160,2746
966.735,988.431,2747
990.989,836.198,2748
484.200,322.675,2749
554.532,411.099,2750
40.718,526.153,2751
951.291,38.095,2752
546.424,454.007,2753
734.727,65.020,2754
28.328,615.010,2755
573.834,876.207,2756
672.368,807.148,2757
73.860,513.473,2758
591.549,157.064,2759
976.202,969.487,2760
985.958,16.945,2761
43.347,55.258,2762
369.259,11.466,2763
888.469,74.090,2764
244.389,304.569,2765
650.445,440.375,2766
852.258,950.015,2767
671.846,130.015,2768
888.240,636.577,2769
85.563,67.984,2770
20.106,947.145,2771
455.112,227.511,2772
86.208,346.226,2773
658.117,180.928,2774
540.017,790.282,2775
93.071,957.673,2776
808.438,425.446,2777
224.900,783.821,2778
67.293,621.554,2779
176.107,180.141,2780
248.168,613.540,2781
383.034,756.267,2782
192.775,398.926,2783
762.548,628.962,2784
363.072,769.445,2785
510.710,152.919,2786
748.785,753.844,2787
605.033,787.822,2788
409.458,345.333,2789
625.615,189.107,2790
253.765,189.848,2791
25.961,604.223,2792
816.395,844.472,2793
155.251,163.877,2794
544.004,214.984,2795
997.079,763.779,2796
108.626,235.508,2797
223.052,817.629,2798
866.140,744.708,2799
948.180,144.650,2800
415.434,237.044,2801
984.439,928.363,2802
934.105,859.798,2803
820.616,676.791,2804
315.852,350.695,2805
371.954,923.975,2806
834.700,604.946,2807
683.784,477.513,2808
420.393,835.548,2809
519.312,291.440,2810
394.009,22.161,2811
975.812,805.971,2812
148.807,35.052,2813
496.338,605.572,2814
824.007,216.809,2815
635.828,361.120,2816
227.229,782.655,2817
349.914,794.336,2818
617.349,318.689,2819
503.126,766.290,2820
658.547,633.361,2821
376.931,176.249,2822
95.792,888.521,2823
26.495,189.797,2824
793.882,670.532,2825
162.377,677.634,2826
810.710,931.839,2827
414.817,853.194,2828
501.835,426.325,2829
86.600,290.036,2830
954.044,549.570,2831
194.989,348.745,2832
763.490,571.673,2833
75.018,519.955,2834
491.592,13.400,2835
390.923,618.784,2836
457.300,47.083,2837
83.660,698.249,2838
912.974,178.026,2839
852.027,714.982,2840
249.895,940.856,2841
507.345,371.469,2842
734.065,460.053,2843
784.579,251.349,2844
395.036,754.812,2845
511.128,22.639,2846
644.812,852.324,2847
589.596,906.918,2848
421.545,782.655,2849
41.592,352.335,2850
792.068,706.600,2851
486.214,862.538,2852
204.519,586.786,2853
33.880,128.045,2854
428.567,135.414,2855
331.153,999.000,2856
482.220,44.131,2857
587.220,304.101,2858
342.995,612.418,2859
509.709,114.140,2860
708.687,880.372,2861
19.594,993.235,2862
73.386,964.951,2863
322.292,858.333,2864
902.386,657.554,2865
169.251,36.417,2866
155.066,264.905,2867
792.265,988.982,2868
283.816,485.354,2869
797.357,175.735,2870
364.785,133.923,2871
774.209,1.472,2872
346.802,876.190,2873
272.877,580.796,2874
544.583,493.141,2875
538.422,978.081,2876
162.012,604.855,2877
362.104,184.417,2878
249.928,369.001,2879
221.577,645.964,2880
327.858,832.695,2881
160.839,517.030,2882
593.757,334.705,2883
429.838,649.660,2884
418.677,310.776,2885
917.402,42.585,2886
456.023,29.810,2887
117.302,246.672,2888
41.971,533.335,2889
345.177,892.672,2890
218.038,718.628,2891
560.925,219.774,2892
579.570,353.878,2893
332.343,742.340,2894
750.153,436.501,2895
181.093,561.382,2896
308.608,399.831,2897
290.037,259.461,2898
151.677,14.715,2899
349.435,546.647,2900
750.089,716.972,2901
266.694,531.889,2902
109.834,402.983,2903
94.026,144.201,2904
214.241,826.734,2905
130.706,976.699,2906
961.783,504.136,2907
705.182,297.252,2908
173.468,946.185,2909
609.186,589.466,2910
242.184,212.937,2911
818.403,586.743,2912
830.622,329.427,2913
394.750,820.320,2914
814.994,388.347,2915
514.929,200.390,2916
381.882,729.608,2917
444.955,197.635,2918
403.800,543.934,2919
977.448,907.260,2920
183.634,14.931,2921
81.744,879.779,2922
281.911,956.131,2923
8.269,307.244,2924
121.257,917.521,2925
163.568,906.432,2926
20.334,425.191,2927
841.378,600.560,2928
186.674,365.126,2929
250.352,156.225,2930
156.834,817.939,2931
44.333,90.131,2932
363.564,526.487,2933
221.130,373.478,2934
226.070,385.818,2935
696.561,983.921,2936
194.973,380.285,2937
953.608,802.217,2938
10.403,711.637,2939
974.183,275.367,2940
980.911,605.167,2941
877.353,764.177,2942
760.542,421.492,2943
994.780,939.656,2944
181.645,185.304,2945
242.955,730.934,2946
357.206,211.432,2947
196.972,10.722,2948
974.510,840.543,2949
780.541,146.134,2950
813.092,982.715,2951
304.363,316.016,2952
493.017,990.707,2953
36.024,156.373,2954
7.827,620.672,2955
1.501,716.172,2956
551.516,70.367,2957
479.071,945.579,2958
606.160,461.153,2959
65.730,642.429,2960
759.793,615.993,2961
713.706,532.477,2962
924.819,318.849,2963
929.978,669.807,2964
649.974,120.714,2965
548.657,205.351,2966
209.998,951.711,2967
0.495,501.158,2968
201.188,698.897,2969
129.654,437.602,2970
466.713,647.356,2971
329.602,427.968,2972
970.494,951.933,2973
845.631,986.700,2974
421.381,499.533,2975
934.158,751.441,2976
486.405,604.884,2977
587.625,8.178,2978
631.572,197.055,2979
4.278,854.902,2980
134.480,393.974,2981
930.044,869.809,2982
855.703,198.449,2983
479.536,878.318,2984
322.771,352.386,2985
633.936,724.351,2986
528.489,482.766,2987
159.083,358.768,2988
522.298,217.870,2989
701.409,251.221,2990
75.592,609.928,2991
923.995,316.094,2992
25.062,733.244,2993
906.053,966.511,2994
391.003,319.071,2995
267.598,842.622,2996
515.060,325.767,2997
769.731,917.345,2998
436.498,17.840,2999
189.491,909.224,3000
343.534,642.311,3001
603.639,630.262,3002
55.012,908.008,3003
668.928,259.895,3004
569.613,812.383,3005
768.187,434.378,3006
690.458,776.393,3007
925.063,320.694,3008
254.648,125.310,3009
450.603,417.602,3010
442.865,566.393,3011
793.420,795.962,3012
66.064,676.030,3013
997.234,787.666,3014
370.947,764.067,3015
365.156,936.450,3016
606.806,166.637,3017
786.691,674.848,3018
336.488,706.310,3019
162.362,933.941,3020
590.928,99.955,3021
194.130,986.777,3022
443.474,309.689,3023
526.107,266.330,3024
711.003,66.495,3025
687.257,867.975,3026
18.869,21.811,3027
699.581,202.187,3028
414.821,918.471,3029
967.404,805.468,3030
620.939,881.969,3031
594.934,996.901,3032
290.313,957.733,3033
168.777,427.722,3034
138.537,512.718,3035
386.552,76.529,3036
455.797,795.735,3037
783.704,90.934,3038
534.958,810.708,3039
565.410,884.852,3040
142.187,984.666,3041
768.661,285.628,3042
658.405,395.932,3043
4.860,359.315,3044
446.400,276.110,3045
345.585,88.568,3046
202.453,296.214,3047
12.104,598.955,3048
694.705,451.619,3049
588.158,985.692,3050
625.462,476.125,3051
829.080,182.912,3052
671.889,888.977,3053
443.842,188.525,3054
2.491,726.433,3055
767.479,368.207,3056
569.737,446.718,3057
573.280,56.570,3058
493.631,161.609,3059
175.290,923.193,3060
302.888,502.018,3061
333.738,719.216,3062
631.464,541.142,3063
995.730,735.558,3064
292.316,251.208,3065
420.908,377.655,3066
58.151,81.571,3067
808.514,369.238,3068
56.719,176.361,3069
444.790,995.012,3070
36.718,109.942,3071
309.794,574.326,3072
585.521,510.988,3073
647.700,539.510,3074
125.240,618.127,3075
603.959,971.855,3076
477.322,993.374,3077
867.256,647.405,3078
847.568,871.751,3079
988.687,515.525,3080
104.027,772.637,3081
751.612,760.372,3082
804.614,362.168,3083
57.766,159.810,3084
706.997,838.304,3085
542.774,985.143,3086
610.131,943.476,3087
679.122,788.279,3088
184.519,420.183,3089
293.416,702.824,3090
882.406,875.362,3091
468.083,8.656,3092
744.842,79.186,3093
980.514,123.363,3094
270.349,848.784,3095
154.836,984.213,3096
716.645,384.854,3097
827.685,137.322,3098
120.539,935.802,3099
186.785,371.686,3100
557.761,683.307,3101
691.484,535.620,3102
288.423,43.125,3103
990.651,977.811,3104
287.704,760.770,3105
723.166,260.642,3106
672.474,495.051,3107
499.816,520.575,3108
908.207,923.432,3109
807.558,10.503,3110
919.026,839.617,3111
859.405,986.159,3112
786.005,80.298,3113
681.998,649.796,3114
20.406,810.717,3115
966.896,602.892,3116
352.926,59.283,3117
952.747,416.612,3118
404.749,938.283,3119
854.988,160.288,3120
540.984,717.139,3121
657.631,852.469,3122
313.546,119.956,3123
706.668,668.643,3124
75.433,449.648,3125
391.717,809.149,3126
542.737,508.173,3127
849.315,717.541,3128
138.512,470.116,3129
850.140,732.526,3130
812.393,123.394,3131
787.398,589.303,3132
497.302,786.842,3133
681.040,731.349,3134
678.683,369.566,3135
796.545,835.859,3136
370.476,415.788,3137
28.327,173.856,3138
40.973,65.717,3139
885.101,720.460,3140
48.715,390.037,3141
343.215,691.378,3142
638.320,288.631,3143
536.471,184.561,3144
571.139,802.717,3145
336.797,173.872,3146
231.417,771.821,3147
171.239,218.497,3148
835.076,807.254,3149
1.483,699.442,3150
492.803,518.469,3151
846.503,162.496,3152
881.070,479.172,3153
994.365,357.519,3154
547.080,575.130,3155
582.778,989.406,3156
393.969,147.131,3157
929.239,415.481,3158
906.814,380.209,3159
466.202,568.172,3160
792.907,168.428,3161
188.126,241.028,3162
63.828,218.893,3163
51.116,340.101,3164
194.039,284.234,3165
31.093,880.593,3166
534.078,820.347,3167
461.220,698.818,3168
811.335,273.840,3169
188.555,420.000,3170
959.459,69.575,3171
953.703,189.981,3172
550.391,496.543,3173
68.879,612.426,3174
661.799,792.228,3175
87.980,30.092,3176
405.159,338.178,3177
303.366,113.784,3178
976.779,0.115,3179
607.829,486.367,3180
169.910,739.301,3181
828.355,570.988,3182
822.336,491.660,3183
56.099,358.047,3184
537.121,393.186,3185
306.160,289.869,3186
102.872,684.081,3187
308.391,199.928,3188
306.271,179.304,3189
914.202,357.576,3190
276.573,575.086,3191
342.913,449.463,3192
166.134,712.978,3193
734.335,588.960,3194
410.541,785.924,3195
325.839,119.705,3196
158.539,776.472,3197
341.686,944.789,3198
114.330,749.839,3199
379.689,96.091,3200
260.753,769.212,3201
316.035,855.014,3202
379.973,611.348,3203
170.083,919.387,3204
525.606,601.843,3205
606.223,978.272,3206
190.046,925.813,3207
854.905,979.386,3208
176.437,356.517,3209
141.058,717.029,3210
811.495,282.354,3211
910.037,361.209,3212
140.988,604.201,3213
603.330,341.621,3214
431.230,235.906,3215
872.835,377.162,3216
424.283,223.838,3217
187.712,650.663,3218
368.606,974.766,3219
768.875,194.728,3220
489.413,860.537,3221
46.388,698.503,3222
363.015,751.689,3223
984.989,790.476,3224
83.176,477.838,3225
97.561,560.012,3226
386.421,752.641,3227
773.031,602.004,3228
979.039,985.288,3229
465.556,984.131,3230
474.172,439.046,3231
580.363,177.187,3232
199.956,982.544,3233
695.518,871.736,3234
719.371,354.205,3235
983.362,606.613,3236
428.731,587.999,3237
670.997,636.267,3238
600.035,808.531,3239
836.514,646.260,3240
905.936,319.690,3241
333.270,271.509,3242
285.706,586.244,3243
212.944,438.931,3244
715.297,303.726,3245
69.433,321.385,3246
739.436,716.136,3247
414.686,357.481,3248
304.354,346.943,3249
635.505,55.851,3250
704.929,349.909,3251
174.612,849.632,3252
587.988,225.937,3253
149.932,41.483,3254
787.848,986.581,3255
733.907,247.304,3256
206.201,730.589,3257
102.118,490.296,3258
454.871,335.786,3259
217.756,93.687,3260
802.727,752.945,3261
22.032,874.199,3262
841.453,393.623,3263
312.777,404.799,3264
530.740,546.512,3265
815.369,643.011,3266
776.460,767.286,3267
212.756,992.383,3268
488.259,667.712,3269
405.555,580.981,3270
780.493,870.671,3271
518.664,814.216,3272
604.591,433.440,3273
865.716,916.144,3274
980.788,211.673,3275
367.616,689.288,3276
772.719,36.199,3277
531.091,944.511,3278
928.921,391.422,3279
548.439,305.391,3280
116.364,182.194,3281
16.111,973.292,3282
932.438,95.393,3283
309.936,748.634,3284
842.853,524.198,3285
590.012,432.621,3286
627.682,143.880,3287
211.909,707.126,3288
195.609,995.732,3289
333.241,120.295,3290
600.821,930.040,3291
656.231,681.772,3292
376.367,415.147,3293
975.746,811.317,3294
565.973,494.538,3295
899.660,66.264,3296
719.078,86.414,3297
251.200,34.722,3298
645.107,211.336,3299
679.796,400.276,3300
693.495,954.481,3301
781.233,643.440,3302
331.179,145.214,3303
392.230,574.148,3304
299.357,967.153,3305
886.002,244.543,3306
733.451,181.048,3307
677.701,354.760,3308
81.024,421.907,3309
622.719,373.526,3310
92.251,73.735,3311
860.805,66.697,3312
515.085,387.638,3313
25.751,53.659,3314
231.358,106.481,3315
384.893,99.380,3316
240.157,589.016,3317
268.584,945.466,3318
594.058,27.273,3319
48.996,569.348,3320
812.331,121.675,3321
653.273,653.593,3322
425.861,687.204,3323
568.219,18.075,3324
202.431,186.591,3325
162.752,104.386,3326
879.301,400.358,3327
235.089,892.451,3328
227.629,45.746,3329
25.341,870.685,3330
840.950,267.359,3331
807.292,154.415,3332
323.279,728.960,3333
936.288,655.286,3334
961.436,160.701,3335
947.509,305.405,3336
347.786,129.143,3337
959.566,457.820,3338
424.328,889.668,3339
83.065,308.598,3340
722.651,669.961,3341
453.270,807.362,3342
507.243,196.232,3343
0.980,686.038,3344
669.194,166.824,3345
452.128,174.037,3346
17.668,162.757,3347
931.300,787.204,3348
858.015,466.229,3349
161.517,162.835,3350
465.924,247.284,3351
427.595,718.488,3352
101.285,739.474,3353
533.377,100.571,3354
391.211,944.406,3355
519.335,450.609,3356
800.856,168.033,3357
538.126,688.359,3358
614.182,109.792,3359
24.977,307.834,3360
26.206,667.491,3361
54.723,330.245,3362
474.341,25.526,3363
134.572,375.438,3364
287.345,40.625,3365
97.457,70.547,3366
130.387,367.012,3367
172.302,552.967,3368
722.017,686.065,3369
683.509,767.810,3370
878.672,876.973,3371
741.654,14.230,3372
925.956,824.070,3373
196.731,4.865,3374
811.866,121.492,3375
615.641,267.036,3376
962.706,491.610,3377
603.698,626.766,3378
866.685,597.736,3379
757.202,477.183,3380
458.744,572.864,3381
694.071,596.270,3382
542.739,802.266,3383
15.035,407.524,3384
408.137,549.223,3385
539.549,25.619,3386
415.273,14.741,3387
588.905,22.752,3388
503.922,738.930,3389
587.053,633.285,3390
468.762,252.323,3391
12.260,508.926,3392
4.679,760.062,3393
102.236,178.394,3394
490.151,9.014,3395
825.470,404.464,3396
343.481,77.104,3397
401.617,993.390,3398
309.030,511.302,3399
687.555,98.809,3400
50.019,726.158,3401
182.266,359.246,3402
472.869,524.497,3403
796.965,504.666,3404
542.063,170.715,3405
783.120,845.649,3406
474.266,837.758,3407
135.417,811.294,3408
800.193,423.331,3409
160.627,261.281,3410
285.787,69.007,3411
68.890,583.228,3412
879.399,187.711,3413
612.918,501.403,3414
865.876,472.699,3415
142.540,111.715,3416
411.199,371.207,3417
792.805,351.119,3418
211.528,930.690,3419
699.164,62.874,3420
144.813,208.434,3421
693.997,201.615,3422
523.507,474.445,3423
393.523,337.031,3424
829.237,245.451,3425
357.297,560.325,3426
812.466,716.810,3427
523.838,216.444,3428
269.006,689.812,3429
182.070,100.341,3430
402.906,788.339,3431
110.557,487.141,3432
706.091,865.958,3433
272.238,256.856,3434
866.742,602.680,3435
363.949,278.666,3436
976.206,791.961,3437
603.890,118.300,3438
386.197,101.968,3439
474.765,432.194,3440
184.424,145.835,3441
966.610,761.480,3442
668.824,401.782,3443
480.201,474.471,3444
173.065,104.896,3445
867.436,794.401,3446
752.572,532.956,3447
640.909,869.139,3448
347.168,797.915,3449
781.491,219.089,3450
304.816,219.954,3451
569.940,665.349,3452
587.880,77.947,3453
289.661,898.369,3454
920.749,6.728,3455
450.866,288.965,3456
680.734,55.589,3457
947.145,910.951,3458
561.284,450.712,3459
355.293,461.804,3460
876.638,382.240,3461
305.841,819.987,3462
375.572,900.662,3463
165.365,513.262,3464
854.651,374.782,3465
284.499,230.059,3466
475.315,423.027,3467
849.828,386.653,3468
587.448,565.309,3469
13.936,629.938,3470
424.169,794.399,3471
546.049,181.254,3472
552.869,183.925,3473
615.237,353.283,3474
710.441,117.889,3475
659.510,447.511,3476
68.300,503.554,3477
977.118,682.454,3478
71.945,256.856,3479
5.110,926.332,3480
921.694,224.211,3481
918.310,466.315,3482
863.277,499.730,3483
53.712,841.526,3484
579.909,320.624,3485
891.455,413.726,3486
159.679,101.219,3487
818.698,543.475,3488
784.388,561.758,3489
431.930,231.760,3490
919.671,538.604,3491
61.383,813.106,3492
149.926,909.550,3493
361.251,640.950,3494
664.255,642.913,3495
779.590,569.418,3496
260.321,653.347,3497
247.146,18.541,3498
378.629,800.202,3499
0.388,973.722,3500
203.724,960.722,3501
580.945,994.594,3502
231.701,70.191,3503
595.347,351.151,3504
115.497,690.028,3505
886.101,286.463,3506
909.042,402.398,3507
725.320,941.196,3508
18.330,519.997,3509
567.627,73.447,3510
729.392,999.000,3511
651.498,510.842,3512
301.311,401.583,3513
169.623,286.236,3514
734.593,783.538,3515
154.964,949.703,3516
978.294,133.822,3517
725.436,790.473,3518
188.258,93.191,3519
36.766,852.524,3520
606.855,847.665,3521
421.550,79.122,3522
145.339,303.592,3523
120.786,484.111,3524
424.773,862.334,3525
793.397,896.023,3526
530.862,828.087,3527
213.002,575.039,3528
248.660,991.461,3529
846.201,943.563,3530
705.973,851.204,3531
167.978,778.087,3532
955.316,689.313,3533
68.136,972.383,3534
352.974,85.165,3535
122.933,293.701,3536
636.371,357.328,3537
612.578,770.700,3538
405.858,228.748,3539
550.801,413.153,3540
470.050,290.710,3541
63.896,294.650,3542
403.869,489.476,3543
992.747,715.213,3544
35.208,111.842,3545
782.219,86.555,3546
126.010,907.663,3547
212.745,823.491,3548
331.363,728.197,3549
211.733,130.122,3550
269.392,502.997,3551
242.333,882.853,3552
102.773,653.565,3553
823.880,78.790,3554
667.865,451.727,3555
372.594,758.355,3556
462.843,17.651,3557
872.866,882.954,3558
502.098,284.005,3559
254.033,66.537,3560
905.131,741.326,3561
482.608,200.956,3562
374.073,948.644,3563
879.122,975.993,3564
890.367,192.530,3565
496.727,348.051,3566
640.770,27.740,3567
463.074,340.337,3568
836.512,795.078,3569
341.108,516.366,3570
730.266,561.209,3571
341.406,661.549,3572
117.015,648.739,3573
485.693,543.563,3574
974.915,336.926,3575
173.495,111.327,3576
835.618,490.606,3577
290.432,494.024,3578
623.775,193.664,3579
949.921,157.791,3580
352.433,940.704,3581
851.594,355.685,3582
607.209,159.617,3583
508.084,151.837,3584
620.845,917.682,3585
653.008,301.053,3586
798.346,212.038,3587
583.265,264.401,3588
119.982,51.396,3589
651.049,485.859,3590
161.862,146.930,3591
315.355,559.328,3592
528.883,232.878,3593
672.067,81.428,3594
58.677,631.210,3595
537.434,222.629,3596
620.040,274.795,3597
598.177,547.207,3598
0.848,254.743,3599
823.507,673.170,3600
991.767,711.851,3601
975.078,718.519,3602
7.090,412.026,3603
604.824,985.598,3604
152.846,68.852,3605
700.422,115.769,3606
104.327,300.971,3607
989.587,391.107,3608
383.107,621.378,3609
854.257,732.291,3610
409.627,502.863,3611
82.740,108.908,3612
981.734,136.892,3613
130.491,651.990,3614
600.605,841.521,3615
698.785,2.139,3616
442.506,278.409,3617
227.247,146.167,3618
245.931,154.521,3619
783.859,884.454,3620
785.807,923.997,3621
660.297,329.338,3622
675.585,266.591,3623
183.130,10.293,3624
732.084,475.109,3625
267.030,516.437,3626
72.824,192.003,3627
170.340,61.796,3628
388.879,384.419,3629
584.656,655.019,3630
324.398,101.208,3631
640.211,363.407,3632
68.695,241.240,3633
383.519,781.449,3634
682.675,646.949,3635
78.483,704.500,3636
799.757,146.391,3637
347.302,662.169,3638
270.038,449.780,3639
84.637,998.108,3640
786.703,289.940,3641
197.988,356.019,3642
677.117,607.688,3643
229.925,987.545,3644
991.599,590.923,3645
652.679,730.778,3646
73.434,105.413,3647
787.673,517.821,3648
822.509,378.963,3649
791.748,780.523,3650
331.741,326.943,3651
206.449,251.484,3652
972.315,797.033,3653
861.526,743.717,3654
631.991,749.273,3655
149.664,889.711,3656
801.679,960.680,3657
292.151,111.279,3658
128.660,32.939,3659
413.754,981.491,3660
6.718,561.815,3661
851.809,37.533,3662
395.016,23.008,3663
565.449,440.479,3664
685.139,270.610,3665
742.326,757.968,3666
428.458,375.366,3667
709.378,6.591,3668
417.271,808.523,3669
127.199,310.140,3670
76.236,431.408,3671
735.595,609.285,3672
28.761,7.761,3673
54.915,270.639,3674
706.777,372.669,3675
428.476,485.605,3676
911.186,688.590,3677
632.582,809.609,3678
455.368,487.312,3679
128.317,900.573,3680
98.919,208.171,3681
700.530,958.434,3682
570.435,212.132,3683
980.494,416.434,3684
139.939,487.697,3685
700.206,79.212,3686
34.839,72.677,3687
625.257,284.957,3688
112.626,760.226,3689
366.448,441.014,3690
167.294,910.960,3691
929.949,542.914,3692
147.201,27.360,3693
160.946,698.098,3694
882.781,227.635,3695
227.477,288.814,3696
922.644,438.669,3697
791.524,42.851,3698
560.967,107.029,3699
359.572,705.348,3700
656.736,860.579,3701
242.487,592.023,3702
41.779,308.432,3703
450.296,232.770,3704
228.072,346.962,3705
288.239,162.779,3706
227.963,84.744,3707
23.139,592.848,3708
571.550,38.953,3709
791.796,823.853,3710
466.544,313.156,3711
638.866,898.175,3712
357.100,146.061,3713
753.908,136.415,3714
44.201,739.190,3715
827.625,90.874,3716
450.885,994.347,3717
798.074,909.601,3718
156.046,592.070,3719
467.053,984.636,3720
275.794,951.723,3721
708.119,909.962,3722
398.022,448.366,3723
242.250,9.244,3724
826.430,458.759,3725
581.677,322.490,3726
30.828,242.940,3727
668.011,563.841,3728
134.224,319.594,3729
992.012,711.403,3730
128.682,899.805,3731
973.106,18.234,3732
899.828,2.618,3733
979.687,999.000,3734
586.720,164.880,3735
639.659,524.579,3736
218.021,215.126,3737
384.861,483.382,3738
327.325,231.357,3739
847.830,838.335,3740
919.219,457.115,3741
189.119,171.898,3742
389.167,835.283,3743
871.911,200.500,3744
969.730,431.696,3745
148.013,255.364,3746
236.081,888.752,3747
623.646,388.187,3748
730.841,257.205,3749
192.576,451.586,3750
622.418,797.788,3751
140.015,4.742,3752
735.215,144.000,3753
288.942,455.091,3754
19.175,753.500,3755
373.744,51.509,3756
479.407,755.264,3757
826.267,302.687,3758
834.959,493.115,3759
889.123,206.171,3760
327.791,712.618,3761
670.761,133.055,3762
550.629,923.044,3763
718.158,127.941,3764
397.922,233.389,3765
17.652,505.264,3766
166.177,302.213,3767
94.512,965.408,3768
518.761,856.905,3769
858.946,974.138,3770
524.079,612.501,3771
313.603,904.705,3772
175.099,193.502,3773
812.185,802.428,3774
953.084,894.780,3775
427.094,908.573,3776
230.831,820.907,3777
406.282,174.396,3778
518.506,498.438,3779
435.870,543.118,3780
114.846,844.286,3781
133.797,11.704,3782
408.564,379.548,3783
408.460,229.983,3784
977.354,368.226,3785
79.607,826.043,3786
138.823,334.979,3787
512.859,525.492,3788
151.015,821.324,3789
25.147,394.755,3790
273.646,169.594,3791
159.877,409.163,3792
31.632,718.048,3793
178.511,197.353,3794
431.373,304.567,3795
622.357,523.627,3796
763.372,225.015,3797
414.390,389.110,3798
273.849,341.331,3799
674.077,91.518,3800
3.301,61.995,3801
736.476,246.022,3802
998.422,611.025,3803
976.288,961.864,3804
92.671,665.805,3805
786.942,867.698,3806
1.586,553.192,3807
740.121,382.056,3808
347.616,350.689,3809
451.139,332.682,3810
335.814,752.098,3811
704.185,505.885,3812
694.908,402.388,3813
422.769,325.645,3814
56.544,675.049,3815
814.815,486.144,3816
90.528,709.170,3817
467.793,255.348,3818
620.417,631.342,3819
710.118,566.437,3820
678.720,193.013,3821
435.391,484.337,3822
132.270,532.732,3823
22.243,561.445,3824
891.198,304.551,3825
817.666,719.900,3826
471.001,714.631,3827
314.633,282.708,3828
98.212,234.705,3829
325.012,679.841,3830
694.492,261.122,3831
337.006,584.471,3832
424.327,598.185,3833
850.931,362.151,3834
377.523,206.343,3835
695.122,504.737,3836
918.586,188.794,3837
609.043,386.483,3838
586.049,525.009,3839
292.067,589.303,3840
223.882,884.432,3841
324.027,696.296,3842
709.961,121.935,3843
784.385,750.518,3844
656.998,928.740,3845
670.055,900.171,3846
65.830,448.500,3847
665.305,575.505,3848
963.795,916.337,3849
571.712,778.286,3850
5.103,727.587,3851
453.961,298.295,3852
976.825,712.526,3853
332.663,9.469,3854
477.556,264.927,3855
855.869,267.255,3856
624.645,251.859,3857
732.017,849.645,3858
155.242,995.729,3859
343.472,325.144,3860
813.595,28.177,3861
2.764,84.957,3862
534.669,510.516,3863
210.062,415.396,3864
44.328,539.925,3865
220.636,882.955,3866
228.472,287.033,3867
613.391,905.465,3868
649.479,875.752,3869
820.750,531.556,3870
864.401,39.133,3871
807.033,263.966,3872
461.889,972.724,3873
668.022,967.306,3874
9.038,726.651,3875
58.907,913.890,3876
580.697,159.472,3877
781.492,610.778,3878
388.912,60.519,3879
860.405,632.746,3880
748.318,871.984,3881
422.410,523.700,3882
807.148,662.300,3883
190.489,98.423,3884
806.485,532.873,3885
28.602,771.598,3886
939.615,153.957,3887
744.081,267.661,3888
269.673,652.595,3889
606.759,294.583,3890
816.643,236.916,3891
490.844,980.153,3892
178.667,839.425,3893
6.152,37.806,3894
11.794,414.192,3895
592.121,593.195,3896
393.810,757.637,3897
909.691,496.261,3898
979.379,645.081,3899
637.299,688.227,3900
321.728,676.175,3901
513.211,875.929,3902
860.842,79.324,3903
951.180,597.829,3904
708.655,167.123,3905
999.000,628.577,3906
200.190,932.741,3907
366.300,558.087,3908
952.068,202.290,3909
277.078,999.000,3910
993.345,176.466,3911
739.915,547.706,3912
978.740,886.979,3913
966.801,58.399,3914
104.596,647.562,3915
512.446,431.068,3916
757.705,967.701,3917
803.711,718.513,3918
11.737,822.467,3919
949.915,902.908,3920
987.661,984.385,3921
681.277,683.683,3922
470.254,631.965,3923
754.504,413.145,3924
920.452,377.662,3925
467.927,584.831,3926
109.977,90.232,3927
211.556,390.108,3928
686.436,985.079,3929
309.281,397.776,3930
999.000,199.086,3931
341.980,483.793,3932
770.672,543.561,3933
263.099,385.103,3934
406.693,177.096,3935
873.751,902.630,3936
168.736,400.146,3937
522.894,308.751,3938
33.955,39.971,3939
387.270,304.999,3940
708.529,229.230,3941
856.124,328.891,3942
49.158,700.535,3943
285.067,179.038,3944
372.241,212.227,3945
629.294,970.199,3946
257.185,791.471,3947
443.824,928.209,3948
767.976,245.941,3949
75.591,198.167,3950
808.211,336.950,3951
171.858,206.764,3952
101.890,788.156,3953
429.839,519.889,3954
377.688,947.530,3955
507.443,882.357,3956
972.172,387.131,3957
88.121,253.649,3958
846.855,383.867,3959
884.215,379.358,3960
578.555,482.445,3961
320.642,208.716,3962
988.061,497.051,3963
38.933,934.330,3964
698.011,498.348,3965
492.587,732.450,3966
294.456,117.389,3967
699.861,660.408,3968
17.201,362.603,3969
971.056,789.620,3970
697.469,91.911,3971
551.003,116.244,3972
115.060,66.996,3973
384.381,979.597,3974
116.869,968.708,3975
431.440,758.233,3976
330.605,867.145,3977
609.260,489.555,3978
794.349,392.405,3979
993.421,394.940,3980
886.142,148.747,3981
477.891,702.699,3982
736.795,529.227,3983
441.401,621.185,3984
4.978,233.597,3985
891.416,852.860,3986
491.773,778.817,3987
408.625,983.020,3988
927.354,779.773,3989
820.667,412.720,3990
58.427,244.669,3991
319.992,0.338,3992
672.445,533.339,3993
905.820,960.829,3994
155.759,529.190,3995
36.136,531.089,3996
362.458,869.770,3997
168.271,663.709,3998
677.958,616.543,3999
601.534,402.331,4000
617.248,969.358,4001
534.002,22.504,4002
257.771,707.612,4003
744.218,682.362,4004
151.648,514.505,4005
478.607,648.198,4006
963.932,252.937,4007
355.496,945.053,4008
865.747,582.880,4009
362.512,389.666,4010
956.332,938.455,4011
931.660,278.458,4012
935.703,583.438,4013
876.387,776.933,4014
420.133,583.848,4015
390.697,257.688,4016
711.325,914.243,4017
572.294,641.162,4018
221.417,61.279,4019
540.111,288.541,4020
943.687,516.357,4021
781.850,807.652,4022
963.453,438.069,4023
633.059,800.705,4024
488.052,866.379,4025
653.596,592.374,4026
599.264,474.959,4027
142.205,360.443,4028
882.962,17.509,4029
565.430,841.260,4030
815.651,736.215,4031
735.935,994.856,4032
648.638,64.487,4033
841.821,814.934,4034
678.454,79.395,4035
671.167,274.576,4036
403.534,639.699,4037
398.641,698.409,4038
77.227,376.777,4039
336.262,588.528,4040
177.431,532.362,4041
972.312,92.592,4042
990.450,969.164,4043
334.393,860.204,4044
605.247,973.693,4045
371.978,504.786,4046
120.014,758.727,4047
179.042,473.350,4048
629.897,817.234,4049
636.895,139.203,4050
974.606,97.040,4051
167.279,909.200,4052
455.740,922.825,4053
775.191,397.198,4054
313.450,224.643,4055
696.876,761.569,4056
135.252,702.003,4057
548.047,876.909,4058
583.328,282.660,4059
965.073,610.151,4060
800.220,856.629,4061
17.236,297.714,4062
881.032,616.950,4063
428.660,897.560,4064
169.382,79.429,4065
539.341,566.456,4066
519.514,535.462,4067
700.470,486.316,4068
420.269,330.185,4069
109.925,333.154,4070
543.810,856.591,4071
641.004,479.315,4072
699.330,334.383,4073
884.493,952.319,4074
160.860,946.765,4075
918.483,256.511,4076
974.479,685.095,4077
193.086,916.537,4078
843.371,138.541,4079
355.925,338.667,4080
218.990,664.988,4081
741.540,171.091,4082
48.848,679.673,4083
804.641,293.978,4084
944.339,696.829,4085
369.189,550.299,4086
853.565,818.781,4087
170.811,488.052,4088
398.387,374.634,4089
966.283,780.798,4090
431.973,595.321,4091
393.179,826.996,4092
233.042,726.557,4093
856.708,116.229,4094
986.194,910.000,4095
751.711,713.002,4096
232.990,399.777,4097
355.404,319.533,4098
798.575,930.391,4099
564.130,842.687,4100
536.211,17.952,4101
152.789,465.192,4102
487.490,878.883,4103
943.275,498.159,4104
956.335,819.183,4105
459.375,923.237,4106
874.279,706.999,4107
668.585,215.374,4108
576.733,68.108,4109
117.930,216.335,4110
779.362,725.170,4111
237.248,435.618,4112
106.031,133.224,4113
599.979,824.982,4114
564.863,912.191,4115
270.584,891.871,4116
90.821,35.235,4117
854.300,191.583,4118
713.215,753.238,4119
915.575,447.305,4120
903.103,824.777,4121
253.875,686.132,4122
411.554,921.273,4123
561.633,859.041,4124
798.094,359.564,4125
785.310,694.835,4126
892.875,15.088,4127
677.104,827.835,4128
296.131,724.818,4129
678.084,189.600,4130
885.559,930.378,4131
303.246,215.541,4132
583.163,845.907,4133
228.516,430.744,4134
890.605,431.504,4135
489.204,190.273,4136
525.112,523.303,4137
572.084,9.056,4138
777.819,244.216,4139
49.908,244.835,4140
359.918,298.516,4141
474.740,655.469,4142
457.585,332.085,4143
844.918,65.458,4144
32.809,759.242,4145
955.890,174.851,4146
366.500,528.834,4147
419.111,463.885,4148
798.808,706.393,4149
708.185,549.625,4150
557.249,437.628,4151
931.880,234.624,4152
804.584,992.387,4153
929.161,122.697,4154
147.481,76.707,4155
62.522,450.847,4156
58.361,930.585,4157
357.337,321.990,4158
908.914,914.414,4159
859.596,120.983,4160
447.662,12.873,4161
802.174,367.223,4162
710.985,703.394,4163
465.697,942.373,4164
30.704,991.141,4165
45.711,278.728,4166
537.794,535.503,4167
823.494,531.912,4168
458.091,734.189,4169
673.735,242.170,4170
135.673,462.527,4171
693.105,835.600,4172
213.854,544.506,4173
924.756,329.510,4174
120.042,853.503,4175
662.283,541.443,4176
256.235,692.805,4177
575.389,975.321,4178
534.022,104.572,4179
76.039,38.562,4180
135.468,894.602,4181
545.400,560.855,4182
249.029,307.751,4183
406.426,428.396,4184
641.417,705.791,4185
340.081,442.507,4186
87.116,845.182,4187
55.151,145.711,4188
283.987,420.601,4189
552.793,475.389,4190
592.724,789.527,4191
242.236,195.145,4192
874.002,782.352,4193
710.347,709.264,4194
920.026,854.841,4195
435.453,302.536,4196
43.350,702.614,4197
386.081,566.584,4198
216.382,959.845,4199
596.812,137.635,4200
353.776,531.452,4201
123.403,890.128,4202
98.142,677.476,4203
183.931,167.892,4204
302.487,667.827,4205
431.302,969.472,4206
471.635,650.535,4207
924.117,404.061,4208
285.334,740.359,4209
365.463,229.964,4210
608.092,90.507,4211
638.886,587.819,4212
563.441,451.094,4213
320.728,654.324,4214
784.609,645.276,4215
882.387,831.371,4216
810.003,317.888,4217
362.603,688.497,4218
5.265,670.238,4219
915.132,647.219,4220
381.763,318.245,4221
436.589,423.169,4222
162.898,676.997,4223
541.667,481.952,4224
152.510,451.226,4225
956.767,484.383,4226
595.180,30.046,4227
722.140,600.415,4228
71.089,977.313,4229
63.941,762.727,4230
980.355,352.378,4231
146.277,422.498,4232
762.045,120.941,4233
110.960,312.248,4234
884.994,969.346,4235
787.668,854.033,4236
847.753,521.975,4237
786.474,102.721,4238
906.802,770.953,4239
600.254,977.416,4240
878.583,914.208,4241
470.795,909.496,4242
759.456,94.727,4243
473.686,589.763,4244
160.526,808.955,4245
222.636,142.549,4246
569.451,679.224,4247
702.472,442.370,4248
460.405,724.715,4249
286.561,200.897,4250
822.943,959.294,4251
59.258,345.378,4252
523.314,76.713,4253
560.619,454.209,4254
226.648,880.145,4255
669.525,482.029,4256
193.436,20.537,4257
855.155,874.204,4258
515.404,559.512,4259
931.052,832.704,4260
220.659,977.433,4261
745.372,875.845,4262
255.590,370.394,4263
566.765,557.243,4264
963.776,481.849,4265
987.848,599.150,4266
70.059,126.180,4267
672.777,33.268,4268
832.118,4.612,4269
785.076,392.044,4270
530.465,210.504,4271
951.948,699.905,4272
329.231,566.883,4273
939.578,693.573,4274
874.805,960.370,4275
114.581,252.688,4276
824.069,584.876,4277
817.891,659.651,4278
128.750,204.167,4279
727.729,194.065,4280
726.155,542.719,4281
461.839,900.284,4282
226.648,447.001,4283
450.918,512.250,4284
94.490,812.906,4285
638.829,743.628,4286
227.121,734.769,4287
522.896,608.710,4288
978.132,525.054,4289
58.755,425.121,4290
509.751,833.556,4291
7.963,200.773,4292
249.644,613.195,4293
576.481,73.077,4294
311.497,679.461,4295
193.238,775.176,4296
828.942,560.054,4297
342.086,611.372,4298
50.797,26.125,4299
69.295,26.410,4300
464.612,737.948,4301
799.904,432.277,4302
736.875,342.909,4303
593.308,764.966,4304
241.590,779.749,4305
102.072,698.100,4306
874.440,774.291,4307
348.439,300.599,4308
606.425,863.962,4309
958.788,448.410,4310
145.291,820.542,4311
507.424,90.121,4312
591.782,106.310,4313
866.934,766.578,4314
428.985,241.198,4315
95.939,281.156,4316
443.966,951.986,4317
362.133,956.274,4318
113.085,769.822,4319
90.684,12.425,4320
508.925,285.577,4321
585.229,469.941,4322
516.983,422.750,4323
803.410,553.196,4324
634.659,597.519,4325
187.315,31.672,4326
166.443,78.903,4327
789.977,955.231,4328
982.095,947.478,4329
317.958,56.781,4330
339.427,688.510,4331
126.637,796.128,4332
861.640,815.290,4333
61.226,7.453,4334
227.403,268.147,4335
633.053,611.830,4336
402.332,453.837,4337
575.654,223.681,4338
984.075,430.771,4339
381.210,295.089,4340
870.294,467.510,4341
534.213,876.931,4342
390.840,853.255,4343
608.528,362.801,4344
951.196,146.114,4345
373.063,819.416,4346
590.399,913.396,4347
541.063,130.856,4348
635.112,728.096,4349
700.938,451.084,4350
630.450,102.516,4351
368.203,126.259,4352
919.962,471.503,4353
671.567,466.885,4354
941.536,365.323,4355
298.407,511.594,4356
344.874,471.001,4357
694.346,891.936,4358
396.733,405.398,4359
881.509,280.849,4360
983.398,760.950,4361
264.999,863.056,4362
35.072,765.052,4363
340.670,10.232,4364
998.498,31.553,4365
361.429,796.345,4366
48.445,758.903,4367
985.877,883.411,4368
982.305,60.623,4369
745.459,905.768,4370
336.401,259.062,4371
719.754,846.985,4372
74.420,149.423,4373
586.652,939.619,4374
91.594,347.094,4375
843.348,422.745,4376
168.286,830.609,4377
825.367,483.826,4378
951.529,36.349,4379
992.447,595.763,4380
670.032,753.678,4381
101.529,721.895,4382
368.252,197.006,4383
452.801,300.793,4384
147.435,941.469,4385
54.842,961.504,4386
795.107,156.307,4387
540.226,704.425,4388
540.791,954.629,4389
3.822,635.495,4390
707.574,740.720,4391
396.824,860.871,4392
487.293,396.970,4393
606.739,586.199,4394
356.470,166.569,4395
5.114,262.954,4396
671.812,750.734,4397
904.435,190.299,4398
779.413,763.922,4399
190.721,270.471,4400
187.578,743.972,4401
667.747,579.175,4402
726.041,587.377,4403
637.624,524.631,4404
642.424,834.326,4405
250.668,298.819,4406
497.948,788.872,4407
40.962,617.458,4408
731.605,637.067,4409
428.387,96.189,4410
933.854,273.501,4411
125.411,139.484,4412
979.377,182.400,4413
906.824,102.908,4414
27.159,82.516,4415
466.789,360.179,4416
227.074,338.393,4417
533.970,159.104,4418
914.003,412.696,4419
151.621,254.140,4420
830.438,745.559,4421
637.290,912.468,4422
721.249,433.443,4423
533.255,418.955,4424
576.748,957.704,4425
669.745,310.107,4426
260.768,301.266,4427
123.744,429.780,4428
39.050,637.011,4429
577.147,861.495,4430
886.553,949.688,4431
785.143,978.119,4432
406.480,36.355,4433
553.231,755.736,4434
434.301,391.391,4435
81.818,192.027,4436
62.509,278.029,4437
740.673,131.335,4438
998.290,372.916,4439
197.760,861.933,4440
985.022,875.225,4441
403.229,351.801,4442
818.957,106.031,4443
142.113,232.232,4444
202.843,471.994,4445
851.435,507.507,4446
974.112,361.266,4447
4.904,513.432,4448
397.581,580.989,4449
199.703,353.407,4450
850.474,275.636,4451
764.440,126.430,4452
832.317,739.811,4453
275.116,203.237,4454
697.923,993.104,4455
489.170,934.364,4456
36.107,594.503,4457
628.302,147.059,4458
383.140,531.721,4459
77.598,15.010,4460
889.340,79.357,4461
203.151,404.765,4462
110.296,388.354,4463
366.722,978.385,4464
693.385,466.232,4465
713.775,453.332,4466
151.620,393.381,4467
992.405,851.129,4468
672.482,370.859,4469
412.770,41.393,4470
343.280,453.081,4471
948.479,900.213,4472
289.037,946.276,4473
35.083,30.742,4474
749.781,869.810,4475
748.968,370.827,4476
837.575,536.856,4477
26.947,589.232,4478
682.552,88.405,4479
448.651,542.129,4480
490.661,960.287,4481
712.261,444.525,4482
365.922,569.454,4483
814.598,961.631,4484
995.150,316.923,4485
859.263,267.330,4486
588.601,628.985,4487
447.668,292.826,4488
591.806,600.790,4489
432.103,702.608,4490
472.605,156.379,4491
605.932,453.653,4492
375.597,445.896,4493
768.496,65.459,4494
539.406,322.538,4495
691.996,767.822,4496
166.782,398.550,4497
620.813,353.514,4498
231.585,110.784,4499
321.719,510.482,4500
692.568,694.644,4501
929.344,107.830,4502
897.905,595.123,4503
155.198,268.913,4504
804.458,686.219,4505
201.332,497.995,4506
612.636,847.501,4507
392.997,369.344,4508
852.814,617.321,4509
536.136,490.995,4510
696.529,663.804,4511
286.158,68.023,4512
33.453,278.424,4513
998.990,202.370,4514
453.458,139.310,4515
4.174,658.463,4516
106.466,258.583,4517
37.918,205.895,4518
388.613,249.430,4519
957.234,876.708,4520
882.531,647.009,4521
556.791,663.240,4522
881.255,383.227,4523
567.533,520.439,4524
543.916,63.233,4525
542.132,156.484,4526
607.865,460.048,4527
365.190,877.367,4528
2.740,106.800,4529
374.090,291.032,4530
716.483,561.134,4531
230.599,579.262,4532
388.369,399.031,4533
900.777,271.481,4534
691.387,247.594,4535
312.961,957.551,4536
771.996,856.728,4537
977.472,299.794,4538
123.131,297.178,4539
132.476,717.571,4540
958.977,769.427,4541
746.813,893.331,4542
664.944,325.674,4543
803.029,296.790,4544
157.993,318.428,4545
155.700,728.470,4546
67.380,979.183,4547
644.823,228.988,4548
471.468,905.534,4549
461.670,94.813,4550
50.300,15.327,4551
900.020,777.808,4552
916.671,965.141,4553
675.919,334.381,4554
766.371,25.814,4555
525.631,850.646,4556
944.348,455.291,4557
270.096,746.129,4558
283.133,12.490,4559
131.415,629.586,4560
479.375,858.541,4561
978.945,624.859,4562
311.356,721.760,4563
868.312,953.940,4564
701.442,443.991,4565
12.495,245.564,4566
321.326,558.075,4567
910.144,367.365,4568
286.761,617.428,4569
353.827,179.739,4570
580.220,216.759,4571
967.801,666.607,4572
574.086,893.735,4573
473.042,360.555,4574
124.246,992.382,4575
834.068,755.605,4576
784.248,784.255,4577
321.309,751.491,4578
387.070,518.204,4579
811.117,206.881,4580
248.327,556.672,4581
344.737,992.556,4582
37.509,558.840,4583
336.139,152.130,4584
479.969,236.376,4585
61.096,743.440,4586
571.693,971.441,4587
451.552,21.775,4588
805.817,97.624,4589
652.223,145.167,4590
322.300,784.880,4591
200.527,176.478,4592
984.453,833.443,4593
466.129,896.369,4594
660.922,228.064,4595
901.105,979.202,4596
185.146,900.630,4597
448.387,545.309,4598
41.265,863.839,4599
192.199,514.410,4600
22.050,304.859,4601
843.925,653.271,4602
522.973,547.029,4603
960.353,758.116,4604
439.288,604.667,4605
942.067,891.285,4606
322.838,2.788,4607
564.336,825.043,4608
397.243,519.017,4609
393.016,297.769,4610
253.149,645.690,4611
76.007,379.474,4612
963.439,184.796,4613
396.330,217.091,4614
182.264,31.157,4615
53.766,874.012,4616
918.180,321.405,4617
442.317,913.101,4618
51.135,876.877,4619
375.703,843.468,4620
790.252,175.708,4621
231.858,931.196,4622
241.902,103.364,4623
203.298,821.329,4624
38.689,591.248,4625
306.685,376.593,4626
710.952,477.536,4627
825.014,518.967,4628
999.000,772.127,4629
809.746,385.278,4630
764.152,342.930,4631
901.235,422.283,4632
91.224,986.190,4633
31.234,760.368,4634
592.791,10.825,4635
772.180,855.270,4636
506.749,535.502,4637
822.743,790.080,4638
562.121,983.175,4639
570.729,109.794,4640
364.765,887.423,4641
568.560,772.175,4642
64.071,634.960,4643
421.560,48.243,4644
438.523,707.189,4645
174.676,647.918,4646
300.012,796.987,4647
253.906,716.887,4648
790.960,551.818,4649
448.159,811.970,4650
136.804,604.023,4651
589.798,319.818,4652
201.769,508.830,4653
478.747,40.402,4654
944.345,492.864,4655
619.431,318.583,4656
89.315,918.539,4657
239.924,582.366,4658
826.136,288.050,4659
404.995,150.720,4660
223.712,204.154,4661
675.833,293.733,4662
109.179,777.604,4663
961.040,852.212,4664
919.045,512.250,4665
156.980,355.568,4666
292.548,743.076,4667
582.444,68.885,4668
697.422,486.053,4669
28.541,524.891,4670
90.222,725.362,4671
702.778,531.735,4672
373.695,765.097,4673
233.700,876.209,4674
262.495,999.000,4675
834.272,269.332,4676
320.361,567.749,4677
120.392,773.282,4678
373.927,322.332,4679
316.223,101.432,4680
904.844,845.749,4681
97.150,73.042,4682
882.553,752.256,4683
713.170,433.985,4684
591.822,359.267,4685
690.487,199.356,4686
589.499,638.608,4687
239.726,592.606,4688
588.107,13.513,4689
741.690,837.276,4690
355.264,499.075,4691
480.178,993.037,4692
1.531,534.126,4693
169.636,213.629,4694
73.524,64.697,4695
492.797,988.656,4696
143.041,892.184,4697
810.284,615.314,4698
273.194,366.374,4699
696.014,920.475,4700
208.330,188.239,4701
874.791,718.749,4702
723.036,139.120,4703
67.292,325.579,4704
139.219,90.908,4705
311.867,498.255,4706
164.786,356.287,4707
347.077,169.378,4708
655.997,99.015,4709
314.924,105.043,4710
672.720,168.525,4711
923.186,629.878,4712
264.577,883.429,4713
382.776,583.305,4714
682.118,374.368,4715
363.676,759.755,4716
908.454,408.169,4717
683.662,562.900,4718
670.894,216.912,4719
670.236,778.735,4720
570.695,906.593,4721
513.751,62.396,4722
858.193,231.053,4723
890.506,977.290,4724
696.705,274.203,4725
181.401,421.182,4726
951.139,858.194,4727
413.930,597.493,4728
856.100,861.157,4729
814.242,153.989,4730
738.061,966.292,4731
316.360,5.922,4732
561.663,254.613,4733
258.465,555.265,4734
440.627,475.715,4735
24.648,633.774,4736
600.629,306.404,4737
178.167,322.186,4738
611.584,144.012,4739
76.190,541.199,4740
318.024,727.028,4741
81.430,240.626,4742
523.746,830.906,4743
60.444,178.054,4744
40.840,432.962,4745
16.346,214.509,4746
143.447,679.494,4747
865.091,892.829,4748
757.318,346.599,4749
103.594,565.518,4750
775.791,504.345,4751
335.356,345.458,4752
643.452,494.385,4753
106.503,174.500,4754
420.649,367.963,4755
419.805,894.870,4756
408.077,808.766,4757
533.522,844.916,4758
517.596,320.656,4759
203.190,265.479,4760
810.939,588.322,4761
584.045,453.395,4762
254.423,804.701,4763
648.086,458.023,4764
317.013,245.112,4765
372.335,727.729,4766
342.714,255.001,4767
35.448,1.006,4768
642.213,784.161,4769
466.282,65.294,4770
606.644,99.861,4771
503.623,267.036,4772
807.703,377.864,4773
309.799,518.099,4774
73.205,575.749,4775
245.452,61.268,4776
777.205,842.538,4777
417.654,322.388,4778
297.399,908.575,4779
820.198,383.344,4780
819.012,779.665,4781
730.250,156.987,4782
548.041,93.449,4783
982.064,3.140,4784
829.175,502.681,4785
959.922,126.913,4786
332.180,125.158,4787
530.136,773.042,4788
426.830,2.630,4789
914.496,685.190,4790
749.826,330.369,4791
250.663,478.339,4792
42.608,941.532,4793
156.960,985.574,4794
285.854,849.134,4795
267.603,880.131,4796
932.615,200.229,4797
870.617,292.359,4798
329.453,993.718,4799
487.048,115.921,4800
643.613,813.268,4801
660.461,92.429,4802
810.807,530.734,4803
377.625,575.381,4804
945.411,53.971,4805
366.289,612.282,4806
551.258,435.432,4807
972.614,793.982,4808
534.454,350.236,4809
584.093,583.849,4810
782.158,792.377,4811
240.799,943.390,4812
92.061,945.768,4813
452.772,388.426,4814
304.979,511.568,4815
800.276,654.286,4816
180.424,115.485,4817
254.372,799.332,4818
297.746,880.210,4819
420.776,70.426,4820
736.938,989.581,4821
838.436,413.827,4822
320.236,106.411,4823
354.936,878.110,4824
196.999,574.929,4825
136.146,957.464,4826
547.270,260.789,4827
976.140,56.827,4828
546.743,2.793,4829
406.784,443.275,4830
96.601,524.235,4831
198.816,602.645,4832
101.965,385.753,4833
987.344,732.839,4834
513.435,281.975,4835
740.614,163.347,4836
930.046,788.502,4837
208.556,787.707,4838
63.315,372.347,4839
612.918,765.124,4840
139.223,504.298,4841
386.360,511.708,4842
256.371,520.499,4843
578.640,267.916,4844
273.346,285.776,4845
374.589,153.216,4846
151.121,559.403,4847
614.897,953.683,4848
94.438,140.171,4849
625.030,115.320,4850
996.500,535.681,4851
866.546,452.658,4852
575.704,935.682,4853
994.185,566.482,4854
233.342,272.265,4855
742.866,607.227,4856
609.429,836.249,4857
754.603,32.553,4858
573.960,94.780,4859
866.673,179.753,4860
860.450,918.418,4861
41.412,430.155,4862
650.680,14.796,4863
683.137,158.471,4864
22.555,160.910,4865
374.012,642.276,4866
239.294,83.765,4867
188.325,15.999,4868
60.266,719.152,4869
890.141,426.257,4870
164.844,468.202,4871
722.711,524.483,4872
75.555,223.315,4873
751.292,85.011,4874
256.539,496.427,4875
968.523,63.775,4876
618.810,355.813,4877
476.531,292.484,4878
241.620,178.911,4879
405.807,62.935,4880
520.714,69.196,4881
310.779,207.206,4882
820.802,334.429,4883
124.074,32.569,4884
657.229,756.408,4885
466.232,626.376,4886
242.204,431.721,4887
21.896,958.711,4888
261.883,20.783,4889
859.975,799.954,4890
744.117,778.174,4891
645.837,488.511,4892
633.225,260.823,4893
508.699,200.193,4894
569.075,951.472,4895
964.560,383.911,4896
844.755,769.519,4897
292.103,493.533,4898
411.257,761.311,4899
457.695,500.505,4900
468.637,575.933,4901
92.586,470.046,4902
818.160,752.343,4903
416.133,465.534,4904
154.295,380.229,4905
756.855,785.099,4906
236.834,96.822,4907
593.654,234.027,4908
424.266,378.372,4909
360.354,999.000,4910
692.825,690.889,4911
184.702,0.677,4912
802.438,344.569,4913
897.305,371.523,4914
679.898,154.218,4915
450.883,864.514,4916
302.321,315.586,4917
395.563,763.911,4918
452.852,833.171,4919
138.659,833.516,4920
709.236,744.978,4921
190.852,686.705,4922
6.296,74.617,4923
634.652,863.698,4924
477.823,163.129,4925
234.254,697.656,4926
506.278,818.794,4927
120.100,94.731,4928
297.031,404.121,4929
647.860,634.604,4930
254.517,357.859,4931
522.515,629.068,4932
226.793,999.000,4933
344.625,709.680,4934
41.846,674.522,4935
783.614,541.230,4936
680.588,386.918,4937
370.582,91.402,4938
118.171,268.942,4939
475.663,285.460,4940
868.111,743.692,4941
997.811,118.324,4942
365.138,499.044,4943
312.138,550.703,4944
603.926,673.885,4945
243.948,241.587,4946
11.605,736.820,4947
603.799,864.413,4948
899.067,910.157,4949
298.615,867.435,4950
595.066,977.281,4951
519.549,682.919,4952
304.917,145.985,4953
912.249,968.448,4954
543.144,992.124,4955
472.120,137.295,4956
39.527,82.725,4957
603.626,705.103,4958
529.398,946.263,4959
270.564,999.000,4960
648.782,153.292,4961
546.046,699.872,4962
395.796,161.286,4963
541.024,706.778,4964
464.631,45.774,4965
150.256,444.604,4966
240.028,642.361,4967
446.041,807.233,4968
82.497,990.053,4969
543.326,589.675,4970
981.558,573.864,4971
159.366,429.730,4972
161.449,277.855,4973
93.274,555.285,4974
737.002,231.249,4975
942.345,643.326,4976
813.521,403.884,4977
727.740,649.850,4978
37.104,41.061,4979
903.616,984.557,4980
482.966,883.161,4981
650.239,492.403,4982
971.685,957.138,4983
380.536,906.421,4984
317.012,30.310,4985
782.656,620.531,4986
357.592,311.069,4987
354.642,283.786,4988
712.161,829.365,4989
201.482,469.902,4990
228.634,93.139,4991
150.757,809.523,4992
439.628,553.203,4993
339.623,688.956,4994
868.914,27.046,4995
491.468,907.222,4996
4.318,84.455,4997
98.662,558.542,4998
235.312,268.583,4999
971.347,586.511,5000
637.285,246.115,5001
275.527,859.607,5002
441.186,825.348,5003
934.046,751.045,5004
944.584,928.450,5005
392.969,868.458,5006
603.871,488.214,5007
884.401,443.961,5008
874.501,72.990,5009
495.985,735.280,5010
121.507,548.942,5011
144.217,903.791,5012
899.439,542.728,5013
657.438,650.441,5014
238.364,629.031,5015
810.294,859.001,5016
221.658,782.199,5017
410.812,399.733,5018
423.523,916.644,5019
818.265,943.313,5020
684.733,132.106,5021
262.156,675.092,5022
48.552,240.431,5023
690.692,328.260,5024
232.970,778.781,5025
45.314,709.373,5026
413.639,35.791,5027
116.890,568.736,5028
916.011,125.634,5029
838.070,564.831,5030
904.617,462.087,5031
191.412,581.872,5032
562.236,694.511,5033
410.450,826.173,5034
123.860,153.837,5035
221.008,222.298,5036
447.033,633.239,5037
623.579,213.091,5038
788.152,462.047,5039
278.314,994.501,5040
386.855,813.907,5041
335.321,664.770,5042
622.585,879.627,5043
802.411,970.558,5044
522.025,709.028,5045
638.273,408.576,5046
560.497,685.997,5047
634.096,351.975,5048
448.444,171.541,5049
214.167,911.149,5050
402.937,637.719,5051
717.337,123.915,5052
252.028,94.484,5053
619.096,660.732,5054
422.974,843.660,5055
156.832,621.573,5056
602.758,975.542,5057
885.558,297.024,5058
75.637,96.411,5059
130.068,800.581,5060
350.954,3.758,5061
167.838,547.404,5062
410.226,685.637,5063
410.996,847.585,5064
159.549,404.209,5065
770.172,912.637,5066
899.672,730.797,5067
808.139,951.164,5068
915.940,678.820,5069
910.954,526.997,5070
813.541,599.975,5071
582.515,812.426,5072
808.631,958.376,5073
143.525,983.519,5074
775.827,154.273,5075
585.800,424.776,5076
414.605,102.157,5077
627.085,995.438,5078
748.156,816.266,5079
677.711,288.751,5080
392.237,469.594,5081
478.220,683.268,5082
796.678,355.085,5083
89.234,354.496,5084
553.211,473.162,5085
359.590,119.147,5086
245.504,795.598,5087
572.914,88.720,5088
82.220,131.463,5089
969.338,411.896,5090
295.848,388.628,5091
747.000,116.831,5092
761.037,748.290,5093
591.731,828.758,5094
787.067,144.193,5095
252.304,758.895,5096
470.129,318.942,5097
463.816,110.164,5098
316.991,864.881,5099
427.364,909.894,5100
365.781,333.314,5101
357.545,979.538,5102
571.325,168.670,5103
353.745,867.680,5104
320.602,925.988,5105
837.068,848.896,5106
3.909,623.327,5107
474.190,39.015,5108
541.254,434.518,5109
21.853,970.377,5110
154.696,169.379,5111
216.651,746.318,5112
749.871,993.864,5113
703.340,521.050,5114
751.409,118.662,5115
73.287,324.128,5116
147.386,913.730,5117
622.315,873.017,5118
179.380,180.393,5119
87.770,253.190,5120
302.680,559.252,5121
448.845,9.643,5122
917.031,90.473,5123
402.028,880.895,5124
373.660,423.736,5125
280.894,903.156,5126
648.255,374.101,5127
437.607,281.812,5128
197.290,727.996,5129
456.930,914.651,5130
115.981,682.779,5131
771.754,118.643,5132
957.542,767.808,5133
455.642,87.771,5134
832.338,313.987,5135
759.976,447.468,5136
222.791,226.281,5137
649.030,586.371,5138
285.767,783.289,5139
689.864,85.262,5140
648.432,135.824,5141
482.743,755.151,5142
619.524,281.234,5143
245.604,118.901,5144
250.224,140.704,5145
595.656,603.132,5146
488.412,204.428,5147
42.464,976.247,5148
100.055,935.368,5149
629.434,793.885,5150
295.565,8.266,5151
647.878,958.351,5152
927.029,782.866,5153
941.288,46.305,5154
939.383,559.976,5155
992.292,892.840,5156
593.814,533.354,5157
411.899,92.332,5158
802.969,391.292,5159
819.879,574.544,5160
595.079,145.766,5161
729.108,177.160,5162
582.593,334.809,5163
446.524,680.942,5164
609.843,483.832,5165
156.489,339.285,5166
761.363,522.465,5167
466.949,194.741,5168
924.621,703.094,5169
299.094,986.293,5170
24.794,767.033,5171
403.510,472.524,5172
483.649,257.350,5173
736.208,346.376,5174
701.455,714.291,5175
904.675,298.254,5176
185.663,371.021,5177
651.448,41.683,5178
530.939,758.104,5179
669.129,843.570,5180
916.266,109.750,5181
963.700,38.668,5182
620.106,991.652,5183
294.609,205.607,5184
296.776,781.299,5185
790.154,218.943,5186
572.973,254.102,5187
356.855,207.420,5188
378.477,923.686,5189
188.160,296.062,5190
816.505,216.184,5191
205.115,901.825,5192
855.906,141.211,5193
426.480,790.432,5194
225.814,618.775,5195
97.974,950.540,5196
579.775,139.911,5197
824.636,394.555,5198
595.625,955.690,5199
604.018,962.646,5200
251.079,357.860,5201
915.134,725.962,5202
409.564,131.204,5203
456.234,864.058,5204
0.521,970.447,5205
72.133,474.144,5206
546.700,125.136,5207
566.475,63.051,5208
373.834,595.663,5209
560.333,53.541,5210
335.584,895.571,5211
665.426,934.789,5212
525.098,554.342,5213
757.926,96.430,5214
491.506,333.911,5215
598.974,802.909,5216
170.595,505.811,5217
385.904,306.424,5218
140.385,924.532,5219
681.146,265.681,5220
936.388,207.409,5221
854.087,138.182,5222
850.973,975.268,5223
963.788,421.241,5224
33.789,390.049,5225
155.585,378.181,5226
335.413,752.013,5227
437.290,908.819,5228
64.670,989.316,5229
267.654,823.533,5230
37.088,794.082,5231
901.714,518.167,5232
336.872,824.693,5233
852.325,271.295,5234
676.433,736.976,5235
204.970,445.650,5236
914.009,362.993,5237
145.930,123.302,5238
529.364,28.400,5239
379.133,585.029,5240
873.721,604.513,5241
24.035,878.107,5242
733.910,253.877,5243
109.849,832.334,5244
980.090,394.457,5245
686.948,63.875,5246
620.991,606.711,5247
653.544,263.233,5248
79.121,866.931,5249
156.959,467.960,5250
302.741,846.121,5251
784.317,828.057,5252
51.128,893.247,5253
393.059,695.726,5254
273.524,466.197,5255
81.686,939.328,5256
48.245,385.632,5257
221.590,86.320,5258
977.322,698.294,5259
827.849,976.632,5260
520.856,354.956,5261
288.116,470.519,5262
369.680,109.464,5263
855.524,484.212,5264
146.488,598.170,5265
95.443,243.285,5266
428.375,200.479,5267
87.400,812.830,5268
812.704,866.780,5269
86.443,683.777,5270
691.365,873.930,5271
914.029,274.184,5272
835.810,363.736,5273
505.743,880.325,5274
52.390,564.747,5275
909.340,363.202,5276
478.306,951.412,5277
445.682,189.683,5278
43.574,198.709,5279
896.524,913.896,5280
163.314,177.678,5281
591.052,246.691,5282
307.528,424.784,5283
190.944,927.427,5284
816.995,631.307,5285
727.665,881.696,5286
745.240,273.659,5287
450.272,217.396,5288
364.550,636.982,5289
501.215,81.984,5290
288.897,472.746,5291
462.471,670.074,5292
631.669,625.922,5293
251.240,832.375,5294
377.441,342.214,5295
632.174,510.083,5296
431.485,350.922,5297
429.263,625.807,5298
872.340,117.364,5299
610.400,833.186,5300
478.550,326.705,5301
383.240,189.567,5302
866.568,753.870,5303
968.831,562.704,5304
659.945,250.712,5305
847.091,14.752,5306
969.038,942.728,5307
845.692,355.400,5308
142.475,267.197,5309
436.773,543.864,5310
659.483,828.753,5311
499.267,794.832,5312
21.299,637.573,5313
598.814,771.348,5314
249.413,249.205,5315
428.986,115.161,5316
484.113,24.820,5317
981.329,807.303,5318
505.099,490.310,5319
813.232,571.905,5320
245.752,692.112,5321
339.901,727.023,5322
568.638,158.647,5323
135.760,198.504,5324
459.974,727.512,5325
995.552,717.807,5326
2.460,243.274,5327
363.048,769.091,5328
887.372,712.403,5329
61.075,214.517,5330
934.271,535.816,5331
689.477,917.608,5332
933.914,242.613,5333
242.948,405.052,5334
850.781,774.706,5335
426.593,898.182,5336
610.719,85.699,5337
534.089,268.917,5338
639.280,107.196,5339
88.970,918.025,5340
473.578,148.740,5341
925.645,682.972,5342
395.853,4.356,5343
552.872,578.946,5344
340.015,130.674,5345
871.401,741.763,5346
867.458,73.953,5347
488.342,613.710,5348
892.883,876.228,5349
772.568,709.189,5350
726.801,968.466,5351
50.014,18.148,5352
232.674,547.163,5353
912.032,130.351,5354
606.717,775.259,5355
222.700,795.879,5356
456.007,898.719,5357
92.629,434.103,5358
954.198,560.296,5359
808.036,325.415,5360
51.658,406.302,5361
696.200,714.518,5362
936.073,709.335,5363
393.149,718.493,5364
653.794,759.462,5365
112.654,122.905,5366
623.908,362.106,5367
145.097,153.144,5368
568.394,598.525,5369
524.558,364.064,5370
161.780,802.160,5371
825.466,12.156,5372
365.840,511.831,5373
598.329,271.823,5374
9.928,797.332,5375
438.070,912.953,5376
293.232,108.779,5377
59.505,72.023,5378
560.447,855.528,5379
929.848,883.009,5380
99.458,355.161,5381
706.094,990.743,5382
375.913,810.386,5383
830.136,562.141,5384
906.522,663.474,5385
98.157,770.303,5386
307.645,404.246,5387
890.413,143.515,5388
526.963,13.160,5389
824.137,956.598,5390
304.448,550.922,5391
457.851,20.693,5392
284.102,98.177,5393
984.757,184.155,5394
38.453,272.664,5395
908.971,495.564,5396
779.227,852.128,5397
300.017,173.473,5398
143.583,786.296,5399
903.876,689.728,5400
38.546,734.227,5401
378.395,369.670,5402
283.625,95.045,5403
456.250,531.518,5404
524.834,961.224,5405
961.888,272.485,5406
534.507,857.807,5407
779.281,4.156,5408
317.253,76.076,5409
162.856,453.977,5410
980.372,891.206,5411
743.606,41.644,5412
82.341,902.280,5413
55.782,866.738,5414
46.205,546.370,5415
319.156,595.675,5416
533.942,598.285,5417
525.010,643.080,5418
438.675,539.152,5419
466.333,716.647,5420
925.158,90.281,5421
148.343,297.694,5422
859.233,595.286,5423
167.514,215.731,5424
577.373,653.567,5425
948.134,76.415,5426
884.180,263.489,5427
35.512,989.856,5428
79.847,297.743,5429
400.851,537.815,5430
705.379,525.195,5431
18.616,370.797,5432
166.891,383.706,5433
46.984,91.071,5434
547.312,4.757,5435
388.977,208.999,5436
720.250,986.397,5437
917.359,221.186,5438
326.265,774.365,5439
21.088,502.510,5440
801.806,276.772,5441
616.439,853.514,5442
698.877,989.999,5443
320.331,903.226,5444
228.654,687.315,5445
663.847,868.201,5446
302.871,218.740,5447
340.778,322.001,5448
124.009,303.803,5449
535.900,600.377,5450
706.620,304.345,5451
250.976,516.429,5452
887.580,376.047,5453
339.413,392.982,5454
646.082,652.520,5455
253.164,195.269,5456
7.966,205.364,5457
931.473,815.663,5458
728.234,697.073,5459
25.665,445.761,5460
249.122,549.200,5461
329.448,488.516,5462
363.344,328.335,5463
882.399,523.109,5464
950.359,31.434,5465
609.360,317.556,5466
44.758,99.547,5467
525.808,829.344,5468
739.223,370.901,5469
346.223,917.530,5470
920.315,153.334,5471
528.609,75.953,5472
655.501,225.310,5473
53.829,457.064,5474
67.318,61.723,5475
595.763,28.906,5476
314.993,850.531,5477
47.176,453.913,5478
661.995,409.298,5479
105.046,422.640,5480
673.142,253.625,5481
657.561,302.894,5482
536.694,564.347,5483
684.031,49.476,5484
489.271,632.201,5485
633.102,582.066,5486
502.940,335.683,5487
68.394,30.497,5488
509.979,932.598,5489
360.133,788.539,5490
846.534,243.731,5491
710.713,514.805,5492
832.212,48.896,5493
783.753,510.672,5494
609.286,902.593,5495
348.031,547.257,5496
711.606,805.110,5497
421.950,213.617,5498
398.055,126.229,5499
88.590,781.200,5500
234.260,163.136,5501
641.966,671.213,5502
209.985,647.673,5503
916.195,56.515,5504
666.008,199.635,5505
764.426,850.525,5506
738.975,247.548,5507
268.038,187.784,5508
354.143,539.761,5509
846.665,646.416,5510
105.240,477.709,5511
894.629,721.324,5512
306.861,877.486,5513
124.377,126.503,5514
102.728,648.019,5515
177.589,793.444,5516
487.562,273.671,5517
822.982,417.859,5518
295.571,925.012,5519
757.580,509.536,5520
18.229,449.453,5521
314.614,4.036,5522
82.994,275.001,5523
262.306,367.440,5524
132.175,351.255,5525
418.764,355.504,5526
619.336,256.768,5527
328.471,797.405,5528
671.883,648.079,5529
751.754,790.262,5530
768.280,22.633,5531
76.770,93.208,5532
674.699,992.337,5533
903.072,992.221,5534
213.544,611.959,5535
336.968,748.019,5536
595.839,980.393,5537
227.402,639.181,5538
950.542,105.760,5539
595.394,660.674,5540
171.875,571.392,5541
348.129,341.103,5542
37.284,638.622,5543
824.287,883.010,5544
83.715,821.276,5545
548.298,91.481,5546
994.533,143.409,5547
337.359,138.011,5548
564.489,979.448,5549
279.432,663.206,5550
280.887,209.651,5551
740.950,165.728,5552
552.838,610.330,5553
840.187,473.678,5554
721.183,106.808,5555
178.215,399.484,5556
365.813,592.597,5557
934.999,254.667,5558
376.873,106.306,5559
585.149,622.732,5560
534.109,400.244,5561
691.023,182.539,5562
542.486,465.819,5563
895.074,859.688,5564
143.698,743.552,5565
402.716,869.556,5566
535.923,552.303,5567
749.993,307.661,5568
701.360,424.850,5569
240.819,915.267,5570
978.007,347.096,5571
989.947,512.214,5572
265.131,772.987,5573
955.181,963.896,5574
601.014,465.743,5575
326.448,978.672,5576
489.920,508.960,5577
948.056,656.967,5578
227.673,889.876,5579
10.776,733.405,5580
46.343,787.443,5581
704.026,911.869,5582
590.212,921.734,5583
636.549,293.133,5584
167.692,520.006,5585
49.630,566.464,5586
207.818,172.025,5587
930.513,375.965,5588
872.702,684.101,5589
94.612,682.827,5590
60.883,963.127,5591
48.365,235.322,5592
607.227,534.456,5593
993.829,904.603,5594
809.183,3.008,5595
429.515,503.437,5596
471.461,45.562,5597
959.806,236.527,5598
140.450,809.640,5599
690.522,824.416,5600
450.905,687.441,5601
225.712,8.927,5602
613.731,944.777,5603
674.536,768.818,5604
403.083,399.675,5605
423.062,51.633,5606
993.234,733.226,5607
700.917,197.069,5608
490.872,500.052,5609
223.612,884.590,5610
404.441,41.173,5611
551.641,446.072,5612
758.307,535.027,5613
900.120,538.255,5614
476.810,567.792,5615
517.406,419.911,5616
352.060,546.713,5617
921.778,283.288,5618
915.473,448.500,5619
293.357,590.235,5620
319.467,918.354,5621
376.497,503.773,5622
747.850,372.066,5623
331.297,192.825,5624
17.141,262.581,5625
446.618,469.719,5626
723.111,820.597,5627
458.486,77.109,5628
477.397,70.789,5629
42.308,618.015,5630
274.707,894.556,5631
705.800,857.382,5632
116.170,811.810,5633
126.228,227.483,5634
295.273,862.030,5635
127.347,391.134,5636
947.717,850.392,5637
713.063,268.648,5638
312.004,399.862,5639
143.530,453.870,5640
210.175,870.398,5641
71.878,250.412,5642
901.658,365.485,5643
277.507,119.476,5644
297.815,255.346,5645
206.893,576.428,5646
34.950,350.472,5647
634.228,532.063,5648
163.971,953.487,5649
813.950,828.991,5650
722.820,733.204,5651
340.844,889.392,5652
962.524,615.574,5653
818.422,633.187,5654
262.179,565.769,5655
243.249,155.439,5656
299.488,359.956,5657
839.756,117.108,5658
29.088,365.439,5659
32.451,429.958,5660
289.067,3.722,5661
832.577,948.028,5662
179.935,178.256,5663
549.980,520.825,5664
517.055,343.008,5665
747.368,874.264,5666
457.219,609.553,5667
509.759,960.513,5668
665.316,993.683,5669
298.354,822.775,5670
717.158,537.142,5671
998.249,782.556,5672
676.247,348.889,5673
822.025,301.185,5674
494.767,375.553,5675
302.244,209.348,5676
115.076,897.339,5677
811.129,550.871,5678
414.273,853.261,5679
924.527,762.405,5680
692.558,585.005,5681
452.062,50.751,5682
624.405,292.047,5683
649.087,653.329,5684
693.596,363.826,5685
449.011,83.888,5686
382.338,942.402,5687
865.879,659.880,5688
469.280,808.570,5689
918.821,86.380,5690
949.435,228.011,5691
728.454,397.591,5692
42.438,525.163,5693
232.424,937.915,5694
584.562,719.292,5695
284.159,444.979,5696
252.643,513.183,5697
504.521,458.309,5698
496.808,719.518,5699
86.961,869.496,5700
844.322,194.163,5701
303.215,779.730,5702
863.297,942.433,5703
529.314,17.385,5704
569.837,404.175,5705
378.651,586.542,5706
121.396,449.084,5707
897.007,581.962,5708
57.833,892.705,5709
711.502,831.653,5710
137.136,243.274,5711
717.768,534.711,5712
641.496,125.988,5713
478.882,825.087,5714
102.417,688.773,5715
81.084,730.655,5716
453.320,752.160,5717
981.630,824.879,5718
640.862,238.584,5719
514.681,575.251,5720
357.461,71.978,5721
225.538,530.363,5722
224.637,379.498,5723
864.829,556.645,5724
154.787,300.441,5725
280.047,585.406,5726
596.534,240.419,5727
744.198,452.449,5728
762.874,580.462,5729
445.066,280.605,5730
687.072,699.427,5731
514.639,643.671,5732
428.885,88.886,5733
499.837,374.078,5734
938.888,651.876,5735
273.396,553.418,5736
339.278,531.048,5737
501.806,350.204,5738
845.397,510.715,5739
115.997,692.959,5740
179.411,119.039,5741
400.500,935.276,5742
38.942,837.776,5743
106.585,182.914,5744
427.573,197.459,5745
766.473,473.260,5746
355.904,122.874,5747
503.769,77.953,5748
324.785,331.922,5749
258.009,385.875,5750
604.800,605.353,5751
301.478,744.409,5752
274.575,540.517,5753
490.857,724.132,5754
562.767,867.334,5755
957.274,500.347,5756
229.503,156.338,5757
356.924,894.300,5758
510.855,317.095,5759
679.082,715.213,5760
258.306,971.683,5761
432.685,799.124,5762
625.453,135.083,5763
104.360,575.975,5764
940.728,916.580,5765
465.253,363.043,5766
632.793,443.816,5767
766.726,314.806,5768
90.581,232.412,5769
37.757,465.443,5770
526.397,364.542,5771
414.327,299.801,5772
75.158,50.429,5773
711.266,390.964,5774
318.990,366.641,5775
18.031,814.787,5776
283.708,573.970,5777
57.784,445.307,5778
498.181,477.960,5779
744.348,231.781,5780
313.248,182.676,5781
746.018,54.293,5782
976.062,101.464,5783
755.869,622.997,5784
970.468,127.313,5785
481.659,255.768,5786
918.273,623.495,5787
960.713,448.202,5788
333.477,713.418,5789
696.223,575.665,5790
997.750,751.517,5791
340.236,341.584,5792
954.698,495.301,5793
990.661,686.858,5794
216.768,450.962,5795
60.724,175.603,5796
202.448,383.139,5797
833.154,815.668,5798
781.320,611.379,5799
998.213,872.946,5800
74.178,129.937,5801
641.375,903.616,5802
646.230,186.995,5803
669.614,672.776,5804
625.188,509.789,5805
179.779,430.797,5806
596.633,505.348,5807
971.919,690.179,5808
561.170,29.029,5809
143.367,311.532,5810
724.520,154.084,5811
192.816,914.323,5812
849.022,240.821,5813
748.475,945.491,5814
959.275,170.304,5815
674.397,516.234,5816
577.357,340.491,5817
193.914,139.950,5818
750.937,940.590,5819
44.544,576.673,5820
68.478,938.332,5821
820.802,878.076,5822
507.447,737.952,5823
523.453,722.679,5824
3.800,10.213,5825
366.085,701.268,5826
425.745,777.830,5827
219.745,597.170,5828
618.130,381.703,5829
220.594,158.107,5830
216.769,7.501,5831
347.328,373.150,5832
916.790,622.930,5833
311.374,29.594,5834
665.755,85.370,5835
551.737,39.139,5836
989.170,75.212,5837
864.759,496.107,5838
914.039,754.960,5839
327.598,585.308,5840
404.489,806.699,5841
947.048,157.760,5842
974.875,220.328,5843
444.648,394.360,5844
580.584,512.315,5845
668.660,424.426,5846
675.171,893.431,5847
398.223,49.364,5848
912.655,80.980,5849
638.388,387.744,5850
501.165,954.601,5851
781.665,693.533,5852
619.392,704.024,5853
811.276,372.467,5854
958.420,76.581,5855
611.136,39.394,5856
658.843,265.659,5857
685.845,714.426,5858
101.891,142.805,5859
988.599,506.020,5860
182.217,827.206,5861
115.434,141.959,5862
556.192,835.988,5863
371.506,56.106,5864
127.224,236.794,5865
96.512,308.960,5866
302.810,774.427,5867
316.674,630.821,5868
388.180,210.822,5869
940.151,866.539,5870
783.980,943.235,5871
78.739,907.085,5872
284.255,818.311,5873
172.870,430.634,5874
892.141,905.339,5875
423.473,99.137,5876
424.869,390.923,5877
969.178,537.097,5878
316.030,625.629,5879
559.248,293.541,5880
896.924,445.567,5881
807.740,828.299,5882
149.000,859.976,5883
165.594,254.866,5884
190.895,566.344,5885
231.812,752.708,5886
427.781,64.271,5887
571.299,474.534,5888
911.586,781.056,5889
674.085,215.361,5890
49.833,872.360,5891
752.606,979.182,5892
638.080,526.487,5893
116.815,79.005,5894
959.580,725.965,5895
197.177,675.769,5896
348.709,894.147,5897
459.691,200.297,5898
270.378,219.819,5899
427.208,181.380,5900
580.938,50.222,5901
836.952,487.858,5902
699.432,247.058,5903
82.895,397.710,5904
956.299,418.255,5905
607.807,690.690,5906
741.715,246.552,5907
401.370,338.777,5908
736.289,878.381,5909
138.061,685.085,5910
912.939,132.336,5911
974.926,390.735,5912
621.015,85.149,5913
135.645,897.849,5914
613.224,423.969,5915
305.424,164.337,5916
482.005,500.025,5917
905.423,656.662,5918
161.751,9.138,5919
97.493,688.201,5920
64.712,787.849,5921
200.555,755.466,5922
297.089,465.876,5923
993.652,168.024,5924
203.464,84.838,5925
723.828,343.710,5926
760.259,411.288,5927
234.212,49.452,5928
500.172,823.183,5929
105.796,311.085,5930
321.523,595.211,5931
170.803,10.198,5932
432.734,523.841,5933
627.133,259.071,5934
519.204,126.531,5935
863.574,511.553,5936
919.495,981.702,5937
944.807,307.578,5938
557.677,294.727,5939
834.335,574.144,5940
662.001,335.429,5941
794.188,788.875,5942
44.445,520.178,5943
489.485,49.331,5944
441.498,578.657,5945
628.116,610.422,5946
244.584,190.108,5947
184.671,733.767,5948
309.578,162.648,5949
871.400,636.686,5950
522.247,519.463,5951
521.236,795.878,5952
795.138,212.148,5953
942.820,696.999,5954
643.465,157.894,5955
225.491,76.353,5956
109.991,236.437,5957
725.277,988.337,5958
319.526,154.893,5959
199.279,388.427,5960
392.915,441.441,5961
842.066,64.884,5962
200.284,255.295,5963
796.971,55.904,5964
352.150,599.092,5965
132.956,409.033,5966
56.768,524.038,5967
312.244,692.717,5968
705.858,385.986,5969
872.046,15.042,5970
623.299,649.303,5971
960.474,973.570,5972
751.561,604.154,5973
764.259,332.407,5974
898.134,759.467,5975
910.207,511.408,5976
970.779,69.945,5977
792.786,517.836,5978
856.435,369.696,5979
267.339,887.636,5980
503.159,64.815,5981
306.489,879.695,5982
514.393,888.367,5983
143.935,385.960,5984
568.577,428.349,5985
28.193,978.086,5986
413.208,934.204,5987
849.301,905.350,5988
251.853,179.849,5989
43.764,202.114,5990
14.681,131.421,5991
881.884,474.909,5992
145.956,382.029,5993
628.240,144.789,5994
770.815,425.137,5995
683.270,493.808,5996
328.712,148.484,5997
92.642,817.103,5998
696.934,176.822,5999
283.932,457.472,6000
794.082,204.452,6001
977.949,576.144,6002
665.343,990.899,6003
126.808,387.680,6004
545.182,8.599,6005
88.818,598.444,6006
516.667,412.232,6007
564.814,677.562,6008
413.938,297.223,6009
727.142,209.689,6010
843.419,109.821,6011
419.831,97.858,6012
469.191,609.071,6013
603.246,573.928,6014
904.834,131.909,6015
875.471,581.774,6016
228.364,947.027,6017
54.347,632.446,6018
936.092,310.949,6019
551.052,137.821,6020
535.510,802.976,6021
863.104,537.277,6022
311.378,243.509,6023
406.711,952.307,6024
874.575,593.698,6025
115.083,842.136,6026
429.501,613.908,6027
706.345,272.790,6028
824.735,377.560,6029
549.429,572.635,6030
273.536,521.626,6031
192.154,402.538,6032
261.628,593.805,6033
498.288,414.411,6034
787.920,281.564,6035
860.218,503.007,6036
349.594,859.628,6037
724.162,324.288,6038
152.649,743.184,6039
375.636,876.762,6040
871.831,207.951,6041
479.579,927.192,6042
243.645,841.638,6043
703.262,218.900,6044
283.903,554.556,6045
495.023,920.372,6046
898.192,419.094,6047
643.659,840.345,6048
221.631,641.481,6049
372.073,743.000,6050
620.749,164.967,6051
905.265,472.325,6052
890.721,733.525,6053
171.244,65.396,6054
5.229,561.028,6055
561.856,884.041,6056
981.216,363.960,6057
848.316,992.483,6058
328.307,615.948,6059
238.857,273.584,6060
786.927,859.767,6061
165.340,449.243,6062
910.951,607.859,6063
329.966,450.666,6064
93.833,787.863,6065
585.178,51.522,6066
778.773,992.996,6067
313.474,989.161,6068
713.084,151.832,6069
699.430,556.447,6070
76.520,971.828,6071
998.213,978.726,6072
135.630,989.451,6073
697.499,409.551,6074
351.805,342.841,6075
987.274,597.982,6076
784.999,805.307,6077
770.924,611.139,6078
551.129,160.541,6079
966.451,179.636,6080
140.795,106.805,6081
393.003,782.405,6082
288.715,235.979,6083
261.914,65.418,6084
205.834,658.144,6085
581.292,522.603,6086
68.495,815.407,6087
495.895,950.504,6088
342.254,826.222,6089
978.286,231.995,6090
287.524,619.716,6091
587.651,604.060,6092
602.522,725.200,6093
535.634,215.518,6094
694.867,789.014,6095
510.598,640.916,6096
813.806,668.225,6097
216.429,750.140,6098
124.602,750.502,6099
89.266,628.115,6100
618.539,190.814,6101
397.978,706.672,6102
527.439,977.610,6103
985.866,779.073,6104
398.465,267.047,6105
31.689,886.465,6106
276.927,733.638,6107
233.757,240.077,6108
385.032,634.034,6109
222.821,116.713,6110
347.702,358.763,6111
506.130,366.511,6112
498.197,499.194,6113
304.349,471.870,6114
29.437,101.919,6115
388.461,924.483,6116
312.448,931.937,6117
573.996,184.735,6118
538.638,155.201,6119
539.604,553.779,6120
651.461,848.055,6121
399.179,983.381,6122
378.054,404.994,6123
505.325,733.579,6124
747.178,617.568,6125
306.169,558.895,6126
882.859,943.915,6127
48.515,796.743,6128
528.058,190.809,6129
378.064,419.456,6130
478.042,71.008,6131
441.803,340.038,6132
885.420,932.085,6133
714.977,388.245,6134
304.840,617.451,6135
289.353,891.402,6136
792.862,276.623,6137
800.998,220.803,6138
139.603,123.438,6139
152.568,85.459,6140
640.440,615.661,6141
208.439,8.748,6142
935.464,379.464,6143
486.465,161.100,6144
692.779,648.274,6145
778.072,236.093,6146
303.529,61.509,6147
925.873,290.108,6148
572.777,53.351,6149
41.914,843.321,6150
218.579,506.390,6151
396.682,867.677,6152
91.149,908.960,6153
575.185,841.614,6154
8.993,815.011,6155
961.644,420.881,6156
377.377,92.320,6157
41.819,921.499,6158
856.971,997.647,6159
531.174,287.726,6160
599.784,803.272,6161
633.869,517.203,6162
382.131,415.116,6163
183.363,944.859,6164
135.376,486.514,6165
311.352,562.154,6166
109.196,852.113,6167
158.255,558.810,6168
439.417,427.441,6169
719.523,493.079,6170
189.967,298.229,6171
856.003,437.947,6172
537.023,885.304,6173
287.221,560.481,6174
253.252,955.460,6175
808.651,655.620,6176
465.419,87.087,6177
477.709,928.392,6178
707.101,472.993,6179
390.498,177.623,6180
127.169,435.758,6181
17.535,17.223,6182
520.302,718.368,6183
470.698,688.073,6184
300.949,853.657,6185
508.761,769.500,6186
902.691,101.689,6187
250.643,60.775,6188
441.495,33.145,6189
857.308,27.453,6190
301.665,410.241,6191
219.009,615.895,6192
651.414,902.343,6193
111.237,238.316,6194
453.955,289.374,6195
193.698,365.774,6196
348.812,547.569,6197
843.571,143.203,6198
445.876,891.735,6199
550.003,679.933,6200
628.859,374.757,6201
605.496,920.707,6202
706.074,809.647,6203
365.001,218.940,6204
575.561,351.335,6205
304.699,333.014,6206
197.506,664.492,6207
936.423,908.219,6208
386.091,51.767,6209
275.661,554.272,6210
242.697,194.447,6211
806.913,485.927,6212
281.638,652.605,6213
751.078,693.997,6214
71.712,811.180,6215
959.719,543.796,6216
385.245,715.143,6217
41.020,279.041,6218
285.628,644.140,6219
882.523,271.617,6220
677.013,277.997,6221
761.904,546.895,6222
760.823,401.344,6223
618.057,391.891,6224
188.057,583.858,6225
956.221,508.222,6226
590.199,967.502,6227
460.195,506.216,6228
941.142,286.568,6229
112.117,334.877,6230
69.549,278.753,6231
341.597,227.177,6232
283.826,576.996,6233
190.878,598.980,6234
134.239,25.304,6235
742.127,99.018,6236
342.920,776.403,6237
126.276,643.595,6238
12.028,870.811,6239
966.791,84.934,6240
20.263,627.682,6241
792.541,95.818,6242
369.364,421.323,6243
960.018,811.960,6244
474.536,929.900,6245
140.289,835.869,6246
992.662,76.549,6247
266.857,543.838,6248
456.330,298.932,6249
309.039,556.231,6250
640.866,894.085,6251
497.068,301.293,6252
778.333,783.206,6253
604.828,731.276,6254
0.179,580.504,6255
174.948,50.808,6256
144.303,194.685,6257
54.245,951.432,6258
405.290,459.829,6259
426.751,235.743,6260
428.221,122.974,6261
69.293,191.157,6262
785.350,723.929,6263
667.959,583.568,6264
760.908,865.193,6265
707.539,660.914,6266
575.224,904.424,6267
488.036,244.306,6268
147.091,42.133,6269
224.093,934.794,6270
402.535,735.109,6271
643.683,999.000,6272
798.475,288.974,6273
426.087,223.447,6274
30.959,870.734,6275
413.134,610.808,6276
618.037,324.799,6277
581.301,446.851,6278
321.558,697.187,6279
634.961,728.375,6280
165.712,796.918,6281
952.089,657.079,6282
565.198,128.426,6283
775.073,470.140,6284
424.994,361.289,6285
869.640,574.348,6286
29.142,168.987,6287
122.514,665.356,6288
3.584,833.229,6289
435.443,944.094,6290
884.357,481.396,6291
705.641,806.548,6292
923.099,962.363,6293
524.254,430.444,6294
207.932,110.363,6295
317.839,164.618,6296
174.034,438.512,6297
132.793,587.699,6298
748.467,801.163,6299
900.098,777.444,6300
243.272,808.933,6301
836.892,779.878,6302
231.121,472.079,6303
567.479,986.907,6304
560.000,218.010,6305
100.919,641.065,6306
110.771,234.270,6307
395.065,912.697,6308
739.163,641.857,6309
825.292,799.197,6310
89.360,849.963,6311
634.934,286.762,6312
999.000,910.285,6313
436.396,669.363,6314
563.607,386.361,6315
838.298,290.710,6316
529.793,673.745,6317
496.445,60.091,6318
801.899,892.306,6319
386.651,777.740,6320
582.987,299.120,6321
917.448,92.742,6322
996.919,579.963,6323
751.296,684.458,6324
706.780,761.341,6325
998.174,265.422,6326
701.354,744.758,6327
491.010,721.251,6328
350.347,962.100,6329
11.753,423.592,6330
623.605,861.670,6331
750.284,136.137,6332
683.178,112.979,6333
191.735,398.646,6334
803.598,255.398,6335
791.440,89.557,6336
823.914,541.292,6337
73.298,596.070,6338
581.529,621.596,6339
677.275,24.304,6340
161.272,817.559,6341
236.486,372.672,6342
116.076,132.667,6343
683.296,665.466,6344
360.337,358.068,6345
526.984,388.899,6346
740.476,30.010,6347
47.108,313.377,6348
81.875,476.016,6349
653.327,615.522,6350
391.163,755.637,6351
267.283,715.900,6352
957.642,673.277,6353
870.083,116.348,6354
778.279,104.221,6355
865.821,830.384,6356
727.956,805.819,6357
666.073,113.167,6358
539.113,302.867,6359
997.569,110.389,6360
350.666,77.752,6361
5.446,395.320,6362
371.175,236.994,6363
311.715,271.648,6364
561.575,176.940,6365
619.422,293.957,6366
750.056,343.009,6367
838.207,190.092,6368
36.212,171.942,6369
719.315,626.359,6370
97.233,492.779,6371
751.801,939.242,6372
743.051,160.778,6373
38.888,450.386,6374
434.008,575.821,6375
303.753,887.475,6376
420.378,357.152,6377
164.810,424.223,6378
189.129,611.835,6379
476.818,806.591,6380
482.822,80.444,6381
216.257,692.548,6382
723.833,879.298,6383
891.297,942.067,6384
814.444,89.930,6385
34.232,438.534,6386
93.758,758.172,6387
296.281,758.331,6388
431.660,558.801,6389
702.018,91.813,6390
992.676,957.233,6391
443.076,90.064,6392
901.038,463.440,6393
271.283,81.540,6394
636.994,675.583,6395
415.553,214.559,6396
995.899,627.963,6397
140.840,104.243,6398
66.812,480.746,6399
176.596,686.764,6400
667.715,203.025,6401
397.143,648.489,6402
607.633,70.077,6403
851.751,79.133,6404
573.474,875.108,6405
526.245,619.286,6406
517.069,98.933,6407
215.089,188.224,6408
302.876,603.734,6409
697.214,7.676,6410
736.444,510.098,6411
504.470,210.346,6412
80.447,976.331,6413
145.676,418.833,6414
242.347,986.544,6415
669.142,645.878,6416
606.902,206.356,6417
869.197,360.903,6418
554.417,463.163,6419
297.766,919.039,6420
824.553,524.473,6421
865.333,106.098,6422
793.262,292.539,6423
632.309,93.166,6424
105.697,290.663,6425
575.873,902.908,6426
676.049,288.171,6427
606.137,748.165,6428
523.181,113.308,6429
253.494,938.429,6430
855.374,909.135,6431
868.377,20.218,6432
462.832,448.774,6433
173.222,507.458,6434
67.790,799.414,6435
750.721,466.901,6436
193.837,840.268,6437
929.660,746.947,6438
118.128,747.239,6439
56.699,193.481,6440
486.807,493.993,6441
147.353,828.801,6442
80.937,953.323,6443
765.403,307.007,6444
501.566,450.191,6445
41.968,234.831,6446
730.231,555.975,6447
369.392,770.412,6448
931.163,799.817,6449
419.397,429.231,6450
245.149,776.589,6451
6.587,853.055,6452
188.255,446.557,6453
796.409,335.517,6454
595.704,67.835,6455
237.561,365.095,6456
528.488,716.437,6457
912.492,475.483,6458
509.621,166.301,6459
335.021,736.624,6460
460.995,319.194,6461
902.938,334.041,6462
128.060,404.253,6463
703.611,145.916,6464
146.997,937.213,6465
275.544,563.016,6466
380.184,32.804,6467
861.009,322.839,6468
33.623,69.624,6469
793.512,536.517,6470
643.245,695.340,6471
512.152,387.442,6472
815.726,574.701,6473
697.815,12.304,6474
637.256,607.683,6475
252.497,222.117,6476
80.179,477.440,6477
303.611,459.573,6478
943.577,993.313,6479
962.987,489.206,6480
516.310,701.029,6481
637.304,954.791,6482
832.139,35.260,6483
806.889,578.373,6484
655.298,127.674,6485
574.858,889.709,6486
972.033,368.941,6487
834.635,581.463,6488
724.501,62.905,6489
128.316,924.545,6490
423.919,715.494,6491
555.619,470.602,6492
520.482,786.990,6493
975.046,150.404,6494
960.101,663.884,6495
554.670,50.235,6496
750.836,92.552,6497
50.853,52.218,6498
90.753,330.844,6499
779.002,611.788,6500
85.635,919.462,6501
870.296,630.029,6502
423.785,61.826,6503
999.000,607.961,6504
345.416,547.936,6505
876.493,408.052,6506
598.824,165.672,6507
736.828,465.421,6508
431.633,895.327,6509
344.115,691.831,6510
151.823,509.202,6511
137.685,827.947,6512
326.866,420.268,6513
41.807,466.489,6514
582.383,428.661,6515
231.101,91.509,6516
982.855,253.073,6517
938.915,730.969,6518
297.799,97.876,6519
813.067,554.918,6520
198.376,464.269,6521
303.639,661.247,6522
135.194,588.902,6523
31.739,283.707,6524
66.306,809.175,6525
603.060,952.886,6526
341.909,872.108,6527
705.058,192.965,6528
907.317,195.515,6529
117.272,541.469,6530
339.444,249.664,6531
926.149,824.025,6532
272.088,369.499,6533
75.976,425.043,6534
245.099,900.444,6535
336.507,550.558,6536
544.547,635.573,6537
430.434,49.915,6538
663.329,919.295,6539
415.952,303.857,6540
85.613,274.466,6541
625.531,371.395,6542
450.657,473.816,6543
80.919,643.192,6544
345.897,744.171,6545
592.470,151.683,6546
651.955,687.251,6547
2.570,498.545,6548
713.710,473.546,6549
889.249,856.446,6550
923.660,91.360,6551
192.964,178.588,6552
539.398,712.821,6553
883.581,798.341,6554
466.661,133.306,6555
77.715,921.901,6556
510.835,321.885,6557
204.876,132.698,6558
863.343,139.318,6559
59.343,347.294,6560
26.661,568.201,6561
857.606,521.214,6562
777.239,525.336,6563
571.799,374.405,6564
950.609,831.389,6565
609.674,908.045,6566
218.199,376.363,6567
450.105,173.139,6568
384.780,169.651,6569
628.890,470.288,6570
918.822,78.500,6571
821.676,149.900,6572
616.553,97.613,6573
445.704,797.141,6574
333.822,785.536,6575
279.649,370.905,6576
907.870,949.470,6577
773.708,755.932,6578
569.340,168.096,6579
937.771,893.590,6580
899.700,849.184,6581
374.808,819.620,6582
845.163,900.688,6583
372.916,270.890,6584
10.478,927.414,6585
863.917,930.690,6586
832.064,894.305,6587
359.008,242.184,6588
617.963,527.240,6589
160.782,599.767,6590
898.836,586.601,6591
142.106,786.997,6592
173.813,610.090,6593
260.422,670.638,6594
157.753,169.693,6595
363.368,923.332,6596
476.080,621.437,6597
802.734,456.668,6598
899.676,916.661,6599
933.967,894.185,6600
146.123,602.362,6601
845.692,900.444,6602
101.365,427.949,6603
875.564,218.205,6604
191.413,350.589,6605
774.437,976.918,6606
86.048,965.326,6607
130.788,67.704,6608
907.617,269.170,6609
151.953,886.893,6610
139.438,251.211,6611
891.557,829.607,6612
331.840,691.527,6613
941.646,347.651,6614
534.753,863.126,6615
285.691,188.255,6616
939.708,675.472,6617
377.247,95.003,6618
126.518,986.880,6619
155.707,128.607,6620
767.640,913.511,6621
160.053,34.140,6622
951.827,150.268,6623
938.919,551.799,6624
93.827,166.659,6625
994.521,342.259,6626
135.359,755.775,6627
155.882,107.684,6628
699.422,327.311,6629
383.694,870.571,6630
170.703,108.025,6631
848.041,882.742,6632
628.113,70.254,6633
702.351,954.335,6634
873.721,255.334,6635
602.833,390.315,6636
517.898,414.998,6637
330.478,470.876,6638
128.971,254.324,6639
328.711,24.975,6640
641.513,533.983,6641
867.471,543.035,6642
576.740,621.230,6643
380.082,369.980,6644
411.213,730.444,6645
602.065,99.252,6646
784.394,460.809,6647
775.106,15.816,6648
560.439,73.470,6649
75.631,759.689,6650
242.176,755.061,6651
182.975,239.134,6652
201.805,586.134,6653
710.343,825.650,6654
567.533,376.022,6655
766.818,876.545,6656
218.907,938.438,6657
152.250,805.560,6658
246.120,514.726,6659
442.715,243.078,6660
668.014,219.243,6661
638.794,877.000,6662
519.301,586.120,6663
687.425,974.182,6664
576.696,351.041,6665
861.688,626.589,6666
779.921,24.933,6667
611.782,327.007,6668
949.728,79.718,6669
259.113,596.709,6670
800.396,253.399,6671
512.758,849.944,6672
311.266,242.415,6673
498.366,921.028,6674
295.594,719.317,6675
784.295,502.121,6676
937.256,916.912,6677
619.657,184.599,6678
125.588,349.840,6679
314.345,843.882,6680
775.528,684.306,6681
682.947,247.741,6682
265.252,541.116,6683
462.385,368.465,6684
811.014,437.883,6685
513.778,490.736,6686
199.291,944.086,6687
841.383,818.995,6688
459.367,683.289,6689
268.691,59.887,6690
535.695,698.285,6691
738.055,292.784,6692
843.378,317.295,6693
785.947,703.626,6694
345.193,684.373,6695
128.691,618.265,6696
364.393,376.729,6697
363.752,122.879,6698
501.005,120.119,6699
166.866,49.415,6700
528.100,99.977,6701
482.373,39.188,6702
642.892,275.105,6703
525.735,575.866,6704
262.646,893.255,6705
455.959,298.732,6706
321.393,309.069,6707
630.671,848.956,6708
171.148,843.831,6709
138.290,388.957,6710
811.066,674.240,6711
409.759,503.711,6712
125.106,519.190,6713
827.088,728.317,6714
920.317,805.805,6715
102.417,356.914,6716
59.964,444.790,6717
770.987,362.463,6718
275.085,909.337,6719
10.725,276.895,6720
109.058,504.552,6721
140.707,951.038,6722
222.105,821.551,6723
521.484,839.410,6724
474.379,279.104,6725
522.412,951.305,6726
146.387,332.140,6727
176.194,280.207,6728
561.679,208.092,6729
691.255,926.415,6730
169.712,621.431,6731
208.919,422.398,6732
319.000,494.380,6733
36.787,222.625,6734
956.290,692.604,6735
160.249,912.004,6736
254.299,159.562,6737
720.305,158.850,6738
677.090,195.240,6739
575.016,169.201,6740
653.990,550.432,6741
640.847,210.962,6742
657.106,604.148,6743
745.037,90.121,6744
595.988,184.002,6745
616.917,692.967,6746
631.357,56.434,6747
568.762,578.425,6748
141.077,68.178,6749
306.677,570.753,6750
624.387,835.882,6751
380.408,819.686,6752
117.404,862.136,6753
491.337,915.513,6754
377.612,615.287,6755
331.822,215.439,6756
287.484,401.823,6757
852.549,397.468,6758
961.239,198.391,6759
36.477,332.737,6760
438.963,623.802,6761
827.897,777.861,6762
471.804,130.496,6763
406.602,935.942,6764
871.194,615.304,6765
645.461,142.595,6766
701.297,682.028,6767
265.394,727.345,6768
831.870,370.493,6769
940.944,595.193,6770
151.766,538.862,6771
588.477,541.603,6772
46.590,773.061,6773
862.429,94.060,6774
36.891,571.127,6775
784.429,479.362,6776
665.873,348.409,6777
773.603,656.354,6778
730.060,621.447,6779
352.376,240.707,6780
438.068,412.403,6781
329.773,474.462,6782
74.582,137.035,6783
764.135,134.309,6784
247.425,931.273,6785
443.058,847.492,6786
264.407,304.800,6787
102.327,119.345,6788
222.445,766.799,6789
658.475,668.012,6790
519.406,352.245,6791
100.824,467.127,6792
140.257,743.267,6793
136.781,62.477,6794
266.124,717.019,6795
946.590,766.318,6796
24.156,927.418,6797
644.942,379.768,6798
987.996,638.676,6799
707.254,359.118,6800
631.869,797.550,6801
354.844,860.995,6802
573.751,962.232,6803
926.481,213.224,6804
510.422,182.083,6805
216.360,235.056,6806
589.237,951.743,6807
796.672,952.173,6808
723.877,30.891,6809
83.589,24.953,6810
17.682,510.766,6811
942.485,435.900,6812
342.959,323.021,6813
942.873,250.105,6814
51.316,843.701,6815
627.527,693.723,6816
209.406,563.319,6817
561.153,898.465,6818
897.759,983.603,6819
614.311,174.181,6820
179.694,383.907,6821
950.888,101.581,6822
814.637,827.011,6823
949.052,655.697,6824
639.262,106.062,6825
632.845,146.596,6826
164.640,557.630,6827
117.489,715.643,6828
906.174,740.362,6829
531.891,209.897,6830
746.697,865.912,6831
198.779,886.331,6832
227.565,43.173,6833
980.969,984.192,6834
460.457,701.397,6835
574.496,76.552,6836
498.640,225.891,6837
858.795,936.471,6838
372.542,550.784,6839
874.981,227.020,6840
368.021,624.296,6841
214.085,338.882,6842
956.297,205.603,6843
563.466,955.437,6844
945.925,309.078,6845
218.738,55.036,6846
200.314,400.997,6847
501.325,443.678,6848
363.486,569.204,6849
351.390,492.264,6850
307.691,571.424,6851
850.292,584.115,6852
86.450,594.677,6853
574.329,531.680,6854
178.762,911.204,6855
446.704,430.838,6856
763.493,785.300,6857
167.450,289.559,6858
921.787,673.199,6859
451.472,778.541,6860
60.664,208.242,6861
90.223,502.494,6862
581.590,574.214,6863
816.031,723.312,6864
34.487,642.698,6865
187.159,949.006,6866
181.067,174.846,6867
333.321,319.463,6868
643.406,215.773,6869
761.937,501.619,6870
886.952,8.587,6871
119.446,806.627,6872
662.871,707.046,6873
789.357,323.000,6874
459.381,256.135,6875
42.867,543.273,6876
139.384,98.524,6877
995.191,323.138,6878
581.272,681.928,6879
955.726,702.445,6880
578.650,133.369,6881
514.757,396.554,6882
299.129,607.112,6883
740.004,976.955,6884
50.404,995.215,6885
485.483,684.842,6886
912.658,455.173,6887
143.368,99.621,6888
832.721,565.107,6889
791.469,238.433,6890
113.907,732.314,6891
228.496,579.145,6892
564.582,36.711,6893
457.569,903.974,6894
53.957,544.474,6895
91.458,529.594,6896
240.051,623.434,6897
103.610,591.420,6898
448.902,171.651,6899
739.184,914.957,6900
499.043,413.321,6901
182.588,912.926,6902
66.741,655.812,6903
25.367,446.230,6904
495.647,559.899,6905
509.069,11.901,6906
756.285,287.064,6907
174.071,738.077,6908
517.919,237.899,6909
826.368,265.599,6910
241.809,978.093,6911
294.148,248.318,6912
538.906,278.773,6913
571.333,49.503,6914
721.316,398.751,6915
346.527,155.873,6916
50.411,120.898,6917
835.907,221.255,6918
805.918,696.718,6919
569.770,802.863,6920
259.339,478.173,6921
60.563,284.592,6922
786.389,717.823,6923
785.810,760.856,6924
775.918,414.967,6925
66.409,162.672,6926
408.678,593.653,6927
651.864,732.162,6928
746.922,256.369,6929
677.237,213.229,6930
956.400,980.847,6931
709.474,899.674,6932
76.958,506.419,6933
585.969,731.739,6934
228.787,481.363,6935
346.927,987.282,6936
537.406,223.881,6937
23.424,139.248,6938
83.991,734.495,6939
504.505,346.136,6940
708.336,340.394,6941
496.783,799.029,6942
690.173,186.351,6943
856.560,705.710,6944
174.549,614.727,6945
232.341,684.270,6946
119.923,505.557,6947
206.975,853.738,6948
561.302,698.584,6949
10.423,445.186,6950
422.793,47.248,6951
893.422,191.441,6952
263.123,373.314,6953
450.694,420.406,6954
128.267,908.135,6955
627.359,285.068,6956
302.636,174.023,6957
567.959,502.998,6958
499.123,836.301,6959
192.659,217.300,6960
463.909,852.880,6961
859.314,89.582,6962
279.912,750.398,6963
135.812,949.658,6964
258.227,802.665,6965
325.744,557.763,6966
817.442,135.903,6967
297.505,519.196,6968
49.805,172.811,6969
205.839,696.820,6970
301.424,173.167,6971
141.763,151.575,6972
711.356,63.695,6973
941.743,532.399,6974
886.302,0.000,6975
428.997,978.273,6976
148.837,850.544,6977
836.843,259.485,6978
228.069,850.042,6979
347.802,811.195,6980
688.910,447.499,6981
800.876,748.638,6982
467.475,603.102,6983
453.843,542.139,6984
755.649,119.078,6985
76.331,734.475,6986
278.205,220.337,6987
975.604,772.012,6988
408.889,269.721,6989
194.883,256.927,6990
512.613,719.593,6991
479.700,138.565,6992
9.393,650.924,6993
709.615,385.659,6994
367.826,406.675,6995
960.775,147.123,6996
872.756,608.307,6997
632.573,267.742,6998
509.714,350.230,6999
