x,y,target_id
254.662,191.687,0
850.605,31.520,1
745.739,164.345,2
106.923,495.916,3
42.565,840.587,4
159.681,317.546,5
0.595,77.735,6
888.626,832.753,7
777.207,994.025,8
288.681,347.395,9
465.945,237.679,10
297.745,65.047,11
103.786,53.507,12
703.004,659.916,13
5.426,941.866,14
369.976,697.045,15
61.846,717.585,16
77.279,402.899,17
472.904,947.895,18
875.497,148.196,19
212.274,916.454,20
325.145,718.148,21
10.738,686.225,22
785.411,889.320,23
63.045,758.174,24
718.798,543.594,25
249.631,493.933,26
942.404,272.955,27
454.111,477.323,28
507.393,837.852,29
481.418,154.959,30
463.216,465.524,31
998.587,522.567,32
493.648,125.500,33
742.968,773.240,34
501.570,283.340,35
232.280,613.583,36
443.438,588.632,37
313.831,968.121,38
762.005,335.703,39
329.471,960.196,40
143.015,320.978,41
251.811,254.836,42
951.426,303.042,43
889.336,461.038,44
519.439,562.277,45
509.340,494.441,46
39.233,755.353,47
572.792,235.816,48
330.889,741.817,49
961.942,23.505,50
351.600,449.778,51
848.606,546.454,52
577.262,258.663,53
163.417,710.230,54
568.032,443.742,55
925.775,377.552,56
440.905,639.568,57
477.854,304.176,58
74.647,740.345,59
875.143,671.352,60
495.132,701.070,61
741.426,507.772,62
199.300,209.113,63
773.928,519.064,64
548.872,568.932,65
785.424,701.924,66
211.868,3.842,67
150.829,981.526,68
183.715,356.459,69
753.000,241.219,70
417.724,576.984,71
882.245,845.832,72
854.724,666.043,73
142.606,145.685,74
680.977,780.603,75
386.654,738.284,76
937.433,981.069,77
478.268,606.713,78
686.234,595.216,79
299.686,389.105,80
976.601,320.296,81
882.668,785.546,82
138.628,139.488,83
625.124,504.658,84
784.438,798.297,85
232.063,906.740,86
810.970,933.736,87
25.479,307.223,88
135.140,285.393,89
935.873,645.741,90
57.066,547.168,91
608.745,239.251,92
294.707,981.125,93
130.122,199.429,94
460.233,644.836,95
519.044,394.389,96
514.025,137.842,97
916.274,248.063,98
309.153,751.860,99
629.828,635.934,100
42.151,946.679,101
155.605,516.058,102
178.523,735.042,103
183.438,796.632,104
799.334,688.378,105
181.129,457.846,106
293.374,431.390,107
293.648,421.359,108
698.141,321.815,109
657.371,62.821,110
803.261,85.230,111
793.235,399.364,112
367.839,795.414,113
83.857,399.626,114
408.366,960.208,115
817.986,13.533,116
47.279,265.162,117
332.119,147.196,118
101.101,776.955,119
670.604,372.820,120
610.560,198.907,121
582.024,452.516,122
573.557,5.714,123
841.132,4.912,124
358.257,556.590,125
150.457,452.183,126
940.464,300.189,127
927.140,105.934,128
392.177,689.462,129
426.712,172.828,130
33.209,503.576,131
559.337,984.597,132
161.868,117.630,133
458.695,549.160,134
81.364,944.257,135
471.920,399.798,136
344.234,665.053,137
856.217,375.782,138
187.976,829.553,139
209.284,384.123,140
191.362,845.714,141
836.188,745.939,142
146.354,132.321,143
772.298,117.852,144
896.528,103.058,145
236.527,893.907,146
840.672,224.733,147
990.300,897.158,148
901.170,285.724,149
584.912,345.402,150
658.504,552.196,151
718.525,577.785,152
142.920,160.696,153
886.467,930.887,154
884.525,462.192,155
508.478,444.931,156
638.680,698.563,157
842.308,473.142,158
525.265,355.906,159
718.742,405.083,160
419.657,428.865,161
937.248,623.270,162
737.047,810.506,163
485.942,476.313,164
252.207,569.965,165
436.026,157.673,166
402.840,928.428,167
240.471,782.755,168
171.452,755.956,169
595.071,766.054,170
487.249,577.909,171
522.842,394.477,172
603.752,425.458,173
940.237,906.747,174
148.484,727.352,175
731.457,193.461,176
73.459,238.756,177
771.043,49.985,178
191.780,207.491,179
382.820,517.009,180
194.947,48.112,181
560.692,138.408,182
485.394,606.021,183
320.382,621.568,184
740.044,819.710,185
299.809,822.304,186
669.412,277.370,187
81.971,399.475,188
446.896,944.306,189
817.254,34.862,190
495.646,789.311,191
961.876,637.505,192
975.367,450.307,193
93.985,451.949,194
548.905,720.502,195
678.169,406.980,196
948.412,733.724,197
413.584,926.711,198
897.084,640.484,199
878.188,174.329,200
558.568,387.438,201
562.827,659.049,202
432.647,936.085,203
584.450,355.244,204
678.739,776.452,205
135.034,846.432,206
785.177,65.217,207
224.411,182.635,208
158.310,559.640,209
801.835,796.315,210
391.532,989.221,211
763.201,84.503,212
508.188,79.357,213
167.267,633.962,214
284.052,389.555,215
208.604,96.347,216
956.278,956.647,217
63.748,554.322,218
968.224,261.679,219
790.439,413.752,220
267.187,569.138,221
693.544,719.163,222
506.551,795.284,223
379.755,279.062,224
978.616,125.766,225
92.012,708.078,226
228.909,794.099,227
885.349,53.192,228
265.792,802.941,229
395.747,53.917,230
549.949,69.556,231
263.219,734.282,232
19.304,206.946,233
579.902,51.117,234
885.739,360.807,235
60.458,735.303,236
210.460,717.695,237
336.747,437.714,238
876.993,796.014,239
446.494,997.702,240
887.551,843.646,241
52.445,914.263,242
92.943,428.525,243
781.564,404.844,244
804.201,603.951,245
427.760,608.354,246
350.594,67.093,247
86.243,487.119,248
398.806,912.377,249
501.483,138.601,250
737.515,816.866,251
364.600,133.323,252
100.087,635.345,253
121.286,279.798,254
208.400,376.144,255
892.041,574.792,256
900.698,445.650,257
967.480,135.616,258
417.540,994.621,259
322.096,296.106,260
989.313,336.567,261
904.912,796.824,262
678.909,871.242,263
945.122,127.169,264
311.297,577.337,265
962.120,309.535,266
647.942,415.767,267
34.752,325.265,268
3.250,134.043,269
193.240,64.317,270
499.760,625.916,271
366.117,593.175,272
963.001,251.349,273
981.186,283.472,274
756.495,663.127,275
83.069,859.162,276
22.579,719.997,277
980.230,34.219,278
636.389,69.085,279
892.609,456.470,280
481.664,262.807,281
828.711,591.759,282
902.314,478.575,283
336.632,285.193,284
805.389,318.963,285
667.618,661.895,286
323.497,901.299,287
579.284,999.000,288
601.026,840.187,289
523.390,346.256,290
800.400,933.968,291
738.778,254.544,292
88.905,459.422,293
451.453,178.523,294
320.118,342.691,295
442.074,99.491,296
392.359,462.965,297
200.875,159.564,298
519.245,659.074,299
133.587,625.944,300
262.654,327.608,301
431.940,446.120,302
175.915,201.179,303
156.252,569.891,304
230.193,859.256,305
880.313,773.138,306
831.477,76.263,307
412.540,97.501,308
277.168,100.050,309
440.355,133.084,310
185.435,594.904,311
137.842,194.370,312
807.977,921.095,313
317.030,22.818,314
622.109,649.098,315
801.158,606.921,316
510.719,592.492,317
62.086,587.188,318
305.810,476.914,319
632.047,684.815,320
879.002,832.617,321
979.633,778.036,322
476.242,459.638,323
182.729,309.749,324
921.644,432.457,325
310.888,785.639,326
526.411,281.389,327
39.784,183.959,328
490.405,417.479,329
732.244,133.218,330
607.655,980.426,331
417.197,474.802,332
826.879,857.536,333
19.380,734.425,334
654.990,924.557,335
885.740,442.362,336
175.248,920.897,337
818.791,746.665,338
773.350,20.010,339
972.660,894.286,340
942.087,713.199,341
220.472,465.698,342
592.103,851.284,343
258.211,68.645,344
797.503,912.066,345
354.706,538.076,346
651.083,982.665,347
467.037,886.637,348
795.765,431.803,349
649.876,316.931,350
150.753,367.067,351
633.365,445.711,352
670.790,356.172,353
304.263,170.427,354
531.603,776.164,355
97.768,590.589,356
956.973,918.461,357
154.142,479.404,358
650.260,771.848,359
926.451,827.020,360
467.229,671.395,361
793.185,897.958,362
408.357,552.191,363
595.818,862.639,364
783.319,664.328,365
390.644,73.854,366
764.630,514.711,367
345.565,343.221,368
507.350,218.918,369
711.737,246.505,370
546.093,964.853,371
866.060,667.123,372
121.130,306.779,373
608.689,818.798,374
38.385,376.501,375
858.523,453.656,376
71.250,487.893,377
849.211,640.919,378
590.635,377.233,379
946.054,237.593,380
40.681,395.097,381
203.757,345.122,382
305.880,476.134,383
830.271,120.119,384
118.548,41.280,385
595.959,169.006,386
218.240,719.802,387
766.281,270.773,388
213.043,508.147,389
901.655,250.855,390
153.194,64.723,391
928.377,75.558,392
322.297,515.779,393
138.465,785.655,394
287.219,891.049,395
291.740,65.183,396
750.854,4.487,397
157.479,293.660,398
349.636,913.985,399
813.805,561.300,400
306.892,548.705,401
466.975,279.060,402
529.445,105.658,403
929.522,367.230,404
394.397,976.035,405
823.024,539.144,406
841.550,332.317,407
62.900,703.027,408
425.459,993.462,409
316.915,474.052,410
58.889,703.373,411
35.486,439.351,412
788.471,313.402,413
208.090,833.168,414
999.000,498.223,415
689.735,464.605,416
190.797,478.068,417
119.045,632.788,418
290.266,537.824,419
871.877,220.482,420
952.331,112.309,421
197.124,666.156,422
615.013,158.372,423
174.044,669.099,424
155.855,99.684,425
962.052,974.537,426
809.189,269.597,427
252.643,795.973,428
283.276,254.425,429
620.780,629.682,430
345.506,467.874,431
835.151,402.971,432
316.028,716.864,433
933.766,99.055,434
40.486,280.777,435
573.849,69.230,436
637.939,847.444,437
350.334,982.437,438
569.130,787.035,439
843.912,351.652,440
394.464,21.945,441
930.932,674.759,442
879.435,704.447,443
479.723,312.138,444
630.614,104.095,445
174.356,281.376,446
833.486,724.083,447
955.574,708.627,448
153.591,218.007,449
625.556,365.324,450
133.249,779.484,451
130.227,842.284,452
819.992,838.795,453
479.234,95.226,454
139.474,209.211,455
951.617,501.089,456
532.292,492.802,457
468.405,755.500,458
52.140,227.905,459
557.769,398.167,460
257.016,79.773,461
879.022,297.771,462
546.270,766.326,463
237.642,705.805,464
250.904,167.794,465
855.910,519.213,466
708.379,156.064,467
40.463,757.281,468
76.073,635.637,469
939.308,982.955,470
401.116,60.618,471
127.000,624.832,472
775.781,303.611,473
347.954,365.454,474
213.834,607.206,475
999.000,508.229,476
988.911,98.203,477
297.733,307.348,478
261.140,929.989,479
540.471,802.932,480
898.627,788.236,481
360.607,120.416,482
563.370,668.323,483
189.864,234.474,484
976.294,412.397,485
618.047,929.425,486
458.553,232.877,487
651.992,222.278,488
166.823,175.432,489
198.145,888.292,490
555.524,52.133,491
734.653,560.800,492
216.314,919.970,493
609.306,134.333,494
157.598,328.045,495
777.966,881.690,496
796.765,852.826,497
636.188,228.785,498
427.612,217.414,499
854.668,879.372,500
607.350,720.882,501
177.026,269.472,502
564.582,41.767,503
663.487,779.196,504
251.905,65.224,505
551.247,383.596,506
435.364,84.539,507
772.066,310.813,508
492.670,66.138,509
882.334,981.908,510
404.107,926.211,511
656.827,182.753,512
139.790,713.728,513
121.494,665.748,514
528.914,544.803,515
859.750,38.490,516
606.425,745.918,517
397.362,792.211,518
372.308,709.218,519
297.647,226.966,520
206.143,195.102,521
772.461,927.065,522
837.118,110.455,523
446.734,685.516,524
132.480,991.311,525
512.066,961.805,526
298.940,273.398,527
111.667,792.067,528
90.286,645.758,529
235.852,651.804,530
648.272,209.917,531
282.080,210.932,532
860.169,401.719,533
284.148,306.254,534
524.164,835.357,535
259.748,609.357,536
807.780,929.426,537
907.300,469.266,538
447.042,340.453,539
31.628,642.724,540
957.770,197.399,541
434.533,200.456,542
302.907,304.993,543
99.339,407.128,544
825.957,547.600,545
65.301,691.570,546
85.026,873.943,547
598.284,690.197,548
481.539,957.950,549
154.971,649.612,550
267.517,805.468,551
430.807,351.174,552
351.914,24.897,553
78.464,352.145,554
554.474,744.494,555
511.268,450.270,556
341.052,238.875,557
158.611,645.805,558
564.248,672.392,559
875.121,16.205,560
953.764,569.105,561
333.547,542.516,562
92.644,931.503,563
597.127,932.351,564
810.470,197.661,565
46.902,844.655,566
213.996,350.860,567
726.697,613.113,568
645.682,359.122,569
133.963,549.043,570
463.497,827.587,571
748.446,13.005,572
100.821,324.331,573
460.728,851.954,574
790.190,622.901,575
703.477,979.029,576
991.422,900.831,577
462.006,298.420,578
656.484,181.044,579
514.093,572.618,580
852.236,515.512,581
346.381,268.527,582
660.617,755.558,583
769.263,31.183,584
577.923,758.896,585
588.005,869.295,586
203.090,879.763,587
454.776,858.692,588
146.936,427.925,589
522.133,103.416,590
734.622,954.530,591
778.810,477.139,592
845.047,944.282,593
945.440,696.274,594
594.196,761.219,595
879.657,220.381,596
455.635,917.393,597
801.119,959.059,598
350.591,336.036,599
836.768,229.640,600
542.254,220.421,601
282.955,77.324,602
219.839,252.584,603
582.516,63.648,604
1.915,444.223,605
191.489,766.677,606
233.868,260.195,607
738.051,160.394,608
666.521,983.093,609
35.687,148.294,610
936.958,497.970,611
87.561,384.386,612
793.727,457.469,613
291.122,686.039,614
759.765,128.486,615
785.401,677.875,616
230.323,435.104,617
350.739,289.499,618
897.408,313.898,619
34.091,743.806,620
959.309,194.001,621
321.708,878.700,622
517.771,33.125,623
787.352,994.543,624
569.443,309.369,625
708.826,870.509,626
399.457,960.100,627
947.654,724.189,628
44.411,557.025,629
7.754,385.280,630
632.727,658.628,631
496.701,633.783,632
170.731,213.710,633
943.472,473.305,634
893.866,11.465,635
154.791,515.506,636
411.477,777.128,637
982.179,596.983,638
104.027,924.748,639
53.049,666.552,640
827.726,46.444,641
658.737,342.335,642
75.565,852.310,643
628.013,833.950,644
822.638,774.751,645
335.505,969.139,646
387.736,817.060,647
887.531,75.165,648
249.677,994.312,649
821.351,915.705,650
486.168,560.800,651
804.462,494.060,652
810.648,799.155,653
362.537,407.934,654
534.962,106.290,655
258.536,850.166,656
679.062,294.206,657
881.957,491.217,658
890.501,489.140,659
911.183,849.058,660
961.042,360.454,661
893.583,793.635,662
724.240,226.501,663
393.879,784.009,664
607.223,62.676,665
559.554,646.066,666
169.718,954.602,667
462.571,54.261,668
217.741,470.418,669
294.428,86.612,670
669.204,775.340,671
382.941,953.411,672
960.377,676.782,673
957.180,765.789,674
327.459,374.805,675
741.812,233.721,676
692.507,809.297,677
43.288,373.766,678
623.196,424.223,679
358.040,542.657,680
494.464,155.835,681
303.317,70.519,682
97.772,684.695,683
460.767,376.116,684
60.346,340.444,685
795.686,621.761,686
478.844,590.460,687
209.529,990.382,688
7.488,520.813,689
226.096,788.003,690
849.196,263.595,691
996.994,891.549,692
794.028,888.288,693
887.515,13.151,694
388.624,42.519,695
466.087,859.449,696
207.186,315.433,697
275.260,851.043,698
355.996,716.346,699
365.993,936.302,700
890.818,635.562,701
320.618,887.793,702
590.685,432.090,703
32.526,928.156,704
10.564,620.408,705
89.557,9.804,706
453.378,822.289,707
648.143,362.685,708
657.724,771.111,709
322.557,348.251,710
288.085,208.854,711
527.805,828.744,712
943.080,760.638,713
348.506,276.482,714
610.906,173.828,715
272.559,463.612,716
537.228,845.940,717
861.583,312.687,718
348.202,19.640,719
886.199,86.632,720
591.648,259.397,721
206.856,96.826,722
676.177,509.755,723
89.708,551.978,724
90.735,717.754,725
762.176,308.612,726
403.325,36.421,727
569.056,183.266,728
116.273,158.284,729
829.807,623.092,730
294.972,980.757,731
474.700,632.505,732
437.152,939.392,733
391.336,170.142,734
888.634,476.313,735
745.830,44.210,736
580.663,452.900,737
937.740,88.102,738
11.546,168.327,739
83.429,51.758,740
905.972,626.043,741
3.322,617.723,742
178.090,237.699,743
264.885,579.910,744
748.568,733.394,745
409.301,337.815,746
855.018,168.811,747
218.815,979.046,748
702.498,583.668,749
999.000,617.127,750
943.277,497.743,751
230.981,867.657,752
65.598,129.514,753
648.029,942.866,754
123.319,89.012,755
619.563,525.575,756
776.289,811.137,757
506.243,27.417,758
663.968,781.473,759
10.036,290.484,760
694.628,68.300,761
887.439,293.771,762
319.520,524.032,763
86.550,474.451,764
621.457,835.951,765
374.589,787.485,766
480.795,950.250,767
305.841,391.914,768
445.084,818.722,769
358.982,232.947,770
169.801,73.885,771
634.010,572.274,772
193.852,0.000,773
555.615,755.143,774
180.284,730.340,775
760.516,588.512,776
928.041,784.759,777
683.148,516.545,778
580.294,173.783,779
453.685,817.500,780
627.191,489.350,781
806.548,734.206,782
953.396,596.908,783
122.575,708.559,784
927.746,348.370,785
968.986,710.052,786
223.533,481.503,787
649.382,167.076,788
13.457,990.138,789
838.529,498.027,790
54.642,192.467,791
728.469,820.081,792
680.346,420.349,793
812.464,668.058,794
757.093,346.055,795
130.182,922.447,796
270.607,497.941,797
852.424,850.761,798
258.414,314.203,799
34.244,459.993,800
406.772,930.696,801
269.024,30.818,802
853.873,983.699,803
432.547,820.270,804
240.675,838.607,805
728.544,833.357,806
697.219,173.612,807
86.646,526.661,808
356.757,332.288,809
497.806,721.119,810
473.145,184.264,811
918.797,915.222,812
336.659,35.253,813
502.096,824.731,814
564.308,63.868,815
419.050,828.428,816
824.016,947.268,817
348.003,310.096,818
103.038,943.474,819
772.893,520.455,820
189.884,966.806,821
285.998,315.459,822
155.742,959.279,823
407.383,594.431,824
404.070,224.798,825
638.264,298.435,826
908.859,380.299,827
760.817,840.257,828
508.153,874.198,829
613.643,512.335,830
783.761,295.167,831
478.454,858.678,832
68.022,948.530,833
616.445,271.597,834
680.978,363.133,835
583.799,708.543,836
570.335,621.884,837
507.386,420.114,838
778.775,513.476,839
215.233,406.222,840
221.179,996.388,841
305.648,928.569,842
670.101,246.453,843
863.669,66.479,844
997.207,417.186,845
97.340,111.366,846
756.152,538.314,847
934.057,300.928,848
943.285,474.185,849
919.865,229.861,850
128.260,130.566,851
761.319,759.962,852
729.190,154.701,853
131.092,714.629,854
715.663,494.594,855
593.659,415.335,856
863.567,595.244,857
311.071,466.756,858
538.240,303.992,859
908.271,269.176,860
338.056,429.705,861
51.921,398.301,862
133.560,573.707,863
943.719,102.009,864
34.335,345.172,865
581.131,231.583,866
501.430,822.022,867
273.092,319.228,868
610.315,802.806,869
184.315,804.634,870
155.108,318.671,871
454.705,361.846,872
770.887,824.868,873
313.296,103.860,874
165.760,805.575,875
136.095,17.088,876
454.774,707.413,877
25.540,70.092,878
448.431,601.283,879
713.961,665.139,880
599.214,753.729,881
166.409,166.091,882
497.073,306.022,883
762.030,85.714,884
730.071,499.034,885
466.768,57.112,886
107.593,246.698,887
790.303,887.619,888
224.572,107.220,889
677.367,18.962,890
200.590,190.796,891
875.822,912.293,892
865.549,369.325,893
800.148,890.856,894
655.262,142.378,895
184.482,136.208,896
354.373,892.316,897
238.365,258.707,898
814.596,377.941,899
809.161,71.869,900
529.435,780.740,901
67.522,745.556,902
565.127,456.063,903
968.930,147.586,904
101.980,434.743,905
449.316,440.880,906
741.959,486.855,907
524.637,759.744,908
658.502,284.743,909
805.431,829.518,910
595.347,695.733,911
813.748,919.210,912
476.103,36.430,913
389.860,39.706,914
70.441,189.922,915
127.257,718.219,916
795.570,574.415,917
307.726,800.218,918
789.221,559.567,919
505.149,893.533,920
602.469,478.887,921
121.340,976.574,922
311.549,138.522,923
278.910,813.832,924
334.679,612.895,925
785.030,692.996,926
205.947,691.406,927
259.517,897.382,928
626.332,651.441,929
490.527,953.654,930
385.112,824.063,931
434.412,513.468,932
956.200,570.702,933
42.762,764.941,934
130.018,684.405,935
799.468,771.904,936
624.737,653.796,937
188.433,945.485,938
574.262,505.289,939
212.427,944.979,940
915.476,586.233,941
882.028,175.126,942
629.482,201.582,943
640.946,779.706,944
260.029,271.126,945
531.043,750.101,946
350.293,926.525,947
398.981,893.306,948
258.735,456.883,949
272.506,701.413,950
3.691,373.816,951
924.073,641.902,952
317.664,485.746,953
661.463,904.822,954
931.192,812.610,955
664.166,496.005,956
447.422,493.357,957
535.039,990.970,958
663.618,654.106,959
89.758,784.920,960
110.075,200.068,961
872.383,314.072,962
307.284,569.485,963
194.159,216.732,964
859.085,433.988,965
10.104,480.814,966
945.945,172.873,967
788.713,752.512,968
249.641,653.386,969
700.249,328.479,970
906.234,328.737,971
133.451,83.713,972
538.358,760.342,973
452.557,368.697,974
37.401,448.649,975
730.517,63.280,976
158.440,117.092,977
998.345,683.500,978
462.398,709.465,979
102.170,467.340,980
786.136,363.845,981
397.550,20.229,982
553.382,633.011,983
692.354,941.216,984
399.872,344.908,985
202.625,317.270,986
385.937,542.742,987
312.258,312.859,988
444.976,366.247,989
24.992,900.263,990
89.079,558.380,991
757.324,652.030,992
150.588,461.659,993
640.358,983.643,994
791.667,685.125,995
351.043,723.975,996
644.891,992.029,997
605.969,664.923,998
57.754,787.815,999
778.127,486.728,1000
60.502,657.150,1001
204.971,263.879,1002
444.660,480.896,1003
401.594,548.814,1004
891.962,934.884,1005
626.408,488.776,1006
149.819,612.830,1007
630.677,792.816,1008
595.517,993.748,1009
175.188,322.489,1010
829.023,660.787,1011
221.039,869.907,1012
860.297,650.311,1013
743.005,56.974,1014
287.166,938.119,1015
295.182,72.633,1016
87.139,812.744,1017
440.040,922.523,1018
752.717,210.952,1019
972.273,587.148,1020
878.202,362.139,1021
241.300,648.047,1022
258.721,92.190,1023
64.914,999.000,1024
567.003,361.878,1025
423.646,767.273,1026
260.131,982.276,1027
641.123,559.184,1028
400.287,118.343,1029
934.169,155.588,1030
213.014,522.065,1031
961.605,185.387,1032
439.459,528.219,1033
656.228,93.935,1034
520.507,458.986,1035
236.046,216.127,1036
615.743,488.059,1037
99.363,645.099,1038
407.601,662.674,1039
718.894,786.738,1040
387.143,842.933,1041
331.954,850.385,1042
113.819,543.975,1043
982.866,634.730,1044
167.792,39.296,1045
875.982,411.137,1046
74.939,32.469,1047
958.980,175.841,1048
58.775,52.884,1049
489.873,49.131,1050
486.989,511.587,1051
642.283,208.900,1052
801.293,399.166,1053
993.416,30.995,1054
243.526,544.864,1055
651.622,841.565,1056
537.048,914.391,1057
595.748,631.544,1058
919.299,237.688,1059
264.543,594.672,1060
149.004,549.494,1061
906.337,108.388,1062
87.582,386.375,1063
178.349,16.966,1064
959.643,891.098,1065
137.151,796.044,1066
784.500,590.978,1067
852.954,293.412,1068
659.756,574.739,1069
600.425,246.001,1070
96.945,500.015,1071
524.278,944.774,1072
462.384,369.373,1073
144.809,433.051,1074
108.461,989.661,1075
880.397,11.866,1076
951.302,153.702,1077
719.114,183.279,1078
714.036,578.083,1079
698.672,184.563,1080
999.000,270.421,1081
340.862,667.108,1082
743.167,904.766,1083
273.798,334.666,1084
107.249,696.607,1085
533.040,549.995,1086
76.085,705.166,1087
503.131,213.458,1088
18.934,339.445,1089
857.862,868.263,1090
466.957,311.380,1091
401.845,636.719,1092
458.382,646.343,1093
315.547,393.686,1094
140.060,464.180,1095
23.357,448.808,1096
488.057,380.190,1097
873.951,531.541,1098
824.820,285.953,1099
577.756,706.449,1100
205.960,936.453,1101
472.724,18.695,1102
586.655,654.294,1103
779.023,667.658,1104
903.974,371.043,1105
448.322,351.911,1106
262.608,259.463,1107
578.626,771.674,1108
164.718,97.089,1109
398.518,304.401,1110
411.255,837.154,1111
663.407,502.964,1112
374.881,216.936,1113
995.390,343.724,1114
396.970,350.739,1115
633.594,207.955,1116
877.205,945.220,1117
447.634,736.934,1118
197.256,168.631,1119
396.098,183.617,1120
3.889,638.223,1121
171.311,254.824,1122
11.641,848.351,1123
275.835,540.739,1124
490.174,907.818,1125
379.843,649.389,1126
985.384,366.054,1127
673.046,320.180,1128
662.686,356.570,1129
789.506,558.954,1130
623.045,953.317,1131
618.573,668.188,1132
148.956,674.602,1133
481.134,952.973,1134
962.581,471.378,1135
64.343,653.355,1136
260.548,244.712,1137
72.331,538.233,1138
772.895,92.835,1139
770.786,365.248,1140
128.232,238.853,1141
249.057,997.899,1142
980.952,195.207,1143
291.975,187.615,1144
186.887,325.646,1145
855.503,18.558,1146
328.721,276.062,1147
758.979,44.859,1148
764.898,454.351,1149
706.745,450.501,1150
589.957,110.138,1151
441.033,279.758,1152
35.313,708.586,1153
785.812,123.469,1154
11.076,7.200,1155
507.079,774.164,1156
566.657,529.507,1157
605.194,703.117,1158
326.738,127.968,1159
579.333,648.278,1160
103.540,727.835,1161
296.585,323.317,1162
244.864,949.289,1163
787.581,799.648,1164
965.373,162.553,1165
746.238,129.971,1166
683.285,205.610,1167
141.058,965.685,1168
223.547,157.609,1169
495.259,835.549,1170
299.023,270.405,1171
325.518,784.588,1172
396.924,529.048,1173
132.096,608.366,1174
905.415,833.903,1175
989.834,846.670,1176
292.742,961.060,1177
330.484,383.963,1178
688.779,820.775,1179
91.776,271.569,1180
609.789,873.865,1181
117.382,262.388,1182
395.266,776.078,1183
752.086,120.101,1184
859.569,765.985,1185
256.133,364.991,1186
314.717,147.184,1187
398.955,947.692,1188
922.910,842.458,1189
92.062,75.628,1190
160.385,494.989,1191
353.043,784.811,1192
925.296,228.320,1193
126.016,754.881,1194
996.272,107.769,1195
695.045,272.748,1196
191.686,371.731,1197
558.050,869.368,1198
269.274,386.605,1199
151.400,37.670,1200
245.429,269.781,1201
875.752,350.129,1202
653.099,41.411,1203
58.438,18.270,1204
918.922,20.503,1205
744.325,32.751,1206
459.856,658.873,1207
26.047,692.901,1208
662.244,640.947,1209
233.183,47.649,1210
414.842,98.626,1211
588.766,884.769,1212
673.014,627.517,1213
384.168,742.810,1214
515.189,311.673,1215
251.072,510.015,1216
287.584,132.439,1217
809.699,563.444,1218
583.456,125.660,1219
43.334,453.470,1220
434.192,52.163,1221
165.915,459.218,1222
839.895,485.132,1223
904.199,744.545,1224
930.245,867.084,1225
302.535,49.502,1226
158.457,960.676,1227
163.395,749.779,1228
25.255,469.991,1229
944.444,676.948,1230
217.335,454.795,1231
56.807,374.545,1232
154.788,132.752,1233
898.795,393.763,1234
741.774,803.501,1235
136.590,985.059,1236
391.042,420.120,1237
606.514,597.030,1238
227.556,891.402,1239
317.635,274.656,1240
468.874,207.135,1241
788.294,184.839,1242
434.604,916.309,1243
536.637,601.067,1244
907.286,875.935,1245
758.887,970.537,1246
680.893,720.844,1247
641.021,785.277,1248
219.832,968.545,1249
182.235,11.867,1250
814.789,663.599,1251
472.191,696.350,1252
193.604,565.391,1253
746.821,333.386,1254
578.789,936.314,1255
384.173,100.394,1256
393.708,67.531,1257
132.837,659.597,1258
118.153,353.659,1259
686.380,371.855,1260
355.691,555.693,1261
545.966,453.291,1262
294.309,92.789,1263
951.691,460.561,1264
433.252,349.732,1265
765.925,308.660,1266
160.154,601.586,1267
792.340,319.917,1268
212.644,676.139,1269
50.735,414.190,1270
271.757,83.939,1271
478.374,349.492,1272
664.357,502.774,1273
254.995,806.612,1274
303.730,438.320,1275
46.097,902.095,1276
647.765,471.737,1277
469.304,438.891,1278
742.436,692.167,1279
584.571,31.286,1280
262.306,115.740,1281
955.259,830.739,1282
828.749,657.318,1283
256.221,146.200,1284
925.909,282.128,1285
237.390,739.180,1286
834.531,50.775,1287
677.254,333.865,1288
382.477,989.699,1289
988.138,540.457,1290
7.498,955.889,1291
200.433,422.647,1292
547.743,533.574,1293
321.484,860.529,1294
352.312,430.457,1295
470.591,616.176,1296
153.008,910.090,1297
899.887,645.681,1298
360.781,570.297,1299
476.969,696.898,1300
427.578,358.785,1301
132.042,242.474,1302
163.909,287.746,1303
833.274,13.710,1304
428.312,893.100,1305
613.269,520.198,1306
805.144,529.255,1307
602.484,802.839,1308
830.264,478.717,1309
286.314,909.401,1310
486.721,834.384,1311
321.281,968.042,1312
442.257,0.848,1313
117.633,233.650,1314
181.661,425.784,1315
768.869,861.440,1316
308.594,22.813,1317
123.625,246.698,1318
193.673,449.355,1319
63.116,784.846,1320
939.478,240.987,1321
99.315,17.578,1322
868.147,969.180,1323
468.616,742.274,1324
615.153,928.104,1325
432.688,216.117,1326
556.021,951.504,1327
144.919,128.810,1328
938.990,452.626,1329
950.802,832.416,1330
419.228,7.813,1331
987.970,629.966,1332
865.313,174.777,1333
639.278,483.903,1334
909.608,606.713,1335
484.422,907.108,1336
856.728,670.110,1337
178.675,500.354,1338
608.992,579.432,1339
689.070,228.886,1340
872.818,586.601,1341
110.383,584.885,1342
351.787,409.279,1343
62.337,570.676,1344
909.317,176.868,1345
865.754,14.942,1346
291.514,584.607,1347
402.272,340.084,1348
874.037,577.662,1349
504.632,667.572,1350
905.977,609.711,1351
546.759,223.580,1352
378.897,21.187,1353
770.455,104.247,1354
110.299,119.908,1355
707.346,675.099,1356
886.623,277.697,1357
832.334,246.579,1358
90.981,795.304,1359
834.622,912.027,1360
344.626,104.963,1361
699.588,960.853,1362
536.117,711.732,1363
713.662,548.669,1364
927.682,564.549,1365
818.318,941.486,1366
682.330,753.577,1367
362.257,43.149,1368
179.273,462.604,1369
967.000,244.049,1370
206.823,306.514,1371
847.771,133.060,1372
117.154,840.082,1373
926.143,294.383,1374
735.388,801.692,1375
838.626,661.289,1376
483.447,73.470,1377
812.380,49.696,1378
268.975,388.606,1379
504.007,981.096,1380
1.552,390.476,1381
208.622,183.197,1382
719.886,490.955,1383
186.117,39.360,1384
148.548,256.679,1385
65.854,939.268,1386
380.725,575.975,1387
529.147,186.453,1388
463.971,425.584,1389
719.242,52.955,1390
17.707,415.548,1391
443.564,783.484,1392
827.107,964.547,1393
862.498,838.334,1394
500.933,234.771,1395
62.503,577.722,1396
1.843,695.369,1397
638.877,665.247,1398
509.501,368.806,1399
944.079,828.818,1400
169.554,272.326,1401
278.275,460.826,1402
322.757,47.148,1403
983.751,308.535,1404
455.519,202.316,1405
691.580,213.744,1406
501.748,9.851,1407
655.577,847.755,1408
42.782,472.745,1409
783.623,329.494,1410
928.959,790.433,1411
839.045,202.486,1412
389.166,333.806,1413
997.231,51.347,1414
216.444,728.187,1415
28.623,273.946,1416
293.410,38.527,1417
222.094,794.872,1418
682.818,275.572,1419
460.306,695.559,1420
137.229,303.200,1421
553.536,990.165,1422
845.016,280.078,1423
895.957,109.015,1424
52.415,468.655,1425
167.257,100.263,1426
540.351,541.231,1427
894.890,221.650,1428
655.347,433.803,1429
726.161,733.140,1430
309.260,860.087,1431
930.284,933.314,1432
248.575,274.898,1433
47.376,804.392,1434
905.528,799.819,1435
758.189,816.595,1436
881.059,110.255,1437
978.497,946.136,1438
177.157,273.909,1439
569.416,87.837,1440
181.590,556.964,1441
731.145,4.268,1442
563.664,354.978,1443
368.105,114.629,1444
553.972,321.129,1445
99.205,77.256,1446
351.668,554.848,1447
957.618,964.598,1448
96.513,264.803,1449
691.897,797.164,1450
73.885,146.565,1451
180.347,567.341,1452
427.922,100.392,1453
641.007,95.571,1454
940.966,158.326,1455
99.926,884.219,1456
14.087,686.979,1457
896.313,113.475,1458
257.590,572.239,1459
358.732,840.673,1460
731.440,871.465,1461
344.279,570.213,1462
223.379,849.312,1463
796.087,335.746,1464
727.889,216.292,1465
335.706,533.169,1466
881.211,8.424,1467
794.553,428.421,1468
220.090,426.153,1469
949.835,409.326,1470
141.787,18.181,1471
512.617,69.763,1472
375.236,915.032,1473
813.547,208.838,1474
654.721,805.414,1475
684.914,918.408,1476
2.353,666.362,1477
889.189,195.996,1478
259.047,435.050,1479
154.360,207.812,1480
77.504,903.143,1481
423.975,372.159,1482
157.850,578.840,1483
490.606,647.246,1484
635.685,912.489,1485
22.885,614.394,1486
981.548,453.547,1487
9.215,755.047,1488
353.726,852.535,1489
779.898,333.054,1490
281.488,616.173,1491
910.617,578.799,1492
772.223,218.822,1493
959.200,690.559,1494
608.833,605.436,1495
743.668,591.160,1496
670.124,31.051,1497
791.201,294.845,1498
288.862,272.034,1499
907.605,288.149,1500
858.773,821.295,1501
661.649,225.749,1502
568.728,691.844,1503
83.061,865.051,1504
351.744,28.371,1505
683.391,507.807,1506
882.756,257.865,1507
139.377,15.111,1508
660.047,746.840,1509
879.771,249.418,1510
395.835,178.625,1511
350.058,939.200,1512
824.789,961.762,1513
94.274,441.194,1514
227.784,57.902,1515
17.344,104.651,1516
664.266,251.179,1517
326.715,729.333,1518
799.657,769.045,1519
757.813,637.092,1520
97.093,952.517,1521
633.740,776.812,1522
660.144,686.218,1523
535.509,213.241,1524
563.303,302.461,1525
931.188,178.491,1526
110.754,113.496,1527
740.147,877.303,1528
880.971,47.647,1529
117.600,816.996,1530
61.121,552.522,1531
266.457,699.739,1532
57.924,257.783,1533
997.022,381.737,1534
320.749,31.412,1535
125.586,357.742,1536
389.560,593.778,1537
214.772,899.969,1538
492.260,289.383,1539
51.215,122.155,1540
44.534,603.066,1541
628.498,569.536,1542
65.164,219.977,1543
5.262,356.092,1544
515.628,213.597,1545
674.308,227.909,1546
886.390,627.804,1547
340.817,759.382,1548
796.989,815.999,1549
954.403,837.880,1550
19.798,768.190,1551
867.918,225.296,1552
890.051,43.191,1553
787.294,730.143,1554
299.510,546.568,1555
296.260,583.058,1556
836.684,596.701,1557
93.373,585.501,1558
395.019,676.587,1559
136.047,58.412,1560
533.067,798.113,1561
75.642,434.000,1562
460.654,849.207,1563
524.652,650.466,1564
122.854,69.159,1565
672.709,551.189,1566
703.100,868.131,1567
233.959,848.015,1568
793.651,99.176,1569
311.432,691.104,1570
315.924,900.476,1571
554.144,585.470,1572
567.836,384.370,1573
989.704,16.397,1574
988.502,14.205,1575
267.577,923.965,1576
505.944,809.858,1577
642.648,614.833,1578
402.673,95.956,1579
938.353,423.414,1580
913.080,955.545,1581
813.530,276.681,1582
714.036,383.959,1583
64.254,790.792,1584
322.603,467.092,1585
399.224,337.335,1586
836.570,365.594,1587
264.658,561.500,1588
329.827,935.176,1589
299.719,323.647,1590
240.726,866.865,1591
577.953,159.749,1592
394.008,283.393,1593
282.266,877.009,1594
903.025,896.331,1595
792.270,668.970,1596
478.915,641.206,1597
351.381,577.424,1598
777.237,680.427,1599
704.656,298.018,1600
290.836,904.490,1601
844.092,236.056,1602
891.272,821.077,1603
74.694,772.073,1604
693.811,835.117,1605
104.170,967.615,1606
758.625,526.178,1607
535.023,738.605,1608
123.520,286.194,1609
283.743,899.414,1610
826.671,747.717,1611
557.512,522.956,1612
793.197,193.651,1613
126.668,155.795,1614
318.133,213.027,1615
247.411,104.335,1616
621.531,584.689,1617
686.629,999.000,1618
6.484,376.025,1619
216.947,483.720,1620
222.347,371.664,1621
881.194,182.177,1622
87.545,462.623,1623
842.515,783.264,1624
807.560,100.377,1625
727.184,555.495,1626
307.098,965.705,1627
998.731,236.635,1628
924.680,259.678,1629
135.332,89.984,1630
145.685,727.310,1631
247.624,713.950,1632
922.850,78.403,1633
789.697,542.236,1634
924.879,291.200,1635
631.271,35.376,1636
787.205,889.661,1637
104.506,440.157,1638
349.088,263.759,1639
700.079,123.116,1640
665.182,377.338,1641
739.177,857.009,1642
920.608,203.518,1643
140.729,689.802,1644
128.282,522.570,1645
626.869,491.962,1646
413.889,266.504,1647
140.160,844.082,1648
502.885,975.000,1649
851.331,301.974,1650
473.970,898.592,1651
0.484,78.376,1652
607.029,715.084,1653
178.430,765.007,1654
536.269,302.613,1655
945.446,690.507,1656
64.013,808.071,1657
907.586,592.820,1658
289.636,758.435,1659
888.741,862.937,1660
566.909,522.116,1661
716.947,782.113,1662
512.108,620.378,1663
226.601,866.747,1664
782.178,501.652,1665
755.695,280.850,1666
593.564,848.024,1667
922.995,125.310,1668
863.413,292.201,1669
804.749,556.213,1670
79.810,549.279,1671
936.526,254.101,1672
850.247,813.264,1673
94.522,822.125,1674
589.210,85.553,1675
453.707,419.203,1676
264.692,665.781,1677
698.154,270.263,1678
461.524,881.633,1679
102.025,164.663,1680
921.185,557.231,1681
504.418,439.674,1682
219.479,700.815,1683
542.532,33.909,1684
535.409,669.012,1685
257.153,756.063,1686
223.537,131.217,1687
778.695,514.242,1688
504.637,915.641,1689
67.591,675.010,1690
0.000,894.069,1691
365.614,428.436,1692
964.438,820.638,1693
379.166,119.316,1694
734.084,35.891,1695
776.450,556.063,1696
442.934,127.935,1697
402.531,369.494,1698
947.598,628.320,1699
143.144,333.103,1700
539.141,583.635,1701
25.689,522.354,1702
50.772,110.985,1703
297.116,64.643,1704
939.219,346.410,1705
219.704,387.864,1706
64.011,837.166,1707
292.593,97.246,1708
464.684,60.005,1709
826.648,234.231,1710
724.983,43.418,1711
494.346,340.494,1712
354.180,367.691,1713
480.820,407.437,1714
99.795,357.930,1715
540.884,401.646,1716
269.547,221.224,1717
317.634,309.327,1718
546.792,672.623,1719
507.167,680.132,1720
879.008,150.604,1721
423.307,591.679,1722
725.026,159.827,1723
115.026,616.510,1724
119.564,797.955,1725
542.589,256.196,1726
825.538,821.309,1727
377.450,828.950,1728
913.072,482.246,1729
353.674,480.659,1730
290.848,739.178,1731
516.407,39.482,1732
290.946,390.772,1733
394.689,788.590,1734
286.808,617.519,1735
759.801,377.212,1736
673.098,321.318,1737
473.916,649.228,1738
245.444,50.136,1739
312.836,264.130,1740
211.314,856.155,1741
981.595,207.068,1742
138.671,125.270,1743
224.386,837.262,1744
806.351,800.077,1745
254.939,672.510,1746
790.784,635.901,1747
404.585,671.097,1748
221.106,467.018,1749
400.177,589.172,1750
796.176,716.983,1751
285.034,233.579,1752
843.666,659.193,1753
651.057,716.814,1754
860.524,829.564,1755
412.533,547.296,1756
618.231,816.426,1757
667.273,677.525,1758
840.130,817.644,1759
782.640,361.393,1760
843.886,710.455,1761
485.889,668.842,1762
308.420,101.110,1763
935.210,8.012,1764
253.662,976.070,1765
448.948,208.115,1766
856.133,466.859,1767
575.225,564.738,1768
719.022,161.036,1769
742.224,965.154,1770
934.392,880.980,1771
162.139,557.682,1772
947.960,613.043,1773
295.002,828.004,1774
545.589,442.690,1775
212.686,502.627,1776
701.266,858.596,1777
819.330,289.638,1778
919.942,311.587,1779
798.923,538.450,1780
914.124,728.877,1781
590.351,659.418,1782
977.650,141.279,1783
579.827,304.740,1784
331.436,570.121,1785
392.596,986.701,1786
526.338,898.219,1787
258.147,292.497,1788
774.848,102.942,1789
188.796,530.898,1790
235.542,110.394,1791
490.254,912.447,1792
658.242,82.797,1793
233.593,953.888,1794
846.612,558.775,1795
595.392,284.785,1796
363.139,174.150,1797
541.296,254.769,1798
564.542,321.692,1799
656.782,49.610,1800
803.409,298.564,1801
962.830,319.149,1802
432.350,869.354,1803
117.391,560.079,1804
282.402,636.872,1805
106.335,581.729,1806
661.982,948.153,1807
227.938,969.700,1808
164.130,565.214,1809
547.133,452.498,1810
715.999,729.591,1811
375.311,283.097,1812
569.450,450.337,1813
417.285,234.447,1814
855.102,320.445,1815
559.115,482.606,1816
914.671,257.986,1817
596.666,828.116,1818
763.004,820.768,1819
210.194,297.224,1820
833.063,807.489,1821
596.071,435.912,1822
577.268,443.212,1823
325.443,460.969,1824
331.259,602.229,1825
848.711,938.645,1826
976.081,430.895,1827
280.824,59.432,1828
101.168,477.502,1829
123.358,931.857,1830
170.705,875.860,1831
423.437,847.816,1832
722.946,644.709,1833
28.590,89.876,1834
223.609,9.001,1835
890.079,87.146,1836
787.140,926.943,1837
869.397,65.398,1838
356.029,987.207,1839
905.645,927.748,1840
504.834,417.706,1841
98.182,898.345,1842
774.808,432.444,1843
186.200,542.101,1844
446.595,449.132,1845
142.074,960.101,1846
781.101,397.711,1847
500.071,201.439,1848
649.069,588.487,1849
554.032,346.867,1850
730.376,254.966,1851
636.065,514.957,1852
875.840,275.070,1853
575.537,630.615,1854
508.224,290.455,1855
149.834,665.787,1856
643.830,384.397,1857
914.353,725.301,1858
920.068,605.756,1859
577.918,825.050,1860
941.321,956.578,1861
50.400,13.554,1862
636.688,553.288,1863
842.398,13.630,1864
965.200,660.055,1865
825.891,589.694,1866
218.253,214.017,1867
848.591,510.224,1868
593.796,683.274,1869
101.023,913.011,1870
231.910,226.751,1871
772.815,301.922,1872
441.338,968.811,1873
113.161,720.598,1874
117.852,453.475,1875
350.146,136.978,1876
702.494,902.198,1877
157.624,711.866,1878
747.813,369.813,1879
154.874,189.845,1880
233.651,350.494,1881
455.335,751.873,1882
501.735,618.210,1883
29.505,612.239,1884
919.365,480.000,1885
115.253,131.814,1886
950.703,593.895,1887
600.635,729.668,1888
468.860,583.896,1889
780.051,975.117,1890
678.990,244.560,1891
149.207,952.982,1892
115.800,523.913,1893
486.155,705.444,1894
746.922,608.383,1895
976.067,840.490,1896
956.475,19.515,1897
34.834,615.573,1898
950.040,797.660,1899
312.776,17.987,1900
618.087,317.813,1901
173.278,818.094,1902
684.075,143.561,1903
143.104,744.252,1904
996.834,806.299,1905
373.973,757.613,1906
380.497,624.889,1907
654.925,347.254,1908
864.455,627.916,1909
440.700,969.450,1910
818.298,154.258,1911
993.133,455.207,1912
64.414,858.234,1913
650.495,448.017,1914
134.364,515.755,1915
722.865,439.380,1916
687.248,45.483,1917
856.741,281.652,1918
680.436,980.348,1919
421.413,305.348,1920
828.664,67.118,1921
212.767,971.990,1922
901.166,775.139,1923
394.021,779.150,1924
784.042,693.260,1925
653.109,610.770,1926
900.892,131.728,1927
261.958,292.289,1928
687.933,68.660,1929
204.219,830.789,1930
310.613,214.380,1931
232.865,956.664,1932
1.282,197.801,1933
593.586,473.897,1934
569.968,507.918,1935
558.052,704.791,1936
51.812,535.086,1937
722.574,112.564,1938
748.985,165.272,1939
403.940,363.184,1940
659.283,909.021,1941
857.575,207.070,1942
102.879,32.731,1943
278.492,710.563,1944
797.218,512.732,1945
622.563,516.594,1946
77.245,141.584,1947
849.697,988.299,1948
95.128,448.599,1949
393.307,40.964,1950
296.397,595.601,1951
880.246,481.531,1952
927.168,468.925,1953
925.806,560.858,1954
615.613,720.315,1955
169.121,632.187,1956
482.564,897.225,1957
453.625,21.663,1958
710.544,792.473,1959
185.034,968.625,1960
819.091,76.438,1961
795.579,166.712,1962
299.220,932.664,1963
601.128,341.603,1964
93.040,557.232,1965
60.212,220.143,1966
858.302,333.578,1967
547.703,265.160,1968
971.663,236.696,1969
662.763,287.710,1970
81.814,215.714,1971
894.711,143.410,1972
995.465,906.600,1973
847.586,846.496,1974
779.582,982.779,1975
319.414,828.905,1976
310.740,737.341,1977
655.638,635.453,1978
432.732,208.359,1979
492.345,832.929,1980
187.146,2.907,1981
300.424,382.552,1982
936.136,842.069,1983
528.078,799.098,1984
89.321,706.098,1985
633.076,675.457,1986
762.587,223.248,1987
446.415,626.785,1988
472.492,715.539,1989
302.134,402.344,1990
497.307,58.500,1991
219.748,962.692,1992
124.181,513.476,1993
302.866,450.518,1994
422.998,86.783,1995
296.270,276.961,1996
269.231,895.546,1997
63.595,884.797,1998
797.137,7.778,1999
826.799,578.922,2000
440.447,745.457,2001
808.612,41.079,2002
235.681,408.559,2003
516.391,74.692,2004
730.923,867.862,2005
555.988,449.206,2006
711.536,459.647,2007
898.187,75.061,2008
195.660,632.036,2009
417.005,368.972,2010
534.643,411.579,2011
865.552,826.275,2012
504.889,585.924,2013
78.455,19.426,2014
240.085,768.726,2015
941.346,985.897,2016
883.942,666.486,2017
760.207,525.065,2018
454.970,187.844,2019
103.357,948.991,2020
833.101,289.403,2021
535.316,723.339,2022
29.714,763.400,2023
967.724,924.559,2024
107.147,330.504,2025
710.440,43.684,2026
861.684,968.743,2027
956.924,608.780,2028
405.799,533.873,2029
443.305,198.382,2030
653.906,243.863,2031
11.152,423.030,2032
657.121,204.299,2033
393.737,362.394,2034
101.818,676.844,2035
70.270,89.895,2036
11.834,814.413,2037
81.183,122.709,2038
863.409,913.659,2039
567.673,970.083,2040
73.364,437.467,2041
926.255,525.092,2042
710.526,828.581,2043
680.343,696.410,2044
955.456,207.122,2045
572.562,59.711,2046
893.854,807.989,2047
647.780,2.992,2048
779.617,739.479,2049
407.620,26.118,2050
615.879,317.120,2051
966.489,243.674,2052
757.799,671.943,2053
368.216,735.402,2054
963.260,845.801,2055
914.708,510.502,2056
249.173,326.360,2057
808.538,429.046,2058
851.703,535.788,2059
896.099,283.651,2060
949.752,580.439,2061
665.235,686.514,2062
583.023,750.419,2063
445.941,675.490,2064
404.768,381.612,2065
864.827,9.027,2066
422.877,703.537,2067
82.710,591.934,2068
879.259,78.721,2069
421.555,120.227,2070
654.381,573.119,2071
310.778,974.997,2072
629.078,300.236,2073
664.499,956.621,2074
464.225,256.202,2075
883.260,89.271,2076
367.773,457.650,2077
165.364,234.145,2078
128.534,140.343,2079
126.784,842.556,2080
564.999,248.868,2081
927.200,712.305,2082
234.926,395.946,2083
209.900,746.967,2084
810.986,307.719,2085
656.955,213.064,2086
408.195,530.194,2087
110.847,760.552,2088
561.984,687.013,2089
412.903,253.264,2090
900.209,326.795,2091
437.151,165.952,2092
789.773,415.045,2093
448.929,799.082,2094
537.302,459.537,2095
236.621,546.170,2096
536.256,60.185,2097
932.231,183.886,2098
704.320,793.106,2099
27.421,612.563,2100
509.106,399.990,2101
996.967,275.353,2102
389.435,706.904,2103
301.764,906.275,2104
895.942,525.896,2105
839.851,375.145,2106
360.667,967.694,2107
869.049,58.690,2108
279.691,711.369,2109
176.622,822.672,2110
106.054,364.223,2111
852.994,147.439,2112
649.001,877.780,2113
484.974,454.602,2114
841.606,105.957,2115
228.921,833.590,2116
511.235,541.332,2117
765.672,889.731,2118
942.737,364.666,2119
866.104,740.878,2120
229.803,91.527,2121
247.652,546.731,2122
858.160,106.412,2123
434.073,710.775,2124
45.240,16.118,2125
322.130,428.020,2126
300.790,956.448,2127
268.165,637.130,2128
425.586,820.256,2129
382.953,830.093,2130
449.978,253.105,2131
878.293,505.526,2132
499.540,560.294,2133
623.740,959.733,2134
218.497,139.811,2135
254.628,360.987,2136
387.538,723.313,2137
995.556,747.717,2138
662.298,699.582,2139
909.144,595.335,2140
487.347,740.543,2141
493.857,122.014,2142
42.214,864.440,2143
945.605,709.706,2144
561.427,542.809,2145
4.871,271.730,2146
614.829,878.895,2147
828.312,144.512,2148
723.052,445.634,2149
583.247,538.020,2150
687.342,462.791,2151
482.539,453.792,2152
248.090,635.870,2153
213.102,440.344,2154
461.929,849.613,2155
244.206,65.714,2156
817.055,610.314,2157
224.018,203.457,2158
64.498,482.333,2159
171.839,770.641,2160
143.650,527.114,2161
750.766,284.168,2162
107.526,339.697,2163
416.125,348.651,2164
286.998,205.571,2165
451.175,637.387,2166
940.092,957.297,2167
76.409,127.912,2168
754.936,342.477,2169
564.681,401.160,2170
950.907,792.868,2171
515.951,78.614,2172
38.741,289.154,2173
3.336,534.598,2174
342.055,936.259,2175
608.160,724.681,2176
131.668,372.435,2177
423.272,438.770,2178
691.423,280.497,2179
641.522,108.322,2180
908.452,292.916,2181
52.510,629.753,2182
899.553,837.006,2183
453.854,943.878,2184
900.742,467.227,2185
48.303,328.213,2186
674.270,208.814,2187
83.068,753.349,2188
553.440,169.594,2189
800.364,490.148,2190
338.803,985.628,2191
663.826,815.884,2192
333.485,43.143,2193
466.033,864.111,2194
377.318,932.681,2195
740.322,293.467,2196
544.152,451.638,2197
751.181,203.429,2198
956.677,124.610,2199
992.967,324.321,2200
823.293,332.062,2201
725.975,245.840,2202
188.664,647.357,2203
667.296,459.714,2204
618.514,756.547,2205
87.244,980.775,2206
486.384,200.228,2207
25.542,283.435,2208
872.382,241.676,2209
152.430,202.896,2210
0.000,126.357,2211
556.583,282.745,2212
504.792,25.450,2213
532.603,497.829,2214
87.000,848.472,2215
886.767,856.232,2216
50.498,516.849,2217
340.750,586.101,2218
895.715,498.383,2219
390.091,662.265,2220
296.318,469.379,2221
829.952,387.971,2222
60.135,108.577,2223
973.556,871.250,2224
40.185,107.487,2225
130.306,931.035,2226
436.362,364.386,2227
784.300,190.832,2228
339.544,402.369,2229
963.039,915.970,2230
63.911,109.151,2231
224.838,375.415,2232
470.097,647.135,2233
277.243,372.085,2234
716.320,765.368,2235
314.341,649.360,2236
181.357,663.495,2237
740.768,634.079,2238
504.883,876.592,2239
883.585,630.687,2240
373.841,651.350,2241
401.198,916.337,2242
246.546,569.570,2243
87.137,890.707,2244
711.506,128.763,2245
48.115,383.336,2246
27.246,209.565,2247
583.662,58.045,2248
951.637,683.941,2249
367.873,750.577,2250
495.843,316.146,2251
615.515,792.227,2252
103.158,848.010,2253
290.376,1.623,2254
842.536,840.328,2255
502.559,708.557,2256
321.804,208.563,2257
762.473,578.036,2258
962.329,684.888,2259
609.851,717.049,2260
739.128,732.425,2261
552.264,546.461,2262
89.491,993.604,2263
701.241,926.619,2264
644.558,923.932,2265
334.674,339.867,2266
367.904,581.528,2267
889.623,698.754,2268
387.488,90.003,2269
65.479,199.953,2270
722.940,889.508,2271
96.852,34.522,2272
586.046,879.047,2273
687.530,791.128,2274
602.790,811.149,2275
378.799,325.704,2276
664.831,862.613,2277
171.881,473.337,2278
494.717,396.814,2279
328.346,772.752,2280
184.457,141.446,2281
508.280,926.933,2282
177.303,649.748,2283
928.932,77.132,2284
660.756,750.660,2285
399.126,652.879,2286
771.149,703.926,2287
537.315,843.181,2288
104.210,407.353,2289
381.108,351.800,2290
325.204,700.999,2291
746.749,340.398,2292
826.161,342.887,2293
248.097,153.074,2294
543.254,568.571,2295
47.281,695.099,2296
390.590,982.144,2297
953.773,734.668,2298
549.673,930.327,2299
593.374,981.698,2300
165.000,388.761,2301
615.300,2.753,2302
739.082,609.670,2303
719.248,365.097,2304
189.401,938.196,2305
392.862,862.477,2306
260.412,151.769,2307
58.441,637.461,2308
768.224,724.719,2309
792.497,158.273,2310
657.109,541.005,2311
535.183,654.718,2312
652.108,692.355,2313
714.688,811.402,2314
783.204,733.149,2315
471.794,603.599,2316
748.297,706.633,2317
301.881,547.601,2318
314.781,971.371,2319
229.915,169.111,2320
843.927,670.714,2321
999.000,266.537,2322
81.023,646.654,2323
693.046,967.667,2324
658.431,876.764,2325
469.740,184.491,2326
677.572,63.109,2327
163.221,0.000,2328
821.584,29.196,2329
988.137,862.357,2330
162.360,768.871,2331
606.927,357.371,2332
634.529,474.429,2333
32.695,421.495,2334
655.553,775.213,2335
841.182,727.834,2336
948.796,767.769,2337
366.275,157.732,2338
301.265,139.834,2339
798.878,745.182,2340
105.560,255.311,2341
418.177,479.598,2342
722.532,345.526,2343
838.886,331.031,2344
227.464,182.720,2345
683.431,693.445,2346
937.410,61.210,2347
802.138,49.562,2348
509.231,281.863,2349
457.545,913.455,2350
13.341,516.833,2351
896.983,467.969,2352
525.907,927.686,2353
707.302,715.512,2354
63.739,679.018,2355
502.184,819.189,2356
266.421,463.395,2357
198.295,11.082,2358
989.359,63.642,2359
384.677,984.949,2360
490.251,702.719,2361
916.408,330.295,2362
523.365,648.584,2363
539.542,498.968,2364
389.153,602.757,2365
399.485,898.907,2366
629.322,174.244,2367
963.680,204.502,2368
96.595,47.904,2369
951.062,876.249,2370
272.653,230.590,2371
214.185,544.689,2372
60.876,821.634,2373
873.660,105.871,2374
258.019,981.004,2375
308.395,151.067,2376
268.598,957.694,2377
298.188,198.973,2378
785.423,313.087,2379
862.594,577.642,2380
933.064,24.173,2381
189.383,940.883,2382
964.607,263.809,2383
736.395,782.575,2384
318.480,627.161,2385
428.161,954.774,2386
438.090,190.273,2387
508.120,420.349,2388
220.551,345.772,2389
323.928,489.193,2390
50.252,899.469,2391
874.850,428.109,2392
63.914,301.867,2393
633.110,758.421,2394
291.299,218.078,2395
294.055,159.267,2396
165.779,353.145,2397
393.230,846.773,2398
211.131,351.123,2399
300.738,20.924,2400
627.856,936.237,2401
786.873,289.453,2402
474.006,134.307,2403
2.616,883.153,2404
225.946,768.164,2405
354.338,635.099,2406
988.498,771.706,2407
344.995,356.273,2408
353.782,592.739,2409
228.429,765.256,2410
154.366,66.068,2411
455.380,107.377,2412
213.965,440.638,2413
202.774,910.164,2414
991.701,64.385,2415
639.132,620.623,2416
146.956,823.094,2417
270.656,9.115,2418
667.480,303.040,2419
30.823,133.040,2420
274.446,766.210,2421
738.569,801.430,2422
414.619,101.047,2423
335.352,530.997,2424
465.420,422.142,2425
976.371,27.216,2426
41.961,114.020,2427
578.584,122.777,2428
492.607,129.892,2429
274.717,225.444,2430
597.257,765.761,2431
556.867,19.029,2432
670.254,170.977,2433
828.714,297.808,2434
368.100,356.423,2435
144.185,274.546,2436
754.820,860.996,2437
58.430,17.762,2438
159.872,895.606,2439
450.728,339.542,2440
87.808,486.672,2441
31.359,563.492,2442
25.837,498.072,2443
364.887,978.817,2444
914.181,771.247,2445
40.676,907.437,2446
420.393,569.156,2447
291.974,78.053,2448
265.489,509.669,2449
531.295,869.676,2450
720.908,47.699,2451
13.260,448.912,2452
35.809,342.688,2453
61.836,532.952,2454
252.251,611.514,2455
345.201,1.905,2456
556.589,914.717,2457
1.205,221.581,2458
821.032,791.730,2459
56.790,128.169,2460
664.434,205.555,2461
645.124,956.967,2462
800.718,656.702,2463
224.129,481.267,2464
383.584,437.119,2465
379.327,616.141,2466
412.021,894.014,2467
556.386,924.574,2468
921.087,923.847,2469
336.835,367.434,2470
235.140,310.563,2471
494.436,963.830,2472
970.830,832.502,2473
441.810,500.092,2474
235.124,358.633,2475
632.624,362.037,2476
44.705,147.820,2477
445.606,855.516,2478
974.224,72.499,2479
4.739,782.556,2480
114.323,226.099,2481
880.241,553.068,2482
360.455,776.597,2483
217.475,382.621,2484
444.060,815.118,2485
374.958,274.056,2486
965.289,613.606,2487
861.015,828.957,2488
743.556,83.244,2489
819.562,742.424,2490
101.293,266.393,2491
664.970,875.850,2492
985.364,368.233,2493
102.980,643.126,2494
925.960,681.811,2495
955.350,20.469,2496
646.558,447.911,2497
589.127,256.002,2498
412.086,244.205,2499
532.269,768.582,2500
630.484,367.171,2501
608.845,495.656,2502
661.304,120.245,2503
597.611,107.667,2504
305.925,995.791,2505
451.411,364.574,2506
776.564,931.456,2507
867.672,94.685,2508
191.722,46.693,2509
471.988,443.425,2510
799.366,679.573,2511
260.402,798.514,2512
188.688,858.740,2513
682.335,140.448,2514
237.948,225.495,2515
247.882,78.868,2516
156.742,944.272,2517
64.186,64.812,2518
133.474,643.751,2519
408.678,17.357,2520
202.742,548.007,2521
233.136,446.771,2522
267.445,148.506,2523
775.099,389.982,2524
422.005,941.152,2525
954.299,477.129,2526
341.477,181.068,2527
121.523,602.385,2528
972.843,788.876,2529
601.614,754.380,2530
560.662,495.751,2531
6.872,465.025,2532
99.287,208.904,2533
821.050,409.984,2534
17.788,883.720,2535
387.263,415.388,2536
432.293,28.619,2537
64.584,22.392,2538
116.874,535.013,2539
211.453,612.723,2540
968.581,186.720,2541
726.285,233.040,2542
87.881,40.763,2543
67.235,141.614,2544
601.661,878.741,2545
458.884,99.583,2546
76.846,745.482,2547
21.460,938.680,2548
274.970,995.736,2549
75.018,55.680,2550
484.052,933.230,2551
20.985,106.148,2552
218.847,144.789,2553
471.961,646.736,2554
336.478,907.245,2555
105.632,766.129,2556
436.080,670.834,2557
792.295,375.462,2558
261.472,834.694,2559
382.150,364.300,2560
229.383,433.175,2561
309.974,621.001,2562
506.154,897.198,2563
269.538,403.587,2564
909.841,601.468,2565
817.641,739.417,2566
655.909,545.532,2567
277.130,369.090,2568
177.038,171.854,2569
531.290,52.558,2570
923.377,613.900,2571
406.542,494.351,2572
471.403,229.283,2573
869.379,126.684,2574
127.079,158.743,2575
576.496,365.588,2576
369.810,497.357,2577
417.622,912.289,2578
858.074,801.483,2579
58.132,486.748,2580
853.903,738.553,2581
82.084,372.526,2582
606.948,96.253,2583
280.485,701.572,2584
251.878,215.989,2585
674.301,210.563,2586
626.586,48.789,2587
678.570,488.231,2588
761.339,882.866,2589
10.157,607.011,2590
452.486,788.963,2591
878.720,207.822,2592
368.017,75.815,2593
203.037,461.260,2594
336.689,341.850,2595
488.093,285.631,2596
313.275,764.243,2597
241.681,846.228,2598
697.527,280.600,2599
254.053,692.745,2600
427.112,401.672,2601
393.484,317.584,2602
54.332,822.626,2603
113.503,929.861,2604
123.608,577.634,2605
265.178,891.011,2606
492.915,982.574,2607
335.504,653.254,2608
375.912,779.739,2609
137.262,418.077,2610
817.844,743.568,2611
429.080,666.350,2612
532.043,464.556,2613
39.449,433.298,2614
43.001,807.824,2615
950.659,317.955,2616
120.666,738.964,2617
350.364,845.684,2618
831.598,666.388,2619
730.148,954.710,2620
710.886,8.238,2621
294.042,795.480,2622
900.831,269.801,2623
790.666,37.509,2624
98.485,317.927,2625
690.645,609.040,2626
526.567,281.720,2627
321.631,569.813,2628
748.413,581.516,2629
679.680,690.120,2630
64.667,572.733,2631
191.496,889.668,2632
219.438,142.121,2633
803.610,567.306,2634
697.573,802.240,2635
53.806,668.464,2636
992.846,557.831,2637
207.315,152.648,2638
815.059,951.870,2639
576.033,438.067,2640
119.801,57.388,2641
565.683,212.500,2642
440.729,610.446,2643
233.491,201.976,2644
383.679,442.607,2645
160.057,231.401,2646
737.324,831.785,2647
238.918,264.802,2648
366.331,729.806,2649
364.887,821.489,2650
0.078,133.197,2651
331.841,560.608,2652
978.686,67.431,2653
243.740,928.991,2654
173.848,973.982,2655
377.011,318.915,2656
469.851,272.117,2657
354.526,835.539,2658
590.927,861.901,2659
181.302,762.794,2660
709.904,14.693,2661
549.052,468.400,2662
259.138,728.806,2663
314.625,284.641,2664
115.479,975.393,2665
893.983,554.733,2666
311.221,543.444,2667
714.109,963.914,2668
921.476,393.647,2669
997.180,941.164,2670
910.081,625.834,2671
551.572,840.877,2672
249.403,585.514,2673
520.899,904.296,2674
867.085,227.555,2675
900.351,867.539,2676
372.843,740.379,2677
424.984,960.930,2678
428.746,620.708,2679
655.985,944.046,2680
396.595,487.665,2681
331.534,104.922,2682
43.738,797.786,2683
906.115,488.724,2684
912.659,450.589,2685
394.349,248.553,2686
240.532,91.900,2687
851.282,881.154,2688
92.611,299.526,2689
655.133,839.049,2690
183.028,71.223,2691
974.940,963.863,2692
451.752,142.952,2693
697.215,834.735,2694
581.559,841.200,2695
158.148,737.245,2696
546.582,418.957,2697
327.521,54.023,2698
611.596,513.129,2699
642.348,979.703,2700
464.652,470.112,2701
83.862,113.057,2702
897.463,150.931,2703
273.694,458.603,2704
748.799,80.694,2705
574.217,745.912,2706
111.567,312.676,2707
550.300,983.774,2708
696.401,206.983,2709
819.513,263.245,2710
101.683,608.166,2711
791.590,40.397,2712
933.957,209.922,2713
693.076,455.611,2714
767.420,442.976,2715
901.170,162.267,2716
252.867,817.501,2717
792.339,327.794,2718
324.859,696.264,2719
19.756,292.561,2720
888.153,183.093,2721
742.013,235.680,2722
861.418,828.897,2723
405.745,940.499,2724
655.666,459.554,2725
201.256,123.078,2726
256.252,453.751,2727
549.864,956.543,2728
948.284,401.184,2729
935.667,768.160,2730
930.670,396.461,2731
225.247,573.034,2732
365.072,406.386,2733
575.978,56.043,2734
264.907,867.751,2735
200.963,163.560,2736
167.052,447.662,2737
955.546,573.058,2738
775.724,137.444,2739
300.954,406.333,2740
127.860,633.122,2741
869.831,910.814,2742
407.027,267.128,2743
292.139,717.832,2744
988.138,735.996,2745
976.610,123.318,2746
966.731,988.439,2747
990.989,836.205,2748
484.195,322.682,2749
554.527,411.704,2750
40.715,526.976,2751
951.291,38.097,2752
546.419,453.334,2753
735.650,65.874,2754
28.907,614.223,2755
574.382,876.213,2756
672.363,806.269,2757
74.490,512.742,2758
591.549,156.260,2759
977.226,970.115,2760
985.336,17.637,2761
42.422,55.824,2762
369.979,10.691,2763
889.049,74.913,2764
243.429,304.575,2765
649.461,441.343,2766
852.249,948.980,2767
671.846,129.268,2768
888.976,635.682,2769
85.560,67.309,2770
19.129,947.145,2771
455.875,226.585,2772
85.368,346.233,2773
658.114,181.767,2774
540.013,790.283,2775
93.071,957.674,2776
809.295,426.446,2777
224.199,784.399,2778
66.495,621.562,2779
176.948,180.148,2780
248.168,612.718,2781
382.004,756.273,2782
193.503,399.903,2783
762.544,628.055,2784
362.393,769.446,2785
509.808,152.921,2786
748.782,752.788,2787
605.033,786.983,2788
410.098,345.334,2789
625.607,189.900,2790
254.588,189.848,2791
25.956,603.163,2792
816.395,843.598,2793
155.246,163.883,2794
544.571,215.809,2795
996.222,763.783,2796
107.760,234.523,2797
222.265,817.638,2798
866.139,744.711,2799
947.411,144.657,2800
415.429,237.047,2801
984.438,927.503,2802
933.497,859.801,2803
821.516,677.817,2804
316.600,350.699,2805
370.981,923.979,2806
833.853,604.252,2807
683.158,477.519,2808
419.617,834.770,2809
520.213,292.137,2810
394.007,22.165,2811
975.805,805.200,2812
148.117,36.043,2813
496.331,605.579,2814
824.971,217.462,2815
635.823,360.400,2816
228.203,782.656,2817
350.678,793.788,2818
617.340,319.597,2819
503.674,765.692,2820
657.998,632.650,2821
376.339,175.307,2822
96.588,888.528,2823
25.713,188.866,2824
793.266,669.524,2825
161.799,677.638,2826
810.708,932.875,2827
414.812,854.104,2828
502.727,425.376,2829
85.869,290.042,2830
954.038,550.574,2831
194.403,348.746,2832
763.489,571.675,2833
75.647,519.960,2834
491.587,13.405,2835
390.923,619.504,2836
456.601,47.085,2837
82.973,698.254,2838
911.924,177.394,2839
850.979,714.982,2840
250.711,940.864,2841
507.344,371.472,2842
734.732,459.202,2843
783.649,252.123,2844
395.596,754.816,2845
510.486,22.648,2846
644.804,851.627,2847
588.603,907.527,2848
420.711,782.663,2849
42.664,351.301,2850
792.807,707.371,2851
487.108,862.547,2852
205.477,585.869,2853
33.873,128.051,2854
429.480,134.569,2855
331.151,999.000,2856
483.261,44.138,2857
588.102,303.032,2858
342.146,611.852,2859
509.708,115.208,2860
708.686,879.683,2861
19.593,993.863,2862
72.492,964.952,2863
322.291,857.755,2864
902.385,656.604,2865
169.953,37.073,2866
155.066,265.847,2867
791.268,988.094,2868
283.046,484.491,2869
798.409,175.737,2870
364.785,134.745,2871
775.086,2.126,2872
347.653,876.196,2873
273.544,581.788,2874
544.582,492.273,2875
537.448,978.718,2876
161.160,604.255,2877
361.125,185.309,2878
249.145,369.008,2879
221.568,646.914,2880
327.856,833.245,2881
161.871,517.788,2882
593.756,334.708,2883
429.836,648.688,2884
417.824,309.805,2885
916.442,42.593,2886
456.023,29.810,2887
117.917,246.678,2888
40.942,534.161,2889
344.582,893.672,2890
218.036,718.632,2891
560.124,219.775,2892
580.339,354.666,2893
331.428,742.344,2894
750.145,437.412,2895
181.093,560.412,2896
308.605,400.415,2897
289.022,258.705,2898
150.606,14.722,2899
349.433,547.375,2900
750.675,716.978,2901
267.445,531.896,2902
109.834,403.926,2903
93.134,144.824,2904
213.556,826.736,2905
130.698,977.761,2906
961.123,505.217,2907
705.847,298.206,2908
174.294,945.275,2909
609.798,590.139,2910
242.174,213.765,2911
818.401,587.331,2912
829.973,329.431,2913
393.754,821.376,2914
815.591,388.351,2915
514.331,201.396,2916
381.877,728.756,2917
445.811,196.602,2918
402.750,542.950,2919
976.894,906.370,2920
183.634,15.832,2921
82.718,879.785,2922
281.245,956.133,2923
7.210,308.258,2924
121.257,917.521,2925
162.545,906.997,2926
19.512,426.098,2927
840.780,601.124,2928
186.669,364.134,2929
250.347,156.232,2930
156.830,817.945,2931
44.880,90.135,2932
363.559,526.493,2933
220.583,374.091,2934
226.070,385.822,2935
697.309,982.956,2936
195.601,380.289,2937
952.575,801.459,2938
11.466,712.420,2939
973.359,276.315,2940
980.908,605.173,2941
877.351,763.418,2942
759.936,422.256,2943
995.662,939.656,2944
181.644,186.037,2945
243.887,729.958,2946
357.758,211.435,2947
196.972,11.381,2948
975.418,839.944,2949
779.506,146.136,2950
814.157,982.716,2951
304.363,316.016,2952
493.014,990.714,2953
36.023,157.278,2954
7.823,620.679,2955
2.235,716.172,2956
550.765,71.370,2957
479.063,946.608,2958
607.220,461.908,2959
65.729,643.390,2960
760.428,615.232,2961
714.640,532.481,2962
925.807,318.852,2963
929.244,669.183,2964
650.680,121.574,2965
549.704,206.291,2966
209.997,950.981,2967
1.128,501.165,2968
201.918,698.302,2969
129.654,438.156,2970
467.561,647.360,2971
329.596,428.810,2972
971.141,951.933,2973
845.015,986.702,2974
421.380,499.537,2975
934.156,752.045,2976
487.014,604.316,2977
586.949,8.179,2978
631.567,197.064,2979
3.230,855.502,2980
133.798,393.254,2981
930.040,869.813,2982
856.412,197.814,2983
478.841,878.321,2984
322.107,352.391,2985
633.930,724.359,2986
529.236,482.770,2987
159.985,359.643,2988
523.209,218.949,2989
702.347,251.222,2990
74.615,609.935,2991
923.188,316.095,2992
24.147,734.279,2993
907.119,965.865,2994
391.694,319.073,2995
266.750,841.821,2996
515.059,325.171,2997
769.722,916.292,2998
435.603,18.820,2999
188.910,908.450,3000
344.089,642.316,3001
603.634,629.277,3002
55.830,908.014,3003
668.928,258.827,3004
569.607,811.460,3005
768.182,434.386,3006
691.174,776.398,3007
925.062,321.576,3008
254.640,124.558,3009
450.599,417.609,3010
442.181,565.755,3011
792.814,796.525,3012
65.433,675.478,3013
998.294,786.967,3014
370.334,763.020,3015
365.152,935.738,3016
607.377,166.644,3017
786.691,674.161,3018
335.703,707.056,3019
162.359,933.302,3020
590.923,98.952,3021
194.129,986.779,3022
442.402,308.651,3023
526.103,267.246,3024
710.013,67.153,3025
686.507,868.933,3026
18.869,22.511,3027
699.580,202.190,3028
414.820,918.474,3029
966.437,805.469,3030
621.789,881.972,3031
595.590,996.905,3032
289.660,957.738,3033
167.969,428.564,3034
138.534,513.629,3035
385.627,77.449,3036
456.565,796.354,3037
782.866,90.299,3038
535.986,810.712,3039
564.393,884.857,3040
143.177,984.670,3041
768.658,284.586,3042
658.405,395.099,3043
4.857,360.294,3044
446.396,276.119,3045
344.972,87.566,3046
203.423,296.218,3047
12.099,598.315,3048
695.649,451.626,3049
588.155,986.769,3050
625.456,477.112,3051
828.502,182.914,3052
672.690,888.983,3053
444.645,188.534,3054
1.547,727.379,3055
767.473,367.533,3056
569.734,446.724,3057
572.706,55.759,3058
492.932,161.614,3059
175.951,922.384,3060
303.686,501.415,3061
333.736,719.218,3062
632.183,541.143,3063
996.749,734.556,3064
292.315,251.805,3065
420.347,378.692,3066
58.151,82.216,3067
809.320,370.069,3068
56.713,176.366,3069
444.109,995.013,3070
37.322,109.945,3071
309.049,573.397,3072
584.615,509.975,3073
647.700,539.518,3074
126.226,618.762,3075
603.952,972.751,3076
477.316,992.625,3077
866.312,647.410,3078
847.566,872.358,3079
989.523,516.324,3080
104.622,772.641,3081
751.611,760.376,3082
804.613,361.119,3083
57.763,159.816,3084
707.815,838.310,3085
542.772,985.149,3086
610.763,944.058,3087
679.713,789.250,3088
184.513,420.812,3089
292.688,703.506,3090
881.543,875.915,3091
468.081,7.814,3092
745.670,79.191,3093
981.313,123.369,3094
271.255,847.805,3095
154.831,983.573,3096
716.643,385.434,3097
827.681,138.101,3098
120.539,934.766,3099
185.794,371.691,3100
558.403,684.056,3101
692.096,534.734,3102
289.175,43.134,3103
989.740,976.742,3104
288.413,760.772,3105
723.164,260.645,3106
671.520,495.055,3107
499.816,519.874,3108
907.283,924.463,3109
806.736,10.507,3110
919.026,839.626,3111
859.405,986.161,3112
786.684,80.917,3113
682.693,649.800,3114
20.403,810.719,3115
966.312,602.893,3116
352.922,60.151,3117
951.918,415.605,3118
404.748,938.286,3119
854.986,161.310,3120
540.982,717.142,3121
657.622,852.473,3122
313.538,119.305,3123
705.955,669.195,3124
75.430,448.758,3125
390.663,808.287,3126
543.436,508.182,3127
848.442,717.542,3128
137.721,470.124,3129
851.139,732.535,3130
812.390,122.640,3131
786.815,590.074,3132
497.302,785.928,3133
681.856,731.916,3134
678.683,369.569,3135
797.244,836.891,3136
370.470,415.793,3137
28.985,173.859,3138
41.892,66.608,3139
884.218,719.488,3140
48.709,390.045,3141
342.294,691.379,3142
638.319,288.635,3143
535.852,184.562,3144
571.868,802.719,3145
336.791,173.873,3146
230.711,771.828,3147
170.171,218.499,3148
835.072,808.316,3149
1.479,698.599,3150
493.699,518.473,3151
847.508,163.352,3152
881.070,478.346,3153
994.361,358.208,3154
547.762,575.133,3155
583.353,989.412,3156
394.804,148.191,3157
929.239,414.842,3158
906.812,381.278,3159
467.128,567.478,3160
793.749,167.452,3161
187.448,241.032,3162
63.029,217.845,3163
52.079,340.108,3164
194.037,283.457,3165
31.091,879.609,3166
534.076,820.351,3167
461.214,699.629,3168
811.331,273.287,3169
189.533,420.004,3170
960.020,69.576,3171
954.427,189.986,3172
550.388,495.943,3173
67.892,612.427,3174
661.196,792.232,3175
87.244,30.679,3176
405.847,337.473,3177
304.196,114.603,3178
975.780,0.122,3179
607.828,487.304,3180
170.845,739.304,3181
827.390,571.638,3182
823.221,490.805,3183
56.093,358.649,3184
536.136,394.120,3185
306.159,289.874,3186
103.934,683.390,3187
308.391,199.066,3188
306.264,179.310,3189
914.861,358.329,3190
277.142,575.690,3191
342.912,448.448,3192
166.835,712.273,3193
734.334,588.310,3194
410.000,786.969,3195
325.836,119.709,3196
158.536,777.211,3197
341.053,944.795,3198
114.972,749.285,3199
378.854,96.099,3200
260.752,768.193,3201
316.035,855.625,3202
379.251,610.552,3203
171.119,918.632,3204
525.606,601.228,3205
606.223,978.279,3206
189.493,925.816,3207
853.997,979.392,3208
175.563,356.521,3209
141.804,717.034,3210
811.494,282.361,3211
910.841,362.017,3212
141.841,604.204,3213
603.329,340.915,3214
430.237,235.909,3215
872.832,377.167,3216
424.281,223.843,3217
188.555,649.919,3218
367.562,975.738,3219
768.867,193.754,3220
489.410,860.542,3221
46.381,697.821,3222
363.931,751.010,3223
984.989,791.056,3224
83.175,478.543,3225
98.245,560.841,3226
386.421,752.641,3227
773.660,602.005,3228
978.026,985.294,3229
465.556,984.136,3230
474.172,438.257,3231
580.358,177.192,3232
199.956,982.545,3233
695.514,870.889,3234
719.370,354.940,3235
982.537,606.616,3236
429.535,588.003,3237
670.995,636.270,3238
600.034,807.547,3239
835.901,647.165,3240
906.568,319.697,3241
333.270,270.506,3242
284.750,586.246,3243
213.590,438.937,3244
715.297,303.734,3245
70.483,321.392,3246
738.683,716.137,3247
414.684,357.485,3248
305.405,346.948,3249
634.718,55.857,3250
705.883,349.166,3251
175.335,849.635,3252
586.930,225.358,3253
149.926,42.315,3254
786.784,987.286,3255
734.617,247.305,3256
205.543,729.918,3257
102.116,490.883,3258
455.414,336.706,3259
218.408,92.612,3260
801.867,752.947,3261
23.067,874.832,3262
840.698,392.723,3263
313.753,403.923,3264
530.739,546.514,3265
815.364,643.791,3266
776.454,766.567,3267
212.058,992.389,3268
488.253,667.720,3269
405.548,580.987,3270
781.338,871.515,3271
518.662,815.207,3272
603.924,433.444,3273
865.715,916.748,3274
979.853,211.098,3275
367.613,688.653,3276
773.330,35.587,3277
531.091,945.529,3278
928.187,392.501,3279
548.437,306.144,3280
116.360,182.811,3281
15.487,974.271,3282
931.745,95.395,3283
309.037,748.010,3284
843.617,525.269,3285
588.946,433.477,3286
627.066,143.886,3287
211.905,706.523,3288
194.699,995.152,3289
332.226,121.093,3290
601.556,930.947,3291
657.116,681.776,3292
377.268,414.376,3293
976.811,810.709,3294
565.362,494.543,3295
899.656,65.584,3296
719.930,87.105,3297
250.624,35.557,3298
646.081,211.343,3299
679.795,400.279,3300
693.495,953.615,3301
781.227,643.446,3302
330.429,145.219,3303
392.229,575.021,3304
298.769,966.082,3305
885.236,243.975,3306
733.448,181.054,3307
677.700,353.824,3308
81.738,421.137,3309
623.514,372.769,3310
92.251,72.824,3311
860.805,67.538,3312
516.060,387.644,3313
26.296,53.666,3314
231.355,105.883,3315
384.891,100.134,3316
240.156,588.070,3317
268.581,946.526,3318
594.054,27.279,3319
50.041,569.352,3320
812.331,122.647,3321
653.265,652.516,3322
424.925,687.208,3323
568.219,17.034,3324
203.442,187.659,3325
163.299,103.440,3326
879.294,401.283,3327
235.089,892.457,3328
227.629,45.746,3329
26.038,869.938,3330
840.253,267.364,3331
807.287,154.422,3332
324.200,728.967,3333
937.227,655.295,3334
962.160,160.701,3335
946.648,304.746,3336
347.784,128.400,3337
958.995,458.492,3338
425.211,888.792,3339
83.064,308.602,3340
721.602,670.615,3341
452.455,806.542,3342
507.243,197.051,3343
0.975,685.277,3344
669.193,166.013,3345
452.124,174.703,3346
18.727,161.849,3347
932.137,787.211,3348
857.412,467.090,3349
161.516,162.839,3350
465.366,248.133,3351
426.896,717.616,3352
101.285,738.661,3353
533.372,101.442,3354
391.206,945.151,3355
519.331,450.611,3356
800.856,167.292,3357
537.534,689.368,3358
614.939,109.793,3359
24.971,306.874,3360
26.204,668.082,3361
53.879,329.274,3362
473.511,25.532,3363
133.681,375.446,3364
286.483,40.047,3365
96.718,71.516,3366
129.346,367.014,3367
172.296,552.166,3368
722.902,686.072,3369
683.503,768.608,3370
879.482,876.974,3371
741.652,13.661,3372
925.029,825.045,3373
195.740,4.124,3374
811.864,121.498,3375
616.553,267.039,3376
963.299,491.616,3377
603.694,627.791,3378
866.122,596.876,3379
757.194,478.235,3380
459.612,572.867,3381
694.963,596.279,3382
541.723,801.477,3383
14.116,407.531,3384
407.441,549.227,3385
539.549,24.960,3386
415.969,15.689,3387
589.760,22.760,3388
503.919,738.934,3389
587.051,634.088,3390
467.722,251.449,3391
13.269,508.929,3392
5.509,759.127,3393
101.168,178.397,3394
490.146,9.837,3395
824.390,403.812,3396
343.479,76.432,3397
401.617,992.398,3398
309.027,510.682,3399
686.565,98.814,3400
50.017,725.144,3401
182.264,358.310,3402
472.864,525.076,3403
795.979,504.673,3404
542.681,171.494,3405
783.119,844.689,3406
474.897,837.188,3407
135.416,810.315,3408
800.189,424.389,3409
160.619,261.284,3410
285.787,68.359,3411
68.881,583.232,3412
878.557,187.715,3413
612.153,501.403,3414
866.491,471.810,3415
141.584,112.262,3416
410.550,371.213,3417
791.926,351.120,3418
210.680,929.801,3419
700.150,62.267,3420
144.807,208.440,3421
693.995,200.771,3422
523.506,475.497,3423
392.952,337.986,3424
829.848,245.453,3425
356.586,560.963,3426
813.089,715.820,3427
523.836,217.440,3428
269.003,689.216,3429
182.637,100.346,3430
402.066,788.342,3431
110.555,487.147,3432
707.103,865.038,3433
272.238,256.059,3434
866.740,602.038,3435
363.942,278.668,3436
977.100,792.925,3437
604.769,118.303,3438
386.194,101.972,3439
474.764,432.997,3440
185.112,146.506,3441
966.605,760.474,3442
668.823,401.791,3443
479.506,474.479,3444
173.062,105.642,3445
866.699,793.660,3446
752.569,533.580,3447
641.754,869.144,3448
347.166,798.504,3449
781.491,218.446,3450
304.812,218.890,3451
570.869,665.355,3452
587.074,77.951,3453
288.982,897.390,3454
921.740,5.809,3455
450.302,288.309,3456
681.599,55.595,3457
948.010,911.668,3458
562.249,450.717,3459
356.341,461.810,3460
875.757,382.248,3461
305.836,819.249,3462
376.389,900.667,3463
166.198,513.265,3464
854.649,375.338,3465
283.736,230.771,3466
476.040,421.967,3467
850.675,386.658,3468
587.448,564.748,3469
12.991,629.944,3470
424.829,793.840,3471
546.045,180.355,3472
552.108,184.857,3473
615.905,352.454,3474
711.263,117.895,3475
659.502,447.519,3476
67.705,504.638,3477
977.116,681.785,3478
72.652,256.864,3479
5.109,926.334,3480
922.294,223.588,3481
917.548,466.890,3482
862.376,500.657,3483
53.083,841.529,3484
580.878,320.628,3485
891.453,414.610,3486
160.710,101.220,3487
817.689,543.483,3488
784.387,561.763,3489
432.998,232.531,3490
920.710,538.047,3491
61.377,813.109,3492
149.926,909.552,3493
361.248,641.945,3494
664.253,642.917,3495
780.515,569.425,3496
261.267,653.352,3497
247.145,18.541,3498
378.626,801.041,3499
0.388,974.689,3500
203.724,960.724,3501
580.940,995.359,3502
231.695,70.197,3503
595.347,350.579,3504
114.764,689.367,3505
886.100,285.517,3506
909.033,402.406,3507
724.638,941.792,3508
18.894,520.852,3509
567.626,73.451,3510
729.389,999.000,3511
651.498,510.844,3512
301.311,401.586,3513
170.181,285.567,3514
734.585,784.103,3515
155.580,949.071,3516
979.286,133.831,3517
726.426,789.680,3518
187.348,92.489,3519
36.765,853.099,3520
606.853,847.671,3521
421.548,78.179,3522
145.335,302.675,3523
120.178,484.747,3524
423.697,863.332,3525
793.395,895.417,3526
530.857,827.032,3527
212.291,574.146,3528
248.066,992.368,3529
846.936,943.005,3530
705.972,851.213,3531
167.972,777.355,3532
956.132,689.315,3533
68.135,971.406,3534
352.971,85.754,3535
122.183,293.702,3536
635.463,357.330,3537
612.576,771.582,3538
405.854,228.089,3539
551.783,412.514,3540
470.049,289.745,3541
63.895,293.853,3542
404.497,489.477,3543
993.543,714.673,3544
35.880,110.863,3545
781.624,87.301,3546
125.414,906.918,3547
213.353,823.498,3548
332.301,728.861,3549
211.731,129.053,3550
270.045,503.867,3551
242.332,881.943,3552
103.553,653.572,3553
823.879,79.446,3554
667.303,451.029,3555
371.786,758.361,3556
463.476,17.654,3557
872.866,882.210,3558
502.097,283.206,3559
254.031,66.540,3560
905.129,742.099,3561
483.349,201.554,3562
373.428,948.651,3563
879.691,975.997,3564
890.365,192.535,3565
497.584,348.918,3566
639.984,28.604,3567
463.071,341.073,3568
836.510,795.773,3569
341.818,516.374,3570
731.253,562.249,3571
342.401,660.707,3572
116.287,648.743,3573
486.593,542.575,3574
975.541,337.555,3575
174.282,110.275,3576
834.788,490.612,3577
290.428,495.103,3578
623.174,193.664,3579
949.357,158.508,3580
353.370,941.705,3581
851.592,355.690,3582
607.208,160.519,3583
508.082,152.554,3584
620.840,917.688,3585
653.669,301.655,3586
797.693,212.045,3587
584.041,264.405,3588
119.981,52.385,3589
650.469,485.861,3590
162.416,146.177,3591
315.352,559.332,3592
527.831,232.884,3593
671.239,82.205,3594
59.640,630.447,3595
537.426,222.635,3596
620.040,273.769,3597
597.389,547.210,3598
0.848,254.744,3599
822.747,673.171,3600
992.367,711.855,3601
975.077,717.839,3602
6.408,412.026,3603
605.853,986.517,3604
153.427,68.109,3605
699.418,114.952,3606
104.324,301.944,3607
989.587,391.109,3608
383.105,620.374,3609
854.254,732.292,3610
409.627,502.865,3611
82.739,108.101,3612
981.725,136.078,3613
130.488,652.943,3614
600.602,841.525,3615
698.132,2.139,3616
442.506,279.030,3617
227.239,145.519,3618
245.931,155.501,3619
782.807,883.662,3620
786.482,924.003,3621
659.441,330.136,3622
674.567,266.591,3623
183.129,11.179,3624
732.873,475.116,3625
265.960,516.444,3626
72.823,192.641,3627
169.527,62.453,3628
388.144,385.242,3629
585.420,655.027,3630
324.392,102.284,3631
640.995,363.408,3632
69.330,241.246,3633
383.516,781.457,3634
681.753,646.952,3635
78.478,705.546,3636
800.430,146.399,3637
348.063,661.563,3638
269.167,449.784,3639
83.817,997.075,3640
785.917,289.941,3641
197.980,356.027,3642
677.117,607.047,3643
229.925,988.482,3644
992.251,590.120,3645
651.700,730.086,3646
74.275,105.418,3647
786.700,517.825,3648
823.114,378.968,3649
792.423,779.805,3650
331.739,326.154,3651
205.474,252.036,3652
972.311,797.038,3653
861.518,744.498,3654
631.162,749.905,3655
149.660,888.714,3656
800.712,960.684,3657
291.555,111.282,3658
127.983,32.947,3659
413.751,982.056,3660
6.712,561.820,3661
850.744,36.566,3662
393.976,23.012,3663
565.447,441.225,3664
685.133,271.254,3665
742.326,758.640,3666
429.462,374.458,3667
708.450,6.591,3668
417.977,809.332,3669
127.198,310.830,3670
75.614,431.415,3671
735.592,610.070,3672
28.758,8.828,3673
54.913,270.084,3674
707.683,372.670,3675
428.473,484.766,3676
910.271,688.597,3677
631.792,809.611,3678
455.367,486.711,3679
128.317,900.575,3680
98.916,207.411,3681
700.524,958.442,3682
570.987,212.133,3683
981.347,416.438,3684
139.939,487.081,3685
699.168,79.216,3686
34.210,71.688,3687
625.250,285.592,3688
111.964,760.229,3689
365.703,440.067,3690
167.286,910.122,3691
930.834,542.919,3692
147.201,27.361,3693
160.944,698.100,3694
881.996,227.643,3695
226.669,287.952,3696
922.638,438.676,3697
791.519,42.104,3698
560.043,107.031,3699
360.270,705.960,3700
655.671,860.582,3701
243.454,592.028,3702
40.991,308.437,3703
450.296,232.774,3704
228.072,346.158,3705
289.206,162.781,3706
227.000,84.744,3707
24.033,593.426,3708
572.517,38.961,3709
790.906,824.887,3710
466.539,314.073,3711
639.528,898.181,3712
357.094,146.067,3713
753.904,136.421,3714
45.134,738.433,3715
827.624,90.875,3716
450.876,994.354,3717
798.734,909.607,3718
156.045,591.080,3719
467.984,984.645,3720
275.790,952.365,3721
707.110,910.521,3722
396.972,449.069,3723
242.250,9.246,3724
826.430,458.047,3725
582.523,322.494,3726
29.837,242.244,3727
667.457,562.957,3728
134.223,319.598,3729
991.422,712.013,3730
128.093,900.709,3731
973.966,19.185,3732
899.821,1.787,3733
979.679,999.000,3734
585.784,164.887,3735
639.658,524.579,3736
218.907,214.565,3737
384.861,482.534,3738
327.321,230.578,3739
847.829,837.683,3740
919.219,456.489,3741
189.860,171.050,3742
390.113,834.340,3743
872.471,200.506,3744
970.623,432.693,3745
148.007,255.369,3746
236.076,887.738,3747
623.641,388.913,3748
730.838,257.864,3749
193.403,450.621,3750
622.415,796.874,3751
138.947,4.748,3752
734.470,144.002,3753
288.942,455.092,3754
19.168,752.713,3755
372.804,51.516,3756
479.405,754.690,3757
826.834,301.986,3758
834.959,493.699,3759
889.123,207.249,3760
328.462,713.311,3761
670.098,133.058,3762
549.642,922.245,3763
718.158,126.926,3764
398.757,232.374,3765
18.222,504.214,3766
166.174,302.220,3767
93.560,965.410,3768
519.754,857.713,3769
858.035,973.242,3770
524.079,612.501,3771
313.602,904.708,3772
174.019,194.082,3773
812.868,802.429,3774
953.084,893.761,3775
427.091,909.300,3776
229.918,820.909,3777
405.379,174.396,3778
518.498,499.213,3779
436.887,543.125,3780
114.838,843.510,3781
133.790,12.573,3782
409.388,379.555,3783
409.317,229.984,3784
976.541,368.783,3785
79.603,826.898,3786
138.821,336.011,3787
511.842,525.496,3788
151.013,820.308,3789
26.116,393.861,3790
274.249,169.597,3791
159.168,409.832,3792
32.604,718.053,3793
177.915,197.355,3794
432.190,303.497,3795
623.271,523.630,3796
762.733,225.017,3797
414.389,389.116,3798
273.273,341.337,3799
674.071,91.526,3800
3.296,62.561,3801
737.526,246.024,3802
999.000,611.031,3803
975.440,961.864,3804
92.666,665.812,3805
787.934,867.702,3806
1.580,552.618,3807
740.117,382.059,3808
348.538,350.098,3809
451.139,332.120,3810
335.812,752.103,3811
704.185,506.937,3812
694.907,403.043,3813
421.738,325.649,3814
57.132,675.993,3815
814.812,486.149,3816
91.296,710.155,3817
467.005,256.348,3818
620.416,631.349,3819
711.174,567.047,3820
678.715,193.855,3821
434.720,485.226,3822
133.203,532.733,3823
23.221,561.453,3824
891.975,303.769,3825
817.661,720.452,3826
469.994,715.675,3827
314.629,281.864,3828
97.398,234.709,3829
325.886,679.847,3830
695.376,261.126,3831
337.006,583.762,3832
423.416,598.769,3833
850.090,362.158,3834
377.521,206.960,3835
694.195,505.555,3836
918.584,188.799,3837
608.274,387.513,3838
586.046,525.014,3839
292.063,589.307,3840
223.881,884.990,3841
324.025,697.161,3842
710.929,121.938,3843
783.589,750.520,3844
657.607,928.745,3845
670.817,900.175,3846
66.612,448.508,3847
665.299,576.189,3848
964.408,915.652,3849
571.710,778.290,3850
5.102,727.589,3851
452.938,298.300,3852
976.104,712.532,3853
333.610,9.473,3854
476.831,265.524,3855
855.869,267.257,3856
624.636,251.867,3857
730.961,850.663,3858
156.045,995.735,3859
343.471,324.295,3860
812.702,28.897,3861
2.164,84.958,3862
535.222,510.519,3863
209.236,415.405,3864
43.348,540.661,3865
221.507,882.962,3866
228.465,285.974,3867
614.366,905.468,3868
650.466,875.752,3869
820.064,530.894,3870
864.398,39.140,3871
807.032,263.968,3872
461.889,972.733,3873
668.019,966.750,3874
8.178,726.653,3875
58.250,913.031,3876
580.696,159.477,3877
782.426,610.780,3878
388.324,60.524,3879
859.469,631.683,3880
749.353,871.984,3881
421.456,523.706,3882
807.144,662.899,3883
191.100,98.430,3884
806.481,532.070,3885
28.602,770.616,3886
940.191,154.905,3887
744.078,266.999,3888
269.672,651.829,3889
606.756,294.586,3890
816.033,237.881,3891
490.844,979.595,3892
179.527,839.433,3893
6.861,36.924,3894
11.792,414.965,3895
592.114,594.180,3896
393.084,757.645,3897
908.718,497.224,3898
979.376,644.297,3899
637.924,688.232,3900
322.372,676.181,3901
512.625,876.668,3902
859.990,79.333,3903
951.172,598.675,3904
709.696,167.128,3905
999.000,629.431,3906
199.610,932.746,3907
367.207,558.093,3908
952.067,201.574,3909
277.926,999.000,3910
992.593,176.469,3911
739.915,546.888,3912
978.017,886.987,3913
966.798,59.385,3914
103.928,648.469,3915
511.675,430.079,3916
758.431,966.782,3917
803.711,718.515,3918
11.737,821.711,3919
950.718,902.909,3920
987.111,985.184,3921
680.282,683.685,3922
470.252,631.386,3923
754.499,412.291,3924
920.450,377.668,3925
466.919,584.834,3926
109.266,90.234,3927
210.687,390.114,3928
687.323,985.080,3929
309.276,397.204,3930
999.000,199.094,3931
341.974,484.649,3932
770.671,542.682,3933
264.061,384.065,3934
406.693,176.526,3935
873.750,901.759,3936
169.371,400.763,3937
523.667,308.752,3938
33.213,40.622,3939
387.266,305.719,3940
708.526,229.815,3941
856.781,328.896,3942
49.910,701.424,3943
285.845,179.044,3944
372.857,212.974,3945
628.299,970.204,3946
256.259,792.253,3947
443.823,929.185,3948
767.969,245.949,3949
76.381,198.169,3950
809.185,336.957,3951
172.524,206.773,3952
100.953,788.159,3953
429.194,519.896,3954
377.686,948.491,3955
507.442,881.313,3956
973.157,387.135,3957
89.134,254.426,3958
847.430,383.873,3959
883.168,378.463,3960
579.599,481.542,3961
319.767,208.719,3962
987.214,498.043,3963
38.929,934.330,3964
698.006,498.934,3965
491.607,732.458,3966
295.287,116.440,3967
699.861,660.411,3968
17.196,361.991,3969
971.595,789.627,3970
697.467,92.895,3971
551.001,115.315,3972
115.795,66.996,3973
383.579,979.607,3974
116.254,969.651,3975
430.575,758.974,3976
330.602,867.954,3977
608.208,489.564,3978
795.332,393.414,3979
992.783,394.941,3980
886.141,148.750,3981
478.840,702.706,3982
737.501,529.233,3983
441.394,622.079,3984
4.258,233.597,3985
892.167,852.118,3986
492.587,779.895,3987
408.621,982.033,3988
927.353,780.461,3989
819.594,412.082,3990
57.640,244.677,3991
319.987,0.339,3992
673.235,533.341,3993
906.878,960.835,3994
155.753,529.199,3995
36.136,531.663,3996
362.458,869.771,3997
168.264,662.795,3998
676.987,616.544,3999
602.543,402.336,4000
617.828,970.130,4001
533.998,23.575,4002
258.429,707.615,4003
744.213,682.368,4004
151.644,514.513,4005
478.601,647.330,4006
964.683,253.901,4007
355.495,944.188,4008
866.785,583.895,4009
362.511,389.670,4010
955.553,939.264,4011
930.792,278.462,4012
936.647,584.083,4013
876.386,776.143,4014
420.129,584.514,4015
390.697,257.690,4016
712.298,913.669,4017
572.293,641.974,4018
221.416,61.281,4019
539.270,288.545,4020
943.687,516.921,4021
782.630,807.658,4022
962.504,438.670,4023
633.058,799.759,4024
488.052,865.756,4025
653.590,593.454,4026
599.260,474.962,4027
141.492,360.448,4028
883.523,16.454,4029
566.123,841.261,4030
816.620,735.510,4031
735.042,995.830,4032
647.914,64.494,4033
842.676,814.393,4034
677.762,79.403,4035
671.166,275.515,4036
403.530,639.704,4037
399.715,698.973,4038
77.993,375.708,4039
336.261,587.672,4040
176.518,532.365,4041
972.312,91.974,4042
990.446,968.174,4043
335.383,860.209,4044
604.582,973.141,4045
371.287,504.789,4046
119.267,759.562,4047
179.622,474.322,4048
630.543,816.315,4049
636.894,138.167,4050
974.606,96.189,4051
167.915,909.209,4052
454.894,922.830,4053
775.188,397.202,4054
314.018,224.648,4055
697.889,761.572,4056
135.249,702.008,4057
548.994,876.916,4058
583.973,282.669,4059
965.949,609.465,4060
800.213,856.636,4061
18.180,297.720,4062
881.885,616.951,4063
427.913,898.562,4064
170.435,78.494,4065
540.116,566.461,4066
520.060,536.051,4067
700.466,487.016,4068
421.092,331.033,4069
109.281,333.157,4070
544.438,856.592,4071
641.002,480.215,4072
700.274,334.384,4073
883.902,952.324,4074
161.923,946.773,4075
918.478,255.753,4076
973.910,685.676,4077
193.085,916.542,4078
844.328,138.547,4079
354.948,337.673,4080
218.333,664.993,4081
741.536,171.094,4082
47.806,679.673,4083
803.857,293.982,4084
944.338,696.834,4085
369.182,550.304,4086
852.543,819.397,4087
170.807,487.463,4088
399.213,374.640,4089
966.282,780.139,4090
431.970,595.326,4091
394.152,826.996,4092
232.212,727.165,4093
857.555,116.231,4094
986.877,908.948,4095
750.674,713.007,4096
232.989,399.111,4097
354.428,318.701,4098
797.826,930.394,4099
564.125,842.129,4100
537.093,17.957,4101
152.078,466.199,4102
486.563,878.885,4103
943.274,499.116,4104
956.920,819.188,4105
459.374,923.242,4106
873.556,707.006,4107
669.483,214.609,4108
576.732,67.114,4109
118.791,216.345,4110
779.360,725.891,4111
238.158,435.624,4112
105.038,133.232,4113
599.979,824.987,4114
563.928,911.626,4115
271.258,892.580,4116
90.230,35.239,4117
855.083,192.500,4118
714.159,753.245,4119
915.574,448.087,4120
903.796,825.820,4121
254.769,687.095,4122
410.715,921.280,4123
562.646,859.045,4124
798.094,359.565,4125
785.304,693.798,4126
893.501,16.152,4127
677.100,826.869,4128
296.130,724.821,4129
678.077,189.608,4130
886.343,930.386,4131
303.242,216.279,4132
583.160,845.916,4133
229.161,430.744,4134
890.045,431.505,4135
489.805,190.277,4136
526.028,522.670,4137
572.076,8.514,4138
777.819,243.336,4139
50.834,244.105,4140
359.915,298.523,4141
473.974,655.478,4142
458.542,332.089,4143
844.918,65.466,4144
32.134,759.249,4145
955.234,174.852,4146
367.346,528.836,4147
418.046,464.887,4148
799.820,705.763,4149
708.183,548.876,4150
557.239,437.635,4151
931.880,234.632,4152
805.561,992.965,4153
928.087,123.515,4154
148.044,76.709,4155
62.517,450.195,4156
59.131,929.797,4157
357.330,321.996,4158
908.912,914.418,4159
860.151,120.988,4160
447.658,12.881,4161
802.173,367.229,4162
710.144,702.742,4163
464.912,942.374,4164
31.639,990.303,4165
46.250,278.737,4166
537.784,536.536,4167
823.492,532.837,4168
457.316,735.211,4169
673.063,241.558,4170
134.710,462.531,4171
693.104,836.362,4172
213.847,544.511,4173
923.987,329.515,4174
120.774,853.505,4175
662.901,541.445,4176
256.234,692.807,4177
575.385,975.997,4178
534.577,104.578,4179
75.045,39.155,4180
134.498,894.607,4181
545.943,559.819,4182
249.028,306.901,4183
406.424,427.524,4184
641.417,706.538,4185
340.081,441.942,4186
86.234,844.476,4187
55.150,145.717,4188
283.053,421.580,4189
552.030,476.091,4190
592.724,789.536,4191
241.308,195.147,4192
874.678,783.012,4193
709.718,709.269,4194
920.025,855.551,4195
435.446,303.135,4196
42.472,703.636,4197
386.080,565.797,4198
216.380,959.853,4199
596.810,136.784,4200
353.766,532.429,4201
123.397,889.181,4202
97.355,677.484,4203
183.927,167.901,4204
302.486,668.477,4205
431.302,969.475,4206
470.892,650.537,4207
924.805,402.995,4208
284.479,739.727,4209
365.462,230.849,4210
608.959,90.513,4211
638.064,587.820,4212
564.260,451.938,4213
321.312,654.923,4214
783.742,644.470,4215
881.557,832.079,4216
809.999,317.895,4217
361.880,688.505,4218
5.265,671.012,4219
916.144,646.651,4220
381.761,319.016,4221
437.402,422.291,4222
161.926,677.641,4223
541.664,481.959,4224
151.875,451.229,4225
956.048,484.387,4226
595.907,29.083,4227
722.136,600.423,4228
72.031,977.321,4229
63.236,763.304,4230
979.667,352.383,4231
147.150,422.499,4232
761.365,120.948,4233
110.956,312.255,4234
884.991,969.351,4235
788.604,854.041,4236
848.556,521.982,4237
786.466,102.729,4238
906.802,769.919,4239
599.618,976.362,4240
878.582,914.212,4241
469.772,909.500,4242
759.452,94.734,4243
474.691,589.770,4244
160.522,809.539,4245
222.630,141.646,4246
569.447,679.230,4247
703.472,442.376,4248
460.404,724.718,4249
287.585,201.573,4250
823.617,959.296,4251
59.257,345.385,4252
524.031,76.718,4253
560.060,454.903,4254
226.648,879.134,4255
669.521,482.572,4256
193.427,20.542,4257
855.151,874.209,4258
514.521,560.171,4259
931.050,832.064,4260
220.651,976.724,4261
744.817,875.845,4262
254.708,370.402,4263
567.448,557.244,4264
963.776,481.851,4265
987.198,598.544,4266
70.057,126.184,4267
673.336,32.648,4268
833.121,4.613,4269
785.076,392.044,4270
531.313,209.468,4271
951.947,700.532,4272
330.088,566.892,4273
939.578,693.578,4274
875.512,959.687,4275
114.581,253.481,4276
824.068,585.881,4277
817.886,660.504,4278
128.744,203.213,4279
727.722,194.067,4280
726.925,543.501,4281
461.839,899.249,4282
225.600,447.825,4283
450.916,511.241,4284
94.484,813.621,4285
638.826,743.632,4286
226.127,733.761,4287
522.894,607.704,4288
979.087,525.060,4289
58.034,425.128,4290
509.079,833.560,4291
7.959,201.833,4292
249.644,613.200,4293
576.477,73.083,4294
310.469,678.526,4295
194.313,775.181,4296
828.942,560.055,4297
341.285,610.435,4298
51.631,26.130,4299
69.294,25.513,4300
463.925,736.875,4301
799.904,431.587,4302
737.571,343.791,4303
593.854,764.972,4304
240.855,779.753,4305
100.992,698.102,4306
873.686,774.299,4307
347.619,300.600,4308
606.422,864.851,4309
959.551,447.435,4310
145.287,820.550,4311
506.808,89.435,4312
590.824,106.970,4313
865.982,765.746,4314
428.983,241.199,4315
95.936,281.822,4316
443.960,951.388,4317
362.133,957.245,4318
112.255,769.824,4319
90.680,11.653,4320
508.920,285.578,4321
585.883,469.948,4322
516.983,421.685,4323
803.404,553.205,4324
635.541,596.867,4325
187.313,30.862,4326
166.441,78.348,4327
790.720,955.234,4328
982.696,947.485,4329
318.963,56.787,4330
340.430,687.917,4331
126.631,796.741,4332
861.640,816.049,4333
61.217,8.416,4334
228.016,268.155,4335
633.053,611.836,4336
403.212,453.841,4337
576.498,223.681,4338
983.206,430.779,4339
381.203,295.096,4340
871.169,468.055,4341
534.209,877.687,4342
390.835,853.992,4343
607.561,361.811,4344
950.623,146.117,4345
373.061,818.520,4346
591.218,913.400,4347
540.069,131.703,4348
635.107,729.082,4349
700.934,451.093,4350
630.444,101.549,4351
368.201,125.328,4352
918.971,472.451,4353
671.567,467.551,4354
941.530,365.327,4355
298.403,511.601,4356
343.989,470.386,4357
695.415,891.210,4358
396.050,406.087,4359
881.504,280.855,4360
983.397,760.951,4361
265.922,863.057,4362
34.165,766.131,4363
340.011,9.290,4364
997.529,31.561,4365
362.036,796.350,4366
49.084,758.906,4367
985.873,884.478,4368
981.469,61.440,4369
746.047,905.772,4370
336.391,259.070,4371
719.751,846.988,4372
74.414,148.666,4373
586.644,939.627,4374
92.333,346.266,4375
843.345,422.752,4376
169.210,830.618,4377
826.128,483.834,4378
952.383,37.001,4379
991.666,595.764,4380
670.903,754.415,4381
102.558,722.865,4382
369.237,197.982,4383
453.779,300.043,4384
147.433,940.415,4385
54.177,961.510,4386
794.041,157.337,4387
539.486,704.433,4388
540.789,955.474,4389
3.820,634.944,4390
707.573,741.499,4391
396.820,860.877,4392
487.288,397.725,4393
605.867,586.208,4394
356.468,166.575,4395
4.260,262.957,4396
671.811,750.139,4397
904.434,189.247,4398
780.351,763.924,4399
190.113,271.145,4400
188.632,743.979,4401
667.027,579.750,4402
726.040,586.789,4403
638.171,524.633,4404
642.423,833.604,4405
250.668,299.544,4406
498.698,788.877,4407
40.953,618.086,4408
732.408,637.911,4409
429.130,95.628,4410
933.070,273.508,4411
125.409,139.486,4412
979.376,183.297,4413
906.823,102.066,4414
27.158,83.353,4415
466.788,360.184,4416
226.218,339.272,4417
534.907,159.107,4418
914.763,413.660,4419
151.020,253.464,4420
831.465,745.564,4421
638.170,912.472,4422
722.248,432.481,4423
533.792,418.961,4424
577.326,957.709,4425
669.741,309.070,4426
259.839,301.269,4427
123.735,429.241,4428
38.066,637.016,4429
577.939,860.922,4430
886.551,949.693,4431
785.138,978.119,4432
406.476,36.360,4433
552.187,756.806,4434
434.296,390.676,4435
81.028,192.034,4436
62.509,278.029,4437
741.665,130.407,4438
998.286,372.077,4439
198.492,861.941,4440
984.153,875.225,4441
403.228,352.452,4442
818.956,106.036,4443
142.110,233.147,4444
203.486,471.997,4445
851.434,506.833,4446
975.070,361.270,4447
4.903,512.641,4448
398.446,581.887,4449
200.472,353.408,4450
849.527,276.312,4451
764.440,126.438,4452
832.317,738.799,4453
274.254,202.392,4454
697.916,993.112,4455
488.364,933.510,4456
36.104,593.814,4457
627.382,147.067,4458
383.140,532.691,4459
77.591,15.705,4460
888.792,79.361,4461
203.146,403.870,4462
111.197,389.108,4463
366.720,979.037,4464
692.502,466.237,4465
713.775,454.412,4466
152.366,393.387,4467
992.405,850.261,4468
672.474,370.133,4469
412.766,42.225,4470
342.439,453.087,4471
947.587,900.842,4472
289.037,945.719,4473
35.911,30.748,4474
749.776,870.657,4475
748.964,370.835,4476
838.499,536.858,4477
26.332,588.269,4478
682.549,89.170,4479
449.464,542.130,4480
490.654,959.466,4481
712.261,444.526,4482
364.986,568.719,4483
814.591,960.569,4484
995.149,316.925,4485
859.261,266.273,4486
587.767,628.048,4487
446.855,292.831,4488
591.800,600.795,4489
431.265,702.611,4490
473.272,156.379,4491
606.756,454.735,4492
375.595,446.755,4493
767.705,65.466,4494
538.715,322.542,4495
691.993,767.143,4496
166.162,398.551,4497
619.876,353.522,4498
231.584,111.564,4499
320.835,510.486,4500
693.267,694.651,4501
930.008,108.791,4502
896.911,594.271,4503
154.598,268.017,4504
805.413,686.225,4505
201.329,497.045,4506
611.896,846.462,4507
394.031,368.519,4508
852.812,618.405,4509
537.112,491.001,4510
695.688,662.839,4511
287.064,68.030,4512
32.512,278.431,4513
999.000,201.831,4514
454.079,139.921,4515
4.166,659.085,4516
106.466,257.664,4517
36.946,205.895,4518
389.609,248.487,4519
956.438,876.712,4520
881.593,647.578,4521
556.787,662.257,4522
881.254,383.232,4523
566.675,521.152,4524
543.349,64.077,4525
542.131,155.431,4526
608.748,459.270,4527
365.189,878.356,4528
1.663,106.805,4529
375.122,291.767,4530
715.569,560.117,4531
231.194,579.268,4532
388.369,398.050,4533
900.777,272.492,4534
692.442,247.599,4535
312.958,957.554,4536
771.996,856.730,4537
976.434,298.916,4538
123.126,297.185,4539
132.472,716.831,4540
959.853,768.572,4541
746.812,894.154,4542
664.147,325.680,4543
803.028,295.817,4544
157.083,318.429,4545
155.700,727.648,4546
68.042,979.899,4547
645.675,228.998,4548
470.505,906.452,4549
461.668,93.786,4550
50.294,16.032,4551
900.018,778.626,4552
915.713,965.149,4553
675.171,334.382,4554
766.368,26.581,4555
524.743,850.650,4556
944.343,454.598,4557
270.091,746.134,4558
283.132,11.858,4559
130.692,629.589,4560
479.371,859.462,4561
978.939,624.864,4562
312.287,721.152,4563
868.307,953.947,4564
700.705,443.175,4565
12.495,246.570,4566
320.579,558.084,4567
909.423,366.689,4568
286.210,617.433,4569
353.818,179.165,4570
579.539,216.761,4571
968.362,666.617,4572
573.450,893.740,4573
472.123,361.226,4574
123.565,992.386,4575
834.066,754.816,4576
785.111,784.258,4577
321.302,750.567,4578
387.711,518.212,4579
811.913,206.885,4580
247.506,557.500,4581
345.303,992.556,4582
38.269,559.538,4583
335.313,151.419,4584
479.969,237.275,4585
60.423,744.112,4586
572.424,971.442,4587
451.551,21.779,4588
805.812,98.625,4589
653.282,145.176,4590
323.059,785.542,4591
201.198,176.483,4592
984.453,832.429,4593
465.165,897.264,4594
660.381,228.067,4595
900.340,979.204,4596
185.900,900.633,4597
449.359,546.037,4598
41.264,862.940,4599
191.289,515.141,4600
22.744,305.605,4601
844.674,653.928,4602
521.928,546.359,4603
961.118,758.121,4604
439.284,604.670,4605
942.060,891.286,4606
322.837,1.870,4607
563.462,824.083,4608
396.335,519.884,4609
393.011,297.776,4610
252.592,644.671,4611
76.005,378.848,4612
962.545,184.803,4613
397.327,217.808,4614
183.078,31.158,4615
53.098,874.592,4616
917.241,321.412,4617
442.316,913.105,4618
50.523,876.884,4619
375.698,843.474,4620
791.048,175.710,4621
232.548,932.169,4622
242.639,103.369,4623
204.217,822.189,4624
38.681,591.256,4625
306.679,377.465,4626
711.817,478.373,4627
825.014,519.784,4628
999.000,772.129,4629
808.846,385.282,4630
765.021,343.616,4631
901.893,422.287,4632
91.952,985.254,4633
31.233,759.801,4634
593.467,9.859,4635
772.177,855.276,4636
507.492,536.463,4637
823.404,790.084,4638
563.180,983.181,4639
571.493,109.800,4640
364.765,886.344,4641
568.559,772.177,4642
64.865,634.962,4643
421.560,47.232,4644
439.177,706.365,4645
174.676,648.839,4646
299.390,796.314,4647
253.078,716.308,4648
791.700,551.824,4649
448.158,811.975,4650
135.744,604.028,4651
590.568,320.677,4652
201.762,509.559,4653
479.644,40.408,4654
944.345,492.865,4655
618.885,317.882,4656
89.315,917.731,4657
240.670,581.323,4658
826.132,288.057,4659
404.024,151.380,4660
224.272,203.460,4661
675.833,293.736,4662
109.175,776.531,4663
961.899,852.212,4664
919.043,511.676,4665
157.952,354.625,4666
292.546,743.796,4667
582.443,69.788,4668
697.418,486.784,4669
28.541,524.265,4670
90.213,725.367,4671
702.774,532.465,4672
373.695,765.102,4673
234.372,876.214,4674
261.452,998.760,4675
835.156,268.401,4676
320.351,567.754,4677
119.330,773.287,4678
373.926,321.460,4679
315.212,102.034,4680
904.843,844.778,4681
97.149,74.016,4682
881.683,752.260,4683
712.443,433.400,4684
591.817,359.275,4685
689.605,198.429,4686
588.560,639.172,4687
240.443,591.809,4688
588.106,14.355,4689
741.688,837.280,4690
355.261,498.154,4691
479.101,993.041,4692
1.530,534.849,4693
169.633,213.636,4694
72.444,64.033,4695
493.427,988.662,4696
144.098,892.185,4697
811.252,615.322,4698
272.556,365.710,4699
696.010,919.826,4700
209.199,189.059,4701
873.713,718.758,4702
722.470,139.121,4703
67.961,325.583,4704
140.240,90.918,4705
312.563,497.198,4706
165.775,355.697,4707
347.077,170.154,4708
656.793,99.022,4709
314.916,105.724,4710
673.487,169.070,4711
924.260,629.880,4712
265.488,883.436,4713
382.776,582.309,4714
682.113,374.376,4715
363.674,759.152,4716
908.453,409.116,4717
683.660,562.148,4718
670.893,216.035,4719
670.231,777.700,4720
569.738,907.521,4721
514.802,63.049,4722
858.787,230.277,4723
889.576,977.295,4724
697.524,274.982,4725
180.616,421.186,4726
950.093,858.916,4727
413.213,597.502,4728
855.401,861.166,4729
815.284,153.276,4730
737.502,966.295,4731
317.213,5.923,4732
560.739,254.621,4733
259.405,555.972,4734
439.819,476.588,4735
25.554,633.130,4736
600.624,307.165,4737
178.167,322.985,4738
610.577,143.088,4739
75.632,541.200,4740
318.023,727.034,4741
80.570,239.655,4742
524.640,830.908,4743
60.444,178.060,4744
41.532,433.806,4745
17.275,214.515,4746
143.446,678.944,4747
865.086,893.749,4748
758.309,346.603,4749
102.614,564.822,4750
774.821,504.348,4751
334.467,345.463,4752
644.099,494.389,4753
106.498,173.483,4754
421.297,368.507,4755
418.758,895.484,4756
407.323,808.771,4757
533.517,844.920,4758
518.360,321.354,4759
203.187,264.560,4760
810.251,588.325,4761
584.039,452.560,4762
255.381,804.707,4763
648.086,457.435,4764
317.013,246.038,4765
371.447,727.735,4766
343.660,255.002,4767
36.457,1.011,4768
642.211,784.163,4769
466.278,65.977,4770
607.673,99.172,4771
502.857,266.242,4772
808.365,377.024,4773
310.401,517.291,4774
73.205,575.750,4775
244.389,60.350,4776
776.631,842.539,4777
417.649,323.300,4778
297.398,907.549,4779
820.924,383.349,4780
819.893,778.927,4781
729.413,156.993,4782
548.041,92.661,4783
982.056,4.179,4784
829.166,503.512,4785
960.625,126.922,4786
331.447,125.158,4787
531.038,773.046,4788
426.830,1.810,4789
914.492,685.198,4790
750.802,330.374,4791
251.221,478.342,4792
41.623,941.534,4793
155.900,985.577,4794
284.825,848.342,4795
266.870,879.077,4796
931.811,200.232,4797
871.656,291.452,4798
330.363,993.179,4799
487.046,115.927,4800
642.543,813.269,4801
660.460,93.069,4802
811.567,529.665,4803
377.622,576.265,4804
946.149,53.973,4805
366.289,613.068,4806
551.257,435.435,4807
971.882,794.720,4808
535.058,350.239,4809
583.370,583.858,4810
781.372,792.385,4811
241.480,942.685,4812
92.060,946.773,4813
451.758,389.116,4814
304.976,511.569,4815
801.141,654.287,4816
180.423,115.491,4817
253.749,799.337,4818
298.562,880.210,4819
420.031,71.127,4820
736.938,989.582,4821
838.432,413.106,4822
320.863,107.244,4823
354.936,878.113,4824
197.763,574.936,4825
135.389,958.274,4826
546.671,260.794,4827
976.136,56.833,4828
546.120,3.416,4829
406.782,442.478,4830
96.599,523.190,4831
198.813,603.299,4832
102.881,385.759,4833
986.579,732.842,4834
513.434,281.980,4835
741.385,163.352,4836
930.789,788.505,4837
208.555,787.709,4838
62.592,372.351,4839
612.917,764.469,4840
138.139,503.746,4841
386.353,512.453,4842
256.371,519.696,4843
578.074,266.929,4844
273.343,285.782,4845
373.835,153.222,4846
150.171,559.412,4847
614.891,953.688,4848
94.438,140.171,4849
625.889,114.639,4850
997.153,535.682,4851
867.528,452.664,4852
575.702,935.688,4853
995.071,566.487,4854
234.126,272.270,4855
742.863,608.235,4856
609.429,836.798,4857
755.317,33.546,4858
573.960,93.959,4859
865.637,179.100,4860
860.449,918.422,4861
41.411,429.375,4862
650.677,13.783,4863
682.220,158.477,4864
22.553,160.916,4865
374.004,643.154,4866
239.905,83.768,4867
187.784,14.924,4868
60.265,720.125,4869
889.549,427.123,4870
164.838,467.185,4871
722.011,524.485,4872
75.553,223.321,4873
750.724,84.070,4874
257.445,496.434,4875
969.195,63.782,4876
618.056,355.028,4877
476.525,293.481,4878
241.617,178.096,4879
404.975,63.923,4880
520.713,69.199,4881
310.154,206.157,4882
820.795,334.434,4883
124.878,33.605,4884
658.168,756.410,4885
466.224,625.515,4886
243.201,432.385,4887
21.201,959.293,4888
262.913,21.491,4889
859.309,798.890,4890
744.111,777.156,4891
645.836,489.422,4892
633.221,259.971,4893
509.665,201.032,4894
570.132,951.480,4895
964.553,383.914,4896
844.755,768.627,4897
292.102,493.536,4898
411.255,762.302,4899
458.281,499.711,4900
468.636,575.354,4901
92.579,470.755,4902
819.092,752.917,4903
415.405,464.872,4904
154.295,379.171,4905
757.659,784.157,4906
236.829,96.827,4907
593.650,233.277,4908
425.049,377.742,4909
360.349,998.391,4910
692.824,690.891,4911
185.502,0.680,4912
801.392,345.411,4913
897.301,372.350,4914
679.897,155.090,4915
451.805,864.520,4916
303.213,315.593,4917
394.775,764.978,4918
452.846,834.064,4919
138.658,832.802,4920
709.234,744.183,4921
190.850,686.710,4922
6.288,75.203,4923
635.288,863.707,4924
478.797,163.135,4925
234.909,696.726,4926
506.890,818.797,4927
119.361,95.332,4928
297.029,404.946,4929
647.856,634.607,4930
255.133,357.157,4931
521.637,629.853,4932
225.706,999.000,4933
344.620,709.684,4934
42.781,675.491,4935
784.626,540.410,4936
680.582,386.328,4937
369.560,91.408,4938
119.010,268.318,4939
476.347,286.464,4940
867.159,744.659,4941
997.175,118.329,4942
365.843,499.052,4943
312.133,550.708,4944
603.171,673.113,4945
244.617,242.527,4946
11.605,737.616,4947
603.795,863.769,4948
899.906,910.160,4949
298.611,867.439,4950
594.446,976.389,4951
519.542,683.621,4952
304.917,146.685,4953
913.143,968.451,4954
542.441,992.126,4955
472.120,136.403,4956
39.525,82.729,4957
603.625,704.368,4958
528.855,945.402,4959
271.584,999.000,4960
648.071,153.889,4961
545.324,699.232,4962
394.779,161.287,4963
540.284,706.785,4964
464.630,45.123,4965
150.252,443.675,4966
241.001,643.049,4967
446.975,807.243,4968
82.491,990.058,4969
543.962,590.554,4970
981.554,573.866,4971
159.366,430.501,4972
161.443,277.040,4973
93.269,556.258,4974
737.000,231.251,4975
942.340,644.187,4976
812.857,404.920,4977
727.732,649.078,4978
37.097,41.065,4979
904.595,985.555,4980
483.930,882.400,4981
651.304,492.405,4982
972.446,957.144,4983
379.848,906.969,4984
318.040,30.870,4985
781.827,620.536,4986
357.044,310.407,4987
353.675,283.788,4988
712.955,829.370,4989
201.478,469.910,4990
228.631,92.558,4991
150.753,810.241,4992
439.624,553.207,4993
340.237,688.956,4994
868.907,26.489,4995
492.504,908.097,4996
5.336,85.094,4997
98.659,558.549,4998
235.312,268.590,4999
971.345,585.881,5000
636.605,246.965,5001
276.193,860.159,5002
440.238,826.259,5003
933.087,751.046,5004
944.578,929.486,5005
393.999,869.526,5006
603.087,488.219,5007
883.694,444.586,5008
875.240,73.000,5009
495.978,735.836,5010
121.507,548.942,5011
144.214,903.799,5012
898.698,542.733,5013
656.495,651.372,5014
237.733,628.317,5015
809.262,858.171,5016
221.656,783.016,5017
409.942,398.826,5018
422.461,916.653,5019
818.971,942.587,5020
685.571,131.383,5021
262.922,674.057,5022
47.559,239.842,5023
691.422,328.888,5024
232.007,779.547,5025
44.507,709.380,5026
412.823,34.951,5027
116.890,569.576,5028
916.009,124.990,5029
838.064,564.837,5030
905.216,462.093,5031
191.411,580.864,5032
563.289,695.563,5033
409.453,826.928,5034
123.859,152.848,5035
221.005,221.490,5036
447.030,634.036,5037
624.269,213.092,5038
788.147,462.920,5039
279.242,994.503,5040
387.537,813.113,5041
335.321,663.931,5042
623.425,879.635,5043
802.405,969.961,5044
522.024,709.761,5045
638.273,407.969,5046
561.072,685.174,5047
634.095,351.183,5048
447.696,171.547,5049
213.530,912.159,5050
402.933,637.727,5051
716.635,124.756,5052
252.937,94.486,5053
620.170,660.735,5054
422.970,844.342,5055
156.828,621.581,5056
602.758,974.904,5057
885.549,297.684,5058
74.878,97.265,5059
130.068,801.138,5060
351.983,4.773,5061
167.833,546.800,5062
410.225,685.643,5063
410.132,847.588,5064
159.549,405.263,5065
769.160,912.643,5066
899.664,729.780,5067
808.817,952.064,5068
915.148,678.825,5069
910.953,527.001,5070
813.541,598.991,5071
581.732,812.435,5072
807.956,959.020,5073
144.545,984.335,5074
775.148,154.278,5075
584.729,424.779,5076
414.601,103.136,5077
627.983,995.444,5078
747.514,816.273,5079
677.711,288.752,5080
392.236,469.601,5081
477.205,683.268,5082
797.568,355.087,5083
89.233,353.823,5084
552.418,473.916,5085
358.567,119.152,5086
246.210,795.599,5087
572.910,87.738,5088
83.028,131.465,5089
968.665,412.536,5090
295.848,389.251,5091
747.723,116.837,5092
760.070,748.294,5093
591.054,828.763,5094
787.938,144.194,5095
252.303,757.903,5096
469.561,319.574,5097
463.816,109.117,5098
317.609,864.084,5099
427.358,909.263,5100
364.713,333.321,5101
356.831,980.170,5102
570.417,169.325,5103
353.744,867.681,5104
321.299,926.549,5105
836.148,848.901,5106
3.108,623.336,5107
474.183,39.022,5108
542.270,434.527,5109
20.924,969.750,5110
154.691,168.412,5111
217.425,746.319,5112
749.870,993.866,5113
703.340,521.946,5114
752.244,117.814,5115
72.708,324.133,5116
146.772,914.504,5117
622.311,872.461,5118
180.264,179.688,5119
88.746,252.320,5120
301.603,558.223,5121
448.842,8.819,5122
917.661,90.478,5123
402.731,880.006,5124
374.297,423.169,5125
279.913,903.164,5126
647.544,374.107,5127
437.600,281.820,5128
197.286,728.890,5129
456.926,914.659,5130
115.981,681.788,5131
772.422,117.713,5132
957.540,767.812,5133
455.639,88.448,5134
831.717,314.582,5135
759.973,448.522,5136
222.790,225.637,5137
649.931,586.379,5138
286.681,782.600,5139
689.862,84.666,5140
647.560,135.047,5141
482.011,755.155,5142
619.523,281.976,5143
245.599,119.658,5144
251.185,141.456,5145
596.320,603.138,5146
489.194,203.596,5147
41.406,975.304,5148
99.051,936.399,5149
628.791,793.890,5150
295.561,7.620,5151
647.182,958.355,5152
927.613,782.866,5153
941.283,46.307,5154
939.383,559.977,5155
992.285,893.786,5156
593.810,534.275,5157
411.097,91.400,5158
802.266,390.597,5159
819.876,574.548,5160
595.640,145.185,5161
729.661,177.167,5162
581.865,335.552,5163
447.186,680.947,5164
608.822,483.833,5165
156.486,339.288,5166
761.359,521.540,5167
467.769,195.751,5168
923.644,703.922,5169
298.368,986.302,5170
24.794,766.109,5171
404.422,473.307,5172
484.638,257.352,5173
736.204,347.316,5174
701.455,714.293,5175
905.231,299.012,5176
184.864,372.085,5177
652.120,41.683,5178
531.945,758.663,5179
669.126,842.565,5180
916.265,109.149,5181
963.692,39.550,5182
620.105,990.790,5183
294.608,206.406,5184
297.752,781.300,5185
791.092,219.882,5186
572.971,254.667,5187
357.457,207.426,5188
378.477,924.612,5189
188.155,295.033,5190
816.503,217.180,5191
205.115,901.828,5192
855.906,142.012,5193
427.160,789.862,5194
224.990,619.732,5195
97.971,949.694,5196
580.806,139.916,5197
824.631,393.534,5198
594.668,955.698,5199
604.017,961.663,5200
250.217,357.863,5201
914.113,726.858,5202
409.003,132.022,5203
456.234,863.423,5204
0.520,969.433,5205
71.501,474.153,5206
547.456,125.143,5207
565.907,63.055,5208
373.825,595.668,5209
561.286,52.613,5210
334.760,895.574,5211
664.745,934.792,5212
525.096,554.346,5213
758.713,95.834,5214
492.507,334.742,5215
598.217,801.982,5216
170.588,504.992,5217
386.717,306.431,5218
139.577,923.491,5219
681.144,265.686,5220
936.994,207.415,5221
853.132,138.183,5222
849.993,974.672,5223
964.361,420.171,5224
33.788,390.051,5225
156.294,378.181,5226
334.542,752.014,5227
438.114,909.512,5228
64.096,989.317,5229
267.652,824.558,5230
36.422,794.087,5231
902.670,518.173,5232
336.271,823.641,5233
852.325,271.302,5234
677.349,736.254,5235
204.968,446.389,5236
914.008,362.254,5237
146.899,122.309,5238
528.770,28.405,5239
380.179,585.034,5240
873.719,604.515,5241
24.032,877.281,5242
733.909,254.458,5243
108.952,833.226,5244
979.388,395.284,5245
686.340,63.876,5246
620.989,605.682,5247
653.540,264.186,5248
79.953,866.933,5249
156.326,467.381,5250
302.735,846.882,5251
784.316,827.169,5252
51.123,893.251,5253
393.059,695.069,5254
274.155,466.198,5255
82.759,939.333,5256
48.894,385.636,5257
221.586,85.425,5258
977.316,697.476,5259
827.847,977.708,5260
520.854,355.693,5261
287.077,470.525,5262
368.639,108.395,5263
855.519,483.499,5264
146.484,597.368,5265
94.478,242.327,5266
428.369,200.487,5267
88.145,812.834,5268
812.704,866.780,5269
85.869,683.780,5270
690.488,873.930,5271
914.029,273.378,5272
835.804,364.581,5273
506.313,880.333,5274
52.386,564.753,5275
909.970,362.209,5276
477.491,951.416,5277
444.843,189.691,5278
42.670,198.716,5279
895.649,913.155,5280
163.314,176.906,5281
590.093,247.510,5282
307.526,424.789,5283
190.943,926.635,5284
816.089,632.322,5285
727.664,880.855,5286
744.508,273.661,5287
449.554,216.347,5288
363.727,637.894,5289
502.149,81.992,5290
288.160,473.442,5291
462.466,669.524,5292
631.665,626.515,5293
251.239,831.444,5294
377.438,342.219,5295
631.389,511.030,5296
432.058,351.522,5297
429.957,625.813,5298
871.464,118.450,5299
610.400,833.803,5300
478.549,326.099,5301
383.238,190.428,5302
866.567,753.232,5303
967.856,562.710,5304
658.961,251.792,5305
847.091,14.212,5306
969.727,942.729,5307
845.692,356.411,5308
143.548,267.202,5309
435.852,543.043,5310
658.628,828.210,5311
498.293,795.425,5312
21.945,637.575,5313
599.754,771.351,5314
250.448,249.209,5315
428.434,114.460,5316
484.738,25.837,5317
982.056,807.305,5318
505.091,491.343,5319
813.786,571.905,5320
245.752,691.126,5321
339.901,726.216,5322
568.637,159.496,5323
136.464,199.391,5324
459.974,728.294,5325
994.612,717.816,5326
2.459,242.279,5327
363.919,769.894,5328
886.811,711.370,5329
61.072,214.525,5330
934.267,534.812,5331
690.301,916.742,5332
933.910,243.295,5333
242.947,405.053,5334
850.777,773.746,5335
427.646,899.063,5336
611.354,86.499,5337
535.163,269.605,5338
639.280,107.203,5339
88.964,918.582,5340
473.575,149.381,5341
925.637,682.975,5342
395.851,5.209,5343
553.560,578.953,5344
340.015,129.763,5345
870.766,741.769,5346
867.458,74.825,5347
488.339,613.717,5348
892.875,875.532,5349
771.681,709.195,5350
726.801,967.673,5351
49.127,18.150,5352
232.666,546.496,5353
912.726,130.356,5354
606.716,774.626,5355
222.095,796.854,5356
456.002,899.535,5357
93.312,433.520,5358
954.899,561.236,5359
807.240,326.168,5360
52.376,406.307,5361
697.059,714.522,5362
936.065,710.208,5363
392.197,718.502,5364
654.466,759.465,5365
112.653,121.953,5366
623.215,362.107,5367
144.044,154.196,5368
568.388,598.527,5369
523.711,365.083,5370
161.169,803.045,5371
826.338,13.132,5372
365.025,512.431,5373
599.175,271.829,5374
10.991,797.333,5375
438.069,913.797,5376
293.225,109.402,5377
59.499,72.032,5378
561.198,855.536,5379
929.845,883.968,5380
99.457,355.955,5381
707.042,990.743,5382
375.911,810.392,5383
829.353,563.036,5384
907.174,663.477,5385
97.587,769.428,5386
307.001,404.823,5387
891.272,142.826,5388
526.959,13.166,5389
824.137,955.895,5390
303.490,550.059,5391
457.849,20.698,5392
283.200,98.182,5393
984.755,184.958,5394
38.453,273.543,5395
908.967,496.148,5396
780.026,851.264,5397
299.068,173.478,5398
144.606,785.636,5399
903.875,689.734,5400
39.152,733.311,5401
379.307,370.560,5402
282.764,95.050,5403
456.242,532.477,5404
524.208,961.226,5405
961.884,271.747,5406
535.079,857.811,5407
779.276,4.162,5408
317.845,76.829,5409
163.742,453.417,5410
979.301,891.206,5411
743.606,41.646,5412
81.627,901.395,5413
55.782,865.883,5414
46.959,546.372,5415
319.155,596.754,5416
533.939,598.913,5417
524.012,642.440,5418
437.969,538.106,5419
467.079,715.647,5420
925.158,89.731,5421
148.343,297.696,5422
860.254,595.881,5423
168.201,215.732,5424
576.294,654.338,5425
948.129,75.438,5426
884.179,263.493,5427
35.512,989.858,5428
79.302,297.747,5429
401.479,538.721,5430
705.371,525.200,5431
18.616,370.798,5432
166.117,383.709,5433
47.544,91.080,5434
547.308,4.120,5435
388.973,207.945,5436
720.993,986.401,5437
918.403,221.193,5438
326.263,774.365,5439
21.086,502.513,5440
801.253,276.777,5441
617.290,854.396,5442
698.872,990.784,5443
320.324,903.233,5444
228.651,686.641,5445
663.846,867.157,5446
302.871,219.364,5447
339.841,322.595,5448
124.008,304.501,5449
535.897,599.407,5450
706.620,303.484,5451
250.976,515.778,5452
888.189,376.049,5453
338.797,392.983,5454
646.626,651.758,5455
253.163,194.465,5456
8.538,205.962,5457
931.470,814.655,5458
727.429,697.075,5459
24.997,446.490,5460
248.094,549.920,5461
329.441,487.438,5462
363.342,327.769,5463
882.991,522.531,5464
949.760,31.435,5465
609.360,317.564,5466
44.079,100.263,5467
525.807,829.349,5468
739.218,370.905,5469
346.220,917.534,5470
921.230,152.420,5471
528.608,75.956,5472
654.790,225.310,5473
53.822,456.355,5474
67.314,62.669,5475
595.753,28.914,5476
314.081,851.444,5477
46.449,454.763,5478
661.992,409.302,5479
105.046,423.550,5480
674.008,253.625,5481
657.558,302.210,5482
536.694,565.312,5483
684.774,49.479,5484
489.263,632.208,5485
632.511,582.073,5486
502.940,335.683,5487
67.847,29.445,5488
510.806,932.600,5489
361.211,788.540,5490
846.534,242.944,5491
711.486,514.811,5492
833.140,47.871,5493
783.748,509.659,5494
610.231,901.820,5495
347.359,546.432,5496
711.605,806.088,5497
422.823,212.644,5498
398.053,125.427,5499
87.626,780.568,5500
234.252,162.586,5501
642.632,670.284,5502
209.985,647.675,5503
916.188,57.321,5504
666.945,199.639,5505
764.419,849.501,5506
738.022,247.558,5507
268.038,187.786,5508
353.374,539.768,5509
847.280,647.072,5510
106.046,478.380,5511
894.629,722.394,5512
307.574,878.193,5513
124.371,125.519,5514
102.723,647.472,5515
177.014,793.450,5516
487.561,273.676,5517
822.980,418.492,5518
295.000,925.703,5519
757.580,510.156,5520
18.219,450.431,5521
313.771,4.037,5522
82.993,275.993,5523
263.304,367.446,5524
132.173,350.700,5525
419.759,355.505,5526
619.335,256.125,5527
327.879,797.411,5528
672.556,647.090,5529
752.657,790.271,5530
768.276,21.964,5531
76.767,94.263,5532
675.394,991.432,5533
902.326,992.227,5534
213.542,611.963,5535
336.968,747.236,5536
595.084,979.457,5537
227.402,640.200,5538
949.705,106.840,5539
596.217,659.917,5540
172.576,570.555,5541
348.123,341.113,5542
38.005,637.994,5543
823.499,883.981,5544
84.590,821.281,5545
548.888,91.486,5546
994.528,143.414,5547
337.358,138.017,5548
564.489,978.778,5549
278.647,663.843,5550
280.283,209.659,5551
740.290,165.738,5552
552.249,609.617,5553
839.271,474.293,5554
720.407,107.542,5555
179.235,399.487,5556
365.810,593.216,5557
935.557,254.672,5558
376.276,105.596,5559
585.792,622.734,5560
534.104,399.525,5561
691.584,182.546,5562
542.484,466.587,5563
896.081,860.494,5564
143.692,744.294,5565
401.808,868.750,5566
535.356,552.311,5567
749.990,308.249,5568
701.360,424.851,5569
239.760,914.306,5570
978.005,348.143,5571
988.919,512.222,5572
265.130,772.445,5573
955.175,963.902,5574
601.009,466.573,5575
326.447,977.833,5576
488.876,508.171,5577
948.052,656.968,5578
228.232,889.877,5579
9.894,733.407,5580
47.266,787.449,5581
704.590,910.961,5582
590.210,922.368,5583
635.980,293.140,5584
166.893,520.010,5585
50.297,565.662,5586
207.813,173.105,5587
930.512,376.853,5588
872.700,684.756,5589
93.649,682.828,5590
59.967,963.133,5591
48.364,234.488,5592
608.262,535.241,5593
994.846,903.695,5594
809.183,3.009,5595
428.749,503.441,5596
471.454,44.503,5597
959.797,235.782,5598
141.226,809.648,5599
691.421,825.168,5600
450.901,686.697,5601
224.857,8.932,5602
614.425,945.706,5603
673.525,769.398,5604
402.500,400.689,5605
423.778,51.636,5606
993.234,733.869,5607
701.769,197.075,5608
490.871,500.797,5609
223.605,885.191,5610
403.648,41.868,5611
550.879,447.138,5612
758.305,535.030,5613
900.120,538.255,5614
477.612,567.795,5615
518.453,419.107,5616
352.055,545.925,5617
921.017,283.289,5618
914.442,448.501,5619
293.357,590.896,5620
318.463,919.175,5621
375.515,503.775,5622
746.940,372.067,5623
330.263,193.743,5624
18.123,263.304,5625
446.617,470.392,5626
722.529,820.600,5627
458.486,77.109,5628
476.761,71.682,5629
41.453,616.967,5630
274.704,895.358,5631
706.484,858.010,5632
115.139,811.815,5633
125.301,226.547,5634
295.267,860.985,5635
126.481,391.944,5636
947.716,851.458,5637
712.494,268.653,5638
312.004,399.869,5639
143.526,453.874,5640
209.247,870.404,5641
71.871,251.228,5642
901.657,365.490,5643
278.276,119.477,5644
298.584,255.352,5645
207.804,577.341,5646
35.696,351.142,5647
634.223,532.069,5648
162.940,953.490,5649
813.304,828.024,5650
722.820,733.207,5651
341.417,889.393,5652
962.522,614.699,5653
819.309,632.158,5654
262.178,565.770,5655
243.240,156.257,5656
298.511,359.961,5657
839.756,117.108,5658
30.106,364.672,5659
32.448,429.962,5660
289.064,3.124,5661
833.152,947.429,5662
179.204,178.261,5663
548.929,520.828,5664
517.053,343.791,5665
746.464,874.965,5666
457.861,610.526,5667
509.759,959.964,5668
664.486,993.055,5669
298.972,823.421,5670
718.015,537.145,5671
998.249,782.564,5672
676.832,348.893,5673
821.045,301.190,5674
494.062,374.674,5675
302.243,209.352,5676
114.304,897.341,5677
812.182,550.873,5678
414.269,853.267,5679
923.569,763.433,5680
691.743,585.625,5681
452.057,49.966,5682
623.503,292.671,5683
648.237,652.759,5684
693.590,363.195,5685
449.008,84.838,5686
382.336,941.606,5687
864.871,659.888,5688
468.516,808.572,5689
918.044,86.384,5690
948.485,226.986,5691
728.454,398.429,5692
43.166,526.152,5693
231.838,937.919,5694
584.560,719.296,5695
283.108,445.634,5696
253.644,513.189,5697
505.499,458.314,5698
495.929,718.958,5699
87.726,869.497,5700
844.321,193.615,5701
303.213,780.447,5702
863.290,941.761,5703
530.176,18.279,5704
569.835,404.902,5705
379.413,586.551,5706
121.395,449.849,5707
896.461,581.963,5708
57.833,892.705,5709
710.596,831.660,5710
137.130,243.281,5711
718.413,534.716,5712
640.432,125.989,5713
478.879,826.096,5714
101.414,688.241,5715
82.142,731.573,5716
454.104,751.169,5717
982.647,824.884,5718
640.857,237.899,5719
515.738,574.652,5720
358.245,70.996,5721
224.940,530.367,5722
224.637,379.498,5723
865.557,556.647,5724
153.936,300.447,5725
280.767,585.409,5726
596.531,241.454,5727
744.197,451.454,5728
761.911,581.346,5729
446.107,280.605,5730
687.069,700.253,5731
515.686,644.371,5732
429.638,87.945,5733
499.837,374.807,5734
938.884,652.680,5735
273.387,552.703,5736
339.275,530.215,5737
501.806,351.254,5738
844.727,509.825,5739
115.395,693.544,5740
179.404,119.048,5741
400.495,936.279,5742
38.937,837.784,5743
105.577,183.754,5744
426.690,197.465,5745
766.473,474.151,5746
354.963,122.880,5747
504.556,77.285,5748
323.828,332.603,5749
257.050,385.883,5750
604.800,605.353,5751
302.317,744.412,5752
275.446,540.524,5753
490.064,724.139,5754
561.766,866.330,5755
956.379,500.351,5756
228.792,156.338,5757
355.923,894.303,5758
511.478,317.098,5759
679.076,714.337,5760
259.212,972.513,5761
432.677,799.693,5762
624.485,136.122,5763
103.760,575.981,5764
940.724,915.541,5765
466.322,363.953,5766
632.026,443.820,5767
766.726,314.020,5768
91.398,232.413,5769
38.735,465.446,5770
525.529,363.648,5771
415.213,299.220,5772
74.203,50.433,5773
710.546,390.973,5774
318.989,366.045,5775
18.029,814.789,5776
283.706,574.519,5777
57.783,446.239,5778
499.168,476.970,5779
743.555,232.545,5780
313.246,181.606,5781
746.017,54.859,5782
976.058,101.471,5783
755.869,622.999,5784
969.881,127.320,5785
481.653,255.774,5786
917.427,623.499,5787
960.713,448.945,5788
334.021,714.128,5789
697.015,575.672,5790
997.749,751.518,5791
339.313,341.587,5792
954.698,494.362,5793
990.661,686.860,5794
216.767,450.966,5795
60.723,175.037,5796
202.447,383.891,5797
834.155,815.674,5798
781.877,611.382,5799
998.772,873.976,5800
73.525,129.942,5801
641.373,904.557,5802
645.161,187.762,5803
669.612,672.778,5804
625.184,509.790,5805
179.776,430.173,5806
596.632,505.351,5807
972.504,690.182,5808
561.897,29.034,5809
143.366,311.538,5810
723.593,154.085,5811
192.816,914.326,5812
848.357,241.594,5813
748.473,944.820,5814
959.271,169.681,5815
673.443,516.238,5816
577.356,340.495,5817
193.208,139.956,5818
750.930,940.596,5819
44.538,576.678,5820
69.548,938.336,5821
820.799,878.888,5822
507.444,738.578,5823
524.226,722.687,5824
3.146,10.218,5825
365.524,701.272,5826
426.321,777.837,5827
219.738,596.472,5828
619.147,380.753,5829
220.587,158.115,5830
216.761,8.368,5831
347.328,373.797,5832
916.787,623.508,5833
310.819,29.602,5834
666.328,84.380,5835
551.736,38.505,5836
989.709,75.218,5837
865.671,496.107,5838
914.614,754.961,5839
326.925,584.669,5840
403.613,806.075,5841
947.625,156.858,5842
974.275,221.400,5843
445.642,395.156,5844
581.354,512.320,5845
668.656,423.673,5846
676.168,893.437,5847
398.889,48.440,5848
912.650,80.988,5849
637.557,388.467,5850
500.572,954.608,5851
780.896,692.593,5852
618.358,704.712,5853
810.569,373.501,5854
958.418,76.586,5855
611.867,39.396,5856
658.842,266.497,5857
686.808,715.289,5858
101.887,143.696,5859
989.153,506.997,5860
182.209,826.520,5861
115.429,142.953,5862
556.188,837.042,5863
370.938,55.238,5864
127.223,237.616,5865
95.939,309.585,5866
303.384,775.379,5867
316.671,630.825,5868
388.177,209.961,5869
940.150,865.587,5870
783.980,944.275,5871
78.730,906.455,5872
284.254,818.312,5873
171.839,429.928,5874
892.140,904.487,5875
422.730,100.084,5876
423.826,390.928,5877
968.354,536.143,5878
316.028,624.920,5879
560.088,294.552,5880
897.879,445.570,5881
807.739,828.301,5882
149.622,859.978,5883
166.352,254.872,5884
191.438,566.350,5885
231.037,753.558,5886
427.777,64.275,5887
570.552,474.542,5888
912.251,780.393,5889
674.897,214.562,5890
49.830,873.085,5891
753.317,979.925,5892
638.077,526.495,5893
116.810,79.010,5894
960.517,725.966,5895
197.807,675.775,5896
349.742,894.150,5897
459.687,201.314,5898
269.393,219.823,5899
428.109,180.822,5900
580.936,50.226,5901
835.994,487.866,5902
699.430,247.064,5903
82.894,397.714,5904
956.296,417.670,5905
607.164,689.930,5906
741.711,245.788,5907
400.465,339.732,5908
736.289,878.383,5909
137.270,685.091,5910
913.788,133.139,5911
975.957,390.738,5912
621.602,84.547,5913
135.641,898.587,5914
613.224,423.278,5915
305.415,163.661,5916
482.000,500.031,5917
905.420,656.663,5918
160.930,8.374,5919
97.490,687.267,5920
64.712,787.852,5921
199.743,755.474,5922
297.087,466.600,5923
994.474,168.027,5924
203.464,85.605,5925
723.827,342.858,5926
759.445,410.669,5927
234.787,50.453,5928
500.164,824.017,5929
105.168,311.090,5930
320.743,595.217,5931
170.802,10.200,5932
432.734,523.844,5933
627.131,260.121,5934
519.196,125.703,5935
862.607,510.821,5936
919.489,980.880,5937
944.803,306.960,5938
557.675,295.639,5939
834.962,574.148,5940
661.994,335.437,5941
794.185,788.879,5942
43.471,520.184,5943
489.485,49.903,5944
442.109,578.658,5945
628.114,611.322,5946
244.041,190.109,5947
185.447,734.381,5948
309.572,162.095,5949
871.396,635.643,5950
522.855,519.464,5951
522.041,796.531,5952
795.138,213.220,5953
942.817,697.619,5954
642.806,157.894,5955
225.491,75.506,5956
109.132,237.287,5957
724.640,989.071,5958
319.523,154.894,5959
198.705,388.433,5960
392.913,442.295,5961
842.060,64.887,5962
200.829,254.641,5963
797.816,55.163,5964
352.150,599.093,5965
131.938,409.042,5966
56.762,525.095,5967
312.244,693.686,5968
706.465,385.048,5969
873.048,15.046,5970
622.342,649.853,5971
959.713,973.570,5972
751.558,603.367,5973
763.468,333.428,5974
898.126,758.619,5975
909.146,510.376,5976
970.773,70.697,5977
792.069,517.841,5978
857.078,369.137,5979
268.143,887.098,5980
503.156,63.923,5981
307.241,880.245,5982
514.391,889.420,5983
143.361,385.966,5984
567.647,428.357,5985
28.186,978.087,5986
413.207,933.191,5987
848.656,906.145,5988
252.435,179.856,5989
42.978,202.117,5990
13.615,131.425,5991
880.947,475.459,5992
145.956,382.031,5993
628.240,144.248,5994
770.815,425.685,5995
684.326,493.165,5996
328.709,147.617,5997
92.635,816.504,5998
696.928,176.108,5999
283.931,457.476,6000
794.627,204.452,6001
977.944,575.091,6002
666.276,990.901,6003
127.490,386.782,6004
546.103,9.612,6005
88.811,598.453,6006
515.988,412.239,6007
563.868,678.184,6008
413.215,297.226,6009
727.140,208.623,6010
842.864,110.539,6011
419.095,97.055,6012
469.186,610.094,6013
603.245,572.925,6014
904.833,131.913,6015
876.517,581.779,6016
228.363,946.163,6017
54.342,631.652,6018
936.092,310.319,6019
552.078,137.118,6020
535.509,802.979,6021
863.916,537.835,6022
311.377,242.747,6023
407.643,952.312,6024
873.739,592.937,6025
115.081,842.140,6026
429.494,613.914,6027
706.345,272.792,6028
825.805,377.561,6029
549.424,573.571,6030
274.227,521.070,6031
193.130,402.543,6032
262.448,592.784,6033
497.559,414.418,6034
786.876,280.777,6035
860.875,502.335,6036
350.227,860.311,6037
723.080,324.294,6038
153.585,742.490,6039
374.821,875.924,6040
871.829,207.956,6041
480.261,928.212,6042
244.542,840.735,6043
702.345,218.900,6044
284.859,554.560,6045
495.021,920.373,6046
897.638,419.098,6047
644.630,840.987,6048
220.560,641.487,6049
372.805,743.005,6050
621.528,165.668,6051
905.264,473.063,6052
890.018,733.531,6053
170.518,65.402,6054
4.589,561.035,6055
562.576,883.216,6056
980.476,364.819,6057
847.601,993.250,6058
328.307,616.883,6059
239.457,272.886,6060
786.923,860.653,6061
165.340,448.198,6062
910.041,607.864,6063
329.961,451.453,6064
94.699,786.832,6065
585.173,51.530,6066
778.773,994.008,6067
313.466,990.117,6068
712.347,151.835,6069
700.476,556.450,6070
76.519,971.217,6071
998.794,978.106,6072
134.582,990.288,6073
698.432,410.197,6074
351.805,343.485,6075
987.856,596.944,6076
784.991,805.316,6077
770.062,610.385,6078
551.129,161.241,6079
966.444,180.202,6080
141.840,106.805,6081
394.076,782.407,6082
289.308,235.982,6083
262.696,65.422,6084
205.826,657.381,6085
581.292,521.575,6086
68.490,815.411,6087
496.900,950.512,6088
342.250,826.222,6089
978.284,230.971,6090
288.358,619.721,6091
586.996,604.064,6092
603.079,724.427,6093
535.634,215.522,6094
694.866,790.066,6095
511.153,640.919,6096
813.805,667.542,6097
215.684,750.147,6098
125.281,750.508,6099
89.265,627.254,6100
618.534,190.035,6101
397.088,707.534,6102
526.797,977.614,6103
986.839,779.080,6104
398.462,268.030,6105
32.665,886.471,6106
276.926,732.920,6107
234.294,241.064,6108
385.940,634.584,6109
222.819,116.718,6110
348.719,359.341,6111
506.128,367.517,6112
497.378,500.278,6113
305.418,472.719,6114
29.435,102.851,6115
387.456,923.609,6116
312.442,932.635,6117
573.308,184.743,6118
537.789,155.209,6119
539.601,552.750,6120
650.666,849.066,6121
399.862,983.388,6122
377.081,404.999,6123
505.317,732.910,6124
747.174,617.575,6125
305.424,558.901,6126
883.471,943.920,6127
49.308,797.473,6128
528.613,190.813,6129
378.064,420.084,6130
478.698,71.011,6131
441.799,340.042,6132
886.485,932.888,6133
714.974,387.480,6134
304.833,616.695,6135
288.800,891.407,6136
792.079,276.628,6137
800.997,219.797,6138
139.603,124.135,6139
153.318,86.407,6140
640.440,615.665,6141
209.428,7.896,6142
934.664,378.472,6143
485.420,161.104,6144
691.703,649.200,6145
778.071,235.511,6146
303.520,61.510,6147
926.777,290.115,6148
573.585,53.356,6149
41.910,844.133,6150
219.570,505.369,6151
397.516,867.684,6152
90.522,909.562,6153
574.298,841.622,6154
7.963,815.016,6155
962.316,420.208,6156
377.377,92.321,6157
40.837,921.506,6158
856.967,996.957,6159
531.174,288.471,6160
599.180,803.278,6161
633.869,517.979,6162
382.958,415.122,6163
182.625,944.860,6164
136.442,486.521,6165
311.351,561.532,6166
108.290,851.257,6167
158.250,559.652,6168
439.413,427.449,6169
720.331,492.389,6170
190.910,299.250,6171
855.255,437.349,6172
537.021,886.038,6173
287.999,560.486,6174
252.379,956.116,6175
809.635,655.623,6176
464.829,86.238,6177
477.704,928.396,6178
706.303,473.000,6179
389.597,177.623,6180
127.802,436.512,6181
18.376,17.229,6182
520.300,717.509,6183
470.038,687.149,6184
300.239,853.665,6185
508.759,768.542,6186
901.726,101.695,6187
250.643,61.393,6188
442.513,32.372,6189
856.584,27.462,6190
302.553,410.242,6191
219.000,616.773,6192
652.210,901.295,6193
112.195,237.614,6194
454.897,289.380,6195
193.697,364.960,6196
349.384,548.335,6197
842.961,143.797,6198
446.952,891.737,6199
549.139,679.933,6200
629.414,374.040,6201
606.573,919.742,6202
706.071,810.629,6203
365.638,218.941,6204
575.559,351.340,6205
303.811,333.018,6206
198.362,663.530,6207
937.127,907.530,6208
386.083,51.773,6209
275.010,554.278,6210
243.646,193.802,6211
807.713,486.515,6212
281.638,652.607,6213
751.754,693.210,6214
71.112,811.742,6215
959.715,544.482,6216
386.071,715.144,6217
41.019,279.938,6218
286.438,643.153,6219
883.325,271.627,6220
677.800,278.734,6221
760.970,546.898,6222
760.822,401.346,6223
618.712,392.838,6224
189.042,583.864,6225
957.100,509.196,6226
589.146,967.508,6227
461.001,506.223,6228
942.026,286.570,6229
112.740,334.885,6230
69.548,278.755,6231
340.615,228.046,6232
282.819,576.999,6233
190.060,598.988,6234
133.600,25.311,6235
741.516,99.022,6236
342.183,776.404,6237
125.499,643.599,6238
12.028,870.812,6239
966.137,84.065,6240
20.852,628.308,6241
792.537,95.037,6242
368.488,421.330,6243
960.914,810.896,6244
475.188,929.907,6245
140.289,835.091,6246
992.657,75.508,6247
266.854,544.674,6248
455.728,299.546,6249
307.977,557.109,6250
640.865,893.107,6251
497.065,301.298,6252
778.327,782.193,6253
604.826,730.309,6254
0.172,581.049,6255
174.942,49.968,6256
143.255,194.692,6257
55.000,950.734,6258
405.287,459.830,6259
426.028,234.853,6260
428.221,123.881,6261
69.293,191.158,6262
785.346,723.085,6263
667.958,583.570,6264
760.906,866.119,6265
706.846,660.917,6266
574.551,905.263,6267
488.760,244.912,6268
147.785,42.134,6269
224.087,934.057,6270
403.562,735.116,6271
643.678,999.000,6272
798.467,289.652,6273
426.079,222.552,6274
30.391,871.535,6275
413.130,610.809,6276
618.031,324.806,6277
581.300,446.052,6278
322.106,696.554,6279
634.341,728.376,6280
165.708,797.911,6281
951.443,657.085,6282
565.795,128.430,6283
775.072,470.908,6284
424.994,360.402,6285
869.637,575.305,6286
28.549,168.990,6287
121.480,665.363,6288
4.299,833.236,6289
436.121,944.732,6290
884.356,481.400,6291
705.631,807.138,6292
922.066,961.456,6293
525.151,429.775,6294
207.923,110.372,6295
317.838,163.703,6296
173.100,437.737,6297
132.792,587.706,6298
747.710,801.167,6299
899.431,778.283,6300
242.665,807.918,6301
837.538,779.886,6302
231.117,471.161,6303
567.475,987.669,6304
559.990,218.019,6305
100.148,641.068,6306
109.829,234.275,6307
396.021,913.575,6308
739.155,641.074,6309
825.292,798.472,6310
89.359,849.965,6311
634.927,287.392,6312
999.000,910.292,6313
435.385,669.371,6314
564.423,386.366,6315
837.533,291.476,6316
529.793,672.805,6317
495.521,60.964,6318
801.249,893.245,6319
386.651,777.741,6320
582.980,299.694,6321
917.443,92.746,6322
996.919,578.931,6323
750.437,684.463,6324
706.778,760.578,6325
998.166,266.464,6326
701.352,744.764,6327
492.029,721.257,6328
350.342,962.697,6329
10.987,423.592,6330
623.597,860.894,6331
751.167,137.080,6332
683.175,112.032,6333
192.360,398.650,6334
802.598,255.401,6335
790.419,90.337,6336
824.976,542.150,6337
73.877,595.353,6338
582.428,620.775,6339
677.274,25.296,6340
160.583,818.167,6341
236.484,373.716,6342
116.076,131.741,6343
683.291,665.472,6344
361.105,358.070,6345
526.332,389.810,6346
739.709,30.015,6347
47.100,314.014,6348
82.757,476.024,6349
654.339,615.522,6350
390.208,756.496,6351
267.277,715.909,6352
956.797,672.393,6353
870.988,115.525,6354
778.277,104.227,6355
865.199,829.694,6356
727.954,805.824,6357
666.073,113.170,6358
539.112,302.872,6359
997.567,109.730,6360
350.664,76.733,6361
4.806,395.984,6362
372.117,237.536,6363
311.713,271.091,6364
561.573,177.917,6365
618.342,294.555,6366
750.054,343.617,6367
839.137,190.943,6368
36.212,171.020,6369
718.640,626.936,6370
97.781,492.786,6371
751.800,938.397,6372
743.047,159.994,6373
38.886,450.388,6374
434.920,576.381,6375
304.811,886.894,6376
419.413,356.470,6377
164.810,425.200,6378
188.262,611.028,6379
476.144,806.598,6380
483.855,80.447,6381
216.255,693.381,6382
722.873,880.067,6383
890.290,942.070,6384
813.678,90.913,6385
34.227,437.510,6386
93.752,757.558,6387
296.280,758.335,6388
430.975,559.876,6389
702.631,91.817,6390
991.804,957.987,6391
443.075,90.068,6392
900.072,463.444,6393
271.278,81.549,6394
637.876,674.876,6395
415.550,213.554,6396
996.849,627.966,6397
141.694,104.865,6398
65.982,480.753,6399
176.595,686.067,6400
668.551,203.026,6401
397.828,647.534,6402
606.690,69.271,6403
851.745,78.071,6404
573.468,875.728,6405
527.154,619.290,6406
516.003,98.938,6407
214.390,188.229,6408
303.698,604.401,6409
698.283,6.681,6410
735.397,510.104,6411
504.470,209.596,6412
79.817,977.387,6413
146.679,418.835,6414
242.347,987.185,6415
669.142,645.273,6416
606.893,206.980,6417
869.958,361.725,6418
554.416,463.172,6419
297.766,919.041,6420
823.872,525.185,6421
866.361,105.353,6422
793.258,293.176,6423
632.303,93.168,6424
104.857,290.669,6425
575.144,903.585,6426
676.909,287.630,6427
605.240,747.154,6428
522.212,113.316,6429
253.493,939.332,6430
854.363,908.251,6431
867.357,20.222,6432
463.706,448.780,6433
174.033,507.459,6434
67.021,798.376,6435
749.726,467.716,6436
193.170,840.866,6437
928.761,747.538,6438
118.775,747.245,6439
55.927,193.481,6440
487.698,493.996,6441
147.346,828.261,6442
80.934,952.335,6443
766.452,307.013,6444
502.477,450.192,6445
40.988,233.905,6446
729.641,556.547,6447
369.390,770.419,6448
931.163,798.807,6449
419.396,430.173,6450
245.813,775.977,6451
6.586,853.938,6452
188.246,446.562,6453
795.671,335.525,6454
594.815,68.588,6455
236.862,365.818,6456
529.408,716.445,6457
912.489,474.609,6458
510.461,166.306,6459
334.298,737.631,6460
461.786,320.202,6461
903.507,334.042,6462
128.059,403.287,6463
702.536,145.921,6464
146.991,938.232,6465
275.544,563.024,6466
379.428,32.806,6467
861.009,322.847,6468
32.694,70.311,6469
794.560,536.519,6470
643.244,694.276,6471
512.149,388.404,6472
815.724,573.788,6473
698.734,11.630,6474
637.255,607.144,6475
251.905,222.907,6476
80.889,477.441,6477
302.773,460.459,6478
943.570,992.528,6479
962.986,489.208,6480
515.442,701.033,6481
636.323,953.734,6482
832.134,36.258,6483
807.479,578.379,6484
655.293,126.822,6485
575.881,889.710,6486
972.644,368.089,6487
835.533,581.470,6488
725.547,62.203,6489
128.316,925.102,6490
422.998,716.375,6491
556.394,470.605,6492
521.075,787.912,6493
975.044,150.407,6494
959.302,663.892,6495
555.365,50.241,6496
750.827,92.557,6497
50.844,52.219,6498
91.324,329.895,6499
779.002,611.177,6500
85.633,918.863,6501
870.294,630.035,6502
423.121,62.753,6503
999.000,608.989,6504
344.825,548.520,6505
877.514,408.054,6506
599.865,166.301,6507
736.124,464.822,6508
431.627,895.900,6509
343.139,691.831,6510
151.048,509.203,6511
137.685,827.952,6512
326.863,419.647,6513
41.804,466.490,6514
581.795,428.669,6515
231.101,91.509,6516
982.855,252.428,6517
938.318,730.970,6518
297.798,97.878,6519
813.065,554.043,6520
198.374,464.273,6521
304.345,661.247,6522
135.187,589.785,6523
31.175,283.708,6524
67.077,809.181,6525
603.055,952.895,6526
342.634,872.112,6527
706.025,192.972,6528
907.313,196.349,6529
117.270,542.440,6530
340.001,249.668,6531
925.592,824.030,6532
271.006,368.589,6533
74.907,425.967,6534
245.098,901.236,6535
336.505,549.896,6536
545.494,635.576,6537
431.465,50.755,6538
663.322,920.362,6539
415.284,303.857,6540
85.607,273.800,6541
626.292,371.400,6542
451.282,473.818,6543
81.815,643.196,6544
345.897,743.382,6545
591.887,151.688,6546
652.523,687.257,6547
2.565,498.554,6548
713.157,472.802,6549
889.244,855.554,6550
922.719,90.590,6551
192.032,177.821,6552
540.014,713.508,6553
882.572,798.985,6554
466.660,133.313,6555
78.307,922.679,6556
510.834,322.914,6557
204.872,132.703,6558
863.339,139.321,6559
59.965,346.620,6560
26.657,568.209,6561
857.603,521.887,6562
776.535,525.998,6563
572.558,374.410,6564
949.636,832.337,6565
609.674,906.997,6566
218.191,375.342,6567
450.104,173.891,6568
385.512,169.652,6569
628.889,469.634,6570
919.439,78.504,6571
821.669,149.908,6572
617.572,96.742,6573
445.695,797.985,6574
333.822,786.184,6575
279.643,371.689,6576
908.455,948.652,6577
772.709,755.938,6578
569.340,167.149,6579
936.695,893.590,6580
899.695,850.152,6581
374.808,818.771,6582
845.155,900.693,6583
372.910,270.268,6584
11.146,928.206,6585
863.917,930.698,6586
832.061,893.231,6587
359.711,243.112,6588
617.962,527.242,6589
161.439,599.768,6590
899.718,586.602,6591
141.399,787.002,6592
172.858,610.094,6593
261.114,670.044,6594
156.980,169.699,6595
363.362,923.982,6596
476.072,622.192,6597
801.763,457.353,6598
899.675,917.581,6599
935.045,894.192,6600
146.950,602.970,6601
844.929,901.114,6602
100.418,427.956,6603
876.461,217.508,6604
191.405,351.647,6605
775.442,977.975,6606
85.348,966.296,6607
130.204,68.694,6608
908.481,269.173,6609
151.948,886.899,6610
138.777,251.213,6611
890.904,828.536,6612
332.582,690.767,6613
941.646,348.680,6614
533.737,863.127,6615
285.691,187.629,6616
939.705,676.047,6617
376.333,95.008,6618
127.376,986.885,6619
155.069,128.613,6620
767.043,912.522,6621
160.666,34.146,6622
952.800,150.270,6623
938.919,551.041,6624
94.794,166.663,6625
995.541,341.198,6626
135.358,755.780,6627
155.099,107.687,6628
698.612,328.205,6629
382.928,870.578,6630
171.611,107.032,6631
848.039,882.749,6632
628.653,70.254,6633
703.166,954.336,6634
874.584,256.168,6635
602.832,389.547,6636
517.890,415.007,6637
331.193,471.565,6638
128.970,253.725,6639
329.659,24.981,6640
641.513,533.315,6641
867.470,543.769,6642
576.737,622.125,6643
379.122,369.981,6644
412.087,729.703,6645
601.313,100.330,6646
784.393,460.120,6647
774.342,15.824,6648
560.438,74.472,6649
75.624,760.590,6650
242.176,755.066,6651
183.905,240.086,6652
200.851,586.874,6653
710.343,826.402,6654
567.533,376.966,6655
767.574,877.559,6656
219.533,938.441,6657
152.249,806.119,6658
246.115,514.731,6659
442.714,243.081,6660
668.012,220.218,6661
638.794,878.071,6662
519.299,585.253,6663
687.420,973.353,6664
577.634,351.042,6665
860.923,626.591,6666
780.900,25.590,6667
611.781,327.010,6668
950.709,78.704,6669
259.110,597.311,6670
799.687,253.400,6671
513.645,848.958,6672
312.179,242.417,6673
498.359,921.036,6674
296.230,718.267,6675
785.100,502.123,6676
937.256,915.894,6677
619.656,184.603,6678
126.136,349.845,6679
314.344,842.969,6680
775.521,684.312,6681
682.315,247.067,6682
265.250,541.771,6683
461.325,368.465,6684
810.461,438.492,6685
512.821,489.995,6686
198.226,944.092,6687
841.379,819.975,6688
459.363,683.293,6689
268.691,60.906,6690
535.694,698.291,6691
737.494,292.786,6692
842.626,317.899,6693
785.942,704.211,6694
345.799,683.711,6695
127.883,618.267,6696
364.391,375.883,6697
363.752,121.997,6698
500.127,119.095,6699
166.318,49.421,6700
527.363,100.920,6701
482.373,38.319,6702
642.103,275.108,6703
525.735,575.198,6704
262.638,894.160,6705
455.958,297.915,6706
321.390,308.232,6707
629.657,848.961,6708
171.753,843.836,6709
138.287,388.093,6710
811.066,673.439,6711
409.757,502.663,6712
124.469,518.442,6713
826.220,728.321,6714
919.311,805.807,6715
103.410,357.692,6716
59.172,444.796,6717
770.053,362.467,6718
275.082,910.021,6719
11.298,276.901,6720
109.052,503.630,6721
140.706,950.292,6722
222.720,820.897,6723
521.481,839.413,6724
473.341,278.047,6725
521.854,951.307,6726
146.982,332.145,6727
176.799,279.452,6728
562.514,209.092,6729
692.110,926.421,6730
170.494,621.433,6731
208.918,421.352,6732
318.181,494.938,6733
36.782,222.630,6734
956.284,693.511,6735
160.249,912.006,6736
254.299,159.562,6737
720.305,158.851,6738
677.089,194.583,6739
575.011,168.384,6740
655.063,549.431,6741
640.847,210.967,6742
657.715,604.758,6743
745.838,90.126,6744
595.988,184.003,6745
616.334,692.309,6746
630.550,56.442,6747
569.408,578.426,6748
141.971,68.911,6749
306.671,570.169,6750
623.458,835.889,6751
380.402,820.724,6752
117.403,862.144,6753
492.220,915.522,6754
378.210,614.728,6755
331.817,216.399,6756
288.276,402.733,6757
853.173,398.388,6758
962.246,197.437,6759
35.876,333.461,6760
438.963,623.251,6761
827.343,777.869,6762
471.803,129.827,6763
405.853,936.711,6764
871.826,615.304,6765
646.350,142.601,6766
701.940,681.418,6767
264.728,726.562,6768
831.130,369.630,6769
942.005,595.882,6770
151.765,539.940,6771
588.474,542.223,6772
45.987,774.023,6773
862.426,93.408,6774
35.864,572.121,6775
784.424,478.768,6776
666.814,348.414,6777
772.594,655.667,6778
730.058,620.426,6779
353.258,240.007,6780
438.066,412.406,6781
329.769,475.419,6782
73.643,136.054,6783
765.049,135.117,6784
248.318,931.277,6785
443.056,848.257,6786
264.403,305.828,6787
103.078,119.349,6788
222.439,767.375,6789
658.468,667.365,6790
520.064,351.323,6791
100.175,466.159,6792
139.275,743.273,6793
136.779,62.484,6794
265.122,717.645,6795
945.699,765.517,6796
23.288,927.423,6797
645.965,380.747,6798
987.184,638.684,6799
706.267,358.407,6800
632.458,797.555,6801
353.902,860.999,6802
574.677,961.638,6803
925.903,213.225,6804
511.158,181.418,6805
216.359,235.057,6806
588.477,952.497,6807
797.337,952.175,6808
723.874,30.896,6809
84.496,24.959,6810
18.381,510.772,6811
941.472,435.905,6812
342.030,324.083,6813
942.868,250.109,6814
52.216,842.742,6815
626.472,692.795,6816
208.589,562.453,6817
561.152,898.468,6818
896.884,984.374,6819
613.736,174.762,6820
179.692,383.262,6821
950.887,101.585,6822
815.668,826.470,6823
949.049,655.698,6824
640.182,106.068,6825
632.845,145.524,6826
164.639,556.858,6827
116.691,716.375,6828
905.178,741.099,6829
531.891,209.231,6830
746.689,865.918,6831
198.079,886.339,6832
227.562,44.148,6833
981.857,983.314,6834
460.453,701.403,6835
574.493,75.873,6836
499.239,226.863,6837
858.795,936.471,6838
373.248,551.580,6839
874.974,227.027,6840
367.250,624.300,6841
214.809,338.891,6842
955.604,205.062,6843
563.466,956.321,6844
944.966,309.079,6845
218.034,54.000,6846
200.310,399.930,6847
502.162,444.629,6848
363.480,568.385,6849
350.806,492.266,6850
308.300,571.432,6851
849.690,585.128,6852
86.450,595.382,6853
574.325,532.344,6854
178.755,910.285,6855
446.702,431.515,6856
762.756,785.304,6857
167.449,289.565,6858
922.861,673.200,6859
451.471,778.547,6860
60.664,207.692,6861
90.223,502.499,6862
581.584,575.226,6863
816.933,723.317,6864
35.336,642.005,6865
187.159,948.354,6866
180.096,174.851,6867
333.321,318.872,6868
642.643,215.775,6869
760.979,500.821,6870
886.950,8.591,6871
118.551,805.993,6872
663.581,707.055,6873
789.350,322.025,6874
459.381,256.830,6875
42.864,544.237,6876
139.384,97.725,6877
995.935,323.141,6878
581.268,681.934,6879
956.772,701.499,6880
579.365,133.989,6881
514.754,395.827,6882
299.128,607.116,6883
740.000,976.011,6884
49.534,995.216,6885
485.478,684.848,6886
912.653,455.181,6887
142.741,100.546,6888
833.530,564.139,6889
792.370,237.886,6890
113.907,731.333,6891
229.143,579.149,6892
565.469,36.711,6893
456.683,904.925,6894
53.387,543.826,6895
90.443,529.597,6896
240.675,623.443,6897
102.565,591.424,6898
448.281,171.658,6899
739.179,914.109,6900
499.041,413.325,6901
182.587,912.024,6902
66.109,655.819,6903
26.126,445.165,6904
495.018,558.884,6905
509.997,10.959,6906
755.645,286.327,6907
174.642,738.085,6908
517.917,238.869,6909
826.366,264.560,6910
242.462,978.999,6911
294.941,248.327,6912
538.258,278.774,6913
571.333,50.449,6914
720.707,398.756,6915
345.741,155.876,6916
49.617,120.136,6917
835.897,220.361,6918
805.916,697.394,6919
569.140,802.868,6920
260.152,479.076,6921
60.557,285.667,6922
785.552,717.825,6923
785.136,760.861,6924
775.302,414.376,6925
65.490,163.487,6926
409.263,593.012,6927
650.881,732.842,6928
746.921,255.496,6929
677.231,213.236,6930
956.400,980.852,6931
709.472,900.293,6932
78.031,505.613,6933
585.966,732.304,6934
229.510,480.479,6935
346.927,988.058,6936
537.403,223.065,6937
24.443,139.251,6938
82.930,735.223,6939
504.505,345.152,6940
708.336,340.397,6941
496.781,799.596,6942
690.167,185.407,6943
856.559,705.715,6944
175.551,614.067,6945
232.333,684.899,6946
120.897,505.563,6947
206.971,853.027,6948
562.032,697.884,6949
11.367,444.109,6950
422.787,48.238,6951
892.354,191.448,6952
264.084,374.208,6953
451.545,420.411,6954
129.119,908.136,6955
628.289,285.855,6956
303.234,175.048,6957
567.951,502.253,6958
498.418,836.302,6959
193.220,217.305,6960
463.909,851.993,6961
859.312,89.589,6962
279.909,750.403,6963
135.805,950.614,6964
259.208,801.931,6965
325.744,557.764,6966
816.744,135.259,6967
296.576,518.500,6968
50.688,173.784,6969
205.829,697.557,6970
301.422,172.271,6971
142.609,151.580,6972
711.347,64.642,6973
942.358,532.400,6974
886.301,0.509,6975
428.997,978.934,6976
148.834,851.472,6977
837.659,259.492,6978
227.028,851.023,6979
347.234,810.125,6980
688.277,447.502,6981
801.785,747.899,6982
467.475,603.104,6983
453.108,542.147,6984
756.400,119.086,6985
76.331,735.127,6986
277.186,221.145,6987
974.598,772.013,6988
407.986,269.724,6989
194.882,255.857,6990
512.613,720.240,6991
479.070,137.550,6992
9.388,651.579,6993
708.890,385.667,6994
368.741,406.679,6995
960.212,147.128,6996
872.751,607.442,6997
631.971,267.742,6998
510.346,349.470,6999
