x,y,target_id
256.700,191.671,0
850.607,29.587,1
745.739,164.343,2
106.926,493.978,3
44.636,842.019,4
157.434,317.532,5
2.949,79.804,6
888.627,834.033,7
777.221,991.660,8
286.872,344.873,9
468.296,239.161,10
297.746,65.043,11
103.790,53.499,12
701.051,661.403,13
3.037,941.856,14
367.499,694.964,15
63.814,717.582,16
77.285,404.551,17
470.426,947.883,18
876.824,146.625,19
210.607,918.566,20
323.624,718.144,21
10.743,686.220,22
785.427,890.723,23
63.050,759.880,24
718.803,542.290,25
249.632,496.336,26
944.381,275.004,27
455.655,479.780,28
505.775,839.474,29
481.422,153.153,30
461.803,467.093,31
998.593,520.847,32
493.651,125.491,33
744.769,773.236,34
500.085,283.330,35
232.293,613.569,36
443.438,586.933,37
313.841,966.080,38
764.109,335.695,39
329.480,960.175,40
143.019,319.675,41
249.395,256.667,42
950.116,304.476,43
889.341,461.032,44
519.444,564.600,45
509.353,492.453,46
40.725,755.340,47
571.201,235.801,48
330.889,741.815,49
961.942,25.708,50
351.615,449.760,51
850.253,544.914,52
578.968,258.651,53
163.437,708.920,54
565.814,445.966,55
927.583,377.549,56
442.571,639.556,57
477.854,304.172,58
74.650,742.660,59
875.154,671.342,60
496.948,701.064,61
740.006,507.758,62
199.300,207.778,63
773.942,516.839,64
547.585,571.039,65
787.333,701.910,66
210.557,2.162,67
152.495,979.784,68
185.196,358.830,69
754.923,241.217,70
417.737,579.197,71
880.050,845.819,72
857.026,666.032,73
142.610,143.325,74
683.447,778.575,75
387.947,739.671,76
937.437,979.647,77
478.276,608.762,78
686.248,595.194,79
299.687,387.020,80
974.307,317.838,81
884.694,783.127,82
140.590,139.475,83
625.125,504.644,84
782.580,796.389,85
232.063,905.392,86
813.413,933.727,87
25.486,305.650,88
133.532,282.997,89
935.874,643.316,90
55.486,544.649,91
608.746,241.163,92
294.727,983.182,93
130.124,199.420,94
462.454,646.650,95
519.046,393.047,96
515.888,137.822,97
914.789,248.052,98
306.747,751.858,99
629.829,634.306,100
42.152,946.672,101
153.658,514.144,102
178.529,735.022,103
183.439,796.626,104
799.337,686.904,105
183.200,460.258,106
292.019,429.302,107
293.648,419.265,108
698.145,321.808,109
656.110,62.810,110
803.265,86.795,111
791.258,397.979,112
367.839,795.401,113
82.482,401.517,114
408.372,962.262,115
817.991,16.007,116
45.954,265.152,117
332.122,147.184,118
103.495,779.269,119
670.605,370.519,120
608.947,201.165,121
583.734,450.755,122
573.557,7.842,123
841.134,4.906,124
360.462,555.133,125
148.818,450.457,126
940.473,300.175,127
924.963,107.274,128
392.182,691.610,129
429.029,170.503,130
33.213,503.564,131
559.337,986.282,132
163.580,115.815,133
460.168,547.039,134
81.364,946.311,135
471.924,399.784,136
342.093,665.039,137
858.041,375.775,138
189.710,829.539,139
209.290,382.454,140
191.369,843.842,141
836.195,745.931,142
146.361,130.155,143
772.304,119.336,144
894.469,105.148,145
235.010,895.603,146
840.675,224.725,147
992.124,895.732,148
899.801,285.711,149
587.296,345.383,150
659.887,552.194,151
718.526,579.344,152
144.240,160.688,153
883.955,932.614,154
884.526,462.177,155
511.000,442.650,156
638.685,696.071,157
842.308,470.884,158
525.265,355.895,159
718.746,407.155,160
419.670,426.974,161
935.709,623.259,162
737.056,811.849,163
485.942,478.695,164
252.215,571.455,165
437.546,155.403,166
400.550,928.413,167
240.478,785.174,168
173.393,755.945,169
592.717,766.043,170
487.261,580.155,171
524.502,392.635,172
603.752,427.416,173
942.660,906.743,174
146.999,727.343,175
729.885,193.441,176
73.469,239.996,177
771.049,51.568,178
191.781,207.481,179
382.824,518.735,180
194.963,50.525,181
560.697,136.044,182
487.653,607.482,183
319.039,623.020,184
741.604,819.698,185
301.106,822.300,186
666.955,277.363,187
83.569,399.463,188
449.053,944.305,189
815.951,36.196,190
497.930,789.304,191
959.924,639.307,192
973.724,448.511,193
93.987,451.929,194
550.678,718.519,195
679.890,404.769,196
949.926,736.082,197
415.422,928.114,198
897.084,640.477,199
878.198,174.313,200
558.568,389.872,201
564.758,659.031,202
432.648,934.558,203
584.457,356.733,204
676.385,778.197,205
137.203,846.415,206
786.658,66.655,207
226.259,181.195,208
158.311,558.082,209
804.091,798.210,210
394.001,991.411,211
760.737,84.485,212
508.189,79.354,213
165.101,636.422,214
282.114,389.540,215
208.609,97.719,216
953.964,956.632,217
63.751,552.281,218
966.630,260.176,219
788.818,413.734,220
264.984,569.118,221
691.316,717.003,222
507.958,793.119,223
379.757,279.053,224
978.621,123.466,225
94.425,708.069,226
231.201,795.911,227
887.058,53.175,228
267.212,800.911,229
397.905,53.901,230
552.355,69.540,231
264.855,735.623,232
21.257,206.933,233
581.385,51.110,234
883.560,358.649,235
60.461,732.893,236
212.780,719.760,237
338.771,437.700,238
874.486,797.449,239
448.242,999.000,240
885.446,842.070,241
51.027,912.558,242
95.316,428.524,243
783.847,404.840,244
804.215,603.939,245
425.763,610.254,246
348.311,68.722,247
86.257,487.104,248
398.808,910.818,249
501.489,140.504,250
735.313,814.773,251
364.604,131.073,252
101.766,635.341,253
121.286,281.119,254
207.079,374.113,255
892.043,576.403,256
898.859,447.674,257
965.314,135.594,258
417.543,992.147,259
322.105,297.942,260
990.998,336.565,261
906.691,798.780,262
676.778,871.229,263
946.939,127.166,264
312.995,575.071,265
962.125,309.521,266
646.110,417.985,267
34.754,322.738,268
5.094,136.303,269
193.243,62.620,270
499.763,627.954,271
366.135,591.423,272
964.454,251.334,273
978.706,281.472,274
756.495,663.107,275
81.405,860.935,276
20.526,719.976,277
982.628,34.196,278
634.909,69.081,279
892.614,454.137,280
481.669,262.789,281
826.581,593.153,282
902.317,477.217,283
336.639,282.677,284
805.403,316.843,285
667.618,660.010,286
321.055,901.290,287
581.434,999.000,288
601.029,838.031,289
523.391,348.360,290
800.402,936.217,291
740.986,253.168,292
88.919,457.401,293
453.389,178.516,294
318.615,341.302,295
439.612,99.479,296
392.361,462.943,297
199.367,162.044,298
519.263,657.238,299
131.878,627.317,300
262.662,325.626,301
431.949,444.546,302
178.302,201.172,303
156.252,567.892,304
230.194,859.243,305
880.319,775.371,306
831.491,76.244,307
410.758,97.484,308
277.171,100.043,309
442.396,133.072,310
185.442,596.279,311
135.814,196.272,312
806.314,922.404,313
317.043,21.404,314
622.121,649.086,315
801.158,609.020,316
508.402,591.216,317
64.541,589.046,318
307.444,474.988,319
634.320,684.798,320
876.810,832.609,321
981.110,778.012,322
477.808,459.631,323
181.219,309.725,324
921.647,432.447,325
310.897,787.256,326
526.412,281.385,327
37.504,181.886,328
491.728,417.474,329
730.194,135.713,330
607.664,979.075,331
415.907,472.672,332
826.879,855.598,333
17.364,732.615,334
655.000,923.085,335
887.954,442.355,336
175.250,918.477,337
817.230,746.652,338
773.353,21.273,339
972.660,894.286,340
940.672,713.181,341
220.476,467.496,342
590.809,851.278,343
260.233,70.823,344
799.722,913.470,345
354.708,539.538,346
651.090,980.983,347
465.760,885.364,348
794.223,431.796,349
649.877,318.781,350
148.371,367.049,351
633.367,447.927,352
672.956,354.881,353
306.005,170.404,354
531.609,777.768,355
99.219,590.571,356
954.811,918.441,357
155.528,480.672,358
650.270,771.834,359
927.920,828.785,360
465.756,671.376,361
791.621,897.953,362
408.366,553.852,363
595.826,864.025,364
783.323,664.320,365
390.646,72.517,366
764.640,512.764,367
347.539,343.214,368
507.359,216.530,369
710.138,244.487,370
546.099,962.361,371
867.945,667.113,372
122.885,304.475,373
611.031,818.780,374
38.391,374.276,375
858.523,453.651,376
71.250,489.956,377
849.211,640.916,378
590.635,377.228,379
946.070,237.585,380
42.418,395.085,381
203.765,346.616,382
303.476,476.128,383
828.242,120.111,384
116.171,39.929,385
597.966,167.435,386
216.464,721.698,387
768.155,270.773,388
213.043,505.664,389
901.660,249.095,390
151.102,64.703,391
926.374,76.889,392
320.331,515.767,393
138.470,785.641,394
289.723,891.044,395
293.576,65.167,396
748.753,6.725,397
159.231,293.645,398
351.538,913.965,399
812.418,561.282,400
306.894,550.667,401
468.361,277.561,402
527.122,104.342,403
927.471,367.223,404
394.400,973.674,405
825.221,536.781,406
844.051,332.311,407
61.630,701.734,408
427.818,991.131,409
318.378,474.040,410
58.901,702.004,411
37.185,439.350,412
786.270,313.384,413
209.729,833.152,414
999.000,498.223,415
691.617,464.593,416
188.587,478.060,417
117.106,632.784,418
290.269,539.477,419
871.890,222.585,420
953.769,112.303,421
197.130,668.440,422
613.331,159.650,423
172.474,669.087,424
155.858,101.033,425
960.670,974.521,426
807.358,269.580,427
252.655,793.970,428
281.163,252.975,429
620.788,632.073,430
345.514,469.991,431
836.786,402.958,432
316.040,714.704,433
936.160,100.829,434
40.496,282.128,435
573.850,66.714,436
640.134,847.425,437
347.816,982.436,438
567.420,788.519,439
843.924,351.639,440
392.730,21.936,441
930.933,674.756,442
877.543,706.720,443
479.727,313.851,444
628.381,104.091,445
173.094,282.772,446
835.548,725.758,447
957.526,708.624,448
155.383,217.995,449
623.519,363.297,450
133.250,781.014,451
130.237,844.185,452
819.994,836.433,453
476.972,93.585,454
139.484,209.190,455
953.253,498.965,456
534.403,490.425,457
470.607,756.865,458
50.215,225.951,459
557.782,398.154,460
257.030,77.463,461
880.765,297.770,462
548.044,766.314,463
239.943,705.796,464
250.905,166.082,465
853.972,521.561,466
708.380,157.432,467
40.464,754.946,468
77.356,635.616,469
941.399,985.325,470
401.121,58.966,471
125.372,623.428,472
778.290,303.601,473
345.666,363.767,474
212.046,609.021,475
999.000,509.924,476
986.709,99.625,477
297.747,307.329,478
261.140,929.968,479
540.471,800.934,480
898.628,789.818,481
360.612,118.064,482
561.272,666.801,483
192.024,232.784,484
976.294,414.318,485
615.616,926.941,486
456.825,231.295,487
651.994,220.692,488
166.825,173.172,489
198.146,885.793,490
557.844,50.272,491
736.353,558.387,492
213.799,919.964,493
607.102,134.317,494
157.600,326.188,495
777.975,881.678,496
796.768,854.075,497
636.197,228.772,498
427.622,215.614,499
856.780,879.370,500
608.730,719.555,501
177.026,269.470,502
564.593,41.748,503
661.235,776.793,504
253.826,66.553,505
551.247,385.979,506
435.380,82.487,507
770.759,310.801,508
494.354,66.127,509
882.334,981.903,510
406.122,924.363,511
656.832,184.230,512
141.662,712.004,513
120.203,665.735,514
528.925,542.674,515
858.340,37.190,516
606.426,744.617,517
399.641,793.992,518
372.309,710.992,519
299.151,226.951,520
204.641,196.438,521
774.488,927.058,522
834.766,110.446,523
445.009,683.549,524
130.320,991.300,525
513.710,961.802,526
300.240,271.487,527
111.671,793.512,528
92.120,648.226,529
235.858,649.326,530
646.966,207.436,531
280.378,209.435,532
861.701,401.707,533
282.245,306.241,534
524.174,837.656,535
262.054,609.345,536
807.780,927.087,537
907.304,467.766,538
444.960,340.430,539
33.924,642.708,540
957.784,197.389,541
434.533,198.005,542
305.285,303.656,543
101.498,405.472,544
825.959,549.302,545
65.301,691.566,546
87.169,871.462,547
599.584,691.469,548
479.110,956.131,549
157.118,649.592,550
270.025,805.454,551
430.814,353.333,552
353.472,26.594,553
78.473,350.607,554
552.525,744.487,555
511.276,452.431,556
341.057,238.860,557
158.619,647.468,558
566.563,672.387,559
875.123,16.184,560
956.282,567.268,561
333.556,541.188,562
92.644,929.456,563
595.160,930.400,564
812.006,197.652,565
46.915,846.230,566
211.801,353.344,567
725.350,613.108,568
645.683,360.566,569
133.974,550.978,570
461.445,825.170,571
748.461,10.688,572
100.823,324.326,573
462.273,851.944,574
788.100,622.891,575
705.569,979.025,576
991.431,900.813,577
462.011,296.829,578
656.499,181.027,579
512.724,571.267,580
850.839,515.512,581
348.035,270.754,582
658.711,754.222,583
769.266,29.760,584
575.949,758.891,585
589.530,867.638,586
203.106,877.349,587
454.796,858.679,588
149.160,430.258,589
519.922,103.411,590
732.766,954.510,591
780.181,477.138,592
845.054,942.497,593
943.505,696.259,594
592.220,761.216,595
879.664,220.369,596
453.745,917.382,597
803.286,959.054,598
348.362,336.032,599
838.843,227.950,600
542.254,218.368,601
280.903,78.618,602
219.839,251.042,603
582.518,65.095,604
1.918,441.805,605
191.503,764.253,606
235.362,262.528,607
739.577,160.381,608
668.979,983.080,609
37.629,148.293,610
935.564,495.442,611
87.564,384.365,612
796.041,457.452,613
291.123,688.149,614
759.766,125.995,615
783.095,675.459,616
228.744,435.084,617
348.775,289.478,618
899.491,316.393,619
36.313,743.789,620
961.567,195.755,621
319.223,878.687,622
517.771,34.899,623
785.315,994.530,624
570.830,309.355,625
707.517,870.491,626
401.235,958.176,627
945.253,726.630,628
44.412,557.021,629
7.754,385.271,630
631.122,660.269,631
496.714,633.765,632
170.737,213.697,633
943.477,473.295,634
895.282,9.634,635
156.966,513.251,636
409.155,777.117,637
982.186,599.436,638
101.793,924.738,639
53.063,666.540,640
825.469,48.842,641
656.537,343.847,642
75.577,849.860,643
628.013,832.047,644
820.661,773.310,645
335.506,971.215,646
387.736,817.044,647
886.235,76.416,648
249.680,994.295,649
819.026,917.955,650
486.188,562.133,651
806.618,494.044,652
810.657,801.520,653
363.911,407.925,654
536.533,106.277,655
260.784,850.152,656
677.595,295.615,657
883.742,493.415,658
888.247,489.120,659
911.183,847.210,660
961.044,361.969,661
893.587,791.494,662
725.953,228.845,663
393.879,786.106,664
604.824,62.660,665
559.557,643.905,666
171.307,954.592,667
462.574,56.300,668
217.741,468.184,669
294.428,88.552,670
671.167,775.335,671
382.942,954.917,672
960.379,676.766,673
957.193,765.768,674
327.461,376.590,675
743.865,233.719,676
694.682,807.817,677
45.265,371.478,678
621.163,424.221,679
358.045,542.643,680
494.466,153.926,681
305.181,68.444,682
95.924,686.073,683
459.117,376.110,684
60.349,340.434,685
795.695,623.528,686
477.522,590.439,687
207.932,990.373,688
7.497,518.868,689
226.103,786.619,690
849.196,265.784,691
995.094,891.532,692
794.044,889.611,693
886.102,13.144,694
388.639,42.500,695
466.092,857.278,696
205.888,315.424,697
275.263,848.656,698
358.028,714.419,699
367.459,933.783,700
890.819,635.548,701
318.347,885.845,702
588.860,434.397,703
30.542,928.144,704
8.277,620.405,705
88.241,8.115,706
451.801,820.712,707
649.858,362.679,708
655.826,771.099,709
322.562,349.512,710
290.425,211.285,711
529.080,828.736,712
941.594,762.856,713
348.507,276.472,714
610.908,173.809,715
272.559,461.824,716
537.236,847.494,717
861.591,312.677,718
348.204,19.625,719
886.206,85.280,720
591.659,259.390,721
208.189,96.814,722
676.177,507.529,723
89.708,551.976,724
92.871,717.742,725
764.047,308.612,726
401.608,37.888,727
566.993,181.312,728
116.277,156.585,729
829.814,623.081,730
292.935,980.750,731
474.712,632.504,732
437.152,941.216,733
391.346,172.193,734
888.634,474.342,735
748.265,45.816,736
578.733,452.885,737
936.228,89.484,738
11.547,165.812,739
81.191,54.147,740
904.292,624.666,741
5.530,619.411,742
176.020,237.682,743
267.228,579.896,744
748.568,731.678,745
409.302,340.064,746
855.024,168.798,747
218.830,979.039,748
704.016,583.664,749
999.000,615.036,750
941.357,496.051,751
230.987,865.335,752
67.529,127.159,753
645.800,942.862,754
125.407,91.487,755
617.690,525.562,756
776.291,808.755,757
508.026,27.397,758
661.540,780.033,759
10.038,291.943,760
694.629,69.560,761
888.725,293.751,762
317.336,521.535,763
88.650,474.437,764
619.090,833.764,765
375.926,785.536,766
482.913,950.245,767
308.144,389.948,768
447.132,820.977,769
356.747,232.946,770
169.810,72.518,771
636.273,572.257,772
193.852,0.000,773
555.623,752.611,774
180.287,728.532,775
762.514,588.502,776
928.046,784.747,777
685.638,515.038,778
580.294,172.042,779
455.396,819.360,780
625.800,487.142,781
804.282,735.502,782
953.396,595.267,783
122.575,706.308,784
929.185,346.314,785
971.400,710.039,786
223.542,480.017,787
651.635,164.930,788
12.105,990.127,789
840.731,498.020,790
54.643,192.461,791
730.307,817.633,792
680.355,422.122,793
810.026,668.055,794
757.094,343.761,795
127.718,922.447,796
268.411,497.923,797
852.427,850.746,798
258.415,314.198,799
36.218,459.975,800
406.780,929.000,801
269.024,32.717,802
855.227,985.436,803
430.919,818.479,804
242.497,838.603,805
730.035,830.845,806
698.493,171.829,807
88.764,524.610,808
354.293,332.284,809
497.818,721.108,810
474.880,181.947,811
918.797,915.216,812
336.659,36.635,813
504.259,826.981,814
564.312,63.854,815
416.982,830.147,816
822.370,947.262,817
348.003,310.083,818
105.316,941.441,819
775.148,520.441,820
187.927,966.783,821
285.998,316.804,822
153.808,959.259,823
408.790,596.507,824
405.851,222.892,825
636.900,296.231,826
906.655,380.281,827
758.505,842.279,828
510.575,872.514,829
615.025,512.334,830
783.766,296.851,831
476.576,859.932,832
68.023,948.526,833
614.580,273.422,834
682.587,363.113,835
581.551,706.724,836
571.685,623.394,837
507.404,418.018,838
776.485,513.465,839
217.132,404.035,840
219.505,994.366,841
305.648,930.215,842
667.627,246.447,843
863.670,68.867,844
995.229,415.182,845
99.059,111.362,846
757.820,538.309,847
934.061,303.254,848
940.828,474.183,849
921.494,229.854,850
130.246,132.812,851
759.103,758.388,852
731.659,154.700,853
133.172,714.616,854
714.213,492.501,855
592.213,415.317,856
861.160,597.723,857
312.626,465.231,858
538.258,301.761,859
908.275,271.166,860
339.898,429.696,861
53.846,396.896,862
131.980,575.670,863
942.088,101.989,864
34.346,343.347,865
579.407,229.629,866
499.717,822.011,867
273.095,317.546,868
610.333,800.372,869
184.325,804.620,870
157.382,318.666,871
452.294,361.830,872
770.893,822.700,873
313.316,103.836,874
165.771,804.135,875
137.835,17.084,876
456.175,708.910,877
27.494,71.671,878
450.670,601.276,879
713.968,667.177,880
599.214,751.557,881
166.420,166.091,882
497.084,308.159,883
762.031,84.352,884
728.789,496.841,885
465.434,57.107,886
107.595,248.401,887
790.309,889.505,888
226.709,107.208,889
675.175,18.962,890
200.604,188.516,891
874.119,914.303,892
867.288,367.206,893
798.106,890.854,894
655.263,144.021,895
186.403,137.750,896
355.769,894.662,897
238.367,258.696,898
814.598,375.636,899
811.357,70.009,900
527.353,780.739,901
67.522,745.553,902
566.763,457.702,903
968.936,145.426,904
100.590,434.732,905
449.317,443.001,906
741.959,484.353,907
524.640,759.735,908
660.735,284.733,909
802.966,829.503,910
597.814,697.127,911
813.749,919.206,912
477.814,36.413,913
387.674,39.691,914
70.461,191.374,915
127.272,718.215,916
797.841,576.254,917
309.520,798.229,918
790.979,558.252,919
503.158,895.026,920
604.675,477.598,921
119.990,976.571,922
311.551,136.067,923
278.912,815.565,924
336.764,612.882,925
785.033,694.598,926
204.317,691.391,927
259.528,899.550,928
626.343,651.427,929
492.227,953.637,930
383.125,824.060,931
434.423,511.500,932
954.343,568.435,933
44.249,767.373,934
130.021,682.823,935
797.444,773.588,936
623.110,653.779,937
188.434,943.801,938
576.560,505.280,939
211.158,944.964,940
913.128,584.147,941
884.205,175.112,942
628.174,201.570,943
640.954,781.680,944
258.098,272.864,945
529.547,752.128,946
352.223,928.547,947
398.986,890.776,948
256.309,455.124,949
271.035,699.325,950
1.213,373.814,951
924.088,641.896,952
317.679,483.645,953
659.774,904.804,954
929.862,812.603,955
664.181,496.005,956
447.429,491.941,957
535.049,992.793,958
662.331,656.452,959
89.761,783.208,960
107.847,201.520,961
874.320,314.048,962
307.287,569.473,963
192.761,216.722,964
859.098,433.976,965
10.112,480.798,966
944.378,172.856,967
788.716,750.923,968
249.647,655.533,969
701.692,326.558,970
907.900,328.721,971
131.704,85.638,972
538.359,762.668,973
454.513,368.686,974
35.231,448.643,975
730.521,60.776,976
158.441,115.300,977
998.346,685.852,978
462.407,709.465,979
99.678,467.339,980
784.571,362.531,981
399.373,18.483,982
550.933,630.914,983
690.425,939.303,984
399.874,346.313,985
200.221,315.447,986
385.942,544.469,987
312.276,312.841,988
447.221,364.084,989
24.997,898.121,990
86.716,556.327,991
757.326,654.322,992
152.386,459.296,993
638.439,983.620,994
789.853,685.121,995
351.045,725.560,996
644.902,993.383,997
603.929,666.437,998
57.759,786.538,999
778.127,484.669,1000
60.504,659.176,1001
202.986,263.859,1002
444.665,483.324,1003
403.723,548.809,1004
891.969,934.868,1005
626.412,486.707,1006
147.486,612.817,1007
632.397,792.814,1008
597.729,995.274,1009
177.187,321.018,1010
829.025,662.423,1011
222.662,869.903,1012
858.408,651.683,1013
743.006,58.702,1014
287.167,938.116,1015
296.524,70.993,1016
87.146,815.166,1017
440.049,921.154,1018
755.168,209.525,1019
972.282,585.602,1020
878.213,362.123,1021
243.433,649.359,1022
257.275,92.184,1023
66.800,999.000,1024
567.016,361.859,1025
423.652,768.938,1026
261.585,980.542,1027
639.595,560.841,1028
401.658,118.335,1029
936.220,153.772,1030
213.018,522.043,1031
961.606,186.954,1032
439.463,530.368,1033
656.229,91.824,1034
518.467,458.969,1035
234.057,218.198,1036
617.109,488.053,1037
99.374,645.089,1038
407.604,660.187,1039
718.911,788.490,1040
388.948,844.572,1041
331.970,852.565,1042
115.161,543.960,1043
980.751,634.718,1044
167.812,41.490,1045
875.982,413.588,1046
72.642,30.823,1047
958.993,175.827,1048
58.778,50.944,1049
488.400,51.479,1050
486.997,513.485,1051
639.972,208.878,1052
803.104,399.160,1053
994.879,30.990,1054
245.782,547.250,1055
651.623,843.247,1056
539.296,916.246,1057
594.257,633.302,1058
921.514,237.686,1059
266.883,595.984,1060
146.889,551.372,1061
906.338,108.376,1062
87.584,384.528,1063
178.361,18.848,1064
959.652,891.090,1065
135.562,797.946,1066
782.701,590.976,1067
851.285,295.582,1068
661.466,576.630,1069
599.134,244.556,1070
99.438,500.013,1071
526.746,946.486,1072
464.851,369.352,1073
147.119,435.487,1074
109.731,992.145,1075
882.574,10.254,1076
949.095,153.679,1077
721.513,183.265,1078
715.882,580.531,1079
696.545,184.552,1080
997.894,270.410,1081
340.864,665.752,1082
745.367,902.236,1083
273.798,332.140,1084
105.343,696.596,1085
535.459,549.984,1086
76.087,703.583,1087
500.791,212.121,1088
18.944,339.430,1089
855.898,868.246,1090
466.965,309.192,1091
401.851,639.073,1092
455.986,648.600,1093
314.266,392.384,1094
140.080,462.687,1095
21.196,448.794,1096
486.420,380.174,1097
873.952,531.535,1098
824.821,287.714,1099
577.757,705.030,1100
204.497,936.447,1101
475.057,20.541,1102
587.932,655.590,1103
777.343,667.644,1104
902.201,371.030,1105
450.542,350.587,1106
260.247,259.442,1107
577.096,771.659,1108
162.690,95.354,1109
396.764,304.386,1110
409.825,837.139,1111
663.409,504.719,1112
374.897,219.107,1113
995.397,341.365,1114
394.782,349.102,1115
634.988,207.951,1116
877.208,947.076,1117
449.565,734.851,1118
197.260,170.916,1119
396.098,183.604,1120
1.426,635.992,1121
171.312,256.891,1122
11.641,848.334,1123
275.845,539.024,1124
492.060,907.818,1125
377.507,649.373,1126
983.387,366.051,1127
673.046,317.769,1128
662.687,358.036,1129
788.140,561.112,1130
623.051,954.867,1131
616.302,666.861,1132
150.280,674.597,1133
483.548,952.963,1134
962.582,473.227,1135
62.662,651.055,1136
260.554,244.702,1137
73.739,538.226,1138
770.950,91.105,1139
772.183,363.784,1140
128.244,241.355,1141
251.345,995.934,1142
980.954,196.583,1143
291.982,185.278,1144
188.395,327.359,1145
857.208,18.550,1146
328.727,277.314,1147
758.991,43.313,1148
764.898,454.347,1149
709.252,452.671,1150
587.732,112.275,1151
443.113,279.741,1152
37.117,708.573,1153
785.819,121.874,1154
11.076,7.200,1155
504.877,772.866,1156
566.668,531.896,1157
606.763,701.294,1158
325.456,127.951,1159
580.839,648.274,1160
105.265,725.395,1161
296.586,323.312,1162
246.885,949.270,1163
789.739,797.922,1164
962.858,162.538,1165
746.245,128.207,1166
680.913,203.080,1167
139.472,967.974,1168
221.909,156.097,1169
497.093,837.688,1170
299.024,272.863,1171
325.530,786.719,1172
396.932,529.030,1173
130.151,608.361,1174
903.137,832.274,1175
989.846,848.612,1176
291.016,958.976,1177
330.492,383.958,1178
691.124,820.763,1179
91.777,271.562,1180
612.213,873.840,1181
117.390,262.378,1182
396.685,776.068,1183
752.095,120.080,1184
861.230,767.258,1185
256.135,362.700,1186
312.965,145.078,1187
398.959,947.688,1188
922.930,844.165,1189
93.857,77.095,1190
159.080,496.779,1191
353.043,782.684,1192
923.102,230.073,1193
126.019,757.167,1194
997.694,106.428,1195
693.053,272.739,1196
191.690,369.265,1197
558.051,869.367,1198
269.284,389.071,1199
153.123,35.970,1200
245.441,269.769,1201
873.321,352.486,1202
650.638,41.406,1203
56.504,19.643,1204
918.924,20.494,1205
742.149,32.742,1206
461.235,658.865,1207
28.247,690.550,1208
662.252,643.038,1209
233.195,46.154,1210
414.851,96.200,1211
586.575,884.751,1212
675.017,629.523,1213
386.200,742.797,1214
515.193,309.372,1215
252.351,510.005,1216
287.596,132.438,1217
809.709,564.721,1218
583.470,127.203,1219
43.336,452.063,1220
436.260,50.867,1221
165.917,461.171,1222
841.859,487.045,1223
906.463,742.282,1224
931.671,867.068,1225
302.541,48.045,1226
158.458,958.778,1227
160.923,749.778,1228
27.300,469.982,1229
946.424,678.574,1230
219.254,457.132,1231
55.314,374.525,1232
152.305,130.512,1233
897.016,392.254,1234
739.690,803.497,1235
134.485,985.056,1236
391.050,420.106,1237
604.353,595.036,1238
227.570,891.391,1239
315.871,272.312,1240
468.884,207.127,1241
788.295,183.335,1242
434.616,916.297,1243
538.923,601.052,1244
909.249,875.922,1245
758.893,972.777,1246
683.008,718.689,1247
643.392,787.408,1248
219.834,969.840,1249
184.356,11.857,1250
814.798,663.586,1251
472.191,693.881,1252
195.612,566.739,1253
746.832,334.800,1254
578.790,936.291,1255
384.177,102.141,1256
393.718,68.868,1257
132.838,661.139,1258
115.987,353.647,1259
688.769,373.114,1260
355.696,555.687,1261
543.997,451.488,1262
292.071,90.820,1263
949.211,460.560,1264
431.820,349.723,1265
767.676,307.037,1266
160.158,599.895,1267
791.012,317.515,1268
214.235,678.275,1269
50.741,411.910,1270
269.714,81.664,1271
475.949,351.109,1272
664.359,502.766,1273
257.439,808.143,1274
305.701,438.299,1275
47.689,902.078,1276
646.220,473.768,1277
469.310,440.510,1278
744.921,692.145,1279
584.577,31.276,1280
260.400,115.735,1281
955.260,833.008,1282
828.749,658.698,1283
256.221,144.844,1284
923.845,282.109,1285
237.400,741.327,1286
836.355,50.770,1287
675.744,336.230,1288
382.492,987.511,1289
989.730,540.435,1290
7.515,957.161,1291
200.441,422.629,1292
545.583,531.771,1293
321.488,858.141,1294
352.315,430.451,1295
470.593,616.162,1296
153.019,910.075,1297
897.407,643.299,1298
360.781,568.999,1299
478.523,698.301,1300
425.105,357.379,1301
132.046,244.697,1302
163.912,285.693,1303
835.060,13.706,1304
430.405,895.355,1305
614.571,522.605,1306
805.144,529.246,1307
600.123,802.826,1308
832.158,476.916,1309
286.315,911.680,1310
488.526,834.370,1311
321.286,966.297,1312
443.849,0.848,1313
119.866,235.472,1314
179.170,427.761,1315
768.869,859.812,1316
310.600,20.931,1317
125.362,246.689,1318
191.256,451.316,1319
64.574,783.572,1320
937.041,240.972,1321
100.839,17.564,1322
868.158,970.427,1323
468.618,742.266,1324
616.809,930.268,1325
434.831,216.109,1326
554.433,953.589,1327
146.377,128.795,1328
939.000,452.618,1329
950.805,834.733,1330
419.242,6.008,1331
985.683,629.955,1332
863.452,176.547,1333
637.866,483.900,1334
909.623,606.694,1335
482.402,909.580,1336
856.738,668.212,1337
176.572,500.347,1338
608.992,581.173,1339
687.376,230.224,1340
874.829,589.031,1341
107.879,584.879,1342
353.184,410.957,1343
63.918,568.646,1344
909.325,176.858,1345
867.769,12.981,1346
293.037,582.154,1347
404.677,337.811,1348
875.606,576.271,1349
505.953,667.558,1350
905.986,608.416,1351
546.766,225.098,1352
376.970,21.169,1353
770.462,104.244,1354
110.306,121.617,1355
705.156,673.369,1356
884.406,277.674,1357
832.337,246.566,1358
90.981,795.295,1359
832.671,912.016,1360
342.782,106.284,1361
699.588,962.462,1362
536.118,709.830,1363
711.612,548.660,1364
925.660,562.523,1365
820.723,941.486,1366
682.330,755.582,1367
362.258,43.148,1368
181.457,461.273,1369
969.439,241.861,1370
206.824,306.511,1371
849.882,134.752,1372
119.396,838.293,1373
926.157,292.851,1374
735.388,801.682,1375
836.981,662.744,1376
483.462,74.955,1377
812.380,49.692,1378
270.849,386.081,1379
504.011,981.087,1380
1.553,390.468,1381
208.632,185.255,1382
717.896,490.943,1383
188.224,39.347,1384
148.550,256.667,1385
63.980,939.254,1386
380.733,577.643,1387
529.159,188.530,1388
465.297,425.565,1389
719.244,51.103,1390
17.713,416.872,1391
441.148,783.463,1392
824.603,962.827,1393
862.503,838.322,1394
500.934,233.284,1395
62.509,576.365,1396
4.252,695.356,1397
638.886,662.960,1398
507.281,368.793,1399
942.347,828.806,1400
169.561,274.251,1401
280.696,460.817,1402
320.743,49.195,1403
981.374,308.522,1404
455.530,202.309,1405
693.564,213.740,1406
501.767,9.838,1407
653.157,847.747,1408
40.493,471.397,1409
785.037,329.479,1410
928.960,790.420,1411
840.749,202.468,1412
390.828,332.343,1413
999.000,51.329,1414
216.445,725.730,1415
31.020,276.270,1416
293.420,36.773,1417
222.096,792.495,1418
680.353,275.560,1419
458.557,695.556,1420
138.625,303.190,1421
553.542,990.148,1422
845.017,278.155,1423
897.450,107.061,1424
52.420,470.652,1425
165.270,100.257,1426
538.318,541.209,1427
892.897,223.641,1428
653.834,433.786,1429
727.755,733.125,1430
311.614,860.068,1431
928.851,933.310,1432
246.371,274.882,1433
49.220,804.370,1434
905.533,797.578,1435
760.479,816.580,1436
881.060,110.251,1437
979.823,944.387,1438
179.312,273.903,1439
569.419,89.562,1440
180.020,556.950,1441
729.340,4.250,1442
563.675,354.963,1443
368.107,116.173,1444
555.852,321.119,1445
97.043,74.897,1446
351.677,553.244,1447
957.618,966.112,1448
96.513,266.468,1449
689.998,794.914,1450
73.892,144.660,1451
180.350,565.022,1452
425.657,100.373,1453
639.736,97.962,1454
940.967,158.325,1455
102.376,882.036,1456
14.095,689.360,1457
896.313,113.472,1458
259.631,570.567,1459
356.258,840.669,1460
731.458,871.451,1461
342.764,570.197,1462
223.381,851.139,1463
796.098,335.739,1464
727.889,214.897,1465
334.004,534.679,1466
881.214,6.353,1467
794.555,430.669,1468
221.757,428.227,1469
952.145,409.310,1470
143.749,18.169,1471
510.186,69.752,1472
372.847,915.013,1473
813.555,208.825,1474
654.726,805.414,1475
686.252,918.386,1476
0.038,668.551,1477
887.520,194.013,1478
257.723,433.600,1479
152.230,209.818,1480
77.508,901.734,1481
423.980,372.146,1482
156.241,576.662,1483
491.975,647.234,1484
635.696,910.018,1485
25.255,616.419,1486
980.087,451.096,1487
7.837,753.338,1488
355.684,850.660,1489
781.338,330.597,1490
279.555,616.167,1491
912.095,576.516,1492
774.100,221.281,1493
959.201,692.743,1494
607.011,605.420,1495
743.668,592.441,1496
667.643,29.738,1497
789.079,296.745,1498
288.876,270.339,1499
909.306,288.141,1500
857.139,823.124,1501
661.650,224.320,1502
567.464,691.835,1503
85.479,867.061,1504
354.010,26.523,1505
680.947,507.794,1506
882.758,259.157,1507
139.378,15.090,1508
657.775,746.826,1509
881.994,246.992,1510
398.218,180.647,1511
347.790,941.358,1512
824.795,963.957,1513
95.635,439.652,1514
230.075,59.664,1515
17.346,104.644,1516
662.682,252.998,1517
326.725,729.316,1518
801.924,767.119,1519
759.951,637.083,1520
95.393,954.324,1521
631.685,776.809,1522
658.744,684.025,1523
536.997,211.362,1524
561.838,302.446,1525
929.603,180.103,1526
108.772,111.908,1527
738.323,879.731,1528
879.163,45.415,1529
117.607,814.808,1530
61.127,550.592,1531
264.435,699.738,1532
55.667,255.662,1533
999.000,383.296,1534
318.833,30.141,1535
125.587,359.992,1536
388.273,595.917,1537
216.087,899.956,1538
490.835,289.364,1539
51.234,122.138,1540
42.527,601.531,1541
628.502,569.534,1542
62.749,217.807,1543
5.270,353.795,1544
513.127,211.478,1545
674.308,227.903,1546
886.399,627.783,1547
340.819,761.490,1548
796.994,818.256,1549
956.178,840.002,1550
21.824,768.189,1551
867.928,223.767,1552
890.058,43.177,1553
787.299,731.590,1554
301.140,548.073,1555
296.263,585.174,1556
834.656,594.750,1557
94.831,583.263,1558
393.321,676.569,1559
134.395,60.787,1560
533.071,798.104,1561
74.361,433.991,1562
458.185,851.506,1563
527.044,650.446,1564
124.271,71.020,1565
674.795,549.419,1566
705.134,869.981,1567
233.968,847.996,1568
793.662,101.191,1569
311.432,691.099,1570
313.458,902.153,1571
556.115,585.451,1572
567.836,384.365,1573
989.710,14.609,1574
988.507,16.379,1575
265.904,923.964,1576
507.392,807.767,1577
642.648,613.007,1578
404.650,94.669,1579
938.367,421.473,1580
910.900,955.526,1581
815.616,276.659,1582
714.036,383.957,1583
64.254,790.790,1584
322.610,467.071,1585
399.230,339.294,1586
837.877,365.586,1587
264.659,559.609,1588
328.401,935.160,1589
301.081,323.629,1590
242.834,868.532,1591
580.236,159.742,1592
392.017,281.623,1593
282.267,876.997,1594
901.575,896.308,1595
792.281,668.961,1596
478.916,639.175,1597
351.381,577.418,1598
777.237,682.884,1599
702.729,300.179,1600
290.844,904.475,1601
841.738,236.051,1602
893.331,821.060,1603
73.083,772.068,1604
693.815,836.523,1605
105.591,967.601,1606
757.234,526.160,1607
537.180,738.589,1608
123.540,284.053,1609
281.984,901.119,1610
828.098,747.703,1611
557.517,522.934,1612
794.669,191.770,1613
126.682,154.120,1614
318.137,210.885,1615
248.880,104.322,1616
621.544,586.092,1617
685.334,998.515,1618
6.486,378.243,1619
216.950,486.131,1620
224.439,371.646,1621
882.620,184.267,1622
90.047,462.620,1623
842.521,781.080,1624
807.566,100.358,1625
727.189,555.485,1626
307.116,963.197,1627
999.000,239.151,1628
924.692,259.676,1629
135.346,89.980,1630
147.657,728.921,1631
246.284,713.937,1632
922.862,78.388,1633
791.603,544.265,1634
924.883,291.184,1635
628.836,35.359,1636
788.485,889.638,1637
102.309,438.256,1638
346.799,263.747,1639
700.091,123.111,1640
665.183,378.764,1641
736.897,859.094,1642
922.143,203.509,1643
139.337,689.791,1644
128.282,522.568,1645
626.884,491.947,1646
412.630,264.226,1647
141.729,842.346,1648
502.890,973.028,1649
848.961,301.962,1650
475.947,897.102,1651
2.075,78.356,1652
604.611,716.448,1653
180.829,764.989,1654
536.270,304.616,1655
947.206,692.588,1656
65.547,806.299,1657
909.465,592.804,1658
289.643,756.959,1659
888.742,861.541,1660
564.895,522.107,1661
714.786,784.039,1662
510.185,620.368,1663
228.520,866.745,1664
783.483,500.048,1665
757.087,280.842,1666
591.539,846.274,1667
924.787,123.355,1668
865.483,294.187,1669
802.979,558.284,1670
79.828,549.271,1671
936.531,254.092,1672
851.705,811.422,1673
93.187,822.118,1674
587.938,85.537,1675
453.718,421.319,1676
266.099,665.775,1677
696.869,270.259,1678
461.533,881.619,1679
104.174,164.651,1680
923.116,557.214,1681
504.423,437.332,1682
219.482,700.802,1683
540.080,31.477,1684
537.646,666.981,1685
254.797,756.059,1686
221.506,131.200,1687
778.697,514.232,1688
505.953,915.636,1689
65.342,675.006,1690
1.318,896.474,1691
365.616,430.066,1692
964.439,823.004,1693
379.177,117.899,1694
734.098,38.201,1695
777.833,556.053,1696
441.584,126.267,1697
404.844,369.477,1698
945.447,628.316,1699
143.154,334.828,1700
537.452,585.785,1701
27.708,522.348,1702
53.016,110.963,1703
297.116,64.641,1704
941.607,346.401,1705
221.581,387.849,1706
65.967,837.166,1707
290.621,99.320,1708
467.199,59.991,1709
829.139,234.224,1710
723.637,41.864,1711
494.357,342.654,1712
352.081,367.670,1713
480.821,407.434,1714
99.795,359.840,1715
540.884,401.641,1716
267.866,222.808,1717
317.651,307.426,1718
545.512,672.611,1719
507.168,678.305,1720
879.017,148.982,1721
423.310,591.662,1722
723.377,159.822,1723
116.627,614.273,1724
119.566,797.954,1725
544.585,254.679,1726
827.024,821.303,1727
377.457,830.643,1728
911.761,482.235,1729
356.138,480.641,1730
288.368,739.169,1731
515.080,39.471,1732
290.960,393.192,1733
393.365,788.572,1734
286.817,615.473,1735
757.331,377.209,1736
673.098,319.492,1737
471.416,649.214,1738
247.500,50.126,1739
314.717,264.116,1740
211.334,856.136,1741
979.522,207.045,1742
138.686,123.248,1743
226.013,837.250,1744
806.351,800.059,1745
256.552,672.500,1746
789.244,634.564,1747
404.596,673.497,1748
221.107,467.014,1749
398.144,589.166,1750
796.186,716.980,1751
287.543,231.591,1752
845.923,660.729,1753
651.057,714.962,1754
859.218,829.557,1755
411.120,548.596,1756
615.837,814.253,1757
667.277,676.054,1758
838.005,819.137,1759
782.641,363.610,1760
841.697,712.386,1761
485.889,667.530,1762
308.420,103.393,1763
935.218,7.996,1764
253.663,973.675,1765
447.004,208.105,1766
857.680,466.834,1767
573.398,564.720,1768
719.022,158.828,1769
744.147,965.153,1770
934.403,880.966,1771
162.140,560.078,1772
949.631,613.033,1773
295.009,829.829,1774
544.322,442.690,1775
214.868,504.155,1776
701.272,860.022,1777
821.254,289.621,1778
919.942,309.547,1779
798.938,536.752,1780
916.096,728.858,1781
588.564,661.460,1782
975.947,141.268,1783
579.829,307.172,1784
329.133,571.979,1785
394.772,984.972,1786
526.347,896.065,1787
258.156,293.802,1788
773.324,100.783,1789
190.766,529.069,1790
235.550,108.721,1791
492.511,912.430,1792
656.299,82.784,1793
232.245,953.876,1794
849.128,558.760,1795
595.402,282.801,1796
361.741,174.150,1797
543.150,254.755,1798
565.964,323.441,1799
656.791,51.511,1800
803.418,297.231,1801
962.842,316.719,1802
434.093,871.824,1803
115.190,562.559,1804
282.422,638.202,1805
106.336,583.300,1806
660.066,946.110,1807
227.938,969.698,1808
166.232,565.202,1809
547.147,452.477,1810
716.000,727.156,1811
375.322,285.249,1812
569.455,450.326,1813
417.285,232.906,1814
856.833,320.428,1815
557.594,480.106,1816
916.610,259.759,1817
599.116,825.910,1818
763.004,818.943,1819
207.810,299.653,1820
833.063,809.479,1821
598.206,437.257,1822
575.832,441.274,1823
323.243,460.966,1824
331.272,600.359,1825
850.991,938.629,1826
978.230,432.335,1827
282.428,57.870,1828
103.671,479.058,1829
123.372,931.837,1830
170.706,873.850,1831
423.454,847.803,1832
722.953,646.483,1833
26.206,87.448,1834
225.221,11.163,1835
890.082,87.137,1836
785.149,924.478,1837
867.185,63.127,1838
357.944,987.188,1839
903.590,927.741,1840
503.383,417.701,1841
98.183,899.866,1842
776.646,430.410,1843
188.190,539.574,1844
448.834,449.117,1845
139.724,960.086,1846
783.278,396.239,1847
500.072,200.019,1848
651.212,588.481,1849
552.748,345.024,1850
730.377,254.961,1851
634.309,514.934,1852
873.611,272.691,1853
575.544,632.890,1854
506.803,290.451,1855
151.795,665.776,1856
645.397,384.388,1857
912.245,722.802,1858
920.069,605.752,1859
577.921,822.770,1860
939.659,958.294,1861
50.416,14.840,1862
636.693,550.874,1863
842.400,11.214,1864
967.122,662.307,1865
827.193,589.688,1866
218.254,216.085,1867
848.591,512.228,1868
592.001,683.260,1869
99.504,913.010,1870
231.910,228.239,1871
772.827,304.252,1872
443.395,970.222,1873
113.169,720.596,1874
117.864,453.452,1875
350.148,138.963,1876
702.499,902.187,1877
158.976,710.258,1878
749.285,369.794,1879
154.885,187.845,1880
233.658,348.399,1881
456.781,753.687,1882
500.275,620.513,1883
29.512,612.230,1884
919.382,479.987,1885
115.261,131.800,1886
953.027,595.200,1887
599.126,729.654,1888
467.003,586.287,1889
781.842,976.891,1890
681.361,246.119,1891
149.212,952.972,1892
115.800,523.905,1893
486.156,705.434,1894
746.925,608.377,1895
974.328,840.489,1896
954.627,19.494,1897
34.834,617.742,1898
950.041,797.654,1899
312.783,17.980,1900
618.090,319.892,1901
171.311,818.078,1902
681.921,143.550,1903
145.501,744.241,1904
996.846,804.803,1905
371.924,757.601,1906
382.637,624.873,1907
654.926,345.392,1908
864.460,625.782,1909
442.467,969.431,1910
820.752,154.252,1911
995.347,453.468,1912
64.417,856.175,1913
650.503,448.000,1914
134.364,517.333,1915
725.027,437.339,1916
689.183,45.467,1917
854.725,283.976,1918
680.436,978.531,1919
421.421,305.335,1920
827.370,67.101,1921
211.424,971.979,1922
898.976,776.696,1923
396.000,779.139,1924
781.678,691.967,1925
650.701,610.759,1926
899.472,131.704,1927
260.232,294.445,1928
687.933,70.092,1929
206.153,832.176,1930
310.616,216.432,1931
234.184,956.653,1932
3.062,199.899,1933
591.372,471.880,1934
569.975,505.630,1935
560.159,702.795,1936
51.814,536.689,1937
724.609,112.546,1938
751.467,165.257,1939
403.945,363.170,1940
659.299,910.968,1941
859.049,204.607,1942
104.219,32.718,1943
276.386,710.557,1944
797.218,512.714,1945
621.261,514.694,1946
77.250,143.871,1947
847.554,985.876,1948
96.563,446.734,1949
393.309,43.377,1950
296.397,593.420,1951
878.796,483.445,1952
928.738,468.909,1953
924.346,559.561,1954
614.312,720.311,1955
171.274,632.173,1956
484.057,898.777,1957
456.117,23.046,1958
710.551,792.462,1959
186.731,968.609,1960
820.497,78.467,1961
794.225,165.250,1962
300.636,934.359,1963
599.853,341.601,1964
94.354,557.210,1965
62.434,220.129,1966
858.317,333.560,1967
547.709,265.144,1968
973.792,235.114,1969
664.758,287.707,1970
81.824,217.057,1971
897.211,141.158,1972
997.052,908.211,1973
847.590,846.486,1974
779.599,984.566,1975
319.423,828.891,1976
309.033,737.328,1977
655.649,633.021,1978
434.537,206.534,1979
490.671,830.822,1980
187.147,4.806,1981
298.884,380.674,1982
938.339,839.747,1983
526.633,797.304,1984
90.676,703.886,1985
633.083,677.060,1986
764.466,225.617,1987
446.416,626.782,1988
472.503,717.459,1989
304.147,403.919,1990
497.316,58.479,1991
217.735,960.547,1992
125.736,511.884,1993
304.607,450.499,1994
425.303,86.782,1995
293.782,276.943,1996
269.245,893.963,1997
61.201,884.792,1998
798.701,7.776,1999
824.772,578.918,2000
442.234,745.448,2001
808.624,39.463,2002
233.995,408.554,2003
518.293,74.686,2004
732.853,867.856,2005
555.992,449.189,2006
711.536,459.643,2007
898.191,73.788,2008
195.663,632.026,2009
418.775,368.958,2010
532.733,411.567,2011
865.557,826.252,2012
504.891,587.957,2013
76.740,19.410,2014
240.098,771.140,2015
941.357,984.406,2016
885.939,666.485,2017
760.215,527.355,2018
454.988,185.829,2019
104.913,948.987,2020
831.202,289.398,2021
534.009,723.338,2022
29.723,761.034,2023
967.726,923.083,2024
105.527,330.503,2025
712.837,43.682,2026
861.692,968.731,2027
956.926,610.234,2028
405.810,532.398,2029
441.087,197.106,2030
655.789,241.395,2031
11.160,423.016,2032
659.057,202.052,2033
393.740,362.374,2034
101.824,676.830,2035
70.273,91.998,2036
11.837,815.994,2037
79.577,122.695,2038
863.410,911.151,2039
567.682,970.067,2040
73.370,438.852,2041
926.264,526.729,2042
712.001,828.562,2043
682.341,696.403,2044
953.492,209.575,2045
574.175,57.609,2046
896.061,806.164,2047
650.247,2.984,2048
781.075,739.465,2049
405.960,26.105,2050
613.879,319.474,2051
968.739,245.611,2052
760.194,669.576,2053
368.216,733.430,2054
965.177,847.325,2055
912.303,512.190,2056
246.930,326.346,2057
810.556,430.459,2058
854.175,533.763,2059
896.115,281.294,2060
947.271,580.437,2061
665.235,686.508,2062
584.630,752.742,2063
445.944,675.468,2064
407.165,379.093,2065
867.113,9.019,2066
422.886,703.520,2067
80.209,590.091,2068
879.261,80.518,2069
421.558,120.215,2070
654.381,571.578,2071
310.779,974.985,2072
631.426,298.432,2073
662.021,957.957,2074
464.242,257.518,2075
883.268,87.875,2076
365.774,455.450,2077
165.367,232.681,2078
128.535,138.795,2079
126.785,840.948,2080
563.060,248.866,2081
929.257,712.285,2082
237.123,395.946,2083
211.518,746.949,2084
809.383,307.704,2085
656.970,213.040,2086
410.421,530.187,2087
113.152,762.102,2088
560.234,685.143,2089
415.212,255.569,2090
901.927,326.777,2091
437.160,165.937,2092
789.775,416.474,2093
448.932,800.406,2094
539.508,459.520,2095
236.623,543.802,2096
536.264,60.171,2097
930.083,183.885,2098
702.019,795.420,2099
25.325,610.416,2100
507.073,398.720,2101
999.000,272.958,2102
389.446,704.402,2103
301.768,908.451,2104
895.942,525.895,2105
841.720,375.134,2106
363.192,966.356,2107
869.049,58.678,2108
277.723,711.353,2109
174.850,821.093,2110
106.054,366.095,2111
852.994,149.912,2112
647.225,875.909,2113
486.338,454.601,2114
841.609,105.945,2115
228.935,831.483,2116
513.547,541.318,2117
767.659,889.724,2118
940.820,364.659,2119
866.122,742.344,2120
231.198,93.280,2121
246.185,546.718,2122
858.175,108.209,2123
434.084,708.760,2124
43.450,16.115,2125
319.904,426.150,2126
300.790,954.432,2127
270.519,639.323,2128
423.617,818.925,2129
385.467,830.086,2130
452.228,254.779,2131
878.294,507.621,2132
499.541,558.294,2133
625.710,959.728,2134
218.499,141.204,2135
254.638,359.615,2136
386.212,725.053,2137
995.557,747.703,2138
660.573,699.569,2139
907.591,593.096,2140
487.348,738.627,2141
496.055,123.415,2142
42.220,866.737,2143
944.175,708.331,2144
563.918,540.722,2145
4.871,273.383,2146
614.836,878.878,2147
828.318,142.096,2148
721.030,444.063,2149
583.250,540.138,2150
685.241,464.799,2151
482.556,453.777,2152
246.219,635.864,2153
211.252,438.023,2154
461.943,851.421,2155
246.647,65.711,2156
819.542,610.309,2157
221.517,203.456,2158
62.545,482.317,2159
171.846,770.624,2160
143.652,525.408,2161
749.321,282.513,2162
109.845,339.696,2163
417.666,348.643,2164
284.656,203.491,2165
451.175,639.038,2166
941.536,955.099,2167
78.500,127.899,2168
753.660,340.190,2169
563.284,402.742,2170
949.004,794.796,2171
515.951,80.735,2172
40.441,289.150,2173
5.174,533.263,2174
342.063,938.254,2175
610.455,726.085,2176
133.299,372.421,2177
425.197,441.089,2178
691.424,282.768,2179
643.359,108.315,2180
910.212,292.904,2181
52.529,632.014,2182
898.274,836.994,2183
453.854,942.506,2184
899.223,465.655,2185
50.049,326.009,2186
676.597,206.482,2187
83.070,751.832,2188
555.801,167.442,2189
802.052,492.126,2190
336.303,985.615,2191
665.204,814.008,2192
331.086,45.204,2193
466.037,861.828,2194
378.593,930.325,2195
737.945,295.877,2196
541.924,449.973,2197
751.195,203.412,2198
958.650,124.594,2199
992.979,326.555,2200
823.297,329.706,2201
728.220,245.830,2202
188.665,645.656,2203
667.297,461.558,2204
619.909,756.543,2205
85.766,980.768,2206
486.384,198.556,2207
25.547,282.018,2208
870.809,241.675,2209
152.430,205.354,2210
0.000,126.345,2211
556.594,284.636,2212
502.704,27.923,2213
534.572,499.352,2214
85.692,850.877,2215
888.998,858.220,2216
50.514,516.836,2217
340.752,583.711,2218
893.205,498.374,2219
392.445,664.080,2220
296.318,468.022,2221
832.199,390.444,2222
57.872,108.557,2223
971.447,872.555,2224
38.559,107.482,2225
127.956,929.418,2226
436.362,366.493,2227
782.977,188.712,2228
338.164,402.364,2229
963.046,915.970,2230
65.571,109.141,2231
222.733,375.402,2232
467.972,644.961,2233
275.753,372.075,2234
716.320,762.977,2235
316.307,649.353,2236
181.371,665.605,2237
740.768,636.145,2238
507.042,876.580,2239
886.076,632.285,2240
373.846,651.336,2241
401.199,914.632,2242
248.415,572.007,2243
85.049,889.376,2244
713.993,128.761,2245
48.124,385.511,2246
25.439,209.551,2247
585.929,58.028,2248
952.918,683.928,2249
365.654,748.852,2250
495.844,317.911,2251
615.532,792.224,2252
100.966,846.034,2253
288.044,1.617,2254
843.969,838.495,2255
500.193,710.777,2256
319.435,210.183,2257
762.478,578.020,2258
960.718,684.875,2259
609.864,718.694,2260
736.929,734.656,2261
552.272,546.447,2262
87.320,995.080,2263
699.587,924.471,2264
644.562,925.485,2265
334.674,339.865,2266
369.947,581.519,2267
887.187,698.743,2268
389.618,92.069,2269
63.671,199.940,2270
720.440,889.502,2271
96.859,34.513,2272
586.047,879.030,2273
689.013,789.106,2274
604.521,808.614,2275
378.799,327.742,2276
663.414,864.915,2277
173.428,473.326,2278
496.876,394.564,2279
326.803,772.740,2280
184.457,141.439,2281
510.771,926.922,2282
179.507,649.736,2283
931.085,75.542,2284
660.756,750.658,2285
400.830,652.867,2286
771.150,703.921,2287
539.467,843.179,2288
102.031,407.330,2289
378.607,354.065,2290
327.302,700.987,2291
748.351,342.332,2292
823.713,341.541,2293
246.290,154.547,2294
541.072,566.430,2295
44.950,692.803,2296
390.598,982.128,2297
955.239,734.653,2298
547.679,928.917,2299
593.385,981.679,2300
162.537,388.758,2301
615.304,2.744,2302
736.815,611.441,2303
721.465,365.084,2304
190.852,936.732,2305
391.077,860.609,2306
262.370,151.757,2307
58.441,639.368,2308
770.236,724.715,2309
790.661,158.272,2310
655.122,540.983,2311
535.195,652.773,2312
652.118,690.700,2313
713.413,811.381,2314
783.208,731.014,2315
470.222,605.936,2316
748.298,704.188,2317
304.286,547.587,2318
314.789,969.472,2319
228.111,167.110,2320
841.819,670.713,2321
998.005,266.524,2322
81.038,648.558,2323
694.560,967.651,2324
659.795,878.192,2325
471.281,182.668,2326
676.033,60.648,2327
163.228,1.471,2328
821.587,30.857,2329
989.492,860.108,2330
164.280,768.864,2331
606.933,357.349,2332
634.538,475.914,2333
32.699,423.436,2334
655.565,773.681,2335
838.849,727.830,2336
946.944,767.753,2337
366.277,155.437,2338
302.557,141.893,2339
798.887,742.737,2340
105.562,257.119,2341
416.318,477.164,2342
724.894,345.510,2343
838.890,331.014,2344
229.873,181.269,2345
683.445,693.422,2346
937.410,62.673,2347
802.148,49.541,2348
510.526,281.855,2349
456.197,915.086,2350
10.987,516.830,2351
895.456,467.958,2352
525.907,929.968,2353
707.308,713.674,2354
65.362,679.012,2355
502.193,817.349,2356
268.178,463.386,2357
199.799,11.071,2358
988.027,63.635,2359
384.679,983.608,2360
490.257,702.695,2361
914.908,328.012,2362
523.366,650.155,2363
537.267,498.948,2364
391.582,602.753,2365
398.119,896.954,2366
629.323,174.238,2367
965.026,204.488,2368
96.601,49.953,2369
948.627,874.351,2370
274.271,232.919,2371
215.588,542.749,2372
60.880,824.086,2373
872.324,105.862,2374
258.029,981.004,2375
306.226,151.052,2376
266.312,957.689,2377
298.200,200.678,2378
787.828,310.921,2379
862.595,577.637,2380
933.065,26.103,2381
189.387,942.453,2382
962.688,261.439,2383
734.695,782.558,2384
318.491,625.030,2385
428.177,954.762,2386
438.094,188.291,2387
506.048,418.842,2388
220.552,347.338,2389
326.196,487.670,2390
50.265,899.458,2391
874.850,429.770,2392
62.391,304.209,2393
635.553,760.718,2394
291.301,220.560,2395
296.266,159.261,2396
164.141,351.667,2397
393.234,844.333,2398
211.134,351.113,2399
299.214,22.199,2400
627.859,936.228,2401
786.878,289.443,2402
472.084,136.028,2403
2.616,883.152,2404
227.320,768.160,2405
352.172,633.506,2406
988.504,770.002,2407
343.419,356.268,2408
351.555,594.977,2409
227.118,767.145,2410
154.381,66.048,2411
453.486,107.367,2412
212.026,443.074,2413
204.630,911.626,2414
991.714,62.296,2415
641.285,618.390,2416
146.959,823.087,2417
268.744,9.108,2418
667.489,304.335,2419
30.826,135.178,2420
274.450,768.603,2421
738.578,801.427,2422
415.947,101.027,2423
333.790,532.735,2424
465.428,424.436,2425
977.967,29.312,2426
41.969,114.005,2427
578.590,120.412,2428
492.608,128.579,2429
276.345,226.763,2430
595.486,765.751,2431
556.874,19.018,2432
667.805,168.871,2433
828.714,297.806,2434
370.361,355.004,2435
146.203,275.849,2436
756.507,859.370,2437
60.257,15.596,2438
159.874,895.599,2439
452.277,339.531,2440
89.306,488.117,2441
32.736,565.326,2442
25.850,495.971,2443
364.900,980.578,2444
914.182,769.685,2445
40.677,905.533,2446
422.142,567.141,2447
291.982,79.296,2448
263.207,509.669,2449
529.215,871.459,2450
720.908,45.211,2451
13.260,450.615,2452
35.822,342.675,2453
64.198,532.944,2454
252.251,611.512,2455
345.206,0.114,2456
554.543,914.704,2457
2.638,223.430,2458
821.033,790.172,2459
56.791,128.164,2460
664.434,204.234,2461
642.767,956.961,2462
798.970,656.683,2463
225.693,479.865,2464
383.585,439.013,2465
379.344,616.124,2466
412.026,895.590,2467
556.403,922.178,2468
922.701,923.841,2469
336.842,369.672,2470
233.289,312.260,2471
492.067,965.138,2472
969.216,834.262,2473
441.814,500.084,2474
237.479,357.326,2475
634.253,363.454,2476
46.399,147.812,2477
445.621,853.989,2478
972.578,72.492,2479
4.741,782.548,2480
112.100,226.096,2481
878.539,551.353,2482
360.463,778.950,2483
219.774,384.446,2484
442.763,815.111,2485
376.317,276.265,2486
962.935,613.603,2487
861.017,831.329,2488
743.567,83.230,2489
817.599,744.591,2490
101.302,266.370,2491
663.403,875.842,2492
982.885,369.483,2493
104.323,645.219,2494
927.350,681.795,2495
957.864,21.830,2496
644.510,450.178,2497
589.132,258.252,2498
412.092,244.189,2499
529.782,766.509,2500
630.489,369.454,2501
608.851,493.316,2502
662.935,122.607,2503
599.311,109.440,2504
305.940,995.777,2505
449.783,364.559,2506
774.848,933.234,2507
867.684,95.966,2508
191.722,44.493,2509
469.951,443.412,2510
799.369,681.060,2511
260.402,800.464,2512
186.644,858.727,2513
679.901,142.210,2514
239.575,226.976,2515
247.882,78.859,2516
155.072,946.467,2517
62.419,64.801,2518
133.487,643.738,2519
410.007,15.438,2520
200.780,545.974,2521
235.077,446.767,2522
267.451,148.494,2523
772.610,389.964,2524
422.007,943.233,2525
952.114,477.108,2526
341.478,181.051,2527
121.529,604.468,2528
972.845,786.848,2529
599.585,754.369,2530
562.611,493.995,2531
8.736,462.866,2532
101.153,208.901,2533
821.053,409.969,2534
15.389,881.915,2535
387.266,417.231,2536
432.293,27.145,2537
64.585,22.388,2538
119.389,533.705,2539
212.934,614.234,2540
968.583,186.710,2541
728.626,235.058,2542
87.882,39.169,2543
69.257,140.221,2544
601.665,877.015,2545
458.884,97.535,2546
78.436,743.294,2547
19.940,938.665,2548
276.482,997.338,2549
75.028,57.487,2550
482.048,935.590,2551
18.560,106.131,2552
217.330,146.480,2553
470.582,644.515,2554
336.486,909.514,2555
107.043,763.656,2556
434.460,670.831,2557
790.463,373.434,2558
259.579,834.678,2559
380.255,362.649,2560
231.716,433.164,2561
309.980,620.994,2562
507.450,897.187,2563
272.031,405.331,2564
911.724,601.468,2565
815.944,740.926,2566
654.388,548.001,2567
275.284,369.080,2568
174.755,174.011,2569
531.292,52.547,2570
924.710,615.850,2571
406.543,494.338,2572
471.405,229.274,2573
869.379,128.826,2574
127.093,160.147,2575
578.351,367.413,2576
369.810,497.357,2577
415.166,910.817,2578
858.075,799.562,2579
59.975,486.747,2580
853.914,739.934,2581
84.204,372.515,2582
609.202,96.249,2583
281.830,701.562,2584
251.880,213.606,2585
673.016,210.556,2586
626.586,46.443,2587
676.639,490.135,2588
763.071,882.859,2589
11.612,606.995,2590
453.911,787.463,2591
878.725,209.927,2592
365.883,73.813,2593
201.493,459.977,2594
336.697,340.317,2595
490.324,287.059,2596
313.276,762.583,2597
241.682,846.226,2598
695.951,280.586,2599
255.985,694.959,2600
427.120,399.807,2601
393.485,317.581,2602
53.071,822.620,2603
113.506,931.226,2604
122.341,577.627,2605
263.916,888.762,2606
494.730,982.556,2607
337.527,653.239,2608
377.762,779.727,2609
134.748,418.061,2610
820.065,743.565,2611
426.965,664.511,2612
530.171,464.551,2613
39.461,433.278,2614
43.003,809.918,2615
952.576,319.243,2616
118.697,736.436,2617
350.365,847.522,2618
829.757,666.376,2619
731.780,956.398,2620
708.921,8.232,2621
296.177,793.731,2622
900.832,267.498,2623
792.262,37.496,2624
97.067,317.910,2625
689.100,609.036,2626
524.735,283.020,2627
323.467,569.793,2628
750.145,583.633,2629
681.028,690.106,2630
64.667,574.717,2631
193.242,889.659,2632
219.440,140.234,2633
803.611,569.309,2634
697.574,803.769,2635
52.372,668.455,2636
994.822,559.896,2637
207.316,154.290,2638
812.672,953.539,2639
573.799,438.065,2640
119.809,57.368,2641
565.692,214.441,2642
440.732,608.278,2643
233.491,200.621,2644
385.998,442.599,2645
160.063,233.291,2646
734.882,831.775,2647
238.925,264.788,2648
364.520,731.844,2649
367.351,821.483,2650
2.388,131.524,2651
331.841,560.606,2652
980.883,67.419,2653
241.445,931.345,2654
173.856,975.825,2655
379.186,316.890,2656
469.852,270.258,2657
353.089,835.530,2658
588.498,861.895,2659
183.529,761.396,2660
709.905,17.076,2661
549.066,468.378,2662
260.799,728.797,2663
314.625,284.637,2664
115.483,977.101,2665
893.985,552.392,2666
313.315,540.929,2667
714.109,963.895,2668
921.476,391.966,2669
997.180,939.825,2670
910.083,625.827,2671
553.178,840.857,2672
249.418,587.164,2673
522.399,904.288,2674
867.088,225.461,2675
900.356,867.529,2676
372.849,740.377,2677
422.525,959.288,2678
430.316,618.198,2679
654.234,945.958,2680
396.600,489.612,2681
332.987,106.249,2682
43.749,796.232,2683
908.566,486.815,2684
912.664,449.072,2685
396.562,249.991,2686
238.784,91.890,2687
849.672,881.138,2688
94.612,299.509,2689
657.569,839.045,2690
184.902,71.205,2691
972.435,963.846,2692
451.752,142.948,2693
699.090,836.134,2694
581.564,839.367,2695
158.156,738.867,2696
544.160,420.752,2697
328.841,55.349,2698
609.625,513.113,2699
644.297,979.682,2700
466.081,470.100,2701
83.863,111.651,2702
897.467,148.432,2703
273.700,456.348,2704
748.800,82.878,2705
574.236,745.896,2706
111.568,312.674,2707
552.546,983.767,2708
696.419,204.594,2709
819.517,261.902,2710
103.314,605.776,2711
793.788,42.728,2712
933.958,207.427,2713
694.883,455.593,2714
768.737,445.297,2715
901.184,163.857,2716
252.874,818.884,2717
790.235,325.641,2718
322.648,697.631,2719
18.374,292.557,2720
888.163,184.570,2721
740.281,235.661,2722
862.692,827.189,2723
405.758,939.142,2724
657.018,461.657,2725
199.391,120.938,2726
257.959,453.741,2727
548.243,956.530,2728
945.870,401.167,2729
938.042,768.135,2730
932.145,396.456,2731
225.261,575.358,2732
365.080,406.374,2733
574.492,56.038,2734
264.922,869.312,2735
200.965,163.541,2736
167.053,447.653,2737
955.547,570.565,2738
775.733,134.966,2739
302.355,406.322,2740
130.360,630.758,2741
871.488,910.807,2742
408.432,265.346,2743
294.541,717.828,2744
989.818,733.651,2745
978.101,125.281,2746
966.740,988.418,2747
990.989,836.187,2748
484.204,322.664,2749
554.537,410.293,2750
40.721,525.055,2751
951.291,38.094,2752
546.429,454.902,2753
733.494,63.881,2754
27.557,616.060,2755
573.103,876.198,2756
672.374,808.319,2757
73.019,514.446,2758
591.549,158.136,2759
974.835,968.649,2760
986.788,16.022,2761
44.579,54.503,2762
368.299,12.498,2763
887.694,72.994,2764
245.667,304.559,2765
651.756,439.083,2766
852.267,951.397,2767
671.846,131.010,2768
887.258,637.769,2769
85.567,68.883,2770
21.408,947.144,2771
454.093,228.745,2772
87.328,346.215,2773
658.121,179.809,2774
540.022,790.279,2775
93.071,957.673,2776
807.295,424.113,2777
225.834,783.050,2778
68.356,621.541,2779
174.984,180.130,2780
248.169,614.636,2781
384.405,756.260,2782
191.805,397.622,2783
762.552,630.171,2784
363.978,769.445,2785
511.913,152.915,2786
748.788,755.250,2787
605.033,788.941,2788
408.606,345.330,2789
625.623,188.047,2790
252.667,189.847,2791
25.967,605.636,2792
816.395,845.638,2793
155.257,163.867,2794
543.247,213.885,2795
998.222,763.774,2796
109.781,236.821,2797
224.098,817.616,2798
866.140,744.705,2799
949.205,144.640,2800
415.439,237.040,2801
984.439,929.510,2802
934.912,859.793,2803
819.414,675.423,2804
314.855,350.690,2805
373.252,923.970,2806
835.826,605.871,2807
684.616,477.506,2808
421.427,836.584,2809
518.109,290.509,2810
394.010,22.155,2811
975.819,806.999,2812
149.726,33.731,2813
496.346,605.561,2814
822.720,215.937,2815
635.833,362.079,2816
225.929,782.653,2817
348.895,795.066,2818
617.359,317.479,2819
502.394,767.087,2820
659.277,634.308,2821
377.720,177.505,2822
94.731,888.511,2823
27.537,191.037,2824
794.703,671.875,2825
163.148,677.627,2826
810.712,930.457,2827
414.822,851.979,2828
500.644,427.590,2829
87.572,290.028,2830
954.050,548.229,2831
195.769,348.744,2832
763.490,571.671,2833
74.178,519.948,2834
491.596,13.392,2835
390.923,617.823,2836
458.230,47.079,2837
84.577,698.241,2838
914.375,178.867,2839
853.424,714.982,2840
248.805,940.842,2841
507.345,371.467,2842
733.173,461.186,2843
785.820,250.318,2844
394.289,754.807,2845
511.983,22.625,2846
644.819,853.251,2847
590.920,906.106,2848
422.656,782.644,2849
40.162,353.714,2850
791.082,705.572,2851
485.022,862.526,2852
203.243,588.010,2853
33.887,128.036,2854
427.349,136.541,2855
331.155,999.000,2856
480.832,44.121,2857
586.043,305.527,2858
344.125,613.173,2859
509.709,112.717,2860
708.687,881.291,2861
19.596,992.398,2862
74.577,964.949,2863
322.294,859.103,2864
902.387,658.819,2865
168.315,35.541,2866
155.066,263.647,2867
793.592,990.167,2868
284.842,486.504,2869
795.953,175.733,2870
364.785,132.827,2871
773.039,0.598,2872
345.667,876.181,2873
271.987,579.473,2874
544.584,494.300,2875
539.721,977.231,2876
163.148,605.654,2877
363.411,183.226,2878
250.971,368.991,2879
221.586,644.696,2880
327.860,831.961,2881
159.460,516.019,2882
593.758,334.700,2883
429.839,650.957,2884
419.813,312.070,2885
918.680,42.572,2886
456.023,29.809,2887
116.483,246.662,2888
43.342,532.233,2889
345.970,891.338,2890
218.039,718.622,2891
561.994,219.773,2892
578.543,352.826,2893
333.563,742.334,2894
750.161,435.285,2895
181.093,562.676,2896
308.611,399.052,2897
291.389,260.470,2898
153.104,14.706,2899
349.438,545.675,2900
749.307,716.963,2901
265.692,531.880,2902
109.834,401.725,2903
95.216,143.369,2904
215.154,826.731,2905
130.716,975.280,2906
962.663,502.695,2907
704.293,295.981,2908
172.364,947.397,2909
608.369,588.568,2910
242.194,211.831,2911
818.404,585.959,2912
831.487,329.422,2913
396.079,818.912,2914
814.198,388.343,2915
515.726,199.048,2916
381.886,730.743,2917
443.815,199.011,2918
405.198,545.245,2919
978.186,908.447,2920
183.634,13.729,2921
80.445,879.772,2922
282.799,956.127,2923
9.680,305.891,2924
121.257,917.521,2925
164.932,905.679,2926
21.429,423.981,2927
842.176,599.807,2928
186.679,366.448,2929
250.358,156.214,2930
156.838,817.930,2931
43.600,90.125,2932
363.569,526.479,2933
221.859,372.660,2934
226.070,385.813,2935
695.562,985.207,2936
194.131,380.279,2937
954.985,803.228,2938
8.984,710.594,2939
975.281,274.104,2940
980.913,605.159,2941
877.355,765.189,2942
761.348,420.473,2943
993.604,939.655,2944
181.645,184.327,2945
241.713,732.236,2946
356.470,211.426,2947
196.972,9.845,2948
973.298,841.340,2949
781.922,146.130,2950
811.671,982.714,2951
304.363,316.015,2952
493.019,990.696,2953
36.025,155.166,2954
7.831,620.662,2955
0.522,716.171,2956
552.516,69.028,2957
479.080,944.206,2958
604.746,460.146,2959
65.731,641.148,2960
758.946,617.005,2961
712.459,532.473,2962
923.501,318.846,2963
930.957,670.637,2964
649.032,119.568,2965
547.259,204.097,2966
210.000,952.683,2967
0.000,501.147,2968
200.212,699.690,2969
129.654,436.864,2970
465.583,647.350,2971
329.608,426.845,2972
969.630,951.933,2973
846.451,986.696,2974
421.382,499.527,2975
934.161,750.634,2976
485.592,605.642,2977
588.525,8.178,2978
631.577,197.043,2979
5.675,854.101,2980
135.388,394.933,2981
930.048,869.803,2982
854.757,199.296,2983
480.460,878.315,2984
323.654,352.379,2985
633.941,724.339,2986
527.492,482.759,2987
157.879,357.600,2988
521.082,216.431,2989
700.158,251.220,2990
76.895,609.918,2991
925.070,316.094,2992
26.281,731.863,2993
904.630,967.372,2994
390.083,319.066,2995
268.728,843.690,2996
515.061,326.561,2997
769.740,918.749,2998
437.689,16.532,2999
190.267,910.256,3000
342.791,642.301,3001
603.644,631.576,3002
53.920,908.000,3003
668.929,261.320,3004
569.618,813.611,3005
768.192,434.368,3006
689.503,776.387,3007
925.064,319.516,3008
254.656,126.310,3009
450.607,417.592,3010
443.774,567.243,3011
794.228,795.208,3012
66.905,676.766,3013
995.818,788.597,3014
371.763,765.464,3015
365.160,937.400,3016
606.043,166.628,3017
786.691,675.763,3018
337.533,705.315,3019
162.365,934.791,3020
590.933,101.291,3021
194.130,986.774,3022
444.902,311.072,3023
526.111,265.108,3024
712.324,65.617,3025
688.257,866.699,3026
18.869,20.877,3027
699.583,202.183,3028
414.822,918.467,3029
968.693,805.466,3030
619.806,881.966,3031
594.058,996.895,3032
291.181,957.724,3033
169.854,426.599,3034
138.540,511.502,3035
387.784,75.302,3036
454.773,794.910,3037
784.819,91.780,3038
533.586,810.704,3039
566.765,884.845,3040
140.866,984.660,3041
768.663,287.017,3042
658.405,397.041,3043
4.862,358.010,3044
446.405,276.097,3045
346.400,89.903,3046
201.160,296.209,3047
12.110,599.808,3048
693.446,451.610,3049
588.161,984.255,3050
625.468,474.809,3051
829.849,182.910,3052
670.820,888.968,3053
442.768,188.511,3054
3.749,725.171,3055
767.485,369.104,3056
569.740,446.709,3057
574.043,57.650,3058
494.563,161.601,3059
174.406,924.271,3060
301.823,502.821,3061
333.740,719.213,3062
630.506,541.141,3063
994.371,736.894,3064
292.317,250.410,3065
421.655,376.271,3066
58.152,80.710,3067
807.439,368.129,3068
56.724,176.353,3069
445.698,995.011,3070
35.912,109.938,3071
310.787,575.565,3072
586.727,512.338,3073
647.700,539.498,3074
123.925,617.279,3075
603.966,970.660,3076
477.328,994.370,3077
868.513,647.398,3078
847.571,870.943,3079
987.573,514.459,3080
103.231,772.632,3081
751.614,760.368,3082
804.616,363.567,3083
57.769,159.800,3084
705.904,838.295,3085
542.777,985.136,3086
609.287,942.699,3087
678.331,786.984,3088
184.525,419.343,3089
294.385,701.915,3090
883.555,874.626,3091
468.085,9.779,3092
743.738,79.180,3093
979.448,123.356,3094
269.141,850.089,3095
154.842,985.064,3096
716.646,384.082,3097
827.689,136.283,3098
120.539,937.181,3099
188.106,371.679,3100
556.906,682.308,3101
690.668,536.799,3102
287.417,43.110,3103
991.864,979.236,3104
286.758,760.768,3105
723.169,260.639,3106
673.747,495.045,3107
499.816,521.510,3108
909.437,922.059,3109
808.653,10.497,3110
919.027,839.603,3111
859.406,986.155,3112
785.099,79.472,3113
681.070,649.788,3114
20.409,810.714,3115
967.675,602.891,3116
352.930,58.125,3117
953.851,417.955,3118
404.750,938.280,3119
854.991,158.926,3120
540.986,717.134,3121
657.641,852.464,3122
313.554,120.824,3123
707.617,667.906,3124
75.437,450.833,3125
393.121,810.298,3126
541.804,508.162,3127
850.480,717.540,3128
139.566,470.103,3129
848.808,732.513,3130
812.396,124.399,3131
788.176,588.275,3132
497.303,788.060,3133
679.953,730.592,3134
678.683,369.562,3135
795.613,834.483,3136
370.482,415.780,3137
27.450,173.851,3138
39.746,64.529,3139
886.277,721.758,3140
48.722,390.025,3141
344.442,691.375,3142
638.320,288.625,3143
537.296,184.560,3144
570.165,802.713,3145
336.804,173.870,3146
232.359,771.812,3147
172.663,218.495,3148
835.080,805.838,3149
1.487,700.565,3150
491.607,518.462,3151
845.163,161.354,3152
881.070,480.272,3153
994.370,356.598,3154
546.168,575.126,3155
582.008,989.398,3156
392.856,145.717,3157
929.240,416.333,3158
906.815,378.782,3159
464.968,569.096,3160
791.781,169.728,3161
189.031,241.022,3162
64.892,220.291,3163
49.830,340.091,3164
194.040,285.271,3165
31.095,881.904,3166
534.080,820.342,3167
461.227,697.736,3168
811.340,274.576,3169
187.248,419.996,3170
958.710,69.573,3171
952.737,189.975,3172
550.395,497.341,3173
70.195,612.423,3174
662.601,792.222,3175
88.960,29.309,3176
404.241,339.117,3177
302.257,112.691,3178
978.110,0.104,3179
607.829,485.118,3180
168.662,739.298,3181
829.642,570.122,3182
821.154,492.800,3183
56.106,357.242,3184
538.434,391.942,3185
306.160,289.860,3186
101.456,685.002,3187
308.391,201.077,3188
306.277,179.295,3189
913.322,356.571,3190
275.811,574.279,3191
342.914,450.817,3192
165.199,713.919,3193
734.335,589.826,3194
411.262,784.531,3195
325.842,119.698,3196
158.542,775.487,3197
342.529,944.780,3198
113.471,750.578,3199
380.802,96.078,3200
260.753,770.570,3201
316.036,854.200,3202
380.936,612.410,3203
168.702,920.392,3204
525.606,602.663,3205
606.223,978.262,3206
190.782,925.809,3207
856.114,979.377,3208
177.602,356.512,3209
140.064,717.022,3210
811.495,282.345,3211
908.965,360.130,3212
139.851,604.197,3213
603.331,342.561,3214
432.555,235.902,3215
872.839,377.155,3216
424.285,223.830,3217
186.587,651.654,3218
369.999,973.469,3219
768.884,196.024,3220
489.417,860.530,3221
46.396,699.411,3222
361.793,752.593,3223
984.990,789.703,3224
83.178,476.898,3225
96.648,558.906,3226
386.421,752.640,3227
772.193,602.003,3228
980.389,985.279,3229
465.556,984.124,3230
474.172,440.098,3231
580.367,177.180,3232
199.956,982.542,3233
695.522,872.864,3234
719.373,353.225,3235
984.462,606.610,3236
427.659,587.993,3237
670.999,636.261,3238
600.035,809.844,3239
837.330,645.053,3240
905.090,319.679,3241
333.270,272.845,3242
286.980,586.241,3243
212.082,438.923,3244
715.298,303.715,3245
68.033,321.374,3246
740.441,716.134,3247
414.688,357.476,3248
302.952,346.936,3249
636.553,55.844,3250
703.654,350.899,3251
173.649,849.627,3252
589.399,226.708,3253
149.937,40.372,3254
789.265,985.641,3255
732.960,247.303,3256
207.078,731.482,3257
102.120,489.513,3258
454.147,334.558,3259
216.888,95.119,3260
803.873,752.942,3261
20.651,873.355,3262
842.458,394.823,3263
311.476,405.967,3264
530.741,546.510,3265
815.374,641.971,3266
776.466,768.243,3267
213.685,992.374,3268
488.267,667.700,3269
405.562,580.973,3270
779.366,869.546,3271
518.666,812.896,3272
605.481,433.435,3273
865.717,915.339,3274
982.035,212.440,3275
367.619,690.135,3276
771.902,37.014,3277
531.092,943.152,3278
929.898,389.981,3279
548.441,304.386,3280
116.369,181.370,3281
16.943,971.987,3282
933.361,95.391,3283
311.135,749.467,3284
841.836,522.769,3285
591.433,431.480,3286
628.503,143.872,3287
211.914,707.929,3288
196.821,996.504,3289
334.592,119.231,3290
599.841,928.830,3291
655.049,681.767,3292
375.163,416.174,3293
974.324,812.127,3294
566.785,494.532,3295
899.665,67.169,3296
717.940,85.492,3297
251.966,33.609,3298
643.808,211.328,3299
679.796,400.273,3300
693.495,955.637,3301
781.239,643.431,3302
332.180,145.207,3303
392.231,572.984,3304
300.139,968.579,3305
887.022,245.298,3306
733.454,181.038,3307
677.703,356.009,3308
80.072,422.932,3309
621.659,374.535,3310
92.252,74.950,3311
860.805,65.575,3312
513.783,387.631,3313
25.025,53.649,3314
231.362,107.277,3315
384.894,98.375,3316
240.157,590.277,3317
268.588,944.053,3318
594.062,27.265,3319
47.601,569.343,3320
812.331,120.377,3321
653.283,655.028,3322
427.107,687.199,3323
568.219,19.463,3324
201.083,185.167,3325
162.021,105.647,3326
879.308,399.124,3327
235.089,892.443,3328
227.629,45.745,3329
24.412,871.679,3330
841.880,267.351,3331
807.296,154.404,3332
322.050,728.950,3333
935.036,655.272,3334
960.471,160.700,3335
948.655,306.283,3336
347.788,130.132,3337
960.326,456.921,3338
423.151,890.835,3339
83.065,308.593,3340
724.050,669.089,3341
454.358,808.456,3342
507.243,195.139,3343
0.985,687.054,3344
669.195,167.905,3345
452.131,173.148,3346
16.253,163.968,3347
930.184,787.194,3348
858.816,465.079,3349
161.518,162.830,3350
466.667,246.151,3351
428.526,719.650,3352
101.285,740.557,3353
533.382,99.406,3354
391.216,943.412,3355
519.339,450.607,3356
800.856,169.022,3357
538.915,687.013,3358
613.170,109.789,3359
24.983,309.114,3360
26.209,666.703,3361
55.847,331.538,3362
475.446,25.516,3363
135.759,375.427,3364
288.492,41.393,3365
98.442,69.255,3366
131.775,367.008,3367
172.309,554.036,3368
720.836,686.056,3369
683.516,766.745,3370
877.591,876.972,3371
741.656,14.988,3372
927.192,822.770,3373
198.052,5.850,3374
811.869,121.483,3375
614.425,267.032,3376
961.913,491.601,3377
603.702,625.398,3378
867.435,598.882,3379
757.211,475.780,3380
457.586,572.859,3381
692.882,596.255,3382
544.094,803.318,3383
16.258,407.515,3384
409.064,549.218,3385
539.550,26.497,3386
414.344,13.477,3387
587.763,22.741,3388
503.926,738.923,3389
587.055,632.213,3390
470.149,253.487,3391
10.914,508.923,3392
3.573,761.308,3393
103.659,178.390,3394
490.157,7.915,3395
826.907,405.332,3396
343.482,77.999,3397
401.617,994.713,3398
309.032,512.127,3399
688.872,98.802,3400
50.022,727.509,3401
182.268,360.495,3402
472.875,523.725,3403
798.278,504.657,3404
541.237,169.676,3405
783.120,846.929,3406
473.424,838.517,3407
135.418,812.599,3408
800.197,421.922,3409
160.636,261.278,3410
285.788,69.872,3411
68.899,583.222,3412
880.521,187.705,3413
613.938,501.403,3414
865.056,473.882,3415
143.814,110.986,3416
412.064,371.199,3417
793.975,351.117,3418
212.657,931.873,3419
697.848,63.683,3420
144.820,208.424,3421
693.999,202.739,3422
523.507,473.042,3423
394.285,335.757,3424
828.422,245.449,3425
358.244,559.473,3426
811.635,718.130,3427
523.841,215.115,3428
269.009,690.606,3429
181.313,100.333,3430
404.025,788.335,3431
110.558,487.132,3432
704.739,867.185,3433
272.239,257.919,3434
866.744,603.535,3435
363.957,278.663,3436
975.013,790.676,3437
602.717,118.296,3438
386.199,101.963,3439
474.766,431.124,3440
183.506,144.941,3441
966.616,762.821,3442
668.824,401.769,3443
481.125,474.460,3444
173.068,103.900,3445
868.416,795.389,3446
752.575,532.124,3447
639.781,869.132,3448
347.171,797.130,3449
781.491,219.946,3450
304.820,221.373,3451
568.700,665.341,3452
588.954,77.942,3453
290.567,899.674,3454
919.424,7.953,3455
451.617,289.839,3456
679.580,55.580,3457
945.991,909.995,3458
559.997,450.704,3459
353.896,461.795,3460
877.811,382.228,3461
305.847,820.970,3462
374.480,900.655,3463
164.252,513.257,3464
854.654,374.041,3465
285.515,229.109,3466
474.345,424.440,3467
848.697,386.647,3468
587.448,566.058,3469
15.194,629.930,3470
423.290,795.144,3471
546.052,182.453,3472
553.881,182.681,3473
614.347,354.387,3474
709.345,117.880,3475
659.519,447.499,3476
69.092,502.108,3477
977.120,683.346,3478
71.000,256.846,3479
5.111,926.329,3480
920.893,225.040,3481
919.326,465.548,3482
864.477,498.494,3483
54.551,841.522,3484
578.617,320.620,3485
891.457,412.547,3486
158.304,101.218,3487
820.043,543.463,3488
784.388,561.750,3489
430.504,230.729,3490
918.284,539.345,3491
61.389,813.103,3492
149.926,909.547,3493
361.254,639.622,3494
664.257,642.908,3495
778.354,569.408,3496
259.057,653.340,3497
247.146,18.541,3498
378.632,799.083,3499
0.389,972.433,3500
203.725,960.720,3501
580.951,993.574,3502
231.708,70.180,3503
595.348,351.914,3504
116.473,690.908,3505
886.102,287.723,3506
909.050,402.387,3507
726.228,940.402,3508
17.575,518.858,3509
567.629,73.442,3510
729.396,998.338,3511
651.499,510.840,3512
301.311,401.580,3513
168.877,287.128,3514
734.602,782.784,3515
154.142,950.546,3516
976.969,133.808,3517
724.115,791.530,3518
189.470,94.128,3519
36.767,851.757,3520
606.858,847.657,3521
421.552,80.381,3522
145.342,304.814,3523
121.594,483.261,3524
426.207,861.003,3525
793.399,896.829,3526
530.867,829.491,3527
213.951,576.228,3528
249.451,990.251,3529
845.222,944.308,3530
705.973,851.192,3531
167.985,779.062,3532
954.226,689.311,3533
68.137,973.684,3534
352.977,84.377,3535
123.933,293.699,3536
637.580,357.324,3537
612.579,769.524,3538
405.862,229.625,3539
549.489,414.004,3540
470.050,291.996,3541
63.897,295.712,3542
403.032,489.475,3543
991.685,715.934,3544
34.311,113.146,3545
783.012,85.560,3546
126.804,908.656,3547
211.932,823.480,3548
330.112,727.312,3549
211.735,131.548,3550
268.521,501.835,3551
242.334,884.066,3552
101.731,653.556,3553
823.881,77.917,3554
668.614,452.658,3555
373.669,758.347,3556
461.998,17.646,3557
872.867,883.946,3558
502.099,285.070,3559
254.035,66.532,3560
905.134,740.295,3561
481.620,200.157,3562
374.934,948.634,3563
878.364,975.988,3564
890.369,192.522,3565
495.582,346.892,3566
641.816,26.587,3567
463.076,339.355,3568
836.514,794.152,3569
340.160,516.355,3570
728.947,559.823,3571
340.079,662.671,3572
117.986,648.732,3573
484.491,544.881,3574
974.080,336.086,3575
172.445,112.728,3576
836.726,490.598,3577
290.436,492.586,3578
624.578,193.664,3579
950.672,156.833,3580
351.183,939.368,3581
851.596,355.678,3582
607.210,158.413,3583
508.086,150.880,3584
620.850,917.671,3585
652.127,300.250,3586
799.215,212.030,3587
582.229,264.395,3588
119.983,50.078,3589
651.822,485.856,3590
161.123,147.934,3591
315.358,559.322,3592
530.285,232.870,3593
673.171,80.392,3594
57.392,632.227,3595
537.443,222.619,3596
620.041,276.165,3597
599.227,547.203,3598
0.848,254.741,3599
824.519,673.168,3600
990.965,711.847,3601
975.078,719.424,3602
7.999,412.026,3603
603.451,984.373,3604
152.071,69.842,3605
701.761,116.859,3606
104.331,299.673,3607
989.588,391.104,3608
383.110,622.716,3609
854.261,732.289,3610
409.627,502.860,3611
82.741,109.983,3612
981.744,137.975,3613
130.494,650.718,3614
600.608,841.516,3615
699.656,2.138,3616
442.506,277.580,3617
227.254,147.029,3618
245.931,153.214,3619
785.261,885.510,3620
784.906,923.990,3621
661.438,328.275,3622
676.944,266.590,3623
183.131,9.111,3624
731.031,475.099,3625
268.456,516.428,3626
72.824,191.151,3627
171.422,60.919,3628
389.859,383.322,3629
583.637,655.009,3630
324.404,99.770,3631
639.166,363.405,3632
67.846,241.231,3633
383.521,781.438,3634
683.904,646.945,3635
78.488,703.104,3636
798.859,146.379,3637
346.287,662.975,3638
271.200,449.776,3639
85.730,999.000,3640
787.752,289.937,3641
197.995,356.008,3642
677.117,608.542,3643
229.925,986.297,3644
990.728,591.993,3645
653.983,731.700,3646
72.312,105.407,3647
788.970,517.815,3648
821.701,378.955,3649
790.845,781.479,3650
331.743,327.995,3651
207.748,250.746,3652
972.319,797.025,3653
861.533,742.675,3654
633.094,748.429,3655
149.669,891.038,3656
802.967,960.674,3657
292.944,111.274,3658
129.563,32.927,3659
413.757,980.738,3660
6.724,561.807,3661
853.227,38.822,3662
396.401,23.004,3663
565.452,439.485,3664
685.145,269.750,3665
742.326,757.072,3666
427.118,376.576,3667
710.615,6.590,3668
416.328,807.444,3669
127.200,309.221,3670
77.064,431.398,3671
735.597,608.240,3672
28.763,6.337,3673
54.918,271.380,3674
705.570,372.667,3675
428.479,486.721,3676
912.406,688.579,3677
633.634,809.605,3678
455.370,488.112,3679
128.317,900.570,3680
98.921,209.183,3681
700.536,958.423,3682
569.698,212.132,3683
979.357,416.429,3684
139.940,488.519,3685
701.591,79.207,3686
35.676,73.995,3687
625.265,284.109,3688
113.507,760.223,3689
367.440,442.277,3690
167.302,912.077,3691
928.769,542.906,3692
147.201,27.358,3693
160.948,698.095,3694
883.827,227.624,3695
228.552,289.962,3696
922.650,438.657,3697
791.529,43.845,3698
562.199,107.027,3699
358.640,704.532,3700
658.155,860.574,3701
241.195,592.015,3702
42.829,308.423,3703
450.296,232.763,3704
228.073,348.034,3705
286.948,162.777,3706
229.247,84.743,3707
21.945,592.078,3708
570.258,38.941,3709
792.984,822.474,3710
466.550,311.932,3711
637.984,898.166,3712
357.107,146.052,3713
753.911,136.406,3714
42.958,740.199,3715
827.626,90.872,3716
450.894,994.335,3717
797.191,909.591,3718
156.048,593.390,3719
465.809,984.623,3720
275.797,950.866,3721
709.463,909.216,3722
399.423,447.429,3723
242.250,9.242,3724
826.431,459.708,3725
580.547,322.484,3726
32.149,243.868,3727
668.750,565.019,3728
134.225,319.587,3729
992.799,710.587,3730
129.465,898.600,3731
971.959,16.967,3732
899.835,3.725,3733
979.696,999.000,3734
587.969,164.869,3735
639.659,524.578,3736
216.839,215.874,3737
384.861,484.510,3738
327.330,232.397,3739
847.831,839.205,3740
919.220,457.949,3741
188.129,173.029,3742
387.904,836.539,3743
871.162,200.492,3744
968.538,430.366,3745
148.018,255.356,3746
236.086,890.104,3747
623.651,387.218,3748
730.844,256.326,3749
191.473,452.871,3750
622.422,799.006,3751
141.438,4.733,3752
736.205,143.998,3753
288.942,455.088,3754
19.182,754.549,3755
374.998,51.499,3756
479.409,756.029,3757
825.511,303.621,3758
834.959,492.337,3759
889.123,204.734,3760
326.896,711.694,3761
671.643,133.052,3762
551.943,924.107,3763
718.158,129.294,3764
396.806,234.741,3765
16.890,506.663,3766
166.180,302.203,3767
95.779,965.406,3768
517.438,855.828,3769
860.161,975.332,3770
524.080,612.500,3771
313.603,904.702,3772
176.538,192.728,3773
811.274,802.426,3774
953.084,896.140,3775
427.096,907.605,3776
232.049,820.904,3777
407.483,174.396,3778
518.514,497.405,3779
434.513,543.108,3780
114.854,845.319,3781
133.804,10.546,3782
407.464,379.538,3783
407.317,229.981,3784
978.438,367.484,3785
79.612,824.902,3786
138.824,333.603,3787
514.215,525.486,3788
151.018,822.677,3789
23.854,395.947,3790
272.841,169.590,3791
160.820,408.270,3792
30.336,718.040,3793
179.307,197.350,3794
430.283,305.994,3795
621.137,523.623,3796
764.223,225.012,3797
414.392,389.103,3798
274.617,341.323,3799
674.084,91.506,3800
3.306,61.240,3801
735.075,246.018,3802
997.388,611.017,3803
977.419,961.863,3804
92.676,665.795,3805
785.619,867.692,3806
1.592,553.955,3807
740.124,382.052,3808
346.385,351.477,3809
451.139,333.431,3810
335.816,752.090,3811
704.186,504.483,3812
694.909,401.515,3813
424.143,325.639,3814
55.758,673.789,3815
814.818,486.138,3816
89.505,707.856,3817
468.843,254.014,3818
620.417,631.332,3819
708.709,565.624,3820
678.724,191.889,3821
436.284,483.150,3822
131.025,532.730,3823
20.937,561.433,3824
890.160,305.594,3825
817.671,719.163,3826
472.343,713.238,3827
314.638,283.833,3828
99.297,234.700,3829
323.845,679.832,3830
693.312,261.115,3831
337.006,585.416,3832
425.541,597.405,3833
852.051,362.141,3834
377.526,205.521,3835
696.358,503.646,3836
918.588,188.788,3837
610.066,385.109,3838
586.052,525.003,3839
292.070,589.298,3840
223.883,883.687,3841
324.028,695.142,3842
708.670,121.931,3843
785.446,750.516,3844
656.185,928.734,3845
669.035,900.166,3846
64.785,448.488,3847
665.312,574.592,3848
962.977,917.249,3849
571.713,778.280,3850
5.103,727.584,3851
455.326,298.288,3852
977.786,712.519,3853
331.399,9.464,3854
478.523,264.129,3855
855.870,267.252,3856
624.654,251.845,3857
733.423,848.287,3858
154.170,995.719,3859
343.473,326.275,3860
814.786,27.218,3861
3.564,84.957,3862
533.931,510.511,3863
211.163,415.382,3864
45.633,538.943,3865
219.474,882.943,3866
228.480,288.444,3867
612.089,905.460,3868
648.163,875.751,3869
821.665,532.438,3870
864.404,39.125,3871
807.033,263.963,3872
461.890,972.711,3873
668.026,968.047,3874
10.183,726.647,3875
59.782,915.035,3876
580.698,159.464,3877
780.247,610.776,3878
389.696,60.511,3879
861.654,634.163,3880
746.939,871.983,3881
423.682,523.692,3882
807.153,661.500,3883
189.672,98.413,3884
806.489,533.943,3885
28.603,772.906,3886
938.846,152.692,3887
744.083,268.543,3888
269.673,653.615,3889
606.763,294.581,3890
817.456,235.629,3891
490.845,980.895,3892
177.518,839.414,3893
5.206,38.981,3894
11.796,413.160,3895
592.127,591.883,3896
394.777,757.625,3897
910.987,494.975,3898
979.383,646.127,3899
636.466,688.220,3900
320.868,676.165,3901
513.991,874.943,3902
861.976,79.310,3903
951.187,596.699,3904
707.264,167.117,3905
999.000,627.439,3906
200.963,932.732,3907
365.088,558.080,3908
952.069,203.243,3909
275.946,999.000,3910
994.345,176.463,3911
739.915,548.797,3912
979.702,886.966,3913
966.805,57.086,3914
105.484,646.349,3915
513.474,432.386,3916
756.737,968.926,3917
803.712,718.509,3918
11.738,823.474,3919
948.843,902.906,3920
988.394,983.319,3921
682.602,683.680,3922
470.255,632.736,3923
754.509,414.282,3924
920.454,377.654,3925
469.270,584.827,3926
110.924,90.229,3927
212.711,390.099,3928
685.251,985.077,3929
309.286,398.537,3930
998.335,199.073,3931
341.985,482.650,3932
770.673,544.732,3933
261.816,386.487,3934
406.693,177.856,3935
873.752,903.792,3936
167.888,399.323,3937
521.864,308.751,3938
34.944,39.102,3939
387.275,304.038,3940
708.533,228.450,3941
855.246,328.883,3942
48.154,699.351,3943
284.028,179.029,3944
371.418,211.231,3945
630.620,970.192,3946
258.419,790.429,3947
443.826,926.907,3948
767.983,245.929,3949
74.538,198.163,3950
806.912,336.938,3951
170.968,206.751,3952
103.138,788.153,3953
430.698,519.879,3954
377.690,946.249,3955
507.443,883.749,3956
970.858,387.125,3957
86.769,252.612,3958
846.089,383.860,3959
885.608,380.551,3960
577.161,483.647,3961
321.810,208.714,3962
989.190,495.729,3963
38.937,934.329,3964
698.017,497.563,3965
493.891,732.437,3966
293.348,118.655,3967
699.862,660.402,3968
17.207,363.418,3969
970.336,789.608,3970
697.472,90.598,3971
551.005,117.481,3972
114.078,66.996,3973
385.449,979.582,3974
117.688,967.449,3975
432.593,757.245,3976
330.609,866.065,3977
610.661,489.540,3978
793.037,391.058,3979
994.271,394.939,3980
886.143,148.744,3981
476.626,702.687,3982
735.853,529.219,3983
441.407,619.993,3984
5.939,233.597,3985
890.414,853.848,3986
490.688,777.380,3987
408.628,984.335,3988
927.354,778.855,3989
822.097,413.570,3990
59.475,244.658,3991
319.997,0.337,3992
671.392,533.337,3993
904.409,960.822,3994
155.766,529.176,3995
36.136,530.324,3996
362.458,869.769,3997
168.279,664.928,3998
679.252,616.542,3999
600.188,402.323,4000
616.474,968.328,4001
534.007,21.076,4002
256.892,707.609,4003
744.223,682.353,4004
151.652,514.493,4005
478.613,649.357,4006
962.930,251.652,4007
355.497,946.205,4008
864.360,581.526,4009
362.512,389.660,4010
957.370,937.377,4011
932.817,278.454,4012
934.442,582.577,4013
876.389,777.987,4014
420.138,582.959,4015
390.697,257.684,4016
710.028,915.008,4017
572.294,640.080,4018
221.417,61.278,4019
541.232,288.536,4020
943.688,515.604,4021
780.808,807.643,4022
964.716,437.267,4023
633.059,801.967,4024
488.052,867.209,4025
653.601,590.934,4026
599.268,474.954,4027
143.155,360.436,4028
882.216,18.915,4029
564.506,841.259,4030
814.359,737.154,4031
737.124,993.556,4032
649.601,64.477,4033
840.681,815.653,4034
679.378,79.384,4035
671.167,273.323,4036
403.539,639.693,4037
397.207,697.657,4038
76.204,378.201,4039
336.262,589.669,4040
178.647,532.359,4041
972.312,93.416,4042
990.454,970.484,4043
333.072,860.197,4044
606.132,974.428,4045
372.898,504.781,4046
121.008,757.613,4047
178.268,472.054,4048
629.034,818.459,4049
636.896,140.584,4050
974.606,98.174,4051
166.430,909.187,4052
456.868,922.818,4053
775.193,397.191,4054
312.690,224.636,4055
695.525,761.565,4056
135.255,701.995,4057
546.783,876.897,4058
582.469,282.647,4059
963.903,611.066,4060
800.227,856.619,4061
15.975,297.704,4062
879.894,616.948,4063
429.653,896.222,4064
167.977,80.674,4065
538.308,566.449,4066
518.787,534.676,4067
700.473,485.384,4068
419.172,329.054,4069
110.784,333.150,4070
542.972,856.590,4071
641.006,478.116,4072
698.072,334.383,4073
885.282,952.314,4074
159.440,946.755,4075
918.487,257.519,4076
975.238,684.320,4077
193.086,916.529,4078
842.095,138.533,4079
357.226,339.993,4080
219.864,664.979,4081
741.544,171.086,4082
50.237,679.673,4083
805.688,293.971,4084
944.341,696.821,4085
369.196,550.292,4086
854.926,817.958,4087
170.816,488.836,4088
397.286,374.626,4089
966.285,781.676,4090
431.976,595.314,4091
391.881,826.995,4092
234.146,725.745,4093
855.578,116.226,4094
985.283,911.403,4095
753.092,712.996,4096
232.990,400.665,4097
356.705,320.642,4098
799.573,930.387,4099
564.134,843.429,4100
535.033,17.946,4101
153.738,463.848,4102
488.724,878.880,4103
943.275,496.883,4104
955.555,819.175,4105
459.377,923.229,4106
875.242,706.990,4107
667.384,216.395,4108
576.735,69.433,4109
116.782,216.320,4110
779.365,724.209,4111
236.032,435.608,4112
107.353,133.212,4113
599.979,824.976,4114
566.110,912.943,4115
269.685,890.924,4116
91.608,35.231,4117
853.254,190.362,4118
711.955,753.228,4119
915.575,446.262,4120
902.177,823.385,4121
252.682,684.847,4122
412.673,921.264,4123
560.280,859.034,4124
798.094,359.561,4125
785.316,696.216,4126
892.038,13.669,4127
677.108,829.124,4128
296.132,724.814,4129
678.090,189.589,4130
884.512,930.368,4131
303.249,214.555,4132
583.167,845.895,4133
227.655,430.743,4134
891.351,431.502,4135
488.403,190.267,4136
523.890,524.147,4137
572.091,9.778,4138
777.820,245.388,4139
48.672,245.808,4140
359.921,298.505,4141
475.761,655.455,4142
456.310,332.078,4143
844.918,65.447,4144
33.707,759.232,4145
956.761,174.850,4146
365.372,528.832,4147
420.531,462.547,4148
797.458,707.232,4149
708.187,550.624,4150
557.259,437.619,4151
931.881,234.612,4152
803.281,991.615,4153
930.592,121.607,4154
146.729,76.704,4155
62.527,451.715,4156
57.334,931.634,4157
357.345,321.981,4158
908.916,914.408,4159
858.856,120.977,4160
447.667,12.862,4161
802.175,367.215,4162
712.107,704.263,4163
466.744,942.373,4164
29.457,992.259,4165
44.991,278.715,4166
537.805,534.122,4167
823.497,530.678,4168
459.125,732.826,4169
674.631,242.986,4170
136.958,462.522,4171
693.106,834.582,4172
213.861,544.498,4173
925.781,329.503,4174
119.066,853.500,4175
661.459,541.441,4176
256.237,692.803,4177
575.394,974.419,4178
533.282,104.564,4179
77.364,37.771,4180
136.762,894.595,4181
544.675,562.236,4182
249.030,308.885,4183
406.428,429.558,4184
641.417,704.793,4185
340.081,443.261,4186
88.292,846.123,4187
55.151,145.704,4188
285.230,419.295,4189
553.811,474.454,4190
592.725,789.515,4191
243.472,195.142,4192
873.101,781.470,4193
711.186,709.258,4194
920.027,853.894,4195
435.460,301.736,4196
44.520,701.250,4197
386.081,567.633,4198
216.384,959.832,4199
596.815,138.770,4200
353.786,530.151,4201
123.408,891.389,4202
99.191,677.465,4203
183.936,167.878,4204
302.488,666.960,4205
431.303,969.468,4206
472.627,650.532,4207
923.199,405.482,4208
286.473,741.201,4209
365.465,228.784,4210
606.936,90.499,4211
639.982,587.818,4212
562.349,449.967,4213
319.947,653.524,4214
785.762,646.349,4215
883.493,830.425,4216
810.007,317.878,4217
363.565,688.485,4218
5.265,669.206,4219
913.782,647.974,4220
381.765,317.215,4221
435.504,424.339,4222
164.193,676.137,4223
541.671,481.943,4224
153.356,451.222,4225
957.723,484.376,4226
594.210,31.329,4227
722.143,600.405,4228
69.834,977.303,4229
64.882,761.958,4230
981.272,352.371,4231
145.113,422.498,4232
762.951,120.930,4233
110.964,312.238,4234
884.998,969.338,4235
786.418,854.022,4236
846.682,521.965,4237
786.483,102.708,4238
906.802,772.331,4239
601.103,978.822,4240
878.583,914.202,4241
472.156,909.491,4242
759.460,94.716,4243
472.344,589.753,4244
160.530,808.176,4245
222.642,143.753,4246
569.454,679.216,4247
701.138,442.362,4248
460.406,724.711,4249
285.195,199.997,4250
822.045,959.291,4251
59.258,345.368,4252
522.358,76.706,4253
561.364,453.283,4254
226.648,881.494,4255
669.530,481.304,4256
193.445,20.531,4257
855.159,874.197,4258
516.581,558.634,4259
931.054,833.557,4260
220.668,978.375,4261
746.111,875.844,4262
256.764,370.380,4263
565.854,557.242,4264
963.777,481.846,4265
988.712,599.955,4266
70.061,126.176,4267
672.031,34.096,4268
830.778,4.611,4269
785.076,392.043,4270
529.333,211.885,4271
951.950,699.068,4272
328.089,566.869,4273
939.579,693.566,4274
873.864,961.281,4275
114.582,251.631,4276
824.070,583.537,4277
817.897,658.513,4278
128.756,205.439,4279
727.736,194.061,4280
725.127,541.676,4281
461.839,901.664,4282
228.045,445.903,4283
450.920,513.593,4284
94.496,811.952,4285
638.833,743.621,4286
228.447,736.112,4287
522.899,610.050,4288
976.857,525.044,4289
59.714,425.109,4290
510.646,833.551,4291
7.968,199.357,4292
249.644,613.189,4293
576.484,73.068,4294
312.866,680.707,4295
191.803,775.169,4296
828.942,560.054,4297
343.152,612.620,4298
49.686,26.118,4299
69.295,27.608,4300
465.528,739.378,4301
799.904,433.198,4302
735.947,341.733,4303
592.580,764.956,4304
242.568,779.744,4305
103.511,698.097,4306
875.445,774.280,4307
349.531,300.597,4308
606.427,862.776,4309
957.772,449.710,4310
145.294,820.531,4311
508.244,91.035,4312
593.058,105.429,4313
868.204,767.688,4314
428.988,241.197,4315
95.941,280.266,4316
443.971,952.782,4317
362.133,954.978,4318
114.192,769.819,4319
90.688,13.452,4320
508.931,285.575,4321
584.354,469.930,4322
516.983,424.170,4323
803.417,553.182,4324
633.482,598.387,4325
187.317,32.751,4326
166.445,79.642,4327
788.986,955.228,4328
981.292,947.468,4329
316.617,56.773,4330
338.090,689.300,4331
126.642,795.311,4332
861.641,814.278,4333
61.234,6.167,4334
226.585,268.137,4335
633.054,611.821,4336
401.159,453.831,4337
574.530,223.680,4338
985.231,430.759,4339
381.218,295.079,4340
869.127,466.782,4341
534.218,875.922,4342
390.844,852.270,4343
609.814,364.120,4344
951.958,146.110,4345
373.065,820.610,4346
589.306,913.390,4347
542.386,129.726,4348
635.117,726.781,4349
700.942,451.070,4350
630.457,103.803,4351
368.206,127.500,4352
921.282,470.238,4353
671.567,465.997,4354
941.542,365.317,4355
298.410,511.585,4356
346.051,471.820,4357
692.919,892.903,4358
397.644,404.478,4359
881.514,280.840,4360
983.399,760.950,4361
263.768,863.054,4362
36.280,763.613,4363
341.548,11.486,4364
999.000,31.543,4365
360.617,796.338,4366
47.592,758.899,4367
985.880,881.987,4368
983.421,59.534,4369
744.674,905.762,4370
336.412,259.048,4371
719.757,846.980,4372
74.426,150.431,4373
586.661,939.607,4374
90.608,348.196,4375
843.351,422.735,4376
167.053,830.595,4377
824.352,483.815,4378
950.391,35.478,4379
993.488,595.762,4380
668.869,752.694,4381
100.158,720.602,4382
366.938,195.704,4383
451.496,301.793,4384
147.438,942.875,4385
55.728,961.495,4386
796.527,154.933,4387
541.213,704.414,4388
540.793,953.502,4389
3.823,636.229,4390
707.574,739.683,4391
396.829,860.862,4392
487.298,395.964,4393
607.900,586.184,4394
356.473,166.561,4395
6.251,262.951,4396
671.814,751.527,4397
904.437,191.702,4398
778.161,763.919,4399
191.531,269.572,4400
186.174,743.962,4401
668.704,578.409,4402
726.043,588.160,4403
636.892,524.628,4404
642.424,835.290,4405
250.669,297.851,4406
496.947,788.865,4407
40.970,616.621,4408
730.534,635.941,4409
427.395,96.938,4410
934.898,273.489,4411
125.414,139.480,4412
979.378,181.205,4413
906.826,104.029,4414
27.160,81.400,4415
466.790,360.173,4416
228.215,337.219,4417
532.720,159.099,4418
912.990,411.412,4419
152.420,255.041,4420
829.068,745.552,4421
636.115,912.463,4422
719.917,434.725,4423
532.538,418.945,4424
575.977,957.697,4425
669.749,311.490,4426
262.008,301.262,4427
123.754,430.497,4428
40.362,637.004,4429
576.090,862.259,4430
886.556,949.680,4431
785.148,978.119,4432
406.484,36.349,4433
554.623,754.310,4434
434.307,392.344,4435
82.872,192.018,4436
62.509,278.029,4437
739.351,132.572,4438
998.295,374.035,4439
196.785,861.921,4440
986.181,875.225,4441
403.229,350.932,4442
818.959,106.023,4443
142.116,231.012,4444
201.987,471.990,4445
851.435,508.406,4446
972.833,361.260,4447
4.905,514.486,4448
396.428,579.791,4449
198.676,353.406,4450
851.735,274.734,4451
764.440,126.418,4452
832.317,741.161,4453
276.266,204.362,4454
697.930,993.093,4455
490.246,935.502,4456
36.110,595.419,4457
629.528,147.048,4458
383.140,530.428,4459
77.606,14.082,4460
890.071,79.351,4461
203.156,405.957,4462
109.094,387.349,4463
366.723,977.515,4464
694.560,466.224,4465
713.776,451.891,4466
150.624,393.374,4467
992.405,852.286,4468
672.490,371.827,4469
412.774,40.284,4470
344.399,453.072,4471
949.667,899.375,4472
289.037,947.019,4473
33.979,30.734,4474
749.786,868.679,4475
748.971,370.815,4476
836.342,536.852,4477
27.765,590.515,4478
682.556,87.385,4479
447.567,542.129,4480
490.668,961.381,4481
712.261,444.524,4482
367.169,570.433,4483
814.605,963.045,4484
995.150,316.920,4485
859.265,268.738,4486
589.713,630.234,4487
448.749,292.817,4488
591.813,600.783,4489
433.219,702.605,4490
471.716,156.379,4491
604.832,452.210,4492
375.599,444.749,4493
769.549,65.448,4494
540.326,322.533,4495
691.998,768.729,4496
167.608,398.548,4497
622.061,353.503,4498
231.586,109.743,4499
322.897,510.475,4500
691.635,694.635,4501
928.460,106.548,4502
899.230,596.258,4503
155.998,270.108,4504
803.183,686.210,4505
201.334,499.263,4506
613.623,848.886,4507
391.619,370.446,4508
852.817,615.875,4509
534.833,490.985,4510
697.648,665.089,4511
284.948,68.014,4512
34.707,278.414,4513
998.192,203.089,4514
452.631,138.493,4515
4.184,657.632,4516
106.466,259.809,4517
39.213,205.895,4518
387.284,250.687,4519
958.295,876.704,4520
883.780,646.249,4521
556.795,664.551,4522
881.256,383.220,4523
568.678,519.490,4524
544.671,62.107,4525
542.132,157.888,4526
606.688,461.086,4527
365.191,876.048,4528
4.174,106.794,4529
372.714,290.052,4530
717.702,562.489,4531
229.806,579.254,4532
388.369,400.338,4533
900.778,270.133,4534
689.981,247.587,4535
312.964,957.546,4536
771.997,856.727,4537
978.855,300.965,4538
123.137,297.167,4539
132.481,718.558,4540
957.807,770.566,4541
746.813,892.233,4542
666.006,325.665,4543
803.029,298.089,4544
159.206,318.426,4545
155.700,729.565,4546
66.498,978.227,4547
643.686,228.973,4548
472.751,904.309,4549
461.671,96.181,4550
50.305,14.388,4551
900.022,776.718,4552
917.947,965.128,4553
676.916,334.380,4554
766.375,24.791,4555
526.815,850.641,4556
944.353,456.215,4557
270.102,746.122,4558
283.134,13.332,4559
132.378,629.582,4560
479.379,857.312,4561
978.950,624.851,4562
310.114,722.571,4563
868.317,953.930,4564
702.424,445.080,4565
12.495,244.221,4566
322.321,558.063,4567
911.106,368.265,4568
287.494,617.420,4569
353.837,180.502,4570
581.127,216.756,4571
967.051,666.592,4572
574.932,893.729,4573
474.268,359.659,4574
125.153,992.377,4575
834.070,756.657,4576
783.096,784.249,4577
321.317,752.720,4578
386.215,518.194,4579
810.055,206.876,4580
249.422,555.568,4581
343.982,992.555,4582
36.495,557.909,4583
337.238,153.075,4584
479.969,235.178,4585
61.994,742.543,4586
570.717,971.440,4587
451.552,21.771,4588
805.823,96.287,4589
650.811,145.153,4590
321.287,783.998,4591
199.632,176.471,4592
984.453,834.794,4593
467.411,895.175,4594
661.643,228.060,4595
902.124,979.198,4596
184.142,900.626,4597
447.092,544.337,4598
41.265,865.037,4599
193.413,513.436,4600
21.125,303.861,4601
842.925,652.395,4602
524.364,547.922,4603
959.331,758.109,4604
439.291,604.664,4605
942.075,891.282,4606
322.840,4.011,4607
565.501,826.323,4608
398.453,517.862,4609
393.020,297.759,4610
253.891,647.047,4611
76.008,380.307,4612
964.630,184.787,4613
395.002,216.135,4614
181.178,31.156,4615
54.655,873.240,4616
919.431,321.396,4617
442.318,913.096,4618
51.952,876.867,4619
375.709,843.459,4620
789.191,175.704,4621
230.936,929.898,4622
240.919,103.357,4623
202.074,820.182,4624
38.697,591.234,4625
306.691,375.428,4626
709.798,476.420,4627
825.014,517.877,4628
999.000,772.124,4629
810.947,385.273,4630
762.993,342.015,4631
900.356,422.278,4632
90.252,987.438,4633
31.235,761.122,4634
591.889,12.113,4635
772.183,855.261,4636
505.758,534.222,4637
821.858,790.073,4638
560.709,983.168,4639
569.711,109.785,4640
364.765,888.863,4641
568.561,772.172,4642
63.013,634.957,4643
421.560,49.592,4644
437.652,708.286,4645
174.677,646.688,4646
300.842,797.884,4647
255.010,717.659,4648
789.973,551.809,4649
448.161,811.962,4650
138.216,604.015,4651
588.770,318.672,4652
201.777,507.857,4653
477.551,40.393,4654
944.345,492.862,4655
620.158,319.517,4656
89.315,919.616,4657
238.929,583.757,4658
826.139,288.040,4659
406.288,149.840,4660
222.965,205.079,4661
675.833,293.730,4662
109.184,779.033,4663
959.894,852.211,4664
919.046,513.014,4665
155.684,356.825,4666
292.549,742.117,4667
582.445,67.680,4668
697.426,485.075,4669
28.541,525.727,4670
90.231,725.355,4671
702.783,530.761,4672
373.695,765.090,4673
232.803,876.201,4674
263.887,999.000,4675
833.092,270.572,4676
320.372,567.741,4677
121.807,773.274,4678
373.927,323.494,4679
317.570,100.628,4680
904.845,847.044,4681
97.151,71.742,4682
883.713,752.252,4683
714.139,434.763,4684
591.828,359.255,4685
691.663,200.593,4686
590.752,637.856,4687
238.769,593.668,4688
588.109,12.389,4689
741.691,837.270,4690
355.266,500.303,4691
481.612,993.032,4692
1.531,533.160,4693
169.638,213.619,4694
74.962,65.583,4695
491.956,988.648,4696
141.632,892.184,4697
808.993,615.302,4698
274.042,367.259,4699
696.018,921.339,4700
207.170,187.145,4701
876.226,718.735,4702
723.790,139.119,4703
66.398,325.572,4704
137.857,90.894,4705
310.939,499.665,4706
163.464,357.072,4707
347.078,168.343,4708
654.935,99.002,4709
314.933,104.133,4710
671.698,167.799,4711
921.754,629.876,4712
263.361,883.417,4713
382.777,584.633,4714
682.124,374.356,4715
363.678,760.558,4716
908.456,406.906,4717
683.664,563.901,4718
670.894,218.081,4719
670.241,780.115,4720
571.970,905.357,4721
512.346,61.524,4722
857.400,232.087,4723
891.744,977.282,4724
695.612,273.165,4725
182.446,421.178,4726
952.533,857.231,4727
414.885,597.480,4728
857.031,861.143,4729
812.851,154.939,4730
738.806,966.287,4731
315.222,5.920,4732
562.892,254.599,4733
257.208,554.319,4734
441.705,474.550,4735
23.439,634.632,4736
600.635,305.389,4737
178.167,321.119,4738
612.926,145.244,4739
76.935,541.197,4740
318.024,727.018,4741
82.575,241.919,4742
522.553,830.904,4743
60.444,178.046,4744
39.917,431.835,4745
15.106,214.501,4746
143.447,680.228,4747
865.096,891.601,4748
755.995,346.593,4749
104.900,566.445,4750
777.084,504.341,4751
336.540,345.451,4752
642.588,494.381,4753
106.509,175.854,4754
419.784,367.236,4755
421.201,894.052,4756
409.082,808.759,4757
533.528,844.909,4758
516.576,319.726,4759
203.194,266.704,4760
811.855,588.319,4761
584.052,454.507,4762
253.145,804.692,4763
648.086,458.806,4764
317.013,243.876,4765
373.517,727.720,4766
341.452,255.000,4767
34.101,0.998,4768
642.215,784.160,4769
466.285,64.384,4770
605.273,100.779,4771
504.645,268.095,4772
806.820,378.983,4773
308.996,519.176,4774
73.206,575.748,4775
246.867,62.492,4776
777.969,842.536,4777
417.658,321.172,4778
297.401,909.941,4779
819.230,383.338,4780
817.838,780.649,4781
731.365,156.980,4782
548.042,94.500,4783
982.072,1.754,4784
829.185,501.572,4785
958.984,126.899,4786
333.158,125.158,4787
528.932,773.037,4788
426.830,3.723,4789
914.500,685.178,4790
748.524,330.363,4791
249.919,478.334,4792
43.922,941.531,4793
158.375,985.570,4794
287.226,850.190,4795
268.579,881.537,4796
933.686,200.225,4797
869.231,293.567,4798
328.239,994.437,4799
487.051,115.912,4800
645.039,813.266,4801
660.463,91.576,4802
809.792,532.161,4803
377.627,574.202,4804
944.427,53.970,4805
366.290,611.235,4806
551.259,435.428,4807
973.589,792.997,4808
533.649,350.231,4809
585.055,583.834,4810
783.204,792.364,4811
239.891,944.330,4812
92.063,944.427,4813
454.123,387.504,4814
304.983,511.565,4815
799.123,654.285,4816
180.424,115.475,4817
255.202,799.324,4818
296.657,880.209,4819
421.770,69.490,4820
736.939,989.579,4821
838.440,414.788,4822
319.399,105.298,4823
354.937,878.105,4824
195.980,574.918,4825
137.152,956.383,4826
548.067,260.781,4827
976.144,56.819,4828
547.573,1.961,4829
406.786,444.338,4830
96.603,525.628,4831
198.819,601.773,4832
100.744,385.745,4833
988.363,732.834,4834
513.437,281.969,4835
739.583,163.339,4836
929.056,788.498,4837
208.556,787.704,4838
64.279,372.341,4839
612.919,765.997,4840
140.667,505.033,4841
386.367,510.714,4842
256.371,521.570,4843
579.395,269.230,4844
273.348,285.769,4845
375.594,153.208,4846
152.387,559.388,4847
614.902,953.677,4848
94.438,140.171,4849
623.886,116.225,4850
995.629,535.679,4851
865.237,452.649,4852
575.706,935.674,4853
993.003,566.475,4854
232.296,272.259,4855
742.869,605.882,4856
609.430,835.517,4857
753.653,31.228,4858
573.960,95.876,4859
868.055,180.623,4860
860.452,918.412,4861
41.413,431.197,4862
650.684,16.146,4863
684.359,158.462,4864
22.557,160.902,4865
374.020,641.103,4866
238.480,83.761,4867
189.046,17.432,4868
60.268,717.854,4869
890.930,425.104,4870
164.849,469.556,4871
723.644,524.481,4872
75.558,223.306,4873
752.048,86.266,4874
255.329,496.417,4875
967.626,63.765,4876
619.814,356.859,4877
476.538,291.153,4878
241.622,179.999,4879
406.914,61.616,4880
520.715,69.191,4881
311.613,208.603,4882
820.808,334.421,4883
123.001,31.186,4884
655.977,756.406,4885
466.240,627.523,4886
240.873,430.835,4887
22.821,957.933,4888
260.509,19.839,4889
860.864,801.372,4890
744.123,779.529,4891
645.838,487.295,4892
633.229,261.957,4893
507.410,199.073,4894
567.666,951.460,4895
964.568,383.905,4896
844.755,770.708,4897
292.104,493.528,4898
411.258,759.989,4899
456.912,501.562,4900
468.638,576.706,4901
92.593,469.100,4902
816.916,751.578,4903
417.103,466.416,4904
154.295,381.639,4905
755.782,786.354,4906
236.839,96.814,4907
593.659,235.026,4908
423.222,379.213,4909
360.360,999.000,4910
692.826,690.885,4911
183.635,0.674,4912
803.832,343.445,4913
897.308,370.419,4914
679.900,153.054,4915
449.653,864.505,4916
301.129,315.577,4917
396.613,762.486,4918
452.859,831.980,4919
138.660,834.468,4920
709.237,746.039,4921
190.854,686.698,4922
6.305,73.834,4923
633.802,863.685,4924
476.523,163.120,4925
233.380,698.897,4926
505.463,818.791,4927
121.086,93.930,4928
297.034,403.018,4929
647.865,634.599,4930
253.694,358.794,4931
523.685,628.022,4932
228.241,999.000,4933
344.630,709.675,4934
40.599,673.231,4935
782.264,542.323,4936
680.594,387.703,4937
371.944,91.394,4938
117.050,269.774,4939
474.749,284.120,4940
869.380,742.403,4941
998.659,118.317,4942
364.196,499.032,4943
312.143,550.697,4944
604.933,674.912,4945
243.057,240.332,4946
11.605,735.760,4947
603.803,865.271,4948
897.948,910.154,4949
298.620,867.430,4950
595.890,978.471,4951
519.557,681.982,4952
304.917,145.051,4953
911.057,968.444,4954
544.082,992.121,4955
472.121,138.482,4956
39.530,82.719,4957
603.628,706.084,4958
530.121,947.410,4959
269.201,999.000,4960
649.729,152.496,4961
547.007,700.726,4962
397.152,161.284,4963
542.008,706.766,4964
464.631,46.642,4965
150.260,445.841,4966
238.730,641.445,4967
444.796,807.219,4968
82.503,990.046,4969
542.478,588.503,4970
981.562,573.862,4971
159.366,428.703,4972
161.455,278.941,4973
93.280,553.985,4974
737.003,231.247,4975
942.349,642.178,4976
814.407,402.503,4977
727.747,650.878,4978
37.111,41.056,4979
902.307,983.226,4980
481.679,884.175,4981
648.816,492.401,4982
970.670,957.130,4983
381.452,905.690,4984
315.641,29.564,4985
783.759,620.524,4986
358.321,311.952,4987
355.930,283.782,4988
711.101,829.358,4989
201.486,469.890,4990
228.638,93.911,4991
150.762,808.565,4992
439.632,553.198,4993
338.804,688.955,4994
868.921,27.788,4995
490.086,906.056,4996
2.960,83.603,4997
98.664,558.534,4998
235.313,268.573,4999
971.348,587.352,5000
638.190,244.980,5001
274.638,858.869,5002
442.451,824.133,5003
935.323,751.044,5004
944.591,927.068,5005
391.595,867.034,5006
604.915,488.205,5007
885.341,443.128,5008
873.516,72.975,5009
495.993,734.537,5010
121.507,548.942,5011
144.220,903.777,5012
900.425,542.719,5013
658.695,649.200,5014
239.204,629.984,5015
811.670,860.106,5016
221.659,781.108,5017
411.972,400.941,5018
424.940,916.631,5019
817.323,944.281,5020
683.614,133.070,5021
261.135,676.473,5022
49.875,241.216,5023
689.718,327.422,5024
234.252,777.759,5025
46.387,709.363,5026
414.725,36.910,5027
116.890,567.616,5028
916.014,126.493,5029
838.076,564.822,5030
903.817,462.077,5031
191.413,583.215,5032
560.832,693.107,5033
411.779,825.164,5034
123.860,155.156,5035
221.011,223.376,5036
447.037,632.175,5037
622.658,213.088,5038
788.157,460.882,5039
277.075,994.499,5040
385.945,814.966,5041
335.321,665.889,5042
621.463,879.615,5043
802.417,971.352,5044
522.025,708.048,5045
638.273,409.385,5046
559.729,687.094,5047
634.097,353.029,5048
449.440,171.532,5049
215.016,909.803,5050
402.941,637.708,5051
718.272,122.794,5052
250.816,94.482,5053
617.663,660.727,5054
422.978,842.749,5055
156.836,621.561,5056
602.758,976.392,5057
885.567,296.143,5058
76.649,95.271,5059
130.068,799.839,5060
349.581,2.405,5061
167.844,548.206,5062
410.227,685.628,5063
412.148,847.581,5064
159.549,402.803,5065
771.521,912.629,5066
899.680,732.152,5067
807.235,949.965,5068
916.992,678.812,5069
910.955,526.991,5070
813.541,601.286,5071
583.557,812.411,5072
809.530,957.515,5073
142.164,982.430,5074
776.731,154.266,5075
587.227,424.773,5076
414.610,100.851,5077
625.887,995.429,5078
749.010,816.254,5079
677.711,288.749,5080
392.238,469.586,5081
479.574,683.268,5082
795.491,355.081,5083
89.235,355.393,5084
554.267,472.155,5085
360.952,119.138,5086
244.562,795.597,5087
572.919,90.028,5088
81.142,131.460,5089
970.233,411.043,5090
295.849,387.797,5091
746.035,116.822,5092
762.327,748.284,5093
592.633,828.751,5094
785.903,144.190,5095
252.304,760.219,5096
470.885,318.100,5097
463.816,111.559,5098
316.167,865.944,5099
427.371,910.733,5100
367.203,333.304,5101
358.497,978.695,5102
572.535,167.796,5103
353.745,867.679,5104
319.671,925.239,5105
838.295,848.888,5106
4.976,623.314,5107
474.197,39.005,5108
539.899,434.505,5109
23.090,971.212,5110
154.701,170.668,5111
215.619,746.315,5112
749.873,993.860,5113
703.341,519.855,5114
750.294,119.792,5115
74.059,324.121,5116
148.205,912.698,5117
622.319,873.757,5118
178.199,181.332,5119
86.466,254.348,5120
304.116,560.624,5121
448.848,10.741,5122
916.190,90.464,5123
401.091,882.078,5124
372.811,424.492,5125
282.201,903.144,5126
649.201,374.093,5127
437.614,281.798,5128
197.293,726.804,5129
456.934,914.640,5130
115.982,684.099,5131
770.862,119.884,5132
957.544,767.803,5133
455.645,86.868,5134
833.164,313.193,5135
759.979,446.061,5136
222.793,227.139,5137
647.829,586.360,5138
284.548,784.206,5139
689.865,86.056,5140
649.596,136.860,5141
483.718,755.146,5142
619.525,280.244,5143
245.610,117.892,5144
248.941,139.699,5145
594.769,603.124,5146
487.367,205.536,5147
43.874,977.505,5148
101.394,933.991,5149
630.291,793.878,5150
295.568,9.126,5151
648.804,958.346,5152
926.251,782.865,5153
941.292,46.301,5154
939.383,559.974,5155
992.299,891.578,5156
593.817,532.125,5157
412.969,93.575,5158
803.905,392.219,5159
819.881,574.538,5160
594.331,146.537,5161
728.369,177.151,5162
583.564,333.816,5163
445.639,680.934,5164
611.204,483.830,5165
156.493,339.282,5166
761.366,523.697,5167
465.854,193.394,5168
925.922,701.991,5169
300.060,986.280,5170
24.794,768.265,5171
402.293,471.478,5172
482.329,257.346,5173
736.213,345.122,5174
701.455,714.287,5175
903.935,297.243,5176
186.728,369.602,5177
650.552,41.682,5178
529.597,757.359,5179
669.132,844.909,5180
916.266,110.550,5181
963.708,37.490,5182
620.107,992.801,5183
294.611,204.542,5184
295.474,781.297,5185
788.901,217.688,5186
572.974,253.349,5187
356.050,207.410,5188
378.477,922.452,5189
188.165,297.434,5190
816.508,214.856,5191
205.116,901.821,5192
855.906,140.142,5193
425.573,791.192,5194
226.913,617.500,5195
97.977,951.666,5196
578.398,139.902,5197
824.640,395.916,5198
596.900,955.679,5199
604.019,963.957,5200
252.229,357.856,5201
916.493,724.767,5202
410.311,130.112,5203
456.234,864.903,5204
0.522,971.798,5205
72.973,474.131,5206
545.690,125.125,5207
567.231,63.044,5208
373.843,595.655,5209
559.061,54.778,5210
336.682,895.567,5211
666.332,934.786,5212
525.100,554.337,5213
756.877,97.226,5214
490.171,332.804,5215
599.983,804.145,5216
170.602,506.901,5217
384.818,306.415,5218
141.462,925.918,5219
681.149,265.673,5220
935.578,207.400,5221
855.360,138.180,5222
852.278,976.063,5223
963.024,422.667,5224
33.791,390.045,5225
154.640,378.180,5226
336.572,752.012,5227
436.190,907.895,5228
65.436,989.316,5229
267.656,822.166,5230
37.974,794.074,5231
900.438,518.157,5232
337.672,826.094,5233
852.325,271.284,5234
675.209,737.939,5235
204.971,444.664,5236
914.010,363.977,5237
144.636,124.627,5238
530.155,28.393,5239
377.738,585.023,5240
873.724,604.511,5241
24.038,879.208,5242
733.911,253.102,5243
111.046,831.144,5244
981.024,393.353,5245
687.757,63.873,5246
620.992,608.080,5247
653.547,261.962,5248
78.009,866.928,5249
157.801,468.732,5250
302.747,845.105,5251
784.317,829.239,5252
51.133,893.241,5253
393.059,696.602,5254
272.681,466.197,5255
80.254,939.320,5256
47.380,385.626,5257
221.594,87.514,5258
977.329,699.384,5259
827.850,975.197,5260
520.859,353.974,5261
289.498,470.511,5262
371.068,110.889,5263
855.528,485.163,5264
146.492,599.238,5265
96.731,244.562,5266
428.380,200.467,5267
86.404,812.823,5268
812.704,866.780,5269
87.207,683.773,5270
692.535,873.929,5271
914.030,275.258,5272
835.817,362.607,5273
504.983,880.315,5274
52.393,564.740,5275
908.499,364.526,5276
479.392,951.408,5277
446.799,189.672,5278
44.776,198.700,5279
897.689,914.884,5280
163.314,178.708,5281
592.329,245.596,5282
307.530,424.777,5283
190.945,928.482,5284
818.203,629.953,5285
727.665,882.817,5286
746.216,273.657,5287
451.230,218.793,5288
365.647,635.765,5289
499.967,81.971,5290
289.879,471.818,5291
462.478,670.806,5292
631.673,625.131,5293
251.241,833.617,5294
377.445,342.207,5295
633.217,508.818,5296
430.720,350.120,5297
428.335,625.798,5298
873.507,115.915,5299
610.400,832.364,5300
478.550,327.514,5301
383.242,188.417,5302
866.570,754.722,5303
970.130,562.694,5304
661.254,249.272,5305
847.092,15.473,5306
968.117,942.726,5307
845.693,354.052,5308
141.043,267.189,5309
438.002,544.959,5310
660.623,829.477,5311
500.567,794.041,5312
20.437,637.572,5313
597.560,771.344,5314
248.034,249.198,5315
429.721,116.096,5316
483.278,23.462,5317
980.360,807.299,5318
505.106,488.932,5319
812.494,571.904,5320
245.752,693.425,5321
339.902,728.099,5322
568.638,157.514,5323
134.821,197.320,5324
459.974,726.469,5325
996.804,717.792,5326
2.461,244.601,5327
361.885,768.019,5328
888.118,713.780,5329
61.078,214.506,5330
934.275,537.153,5331
688.377,918.762,5332
933.918,241.703,5333
242.950,405.051,5334
850.785,775.986,5335
425.186,897.007,5336
609.872,84.632,5337
532.657,267.998,5338
639.280,107.184,5339
88.977,917.280,5340
473.580,147.885,5341
925.654,682.967,5342
395.856,3.218,5343
551.954,578.937,5344
340.016,131.889,5345
872.248,741.755,5346
867.458,72.791,5347
488.345,613.698,5348
892.890,877.154,5349
773.748,709.179,5350
726.801,969.523,5351
51.196,18.144,5352
232.681,548.051,5353
911.106,130.344,5354
606.718,776.102,5355
223.507,794.578,5356
456.013,897.631,5357
91.719,434.879,5358
953.263,559.041,5359
809.097,324.410,5360
50.699,406.295,5361
695.053,714.512,5362
936.080,708.171,5363
394.418,718.480,5364
652.898,759.458,5365
112.655,124.175,5366
624.832,362.105,5367
146.500,151.741,5368
568.401,598.522,5369
525.687,362.707,5370
162.595,800.981,5371
824.303,10.856,5372
366.925,511.031,5373
597.198,271.814,5374
8.512,797.330,5375
438.072,911.827,5376
293.239,107.948,5377
59.511,72.009,5378
559.443,855.517,5379
929.851,881.729,5380
99.459,354.102,5381
704.830,990.742,5382
375.916,810.376,5383
831.180,560.947,5384
905.651,663.471,5385
98.917,771.470,5386
308.504,403.474,5387
889.265,144.433,5388
526.966,13.152,5389
824.138,957.535,5390
305.723,552.070,5391
457.853,20.686,5392
285.305,98.172,5393
984.759,183.085,5394
38.453,271.491,5395
908.976,494.783,5396
778.160,853.278,5397
301.282,173.464,5398
142.220,787.176,5399
903.878,689.718,5400
37.737,735.447,5401
377.179,368.482,5402
284.773,95.040,5403
456.258,530.238,5404
525.667,961.220,5405
961.893,273.466,5406
533.744,857.802,5407
779.287,4.146,5408
316.464,75.071,5409
161.673,454.725,5410
981.801,891.205,5411
743.606,41.641,5412
83.292,903.459,5413
55.783,867.876,5414
45.200,546.368,5415
319.157,594.237,5416
533.944,597.448,5417
526.340,643.930,5418
439.615,540.544,5419
465.338,717.980,5420
925.158,91.013,5421
148.344,297.692,5422
857.870,594.491,5423
166.597,215.731,5424
578.813,652.538,5425
948.138,77.715,5426
884.181,263.485,5427
35.512,989.852,5428
80.573,297.738,5429
400.011,536.606,5430
705.387,525.188,5431
18.616,370.796,5432
167.923,383.703,5433
46.236,91.059,5434
547.316,5.604,5435
388.981,210.404,5436
719.258,986.391,5437
915.965,221.175,5438
326.267,774.364,5439
21.090,502.505,5440
802.541,276.764,5441
615.304,852.337,5442
698.883,988.952,5443
320.339,903.215,5444
228.656,688.212,5445
663.848,869.594,5446
302.871,217.907,5447
342.026,321.209,5448
124.009,302.873,5449
535.904,601.670,5450
706.620,305.494,5451
250.977,517.296,5452
886.767,376.045,5453
340.234,392.980,5454
645.356,653.537,5455
253.166,196.341,5456
7.205,204.567,5457
931.475,817.007,5458
729.307,697.070,5459
26.554,444.787,5460
250.490,548.238,5461
329.454,489.954,5462
363.347,329.090,5463
881.609,523.878,5464
951.158,31.432,5465
609.360,317.544,5466
45.662,98.591,5467
525.808,829.337,5468
739.228,370.896,5469
346.225,917.523,5470
919.095,154.552,5471
528.611,75.948,5472
656.447,225.309,5473
53.835,458.009,5474
67.322,60.462,5475
595.773,28.893,5476
316.208,849.314,5477
48.145,452.779,5478
661.999,409.291,5479
105.046,421.427,5480
671.986,253.624,5481
657.564,303.806,5482
536.694,563.061,5483
683.040,49.472,5484
489.281,632.191,5485
633.887,582.055,5486
502.940,335.682,5487
69.123,31.900,5488
508.877,932.595,5489
358.695,788.537,5490
846.534,244.780,5491
709.681,514.796,5492
830.972,50.264,5493
783.758,512.022,5494
608.025,903.624,5495
348.926,548.357,5496
711.606,803.806,5497
420.783,214.914,5498
398.056,127.299,5499
89.876,782.043,5500
234.268,163.867,5501
641.076,672.450,5502
209.986,647.671,5503
916.203,55.439,5504
664.758,199.629,5505
764.434,851.889,5506
740.247,247.534,5507
268.038,187.782,5508
355.167,539.751,5509
845.845,645.541,5510
104.165,476.814,5511
894.629,719.897,5512
305.910,876.544,5513
124.384,127.814,5514
102.733,648.748,5515
178.355,793.435,5516
487.562,273.665,5517
822.983,417.016,5518
296.332,924.090,5519
757.580,508.710,5520
18.240,448.148,5521
315.738,4.036,5522
82.996,273.677,5523
260.974,367.432,5524
132.178,351.995,5525
417.438,355.502,5526
619.337,257.625,5527
329.258,797.397,5528
670.985,649.398,5529
750.547,790.248,5530
768.283,23.526,5531
76.773,91.800,5532
673.773,993.544,5533
904.065,992.212,5534
213.545,611.954,5535
336.968,749.062,5536
596.844,981.639,5537
227.403,637.823,5538
951.657,104.319,5539
594.295,661.684,5540
170.939,572.507,5541
348.136,341.088,5542
36.320,639.457,5543
825.336,881.716,5544
82.546,821.269,5545
547.510,91.474,5546
994.537,143.402,5547
337.360,138.003,5548
564.489,980.341,5549
280.476,662.357,5550
281.690,209.638,5551
741.829,165.713,5552
553.622,611.279,5553
841.409,472.858,5554
722.217,105.828,5555
176.855,399.480,5556
365.817,591.772,5557
934.253,254.660,5558
377.667,107.254,5559
584.290,622.730,5560
534.113,401.203,5561
690.275,182.530,5562
542.488,464.796,5563
893.729,858.614,5564
143.705,742.562,5565
403.927,870.630,5566
536.677,552.291,5567
749.995,306.877,5568
701.360,424.848,5569
242.229,916.548,5570
978.009,345.699,5571
991.316,512.202,5572
265.131,773.711,5573
955.188,963.886,5574
601.019,464.637,5575
326.450,979.790,5576
491.309,510.010,5577
948.060,656.965,5578
226.928,889.874,5579
11.952,733.402,5580
45.111,787.434,5581
703.274,913.080,5582
590.214,920.888,5583
637.305,293.123,5584
168.755,520.002,5585
48.741,567.534,5586
207.824,170.584,5587
930.514,374.781,5588
872.704,683.227,5589
95.894,682.825,5590
62.103,963.120,5591
48.366,236.433,5592
605.845,533.409,5593
992.473,905.813,5594
809.183,3.006,5595
430.536,503.431,5596
471.468,46.971,5597
959.815,237.520,5598
139.415,809.628,5599
689.324,823.414,5600
450.909,688.431,5601
226.851,8.920,5602
612.805,943.538,5603
675.882,768.043,5604
403.859,398.324,5605
422.108,51.627,5606
993.235,732.369,5607
699.779,197.059,5608
490.873,499.057,5609
223.619,883.788,5610
405.499,40.247,5611
552.656,444.651,5612
758.309,535.022,5613
900.120,538.255,5614
475.741,567.788,5615
516.009,420.982,5616
352.066,547.762,5617
922.792,283.285,5618
916.847,448.500,5619
293.357,589.353,5620
320.806,917.260,5621
377.805,503.770,5622
749.064,372.064,5623
332.674,191.598,5624
15.832,261.617,5625
446.618,468.821,5626
723.887,820.593,5627
458.486,77.108,5628
478.244,69.597,5629
43.449,619.411,5630
274.709,893.486,5631
704.887,856.545,5632
117.543,811.802,5633
127.460,228.729,5634
295.279,863.423,5635
128.501,390.055,5636
947.717,848.972,5637
713.818,268.641,5638
312.004,399.851,5639
143.533,453.866,5640
211.412,870.391,5641
71.884,249.322,5642
901.660,365.478,5643
276.482,119.476,5644
296.788,255.337,5645
205.677,575.210,5646
33.954,349.578,5647
634.234,532.055,5648
165.346,953.484,5649
814.810,830.280,5650
722.820,733.201,5651
340.081,889.391,5652
962.526,616.740,5653
817.237,634.559,5654
262.179,565.768,5655
243.258,154.348,5656
300.790,359.950,5657
839.757,117.108,5658
27.729,366.461,5659
32.454,429.952,5660
289.070,4.519,5661
831.811,948.826,5662
180.910,178.251,5663
551.381,520.822,5664
517.058,341.965,5665
748.571,873.329,5666
456.364,608.255,5667
509.760,961.243,5668
666.422,994.519,5669
297.529,821.913,5670
716.016,537.138,5671
998.249,782.545,5672
675.464,348.883,5673
823.329,301.178,5674
495.707,376.726,5675
302.245,209.341,5676
116.106,897.336,5677
809.725,550.867,5678
414.278,853.251,5679
925.802,761.033,5680
693.642,584.178,5681
452.067,51.797,5682
625.604,291.213,5683
650.219,654.089,5684
693.601,364.668,5685
449.014,82.621,5686
382.340,943.461,5687
867.222,659.869,5688
470.300,808.566,5689
919.856,86.375,5690
950.700,229.377,5691
728.454,396.474,5692
41.464,523.845,5693
233.204,937.909,5694
584.565,719.285,5695
285.559,444.105,5696
251.306,513.175,5697
503.215,458.302,5698
497.981,720.265,5699
85.942,869.494,5700
844.324,194.893,5701
303.216,778.774,5702
863.305,943.329,5703
528.163,16.191,5704
569.839,403.205,5705
377.632,586.526,5706
121.397,448.063,5707
897.734,581.960,5708
57.833,892.705,5709
712.711,831.641,5710
137.143,243.264,5711
716.906,534.703,5712
642.912,125.986,5713
478.884,823.741,5714
103.752,689.481,5715
79.672,729.429,5716
452.274,753.481,5717
980.275,824.871,5718
640.867,239.496,5719
513.272,576.050,5720
356.414,73.288,5721
226.335,530.358,5722
224.637,379.497,5723
863.858,556.642,5724
155.921,300.433,5725
279.085,585.402,5726
596.537,239.040,5727
744.200,453.776,5728
764.157,579.283,5729
443.678,280.603,5730
687.075,698.326,5731
513.242,642.736,5732
427.881,90.142,5733
499.837,373.107,5734
938.893,650.802,5735
273.405,554.371,5736
339.280,532.158,5737
501.807,348.803,5738
846.290,511.900,5739
116.799,692.179,5740
179.417,119.025,5741
400.505,933.939,5742
38.947,837.765,5743
107.928,181.793,5744
428.750,197.450,5745
766.473,472.072,5746
357.156,122.866,5747
502.718,78.845,5748
326.060,331.013,5749
259.284,385.862,5750
604.800,605.353,5751
300.359,744.404,5752
273.414,540.507,5753
491.915,724.123,5754
564.101,868.670,5755
958.469,500.341,5756
230.450,156.338,5757
358.258,894.295,5758
510.024,317.090,5759
679.088,716.377,5760
257.098,970.576,5761
432.694,798.365,5762
626.741,133.697,5763
105.158,575.966,5764
940.732,917.963,5765
463.826,361.830,5766
633.815,443.811,5767
766.726,315.855,5768
89.491,232.412,5769
36.452,465.438,5770
527.555,365.733,5771
413.147,300.577,5772
76.430,50.423,5773
712.224,390.950,5774
318.991,367.436,5775
18.034,814.784,5776
283.710,573.238,5777
57.785,444.064,5778
496.865,479.280,5779
745.405,230.763,5780
313.249,184.103,5781
746.020,53.538,5782
976.066,101.455,5783
755.870,622.994,5784
971.250,127.302,5785
481.666,255.759,5786
919.402,623.489,5787
960.714,447.209,5788
332.750,712.472,5789
695.164,575.656,5790
997.750,751.515,5791
341.464,341.580,5792
954.698,496.553,5793
990.662,686.856,5794
216.769,450.957,5795
60.724,176.358,5796
202.449,382.135,5797
831.819,815.658,5798
780.577,611.374,5799
997.467,871.572,5800
75.048,129.932,5801
641.377,902.361,5802
647.653,185.972,5803
669.616,672.773,5804
625.193,509.789,5805
179.781,431.630,5806
596.635,505.343,5807
971.139,690.174,5808
560.199,29.022,5809
143.368,311.523,5810
725.753,154.082,5811
192.817,914.319,5812
849.908,239.790,5813
748.478,946.383,5814
959.278,171.134,5815
675.668,516.228,5816
577.357,340.485,5817
194.855,139.942,5818
750.944,940.581,5819
44.551,576.666,5820
67.050,938.326,5821
820.804,876.994,5822
507.449,737.118,5823
522.422,722.666,5824
4.673,10.206,5825
366.833,701.264,5826
424.977,777.820,5827
219.753,598.100,5828
616.774,382.970,5829
220.601,158.095,5830
216.779,6.345,5831
347.328,372.287,5832
916.793,622.158,5833
312.112,29.582,5834
664.990,86.689,5835
551.738,39.984,5836
988.452,75.204,5837
863.544,496.106,5838
913.271,754.959,5839
328.496,586.160,5840
405.656,807.530,5841
946.279,158.964,5842
975.675,218.898,5843
443.321,393.298,5844
579.556,512.308,5845
668.665,425.429,5846
673.842,893.423,5847
397.331,50.595,5848
912.660,80.968,5849
639.496,386.780,5850
501.954,954.589,5851
782.687,694.787,5852
620.770,703.108,5853
812.217,371.088,5854
958.421,76.573,5855
610.162,39.391,5856
658.844,264.541,5857
684.561,713.275,5858
101.895,141.617,5859
987.861,504.718,5860
182.225,828.120,5861
115.439,140.634,5862
556.197,834.581,5863
372.260,57.263,5864
127.224,235.697,5865
97.274,308.124,5866
302.042,773.156,5867
316.678,630.816,5868
388.183,211.968,5869
940.151,867.808,5870
783.981,941.847,5871
78.749,907.925,5872
284.255,818.309,5873
174.245,431.576,5874
892.142,906.474,5875
424.462,97.873,5876
426.259,390.916,5877
970.275,538.367,5878
316.031,626.574,5879
558.126,292.192,5880
895.652,445.563,5881
807.740,828.296,5882
148.169,859.973,5883
164.584,254.857,5884
190.170,566.336,5885
232.844,751.574,5886
427.784,64.266,5887
572.294,474.522,5888
910.700,781.940,5889
673.002,216.425,5890
49.835,871.394,5891
751.658,978.190,5892
638.082,526.475,5893
116.821,78.998,5894
958.329,725.964,5895
196.334,675.759,5896
347.331,894.142,5897
459.695,198.942,5898
271.691,219.812,5899
426.006,182.124,5900
580.939,50.216,5901
838.228,487.847,5902
699.434,247.049,5903
82.897,397.704,5904
956.302,419.034,5905
608.664,691.701,5906
741.719,247.570,5907
402.576,337.504,5908
736.289,878.379,5909
139.114,685.077,5910
911.807,131.267,5911
973.550,390.731,5912
620.232,85.952,5913
135.650,896.864,5914
613.224,424.891,5915
305.434,165.235,5916
482.010,500.016,5917
905.427,656.660,5918
162.843,10.154,5919
97.496,689.446,5920
64.713,787.846,5921
201.638,755.452,5922
297.090,464.911,5923
992.555,168.021,5924
203.465,83.815,5925
723.830,344.847,5926
761.344,412.113,5927
233.445,48.116,5928
500.181,822.070,5929
106.633,311.076,5930
322.563,595.202,5931
170.803,10.195,5932
432.735,523.838,5933
627.134,257.671,5934
519.212,127.634,5935
864.863,512.529,5936
919.501,982.798,5937
944.811,308.400,5938
557.679,293.510,5939
833.497,574.138,5940
662.009,335.417,5941
794.192,788.868,5942
45.743,520.170,5943
489.486,48.567,5944
440.683,578.657,5945
628.119,609.222,5946
245.307,190.108,5947
183.635,732.948,5948
309.584,163.384,5949
871.405,638.076,5950
521.435,519.462,5951
520.162,795.008,5952
795.138,210.719,5953
942.823,696.171,5954
644.343,157.893,5955
225.491,77.482,5956
111.135,235.304,5957
726.126,987.357,5958
319.528,154.891,5959
200.043,388.418,5960
392.916,440.301,5961
842.071,64.880,5962
199.557,256.167,5963
795.842,56.891,5964
352.151,599.091,5965
134.312,409.021,5966
56.774,522.628,5967
312.244,691.424,5968
705.049,387.236,5969
870.708,15.037,5970
624.575,648.571,5971
961.488,973.569,5972
751.564,605.203,5973
765.313,331.047,5974
898.142,760.599,5975
911.622,512.785,5976
970.785,68.942,5977
793.743,517.829,5978
855.578,370.441,5979
266.266,888.355,5980
503.163,66.002,5981
305.486,878.960,5982
514.395,886.963,5983
144.697,385.951,5984
569.817,428.336,5985
28.201,978.084,5986
413.209,935.555,5987
850.160,904.289,5988
251.076,179.839,5989
44.812,202.109,5990
16.101,131.415,5991
883.132,474.175,5992
145.956,382.026,5993
628.240,145.511,5994
770.815,424.407,5995
681.860,494.664,5996
328.716,149.640,5997
92.650,817.901,5998
696.939,177.773,5999
283.933,457.468,6000
793.355,204.452,6001
977.955,577.547,6002
664.098,990.897,6003
125.899,388.876,6004
543.954,7.248,6005
88.825,598.429,6006
517.572,412.220,6007
566.073,676.730,6008
414.901,297.218,6009
727.145,211.111,6010
844.160,108.864,6011
420.812,98.928,6012
469.197,607.704,6013
603.247,575.262,6014
904.835,131.904,6015
874.076,581.767,6016
228.365,948.178,6017
54.353,633.503,6018
936.093,311.788,6019
549.684,138.760,6020
535.510,802.972,6021
862.020,536.532,6022
311.379,244.525,6023
405.467,952.300,6024
875.689,594.712,6025
115.085,842.130,6026
429.507,613.901,6027
706.346,272.787,6028
823.308,377.558,6029
549.433,571.386,6030
272.614,522.366,6031
190.851,402.532,6032
260.534,595.165,6033
499.260,414.400,6034
789.311,282.611,6035
859.340,503.901,6036
348.750,858.716,6037
725.602,324.278,6038
151.399,744.110,6039
376.721,877.878,6040
871.833,207.944,6041
478.670,925.832,6042
242.449,842.842,6043
704.486,218.899,6044
282.626,554.551,6045
495.025,920.371,6046
898.930,419.087,6047
642.365,839.487,6048
223.058,641.472,6049
371.096,742.992,6050
619.709,164.032,6051
905.266,471.341,6052
891.656,733.517,6053
172.209,65.387,6054
6.082,561.020,6055
560.895,885.141,6056
982.201,362.815,6057
849.267,991.461,6058
328.307,614.701,6059
238.056,274.514,6060
786.931,858.585,6061
165.341,450.636,6062
912.162,607.851,6063
329.971,449.617,6064
92.680,789.239,6065
585.182,51.511,6066
778.773,991.647,6067
313.484,987.885,6068
714.067,151.827,6069
698.033,556.443,6070
76.521,972.642,6071
997.438,979.551,6072
137.025,988.335,6073
696.255,408.689,6074
351.805,341.983,6075
986.496,599.365,6076
785.007,805.292,6077
772.069,612.143,6078
551.129,159.606,6079
966.458,178.880,6080
139.401,106.805,6081
391.571,782.403,6082
287.922,235.974,6083
260.870,65.413,6084
205.842,659.161,6085
581.292,523.973,6086
68.500,815.402,6087
494.555,950.493,6088
342.258,826.222,6089
978.288,233.358,6090
286.411,619.708,6091
588.524,604.052,6092
601.778,726.229,6093
535.635,215.513,6094
694.869,787.611,6095
509.856,640.912,6096
813.807,669.136,6097
217.423,750.132,6098
123.695,750.492,6099
89.266,629.261,6100
618.543,191.852,6101
399.164,705.523,6102
528.293,977.605,6103
984.568,779.063,6104
398.468,265.735,6105
30.388,886.455,6106
276.929,734.595,6107
233.041,238.761,6108
383.818,633.299,6109
222.822,116.704,6110
346.345,357.992,6111
506.132,365.170,6112
499.288,497.747,6113
302.923,470.739,6114
29.438,100.676,6115
389.800,925.648,6116
312.454,931.006,6117
574.913,184.721,6118
539.769,155.188,6119
539.607,555.151,6120
652.521,846.707,6121
398.266,983.371,6122
379.351,404.986,6123
505.332,734.470,6124
747.181,617.558,6125
307.160,558.887,6126
882.043,943.907,6127
47.457,795.769,6128
527.315,190.804,6129
378.064,418.619,6130
477.167,71.004,6131
441.808,340.031,6132
884.002,931.014,6133
714.980,389.264,6134
304.847,618.458,6135
290.089,891.395,6136
793.905,276.615,6137
800.999,222.145,6138
139.604,122.508,6139
151.568,84.196,6140
640.441,615.656,6141
207.122,9.883,6142
936.529,380.785,6143
487.858,161.095,6144
694.213,647.039,6145
778.072,236.869,6146
303.537,61.508,6147
924.666,290.099,6148
571.699,53.344,6149
41.919,842.235,6150
217.259,507.749,6151
395.569,867.668,6152
91.985,908.156,6153
576.366,841.604,6154
10.365,815.005,6155
960.748,421.778,6156
377.377,92.318,6157
43.129,921.489,6158
856.975,998.566,6159
531.175,286.733,6160
600.587,803.263,6161
633.870,516.167,6162
381.028,415.106,6163
184.346,944.857,6164
133.954,486.505,6165
311.352,562.983,6166
110.403,853.254,6167
158.260,557.686,6168
439.422,427.430,6169
718.445,493.998,6170
188.710,296.867,6171
857.001,438.744,6172
537.024,884.325,6173
286.181,560.473,6174
254.413,954.582,6175
807.338,655.617,6176
466.206,88.218,6177
477.715,928.386,6178
708.162,472.983,6179
391.698,177.622,6180
126.323,434.751,6181
16.413,17.216,6182
520.303,719.512,6183
471.578,689.306,6184
301.894,853.645,6185
508.763,770.777,6186
903.976,101.681,6187
250.644,59.950,6188
440.136,34.176,6189
858.273,27.440,6190
300.482,410.240,6191
219.019,614.724,6192
650.353,903.740,6193
109.960,239.254,6194
452.699,289.365,6195
193.698,366.859,6196
348.050,546.548,6197
844.383,142.410,6198
444.440,891.731,6199
551.156,679.933,6200
628.119,375.713,6201
604.060,921.993,6202
706.077,808.337,6203
364.151,218.938,6204
575.562,351.329,6205
305.882,333.008,6206
196.365,665.774,6207
935.484,909.135,6208
386.099,51.758,6209
276.528,554.265,6210
241.430,195.306,6211
805.846,485.141,6212
281.638,652.603,6213
750.175,695.046,6214
72.510,810.431,6215
959.723,542.881,6216
384.142,715.142,6217
41.020,277.845,6218
284.548,645.455,6219
881.451,271.603,6220
675.962,277.012,6221
763.147,546.890,6222
760.823,401.341,6223
617.184,390.628,6224
186.744,583.849,6225
955.049,506.922,6226
591.601,967.494,6227
459.120,506.206,6228
939.962,286.565,6229
111.285,334.864,6230
69.549,278.750,6231
342.904,226.019,6232
285.169,576.992,6233
191.966,598.967,6234
135.090,25.292,6235
742.940,99.013,6236
343.903,776.402,6237
127.312,643.590,6238
12.029,870.809,6239
967.664,86.093,6240
19.476,626.847,6241
792.546,96.859,6242
370.529,421.312,6243
958.822,813.378,6244
473.665,929.889,6245
140.289,836.908,6246
992.667,77.937,6247
266.861,542.722,6248
457.132,298.114,6249
310.455,555.060,6250
640.867,895.389,6251
497.071,301.285,6252
778.340,784.555,6253
604.830,732.564,6254
0.185,579.778,6255
174.954,51.927,6256
145.698,194.676,6257
53.237,952.362,6258
405.293,459.827,6259
427.712,236.929,6260
428.222,121.765,6261
69.294,191.155,6262
785.354,725.054,6263
667.960,583.564,6264
760.911,863.960,6265
708.462,660.911,6266
576.118,903.306,6267
487.071,243.498,6268
146.166,42.130,6269
224.099,935.776,6270
401.164,735.097,6271
643.687,999.000,6272
798.484,288.070,6273
426.096,224.638,6274
31.715,869.665,6275
413.138,610.806,6276
618.044,324.789,6277
581.301,447.915,6278
320.828,698.031,6279
635.785,728.373,6280
165.717,795.594,6281
952.949,657.071,6282
564.402,128.420,6283
775.075,469.117,6284
424.995,362.472,6285
869.643,573.070,6286
29.932,168.983,6287
123.892,665.345,6288
2.629,833.217,6289
434.537,943.241,6290
884.358,481.390,6291
705.650,805.759,6292
924.475,963.572,6293
523.059,431.337,6294
207.941,110.350,6295
317.840,165.837,6296
175.278,439.545,6297
132.794,587.689,6298
749.476,801.157,6299
900.986,776.325,6300
244.079,810.286,6301
836.029,779.866,6302
231.125,473.301,6303
567.482,985.891,6304
560.010,217.997,6305
101.946,641.061,6306
112.026,234.262,6307
393.787,911.525,6308
739.171,642.900,6309
825.292,800.162,6310
89.360,849.960,6311
634.942,285.922,6312
998.348,910.276,6313
437.744,669.351,6314
562.518,386.352,6315
839.316,289.687,6316
529.793,674.998,6317
497.675,58.925,6318
802.766,891.053,6319
386.651,777.738,6320
582.995,298.354,6321
917.452,92.737,6322
996.919,581.337,6323
752.440,684.452,6324
706.781,762.358,6325
998.183,264.031,6326
701.357,744.749,6327
489.653,721.243,6328
350.351,961.303,6329
12.775,423.592,6330
623.613,862.704,6331
749.106,134.881,6332
683.181,114.243,6333
190.901,398.641,6334
804.930,255.393,6335
792.802,88.516,6336
822.498,540.149,6337
72.525,597.026,6338
580.332,622.691,6339
677.276,22.981,6340
162.190,816.749,6341
236.487,371.281,6342
116.076,133.901,6343
683.300,665.457,6344
359.314,358.066,6345
527.854,387.684,6346
741.497,30.003,6347
47.116,312.525,6348
80.699,476.005,6349
651.977,615.521,6350
392.436,754.490,6351
267.289,715.885,6352
958.766,674.454,6353
868.875,117.445,6354
778.282,104.213,6355
866.649,831.304,6356
727.957,805.813,6357
666.073,113.164,6358
539.114,302.860,6359
997.572,111.266,6360
350.668,79.110,6361
6.299,394.434,6362
369.919,236.271,6363
311.717,272.390,6364
561.577,175.636,6365
620.861,293.159,6366
750.058,342.197,6367
836.966,188.957,6368
36.212,173.172,6369
720.213,625.588,6370
96.503,492.770,6371
751.802,940.368,6372
743.054,161.823,6373
38.891,450.385,6374
432.791,575.073,6375
302.343,888.248,6376
421.666,358.059,6377
164.810,422.919,6378
190.284,612.911,6379
477.714,806.580,6380
481.445,80.440,6381
216.259,691.438,6382
725.113,878.273,6383
892.638,942.062,6384
815.463,88.620,6385
34.236,439.899,6386
93.764,758.989,6387
296.281,758.326,6388
432.573,557.367,6389
701.201,91.807,6390
993.838,956.226,6391
443.077,90.059,6392
902.323,463.434,6393
271.288,81.526,6394
635.817,676.526,6395
415.556,215.897,6396
994.633,627.959,6397
139.700,103.414,6398
67.918,480.735,6399
176.597,687.694,6400
666.602,203.024,6401
396.227,649.763,6402
608.890,71.150,6403
851.757,80.548,6404
573.480,874.282,6405
525.033,619.279,6406
518.490,98.927,6407
216.019,188.217,6408
301.779,602.843,6409
695.789,9.001,6410
737.840,510.090,6411
504.471,211.346,6412
81.287,974.923,6413
144.337,418.830,6414
242.347,985.689,6415
669.142,646.685,6416
606.910,205.523,6417
868.180,359.808,6418
554.417,463.149,6419
297.766,919.038,6420
825.460,523.524,6421
863.961,107.091,6422
793.266,291.690,6423
632.316,93.165,6424
106.816,290.653,6425
576.844,902.004,6426
674.902,288.892,6427
607.332,749.512,6428
524.472,113.298,6429
253.494,937.225,6430
856.721,910.313,6431
869.735,20.212,6432
461.667,448.765,6433
172.140,507.457,6434
68.813,800.796,6435
752.047,465.814,6436
194.726,839.469,6437
930.857,746.157,6438
117.266,747.230,6439
57.729,193.480,6440
485.617,493.988,6441
147.360,829.522,6442
80.940,954.640,6443
764.005,306.999,6444
500.353,450.188,6445
43.275,236.065,6446
731.016,555.212,6447
369.395,770.401,6448
931.163,801.163,6449
419.399,427.973,6450
244.263,777.406,6451
6.588,851.877,6452
188.264,446.549,6453
797.389,335.507,6454
596.888,66.829,6455
238.491,364.131,6456
527.260,716.424,6457
912.496,476.648,6458
508.500,166.294,6459
335.981,735.282,6460
459.940,317.851,6461
902.178,334.041,6462
128.060,405.541,6463
705.044,145.910,6464
147.003,935.854,6465
275.544,563.005,6466
381.191,32.802,6467
861.010,322.825,6468
34.862,68.709,6469
792.113,536.514,6470
643.246,696.758,6471
512.155,386.160,6472
815.727,575.918,6473
696.590,13.203,6474
637.258,608.401,6475
253.285,221.063,6476
79.233,477.438,6477
304.727,458.393,6478
943.584,994.359,6479
962.987,489.204,6480
517.466,701.025,6481
638.612,956.201,6482
832.144,33.929,6483
806.100,578.364,6484
655.303,128.810,6485
573.493,889.707,6486
971.216,370.077,6487
833.437,581.453,6488
723.107,63.839,6489
128.316,923.803,6490
425.145,714.317,6491
554.584,470.597,6492
519.690,785.761,6493
975.049,150.401,6494
961.164,663.873,6495
553.744,50.226,6496
750.846,92.544,6497
50.862,52.216,6498
89.991,332.110,6499
779.003,612.603,6500
85.637,920.262,6501
870.299,630.020,6502
424.669,60.589,6503
998.516,606.587,6504
346.203,547.156,6505
875.131,408.049,6506
597.434,164.832,6507
737.765,466.217,6508
431.638,894.561,6509
345.416,691.830,6510
152.855,509.201,6511
137.685,827.940,6512
326.870,421.095,6513
41.810,466.488,6514
583.166,428.649,6515
231.102,91.509,6516
982.855,253.931,6517
939.711,730.969,6518
297.799,97.874,6519
813.070,556.082,6520
198.378,464.264,6521
302.696,661.246,6522
135.201,587.724,6523
32.488,283.705,6524
65.279,809.166,6525
603.065,952.874,6526
340.942,872.103,6527
703.769,192.954,6528
907.321,194.403,6529
117.274,540.175,6530
338.701,249.659,6531
926.889,824.019,6532
273.529,370.709,6533
77.401,423.811,6534
245.100,899.389,6535
336.510,551.441,6536
543.283,635.567,6537
429.058,48.794,6538
663.336,917.872,6539
416.842,303.857,6540
85.619,275.354,6541
624.515,371.388,6542
449.823,473.812,6543
79.723,643.186,6544
345.898,745.223,6545
593.248,151.675,6546
651.197,687.242,6547
2.576,498.531,6548
714.446,474.538,6549
889.255,857.635,6550
924.914,92.386,6551
194.206,179.611,6552
538.575,711.905,6553
884.925,797.481,6554
466.661,133.297,6555
76.924,920.864,6556
510.835,320.513,6557
204.880,132.690,6558
863.346,139.313,6559
58.512,348.192,6560
26.664,568.190,6561
857.609,520.316,6562
778.177,524.453,6563
570.786,374.396,6564
951.904,830.123,6565
609.675,909.443,6566
218.208,377.721,6567
450.105,172.135,6568
383.804,169.650,6569
628.892,471.159,6570
917.999,78.494,6571
821.682,149.887,6572
615.194,98.775,6573
445.714,796.014,6574
333.822,784.672,6575
279.655,369.860,6576
907.090,950.561,6577
775.041,755.923,6578
569.340,169.359,6579
939.206,893.590,6580
899.706,847.893,6581
374.808,820.751,6582
845.171,900.679,6583
372.923,271.719,6584
9.585,926.355,6585
863.918,930.677,6586
832.068,895.737,6587
358.069,240.945,6588
617.964,527.236,6589
159.906,599.767,6590
897.659,586.599,6591
143.047,786.989,6592
175.087,610.085,6593
259.497,671.431,6594
158.784,169.685,6595
363.374,922.464,6596
476.088,620.429,6597
804.025,455.754,6598
899.676,915.435,6599
932.529,894.176,6600
145.018,601.551,6601
846.708,899.549,6602
102.626,427.939,6603
874.368,219.134,6604
191.421,349.177,6605
773.098,975.507,6606
86.981,964.032,6607
131.566,66.383,6608
906.464,269.165,6609
151.959,886.884,6610
140.320,251.209,6611
892.425,831.034,6612
330.852,692.540,6613
941.646,346.277,6614
536.109,863.126,6615
285.691,189.090,6616
939.711,674.704,6617
378.465,94.996,6618
125.371,986.872,6619
156.556,128.599,6620
768.436,914.830,6621
159.236,34.130,6622
950.528,150.264,6623
938.920,552.808,6624
92.537,166.654,6625
993.160,343.673,6626
135.359,755.767,6627
156.925,107.680,6628
700.502,326.120,6629
384.716,870.560,6630
169.489,109.349,6631
848.044,882.734,6632
627.392,70.253,6633
701.266,954.333,6634
872.568,254.220,6635
602.833,391.340,6636
517.907,414.985,6637
329.525,469.958,6638
128.971,255.120,6639
327.446,24.964,6640
641.514,534.874,6641
867.472,542.056,6642
576.744,620.037,6643
381.363,369.978,6644
410.048,731.432,6645
603.067,97.814,6646
784.396,461.728,6647
776.124,15.805,6648
560.441,72.134,6649
75.639,758.486,6650
242.176,755.054,6651
181.735,237.864,6652
203.077,585.148,6653
710.343,824.646,6654
567.534,374.763,6655
765.809,875.192,6656
218.072,938.434,6657
152.250,804.815,6658
246.125,514.720,6659
442.715,243.075,6660
668.016,217.943,6661
638.795,875.572,6662
519.304,587.275,6663
687.429,975.288,6664
575.445,351.041,6665
862.707,626.587,6666
778.616,24.056,6667
611.782,327.004,6668
948.417,81.067,6669
259.117,595.907,6670
801.339,253.398,6671
511.572,851.258,6672
310.049,242.412,6673
498.374,921.016,6674
294.744,720.718,6675
783.222,502.118,6676
937.256,918.269,6677
619.658,184.593,6678
124.855,349.832,6679
314.345,845.100,6680
775.535,684.296,6681
683.787,248.637,6682
265.253,540.242,6683
463.798,368.465,6684
811.751,437.070,6685
515.052,491.723,6686
200.711,944.079,6687
841.388,817.689,6688
459.371,683.283,6689
268.691,58.527,6690
535.696,698.277,6691
738.802,292.782,6692
844.381,316.489,6693
785.953,702.843,6694
344.382,685.255,6695
129.769,618.262,6696
364.394,377.856,6697
363.752,124.054,6698
502.174,121.483,6699
167.595,49.405,6700
529.083,98.720,6701
482.373,40.346,6702
643.945,275.101,6703
525.736,576.757,6704
262.654,892.049,6705
455.959,299.821,6706
321.395,310.186,6707
632.021,848.948,6708
170.341,843.825,6709
138.292,390.109,6710
811.066,675.308,6711
409.761,505.107,6712
125.954,520.187,6713
828.245,728.311,6714
921.659,805.803,6715
101.092,355.876,6716
61.019,444.781,6717
772.230,362.458,6718
275.088,908.424,6719
9.961,276.887,6720
109.064,505.782,6721
140.707,952.033,6722
221.285,822.421,6723
521.487,839.405,6724
475.762,280.512,6725
523.154,951.302,6726
145.594,332.132,6727
175.388,281.215,6728
560.565,206.759,6729
690.115,926.406,6730
168.670,621.428,6731
208.921,423.793,6732
320.091,493.635,6733
36.793,222.617,6734
956.296,691.395,6735
160.250,912.001,6736
254.299,159.561,6737
720.305,158.850,6738
677.090,196.116,6739
575.021,170.288,6740
652.560,551.767,6741
640.847,210.955,6742
656.292,603.333,6743
743.967,90.113,6744
595.988,184.000,6745
617.693,693.844,6746
632.432,56.421,6747
567.899,578.423,6748
139.884,67.199,6749
306.682,571.530,6750
625.625,835.872,6751
380.415,818.300,6752
117.404,862.126,6753
490.158,915.500,6754
376.814,616.031,6755
331.827,214.159,6756
286.428,400.611,6757
851.716,396.242,6758
959.897,199.663,6759
37.279,331.773,6760
438.964,624.536,6761
828.634,777.849,6762
471.804,131.389,6763
407.600,934.916,6764
870.351,615.303,6765
644.274,142.585,6766
700.439,682.840,6767
266.282,728.388,6768
832.855,371.642,6769
939.529,594.274,6770
151.767,537.424,6771
588.479,540.776,6772
47.394,771.778,6773
862.432,94.928,6774
38.260,569.801,6775
784.435,480.155,6776
664.618,348.404,6777
774.948,657.268,6778
730.062,622.808,6779
351.200,241.641,6780
438.070,412.399,6781
329.776,473.186,6782
75.832,138.343,6783
762.916,133.230,6784
246.233,931.267,6785
443.059,846.472,6786
264.411,303.428,6787
101.325,119.339,6788
222.452,766.030,6789
658.483,668.874,6790
518.530,353.475,6791
101.688,468.418,6792
141.566,743.259,6793
136.783,62.469,6794
267.460,716.185,6795
947.776,767.383,6796
25.314,927.409,6797
643.577,378.462,6798
989.076,638.665,6799
708.569,360.066,6800
631.083,797.543,6801
356.097,860.990,6802
572.517,963.024,6803
927.251,213.223,6804
509.439,182.971,6805
216.360,235.053,6806
590.248,950.738,6807
795.785,952.169,6808
723.879,30.884,6809
82.377,24.943,6810
16.748,510.756,6811
943.835,435.891,6812
344.197,321.604,6813
942.879,250.099,6814
50.117,844.979,6815
628.933,694.961,6816
210.496,564.475,6817
561.153,898.461,6818
898.923,982.573,6819
615.079,173.406,6820
179.696,384.765,6821
950.889,101.574,6822
813.261,827.731,6823
949.055,655.695,6824
638.034,106.052,6825
632.846,148.027,6826
164.641,558.658,6827
118.553,714.668,6828
907.502,739.379,6829
531.892,210.784,6830
746.705,865.904,6831
199.711,886.319,6832
227.567,41.874,6833
979.784,985.363,6834
460.461,701.390,6835
574.499,77.456,6836
497.840,224.594,6837
858.795,936.470,6838
371.599,549.722,6839
874.988,227.011,6840
369.048,624.291,6841
213.119,338.870,6842
957.219,206.324,6843
563.466,954.257,6844
947.203,309.075,6845
219.676,56.418,6846
200.319,402.419,6847
500.208,442.410,6848
363.491,570.295,6849
352.167,492.262,6850
306.877,571.412,6851
851.093,582.762,6852
86.451,593.737,6853
574.333,530.793,6854
178.768,912.429,6855
446.705,429.935,6856
764.474,785.294,6857
167.452,289.551,6858
920.355,673.199,6859
451.473,778.531,6860
60.664,208.976,6861
90.223,502.486,6862
581.597,572.865,6863
814.826,723.305,6864
33.354,643.623,6865
187.160,949.874,6866
182.361,174.839,6867
333.321,320.250,6868
644.423,215.771,6869
763.213,502.684,6870
886.954,8.581,6871
120.639,807.473,6872
661.923,707.030,6873
789.365,324.299,6874
459.382,255.207,6875
42.869,541.986,6876
139.384,99.590,6877
994.199,323.133,6878
581.277,681.919,6879
954.329,703.703,6880
577.696,132.543,6881
514.760,397.523,6882
299.130,607.105,6883
740.008,978.212,6884
51.564,995.214,6885
485.489,684.834,6886
912.664,455.161,6887
144.204,98.387,6888
831.640,566.396,6889
790.266,239.161,6890
113.907,733.621,6891
227.633,579.139,6892
563.400,36.710,6893
458.750,902.705,6894
54.717,545.338,6895
92.811,529.589,6896
239.219,623.419,6897
105.004,591.414,6898
449.729,171.640,6899
739.188,916.088,6900
499.045,413.315,6901
182.589,914.128,6902
67.582,655.801,6903
24.354,447.649,6904
496.485,561.252,6905
507.829,13.155,6906
757.139,288.046,6907
173.309,738.066,6908
517.920,236.606,6909
826.370,266.984,6910
240.938,976.884,6911
293.090,248.306,6912
539.769,278.770,6913
571.333,48.242,6914
722.128,398.744,6915
347.575,155.870,6916
51.467,121.913,6917
835.917,222.447,6918
805.920,695.817,6919
570.608,802.855,6920
258.254,476.968,6921
60.570,283.158,6922
787.505,717.820,6923
786.709,760.849,6924
776.741,415.754,6925
67.633,161.586,6926
407.896,594.507,6927
653.173,731.254,6928
746.924,257.534,6929
677.242,213.217,6930
956.400,980.838,6931
709.476,898.848,6932
75.526,507.493,6933
585.972,730.985,6934
227.823,482.542,6935
346.927,986.248,6936
537.409,224.970,6937
22.063,139.244,6938
85.406,733.523,6939
504.506,347.449,6940
708.337,340.390,6941
496.784,798.270,6942
690.180,187.608,6943
856.561,705.702,6944
173.213,615.607,6945
232.349,683.429,6946
118.623,505.547,6947
206.979,854.685,6948
560.328,699.517,6949
9.163,446.621,6950
422.799,45.927,6951
894.845,191.429,6952
261.839,372.121,6953
449.560,420.397,6954
127.131,908.132,6955
626.120,284.019,6956
301.837,172.655,6957
567.966,503.990,6958
500.064,836.299,6959
191.909,217.292,6960
463.910,854.062,6961
859.316,89.571,6962
279.914,750.389,6963
135.819,948.382,6964
256.919,803.643,6965
325.744,557.762,6966
818.373,136.761,6967
298.742,520.123,6968
48.628,171.515,6969
205.850,695.835,6970
301.427,174.360,6971
140.634,151.570,6972
711.365,62.432,6973
940.923,532.399,6974
886.303,0.000,6975
428.997,977.390,6976
148.841,849.307,6977
835.753,259.476,6978
229.456,848.732,6979
348.560,812.623,6980
689.755,447.496,6981
799.661,749.622,6982
467.475,603.100,6983
454.821,542.127,6984
754.646,119.067,6985
76.332,733.605,6986
279.563,219.259,6987
976.945,772.010,6988
410.091,269.718,6989
194.884,258.354,6990
512.614,718.730,6991
480.537,139.916,6992
9.398,650.051,6993
710.582,385.647,6994
366.607,406.668,6995
961.525,147.117,6996
872.761,609.460,6997
633.374,267.741,6998
508.870,351.242,6999
