x,y,target_id
258.393,191.656,0
850.608,27.976,1
745.739,164.341,2
106.927,492.360,3
46.356,843.212,4
155.554,317.517,5
4.908,81.526,6
888.627,835.101,7
777.226,989.687,8
285.358,342.771,9
470.252,240.394,10
297.746,65.040,11
103.791,53.493,12
699.419,662.642,13
1.045,941.847,14
365.434,693.229,15
65.453,717.579,16
77.288,405.928,17
468.353,947.871,18
877.923,145.316,19
209.216,920.325,20
322.356,718.141,21
10.745,686.216,22
785.434,891.892,23
63.052,761.300,24
718.806,541.204,25
249.633,498.337,26
946.025,276.710,27
456.941,481.825,28
504.427,840.825,29
481.423,151.648,30
460.622,468.400,31
998.596,519.413,32
493.653,125.483,33
746.269,773.232,34
498.848,283.321,35
232.298,613.557,36
443.438,585.518,37
313.845,964.376,38
765.862,335.689,39
329.483,960.155,40
143.021,318.588,41
247.375,258.191,42
949.018,305.670,43
889.343,461.026,44
519.446,566.535,45
509.358,490.795,46
41.967,755.329,47
569.873,235.788,48
330.889,741.814,49
961.942,27.543,50
351.621,449.742,51
851.625,543.632,52
580.388,258.641,53
163.446,707.828,54
563.965,447.819,55
929.088,377.547,56
443.958,639.545,57
477.854,304.168,58
74.651,744.586,59
875.158,671.333,60
498.456,701.058,61
738.816,507.746,62
199.300,206.665,63
773.947,514.984,64
546.506,572.795,65
788.922,701.898,66
209.463,0.761,67
153.882,978.332,68
186.424,360.802,69
756.525,241.215,70
417.742,581.041,71
878.213,845.807,72
858.938,666.022,73
142.612,141.358,74
685.504,776.882,75
389.020,740.825,76
937.438,978.460,77
478.280,610.465,78
686.253,595.172,79
299.687,385.283,80
972.389,315.789,81
886.377,781.109,82
142.222,139.463,83
625.126,504.631,84
781.032,794.799,85
232.063,904.269,86
815.447,933.718,87
25.489,304.339,88
132.185,280.996,89
935.875,641.292,90
54.168,542.549,91
608.746,242.756,92
294.735,984.893,93
130.124,199.412,94
464.299,648.162,95
519.047,391.929,96
517.438,137.802,97
913.550,248.041,98
304.739,751.857,99
629.829,632.949,100
42.152,946.667,101
152.031,512.548,102
178.532,735.003,103
183.439,796.621,104
799.338,685.675,105
184.926,462.269,106
290.886,427.560,107
293.648,417.520,108
698.146,321.802,109
655.057,62.800,110
803.266,88.100,111
789.607,396.825,112
367.839,795.389,113
81.337,403.093,114
408.374,963.972,115
817.993,18.068,116
44.848,265.143,117
332.123,147.174,118
105.489,781.196,119
670.605,368.601,120
607.602,203.047,121
585.159,449.284,122
573.557,9.615,123
841.134,4.901,124
362.300,553.920,125
147.452,449.018,126
940.476,300.161,127
923.145,108.389,128
392.184,693.400,129
430.955,168.565,130
33.214,503.554,131
559.337,987.686,132
165.006,114.303,133
461.393,545.271,134
81.364,948.023,135
471.926,399.772,136
340.305,665.025,137
859.562,375.770,138
191.153,829.528,139
209.293,381.062,140
191.372,842.281,141
836.198,745.923,142
146.364,128.349,143
772.307,120.573,144
892.754,106.889,145
233.745,897.017,146
840.677,224.718,147
993.643,894.543,148
898.658,285.700,149
589.282,345.364,150
661.033,552.192,151
718.526,580.642,152
145.339,160.681,153
881.861,934.053,154
884.526,462.163,155
513.100,440.747,156
638.687,693.994,157
842.308,469.002,158
525.265,355.885,159
718.748,408.881,160
419.675,425.395,161
934.420,623.248,162
737.059,812.967,163
485.943,480.678,164
252.218,572.695,165
438.813,153.511,166
398.640,928.401,167
240.481,787.190,168
175.009,755.935,169
590.754,766.034,170
487.267,582.023,171
525.884,391.100,172
603.752,429.046,173
944.679,906.740,174
145.756,727.336,175
728.575,193.422,176
73.473,241.027,177
771.051,52.886,178
191.781,207.472,179
382.825,520.172,180
194.969,52.533,181
560.699,134.073,182
489.536,608.700,183
317.917,624.230,184
742.904,819.687,185
302.186,822.296,186
664.905,277.357,187
84.899,399.452,188
450.851,944.305,189
814.865,37.308,190
499.833,789.299,191
958.296,640.808,192
972.351,447.011,193
93.987,451.909,194
552.152,716.865,195
681.321,402.927,196
951.181,738.044,197
416.954,929.283,198
897.084,640.471,199
878.202,174.298,200
558.568,391.900,201
566.365,659.014,202
432.649,933.286,203
584.460,357.974,204
674.424,779.651,205
139.006,846.398,206
787.887,67.850,207
227.795,179.992,208
158.311,556.784,209
805.971,799.789,210
396.056,993.235,211
758.680,84.466,212
508.190,79.352,213
163.295,638.471,214
280.496,389.527,215
208.611,98.862,216
952.035,956.617,217
63.751,550.580,218
965.299,258.924,219
787.464,413.716,220
263.146,569.100,221
689.455,715.202,222
509.130,791.314,223
379.758,279.046,224
978.624,121.547,225
96.434,708.061,226
233.107,797.420,227
888.481,53.156,228
268.395,799.220,229
399.697,53.886,230
554.359,69.526,231
266.220,736.740,232
22.883,206.922,233
582.619,51.103,234
881.743,356.850,235
60.462,730.881,236
214.708,721.479,237
340.457,437.687,238
872.398,798.643,239
449.691,999.000,240
883.691,840.756,241
49.846,911.137,242
97.294,428.524,243
785.749,404.836,244
804.221,603.926,245
424.098,611.836,246
346.408,70.077,247
86.263,487.089,248
398.809,909.518,249
501.492,142.089,250
733.478,813.030,251
364.606,129.194,252
103.165,635.338,253
121.286,282.220,254
205.978,372.417,255
892.044,577.745,256
897.325,449.359,257
963.503,135.571,258
417.544,990.086,259
322.109,299.471,260
992.400,336.564,261
908.174,800.409,262
674.996,871.215,263
948.451,127.163,264
314.410,573.182,265
962.127,309.506,266
644.579,419.830,267
34.755,320.631,268
6.630,138.187,269
193.244,61.205,270
499.764,629.652,271
366.143,589.960,272
965.662,251.320,273
976.639,279.803,274
756.496,663.089,275
80.014,862.413,276
18.814,719.956,277
984.624,34.172,278
633.676,69.078,279
892.616,452.192,280
481.671,262.770,281
824.805,594.313,282
902.318,476.086,283
336.642,280.579,284
805.409,315.077,285
667.618,658.439,286
319.020,901.282,287
583.224,999.000,288
601.030,836.233,289
523.391,350.114,290
800.402,938.092,291
742.819,252.019,292
88.924,455.714,293
455.002,178.511,294
317.360,340.144,295
437.557,99.469,296
392.361,462.922,297
198.111,164.111,298
519.270,655.705,299
130.449,628.459,300
262.665,323.974,301
431.952,443.233,302
180.290,201.166,303
156.252,566.224,304
230.195,859.232,305
880.322,777.232,306
831.497,76.226,307
409.266,97.467,308
277.172,100.037,309
444.096,133.062,310
185.446,597.424,311
134.118,197.855,312
804.928,923.495,313
317.049,20.226,314
622.126,649.074,315
801.158,610.768,316
506.469,590.152,317
66.586,590.593,318
308.801,473.383,319
636.212,684.782,320
874.982,832.603,321
982.341,777.987,322
479.112,459.626,323
179.956,309.699,324
921.649,432.439,325
310.901,788.600,326
526.412,281.381,327
35.604,180.157,328
492.829,417.470,329
728.486,137.792,330
607.667,977.947,331
414.824,470.893,332
826.879,853.984,333
15.682,731.106,334
655.004,921.858,335
889.799,442.348,336
175.251,916.460,337
815.924,746.639,338
773.354,22.326,339
972.660,894.285,340
939.489,713.163,341
220.477,468.993,342
589.730,851.272,343
261.913,72.636,344
801.567,914.641,345
354.709,540.757,346
651.092,979.579,347
464.693,884.303,348
792.937,431.789,349
649.877,320.320,350
146.381,367.030,351
633.368,449.775,352
674.756,353.802,353
307.456,170.379,354
531.611,779.105,355
100.424,590.554,356
953.008,918.422,357
156.683,481.728,358
650.273,771.821,359
929.138,830.255,360
464.523,671.358,361
790.316,897.949,362
408.369,555.236,363
595.829,865.181,364
783.325,664.313,365
390.647,71.403,366
764.644,511.141,367
349.182,343.207,368
507.362,214.539,369
708.805,242.802,370
546.101,960.283,371
869.515,667.105,372
124.347,302.556,373
612.977,818.764,374
38.393,372.421,375
858.523,453.647,376
71.250,491.675,377
849.211,640.914,378
590.636,377.224,379
946.076,237.579,380
43.862,395.074,381
203.769,347.860,382
301.467,476.123,383
826.550,120.105,384
114.188,38.803,385
599.632,166.124,386
214.984,723.277,387
769.717,270.773,388
213.044,503.595,389
901.662,247.627,390
149.358,64.683,391
924.702,77.996,392
318.690,515.757,393
138.472,785.629,394
291.808,891.040,395
295.102,65.154,396
747.000,8.590,397
160.686,293.630,398
353.121,913.944,399
811.260,561.264,400
306.894,552.302,401
469.514,276.310,402
525.184,103.244,403
925.762,367.217,404
394.400,971.703,405
827.052,534.813,406
846.136,332.306,407
60.570,700.656,408
429.780,989.188,409
319.592,474.029,410
58.905,700.863,411
38.600,439.350,412
784.433,313.367,413
211.089,833.135,414
997.525,498.222,415
693.181,464.583,416
186.745,478.054,417
115.482,632.781,418
290.270,540.854,419
871.895,224.337,420
954.968,112.298,421
197.133,670.342,422
611.930,160.715,423
171.163,669.077,424
155.859,102.157,425
959.512,974.504,426
805.831,269.564,427
252.659,792.297,428
279.401,251.766,429
620.792,634.065,430
345.518,471.754,431
838.143,402.946,432
316.045,712.904,433
938.153,102.308,434
40.500,283.251,435
573.850,64.615,436
641.960,847.404,437
345.716,982.436,438
565.994,789.755,439
843.929,351.627,440
391.286,21.929,441
930.934,674.753,442
875.964,708.613,443
479.729,315.278,444
626.516,104.088,445
172.036,283.934,446
837.263,727.153,447
959.153,708.622,448
156.872,217.983,449
621.819,361.607,450
133.250,782.288,451
130.241,845.769,452
819.994,834.461,453
475.083,92.218,454
139.488,209.169,455
954.610,497.192,456
536.157,488.445,457
472.437,758.000,458
48.603,224.320,459
557.787,398.143,460
257.036,75.538,461
882.213,297.768,462
549.518,766.302,463
241.861,705.788,464
250.905,164.656,465
852.357,523.517,466
708.381,158.572,467
40.464,753.000,468
78.421,635.597,469
943.135,987.298,470
401.122,57.588,471
124.015,622.256,472
780.381,303.594,473
343.759,362.361,474
210.555,610.531,475
999.000,511.336,476
984.871,100.810,477
297.753,307.310,478
261.141,929.945,479
540.471,799.268,480
898.628,791.134,481
360.614,116.102,482
559.523,665.533,483
193.818,231.372,484
976.294,415.918,485
613.588,924.871,486
455.382,229.975,487
651.995,219.370,488
166.826,171.287,489
198.146,883.710,490
559.772,48.718,491
737.766,556.375,492
211.703,919.959,493
605.262,134.303,494
157.601,324.639,495
777.978,881.666,496
796.769,855.116,497
636.201,228.760,498
427.625,214.114,499
858.539,879.368,500
609.874,718.446,501
177.026,269.469,502
564.598,41.730,503
659.359,774.790,504
255.426,67.661,505
551.247,387.964,506
435.387,80.775,507
769.669,310.791,508
495.754,66.119,509
882.335,981.898,510
407.800,922.821,511
656.833,185.460,512
143.220,710.566,513
119.120,665.722,514
528.929,540.896,515
857.161,36.106,516
606.426,743.534,517
401.537,795.476,518
372.309,712.470,519
300.404,226.935,520
203.385,197.549,521
776.172,927.052,522
832.803,110.438,523
443.570,681.909,524
128.519,991.289,525
515.075,961.800,526
301.317,269.894,527
111.672,794.716,528
93.648,650.283,529
235.860,647.261,530
645.877,205.368,531
278.958,208.188,532
862.973,401.695,533
280.659,306.230,534
524.177,839.571,535
263.973,609.334,536
807.780,925.139,537
907.306,466.515,538
443.221,340.406,539
35.835,642.693,540
957.790,197.379,541
434.533,195.961,542
307.265,302.542,543
103.292,404.086,544
825.959,550.719,545
65.301,691.563,546
88.948,869.391,547
600.668,692.528,548
477.085,954.615,549
158.904,649.573,550
272.109,805.439,551
430.817,355.130,552
354.770,28.007,553
78.477,349.323,554
550.900,744.480,555
511.279,454.231,556
341.060,238.846,557
158.622,648.851,558
568.492,672.384,559
875.124,16.163,560
958.379,565.738,561
333.560,540.080,562
92.644,927.747,563
593.518,928.772,564
813.286,197.645,565
46.920,847.542,566
209.971,355.412,567
724.225,613.103,568
645.683,361.770,569
133.979,552.589,570
459.734,823.156,571
748.467,8.755,572
100.823,324.322,573
463.557,851.935,574
786.356,622.882,575
707.313,979.023,576
991.435,900.794,577
462.013,295.502,578
656.506,181.009,579
511.583,570.141,580
849.674,515.512,581
349.405,272.610,582
657.124,753.110,583
769.267,28.574,584
574.304,758.886,585
590.800,866.258,586
203.112,875.336,587
454.804,858.666,588
151.013,432.203,589
518.079,103.407,590
731.213,954.490,591
781.324,477.137,592
845.056,941.009,593
941.889,696.245,594
590.574,761.215,595
879.667,220.358,596
452.168,917.372,597
805.090,959.050,598
346.495,336.028,599
840.564,226.539,600
542.254,216.657,601
279.194,79.697,602
219.839,249.756,603
582.519,66.298,604
1.919,439.789,605
191.509,762.229,606
236.606,264.470,607
740.847,160.367,608
671.023,983.067,609
39.247,148.293,610
934.401,493.335,611
87.565,384.347,612
797.968,457.437,613
291.124,689.908,614
759.767,123.918,615
781.167,673.446,616
227.424,435.064,617
347.135,289.459,618
901.227,318.472,619
38.159,743.772,620
963.447,197.216,621
317.152,878.676,622
517.771,36.378,623
783.615,994.518,624
571.980,309.341,625
706.420,870.472,626
402.717,956.573,627
943.248,728.663,628
44.412,557.018,629
7.754,385.263,630
629.779,661.634,631
496.720,633.748,632
170.739,213.685,633
943.478,473.286,634
896.461,8.107,635
158.776,511.370,636
407.220,777.108,637
982.189,601.479,638
99.930,924.730,639
53.069,666.528,640
823.588,50.837,641
654.698,345.104,642
75.581,847.814,643
628.014,830.461,644
819.010,772.106,645
335.507,972.944,646
387.736,817.027,647
885.151,77.457,648
249.681,994.278,649
817.085,919.830,650
486.197,563.244,651
808.408,494.030,652
810.661,803.488,653
365.053,407.917,654
537.833,106.264,655
262.657,850.139,656
676.369,296.788,657
885.225,495.245,658
886.368,489.101,659
911.183,845.669,660
961.045,363.229,661
893.589,789.711,662
727.377,230.798,663
393.879,787.854,664
602.824,62.646,665
559.558,642.105,666
172.628,954.583,667
462.576,57.999,668
217.741,466.321,669
294.428,90.169,670
672.801,775.330,671
382.942,956.172,672
960.379,676.751,673
957.198,765.748,674
327.462,378.078,675
745.571,233.718,676
696.491,806.582,677
46.907,369.572,678
619.469,424.219,679
358.047,542.630,680
494.467,152.334,681
306.735,66.715,682
94.376,687.217,683
457.736,376.104,684
60.350,340.425,685
795.698,624.998,686
476.416,590.420,687
206.599,990.365,688
7.500,517.244,689
226.106,785.464,690
849.196,267.609,691
993.507,891.517,692
794.051,890.709,693
884.919,13.138,694
388.645,42.483,695
466.094,855.466,696
204.805,315.415,697
275.264,846.666,698
359.719,712.812,699
368.681,931.683,700
890.820,635.536,701
316.450,884.220,702
587.336,436.317,703
28.885,928.132,704
6.370,620.402,705
87.138,6.705,706
450.487,819.397,707
651.284,362.675,708
654.244,771.089,709
322.564,350.563,710
292.373,213.310,711
530.143,828.730,712
940.354,764.704,713
348.508,276.463,714
610.909,173.791,715
272.559,460.333,716
537.239,848.788,717
861.594,312.668,718
348.205,19.612,719
886.209,84.153,720
591.664,259.384,721
209.299,96.804,722
676.177,505.673,723
89.708,551.974,724
94.648,717.731,725
765.606,308.611,726
400.177,39.111,727
565.269,179.682,728
116.279,155.169,729
829.816,623.070,730
291.237,980.745,731
474.716,632.503,732
437.152,942.736,733
391.350,173.901,734
888.634,472.700,735
750.292,47.153,736
577.122,452.872,737
934.967,90.633,738
11.547,163.715,739
79.326,56.137,740
902.887,623.516,741
7.370,620.816,742
174.292,237.666,743
269.180,579.884,744
748.568,730.248,745
409.302,341.939,746
855.026,168.785,747
218.837,979.032,748
705.279,583.660,749
999.000,613.293,750
939.753,494.640,751
230.990,863.399,752
69.137,125.195,753
643.937,942.859,754
127.146,93.550,755
616.123,525.550,756
776.291,806.770,757
509.506,27.378,758
659.508,778.830,759
10.039,293.159,760
694.630,70.610,761
889.790,293.731,762
315.511,519.450,763
90.398,474.423,764
617.113,831.939,765
377.036,783.910,766
484.677,950.242,767
310.062,388.310,768
448.834,822.856,769
354.880,232.946,770
169.814,71.377,771
638.156,572.241,772
193.852,1.143,773
555.627,750.500,774
180.288,727.026,775
764.178,588.492,776
928.048,784.737,777
687.713,513.781,778
580.294,170.591,779
456.816,820.908,780
624.639,485.302,781
802.393,736.582,782
953.396,593.899,783
122.575,704.432,784
930.383,344.600,785
973.402,710.028,786
223.546,478.778,787
653.512,163.141,788
10.977,990.117,789
842.565,498.013,790
54.643,192.455,791
731.839,815.593,792
680.358,423.599,793
807.994,668.053,794
757.094,341.848,795
125.656,922.447,796
266.578,497.907,797
852.428,850.733,798
258.416,314.194,799
37.862,459.957,800
406.783,927.584,801
269.025,34.299,802
856.350,986.882,803
429.556,816.986,804
244.014,838.599,805
731.278,828.752,806
699.551,170.344,807
90.528,522.898,808
352.240,332.281,809
497.823,721.099,810
476.326,180.017,811
918.797,915.211,812
336.659,37.787,813
506.060,828.855,814
564.314,63.841,815
415.256,831.579,816
820.994,947.256,817
348.003,310.072,818
107.214,939.747,819
777.024,520.428,820
186.292,966.760,821
285.998,317.925,822
152.191,959.240,823
409.961,598.233,824
407.330,221.304,825
635.761,294.393,826
904.814,380.264,827
756.578,843.964,828
512.589,871.110,829
616.177,512.333,830
783.768,298.252,831
475.009,860.976,832
68.023,948.522,833
613.018,274.942,834
683.924,363.093,835
579.673,705.206,836
572.810,624.652,837
507.411,416.271,838
774.575,513.455,839
218.713,402.213,840
218.109,992.680,841
305.648,931.587,842
665.562,246.442,843
863.670,70.858,844
993.578,413.510,845
100.488,111.358,846
759.210,538.304,847
934.063,305.190,848
938.780,474.181,849
922.851,229.848,850
131.902,134.684,851
757.255,757.075,852
733.716,154.699,853
134.902,714.604,854
713.004,490.756,855
591.003,415.299,856
859.153,599.788,857
313.920,463.958,858
538.265,299.900,859
908.277,272.823,860
341.432,429.689,861
55.445,395.723,862
130.658,577.303,863
940.726,101.969,864
34.350,341.825,865
577.970,228.001,866
498.285,822.000,867
273.096,316.142,868
610.340,798.342,869
184.330,804.608,870
159.274,318.661,871
450.286,361.814,872
770.896,820.894,873
313.324,103.812,874
165.775,802.932,875
139.284,17.080,876
457.343,710.154,877
29.122,72.984,878
452.531,601.270,879
713.971,668.875,880
599.214,749.746,881
166.425,166.090,882
497.088,309.938,883
762.032,83.217,884
727.716,495.010,885
464.322,57.102,886
107.595,249.820,887
790.312,891.076,888
228.491,107.198,889
673.348,18.962,890
200.610,186.614,891
872.697,915.976,892
868.735,365.440,893
796.404,890.853,894
655.264,145.385,895
187.998,139.034,896
356.931,896.617,897
238.368,258.687,898
814.599,373.715,899
813.187,68.458,900
525.618,780.738,901
67.523,745.550,902
568.125,459.067,903
968.938,143.625,904
99.427,434.723,905
449.317,444.768,906
741.959,482.269,907
524.641,759.727,908
662.593,284.725,909
800.907,829.488,910
599.871,698.289,911
813.749,919.202,912
479.238,36.397,913
385.848,39.677,914
70.469,192.581,915
127.278,718.212,916
799.733,577.784,917
311.008,796.571,918
792.442,557.157,919
501.497,896.270,920
606.509,476.523,921
118.864,976.568,922
311.552,134.021,923
278.912,817.009,924
338.499,612.872,925
785.034,695.932,926
202.958,691.376,927
259.533,901.353,928
626.348,651.414,929
493.638,953.621,930
381.467,824.058,931
434.428,509.860,932
952.791,566.544,933
45.483,769.397,934
130.023,681.505,935
795.757,774.990,936
621.748,653.762,937
188.435,942.396,938
578.472,505.272,939
210.101,944.951,940
911.169,582.407,941
886.013,175.099,942
627.083,201.561,943
640.957,783.322,944
256.488,274.312,945
528.300,753.818,946
353.830,930.232,947
398.988,888.667,948
254.286,453.658,949
269.808,697.585,950
0.000,373.813,951
924.094,641.891,952
317.685,481.892,953
658.364,904.787,954
928.751,812.596,955
664.187,496.005,956
447.432,490.759,957
535.053,994.313,958
661.252,658.404,959
89.762,781.781,960
105.984,202.728,961
875.928,314.023,962
307.289,569.464,963
191.591,216.714,964
859.103,433.966,965
10.115,480.783,966
943.071,172.840,967
788.718,749.600,968
249.649,657.323,969
702.894,324.958,970
909.284,328.705,971
130.247,87.240,972
538.359,764.606,973
456.143,368.676,974
33.422,448.639,975
730.522,58.689,976
158.442,113.807,977
998.346,687.812,978
462.410,709.465,979
97.601,467.338,980
783.264,361.436,981
400.893,17.028,982
548.889,629.166,983
688.814,937.708,984
399.874,347.483,985
198.217,313.926,986
385.944,545.908,987
312.283,312.824,988
449.090,362.280,989
24.999,896.336,990
84.743,554.613,991
757.327,656.228,992
153.882,457.327,993
636.839,983.596,994
788.338,685.117,995
351.045,726.879,996
644.907,994.509,997
602.224,667.697,998
57.760,785.473,999
778.127,482.954,1000
60.504,660.865,1001
201.326,263.842,1002
444.667,485.348,1003
405.496,548.805,1004
891.972,934.852,1005
626.414,484.982,1006
145.537,612.806,1007
633.825,792.813,1008
599.570,996.544,1009
178.846,319.790,1010
829.026,663.787,1011
224.015,869.900,1012
856.832,652.826,1013
743.006,60.141,1014
287.167,938.114,1015
297.635,69.622,1016
87.149,817.183,1017
440.053,920.013,1018
757.207,208.334,1019
972.285,584.313,1020
878.218,362.108,1021
245.206,650.450,1022
256.064,92.179,1023
68.366,999.000,1024
567.021,361.841,1025
423.654,770.326,1026
262.790,979.096,1027
638.322,562.223,1028
402.793,118.329,1029
937.930,152.259,1030
213.019,522.022,1031
961.606,188.259,1032
439.465,532.157,1033
656.229,90.064,1034
516.766,458.953,1035
232.395,219.919,1036
618.248,488.048,1037
99.378,645.079,1038
407.605,658.115,1039
718.917,789.950,1040
390.451,845.936,1041
331.976,854.381,1042
116.276,543.945,1043
978.986,634.707,1044
167.820,43.316,1045
875.982,415.630,1046
70.728,29.451,1047
958.999,175.815,1048
58.779,49.326,1049
487.166,53.434,1050
487.000,515.065,1051
638.041,208.856,1052
804.611,399.156,1053
996.098,30.985,1054
247.662,549.238,1055
651.623,844.648,1056
541.168,917.791,1057
593.009,634.765,1058
923.360,237.683,1059
268.832,597.077,1060
145.126,552.937,1061
906.338,108.366,1062
87.584,382.989,1063
178.365,20.414,1064
959.656,891.083,1065
134.238,799.531,1066
781.200,590.973,1067
849.895,297.390,1068
662.886,578.203,1069
598.055,243.350,1070
101.512,500.011,1071
528.802,947.913,1072
466.901,369.331,1073
149.040,437.515,1074
110.788,994.214,1075
884.388,8.911,1076
947.257,153.655,1077
723.511,183.252,1078
717.420,582.570,1079
694.770,184.543,1080
996.844,270.401,1081
340.865,664.622,1082
747.197,900.126,1083
273.798,330.035,1084
103.751,696.585,1085
537.475,549.975,1086
76.088,702.263,1087
498.841,211.007,1088
18.948,339.417,1089
854.256,868.228,1090
466.968,307.367,1091
401.854,641.034,1092
453.988,650.476,1093
313.193,391.297,1094
140.088,461.443,1095
19.393,448.781,1096
485.050,380.160,1097
873.952,531.530,1098
824.821,289.181,1099
577.758,703.848,1100
203.278,936.442,1101
476.997,22.077,1102
588.997,656.669,1103
775.938,667.630,1104
900.722,371.020,1105
452.391,349.483,1106
258.276,259.421,1107
575.817,771.645,1108
161.000,93.909,1109
395.298,304.372,1110
408.629,837.126,1111
663.410,506.181,1112
374.903,220.912,1113
995.400,339.394,1114
392.956,347.736,1115
636.150,207.948,1116
877.210,948.619,1117
451.171,733.115,1118
197.262,172.820,1119
396.098,183.593,1120
0.000,634.132,1121
171.312,258.614,1122
11.641,848.319,1123
275.850,537.592,1124
493.629,907.818,1125
375.558,649.359,1126
981.723,366.049,1127
673.046,315.759,1128
662.687,359.257,1129
787.000,562.907,1130
623.054,956.158,1131
614.409,665.755,1132
151.380,674.592,1133
485.558,952.954,1134
962.583,474.769,1135
61.262,649.139,1136
260.556,244.694,1137
74.906,538.220,1138
769.328,89.662,1139
773.347,362.563,1140
128.249,243.440,1141
253.248,994.292,1142
980.955,197.729,1143
291.984,183.329,1144
189.653,328.786,1145
858.622,18.544,1146
328.729,278.357,1147
758.996,42.021,1148
764.898,454.344,1149
711.337,454.478,1150
585.879,114.056,1151
444.846,279.724,1152
38.618,708.562,1153
785.821,120.543,1154
11.076,7.200,1155
503.039,771.784,1156
566.672,533.886,1157
608.066,699.770,1158
324.382,127.936,1159
582.090,648.270,1160
106.698,723.362,1161
296.587,323.308,1162
248.564,949.253,1163
791.536,796.480,1164
960.761,162.524,1165
746.248,126.735,1166
678.933,200.968,1167
138.146,969.880,1168
220.540,154.837,1169
498.615,839.469,1170
299.025,274.911,1171
325.535,788.495,1172
396.935,529.014,1173
128.530,608.358,1174
901.233,830.913,1175
989.851,850.227,1176
289.572,957.237,1177
330.495,383.954,1178
693.077,820.752,1179
91.778,271.557,1180
614.230,873.815,1181
117.393,262.369,1182
397.865,776.059,1183
752.099,120.057,1184
862.610,768.316,1185
256.136,360.790,1186
311.503,143.323,1187
398.961,947.685,1188
922.938,845.584,1189
95.350,78.317,1190
157.989,498.269,1191
353.043,780.911,1192
921.273,231.534,1193
126.020,759.072,1194
998.879,105.309,1195
691.391,272.732,1196
191.691,367.210,1197
558.051,869.366,1198
269.288,391.126,1199
154.555,34.553,1200
245.445,269.757,1201
871.292,354.448,1202
648.586,41.402,1203
54.888,20.787,1204
918.925,20.487,1205
740.332,32.735,1206
462.384,658.858,1207
30.079,688.589,1208
662.255,644.780,1209
233.200,44.908,1210
414.854,94.177,1211
584.748,884.734,1212
676.686,631.192,1213
387.889,742.784,1214
515.195,307.454,1215
253.414,509.997,1216
287.601,132.438,1217
809.712,565.784,1218
583.476,128.486,1219
43.337,450.890,1220
437.982,49.785,1221
165.917,462.798,1222
843.491,488.639,1223
908.349,740.397,1224
932.854,867.052,1225
302.544,46.831,1226
158.459,957.196,1227
158.858,749.778,1228
29.004,469.974,1229
948.067,679.926,1230
220.846,459.076,1231
54.069,374.505,1232
150.232,128.644,1233
895.532,390.997,1234
737.953,803.493,1235
132.731,985.052,1236
391.053,420.092,1237
602.549,593.371,1238
227.576,891.381,1239
314.395,270.354,1240
468.888,207.120,1241
788.296,182.081,1242
434.621,916.287,1243
540.826,601.038,1244
910.882,875.910,1245
758.896,974.642,1246
684.766,716.890,1247
645.367,789.183,1248
219.835,970.917,1249
186.124,11.849,1250
814.802,663.573,1251
472.192,691.823,1252
197.285,567.862,1253
746.837,335.978,1254
578.790,936.268,1255
384.179,103.595,1256
393.722,69.982,1257
132.838,662.424,1258
114.181,353.636,1259
690.756,374.164,1260
355.698,555.682,1261
542.350,449.980,1262
290.206,89.179,1263
947.145,460.560,1264
430.626,349.715,1265
769.128,305.683,1266
160.159,598.485,1267
789.902,315.512,1268
215.557,680.053,1269
50.743,410.010,1270
268.007,79.769,1271
473.929,352.456,1272
664.360,502.759,1273
259.474,809.416,1274
307.337,438.278,1275
49.016,902.062,1276
644.927,475.461,1277
469.312,441.857,1278
746.986,692.121,1279
584.580,31.268,1280
258.807,115.731,1281
955.260,834.899,1282
828.749,659.847,1283
256.221,143.714,1284
922.117,282.091,1285
237.404,743.115,1286
837.874,50.766,1287
674.486,338.201,1288
382.498,985.685,1289
991.052,540.413,1290
7.523,958.219,1291
200.444,422.612,1292
543.781,530.268,1293
321.490,856.151,1294
352.316,430.445,1295
470.594,616.149,1296
153.023,910.062,1297
895.341,641.315,1298
360.781,567.916,1299
479.812,699.470,1300
423.043,356.204,1301
132.048,246.550,1302
163.913,283.981,1303
836.547,13.702,1304
432.149,897.232,1305
615.651,524.609,1306
805.144,529.239,1307
598.152,802.813,1308
833.736,475.414,1309
286.315,913.578,1310
490.030,834.357,1311
321.288,964.842,1312
445.176,0.848,1313
121.727,236.989,1314
177.087,429.408,1315
768.869,858.455,1316
312.270,19.361,1317
126.808,246.681,1318
189.239,452.948,1319
65.789,782.510,1320
935.007,240.959,1321
102.103,17.550,1322
868.163,971.462,1323
468.619,742.259,1324
618.189,932.071,1325
436.617,216.103,1326
553.109,955.326,1327
147.591,128.783,1328
939.004,452.610,1329
950.806,836.665,1330
419.247,4.502,1331
983.778,629.946,1332
861.897,178.019,1333
636.689,483.899,1334
909.629,606.675,1335
480.714,911.636,1336
856.742,666.627,1337
174.820,500.342,1338
608.992,582.622,1339
685.965,231.338,1340
876.502,591.055,1341
105.789,584.874,1342
354.346,412.354,1343
65.232,566.953,1344
909.328,176.850,1345
869.448,11.346,1346
294.306,580.108,1347
406.676,335.916,1348
876.912,575.112,1349
507.050,667.545,1350
905.989,607.335,1351
546.768,226.363,1352
375.364,21.152,1353
770.466,104.242,1354
110.309,123.039,1355
703.330,671.927,1356
882.553,277.651,1357
832.339,246.554,1358
90.982,795.288,1359
831.043,912.006,1360
341.239,107.380,1361
699.588,963.802,1362
536.118,708.245,1363
709.902,548.653,1364
923.975,560.830,1365
822.725,941.485,1366
682.330,757.252,1367
362.258,43.147,1368
183.272,460.163,1369
971.471,240.037,1370
206.824,306.508,1371
851.640,136.160,1372
121.258,836.801,1373
926.162,291.572,1374
735.388,801.673,1375
835.603,663.956,1376
483.469,76.190,1377
812.381,49.688,1378
272.409,383.976,1379
504.012,981.078,1380
1.554,390.462,1381
208.636,186.966,1382
716.238,490.934,1383
189.974,39.335,1384
148.551,256.657,1385
62.418,939.243,1386
380.736,579.031,1387
529.164,190.257,1388
466.395,425.549,1389
719.245,49.559,1390
17.715,417.976,1391
439.130,783.444,1392
822.515,961.393,1393
862.505,838.311,1394
500.934,232.044,1395
62.511,575.235,1396
6.254,695.342,1397
638.890,661.053,1398
505.425,368.780,1399
940.903,828.797,1400
169.564,275.855,1401
282.713,460.810,1402
319.065,50.900,1403
979.392,308.510,1404
455.534,202.304,1405
695.217,213.737,1406
501.775,9.825,1407
651.139,847.741,1408
38.583,470.274,1409
786.210,329.465,1410
928.960,790.408,1411
842.168,202.449,1412
392.211,331.123,1413
999.000,51.313,1414
216.445,723.681,1415
33.013,278.208,1416
293.424,35.310,1417
222.096,790.514,1418
678.298,275.550,1419
457.097,695.553,1420
139.786,303.181,1421
553.545,990.131,1422
845.017,276.552,1423
898.687,105.430,1424
52.422,472.314,1425
163.614,100.251,1426
536.619,541.189,1427
891.235,225.301,1428
652.568,433.771,1429
729.081,733.108,1430
313.570,860.050,1431
927.654,933.307,1432
244.528,274.867,1433
50.751,804.349,1434
905.535,795.709,1435
762.384,816.566,1436
881.060,110.247,1437
980.928,942.929,1438
181.108,273.898,1439
569.420,90.999,1440
178.712,556.937,1441
727.832,4.232,1442
563.679,354.948,1443
368.108,117.459,1444
557.419,321.111,1445
95.240,72.930,1446
351.681,551.905,1447
957.618,967.374,1448
96.513,267.855,1449
688.411,793.039,1450
73.894,143.072,1451
180.351,563.089,1452
423.770,100.356,1453
638.672,99.950,1454
940.968,158.325,1455
104.418,880.217,1456
14.098,691.345,1457
896.313,113.469,1458
261.332,569.170,1459
354.196,840.666,1460
731.465,871.437,1461
341.498,570.181,1462
223.382,852.661,1463
796.102,335.733,1464
727.889,213.734,1465
332.580,535.934,1466
881.215,4.626,1467
794.556,432.543,1468
223.141,429.954,1469
954.066,409.294,1470
145.383,18.158,1471
508.160,69.743,1472
370.849,914.994,1473
813.558,208.813,1474
654.727,805.414,1475
687.366,918.364,1476
0.000,670.372,1477
886.129,192.360,1478
256.618,432.392,1479
150.455,211.488,1480
77.510,900.559,1481
423.982,372.135,1482
154.898,574.845,1483
493.114,647.223,1484
635.700,907.956,1485
27.229,618.106,1486
978.870,449.053,1487
6.688,751.914,1488
357.313,849.092,1489
782.536,328.549,1490
277.942,616.161,1491
913.328,574.612,1492
775.663,223.330,1493
959.201,694.563,1494
605.490,605.407,1495
743.668,593.508,1496
665.568,28.643,1497
787.309,298.329,1498
288.881,268.924,1499
910.723,288.134,1500
855.774,824.648,1501
661.650,223.130,1502
566.409,691.827,1503
87.495,868.735,1504
355.899,24.981,1505
678.907,507.782,1506
882.759,260.232,1507
139.379,15.069,1508
655.875,746.812,1509
883.840,244.968,1510
400.201,182.331,1511
345.896,943.154,1512
824.797,965.786,1513
96.769,438.367,1514
231.984,61.133,1515
17.346,104.637,1516
661.361,254.513,1517
326.729,729.301,1518
803.813,765.512,1519
761.732,637.076,1520
93.969,955.827,1521
629.972,776.807,1522
657.575,682.197,1523
538.235,209.795,1524
560.612,302.431,1525
928.280,181.445,1526
107.121,110.584,1527
736.802,881.754,1528
877.652,43.553,1529
117.610,812.985,1530
61.130,548.983,1531
262.750,699.737,1532
53.784,253.894,1533
999.000,384.595,1534
317.234,29.082,1535
125.588,361.866,1536
387.199,597.700,1537
217.180,899.943,1538
489.643,289.346,1539
51.241,122.120,1540
40.852,600.250,1541
628.503,569.533,1542
60.733,215.996,1543
5.273,351.880,1544
511.043,209.713,1545
674.308,227.899,1546
886.402,627.762,1547
340.820,763.245,1548
796.996,820.134,1549
957.650,841.767,1550
23.505,768.189,1551
867.932,222.490,1552
890.060,43.163,1553
787.300,732.795,1554
302.491,549.324,1555
296.264,586.938,1556
832.966,593.123,1557
96.045,581.399,1558
391.900,676.551,1559
133.017,62.766,1560
533.073,798.097,1561
73.293,433.983,1562
456.121,853.418,1563
529.032,650.429,1564
125.448,72.570,1565
676.529,547.943,1566
706.827,871.522,1567
233.971,847.978,1568
793.667,102.869,1569
311.432,691.096,1570
311.403,903.551,1571
557.757,585.431,1572
567.836,384.361,1573
989.712,13.119,1574
988.509,18.191,1575
264.511,923.963,1576
508.595,806.024,1577
642.648,611.484,1578
406.291,93.594,1579
938.373,419.852,1580
909.080,955.507,1581
817.348,276.636,1582
714.036,383.955,1583
64.254,790.789,1584
322.613,467.051,1585
399.232,340.926,1586
838.965,365.579,1587
264.660,558.034,1588
327.212,935.143,1589
302.212,323.612,1590
244.591,869.922,1591
582.137,159.736,1592
390.357,280.147,1593
282.268,876.985,1594
900.360,896.285,1595
792.285,668.954,1596
478.916,637.483,1597
351.381,577.412,1598
777.237,684.931,1599
701.121,301.979,1600
290.848,904.461,1601
839.776,236.047,1602
895.045,821.042,1603
71.737,772.063,1604
693.816,837.695,1605
106.774,967.589,1606
756.070,526.143,1607
538.973,738.574,1608
123.549,282.266,1609
280.518,902.540,1610
829.286,747.689,1611
557.520,522.912,1612
795.892,190.202,1613
126.688,152.721,1614
318.139,209.100,1615
250.103,104.310,1616
621.550,587.259,1617
684.252,997.390,1618
6.487,380.091,1619
216.952,488.139,1620
226.181,371.629,1621
883.804,186.009,1622
92.133,462.617,1623
842.524,779.259,1624
807.569,100.340,1625
727.190,555.475,1626
307.124,961.105,1627
999.000,241.247,1628
924.697,259.675,1629
135.351,89.978,1630
149.296,730.262,1631
245.166,713.927,1632
922.867,78.375,1633
793.185,545.952,1634
924.885,291.171,1635
626.806,35.342,1636
789.544,889.615,1637
100.478,436.673,1638
344.891,263.738,1639
700.096,123.108,1640
665.184,379.953,1641
734.993,860.828,1642
923.419,203.502,1643
138.175,689.780,1644
128.282,522.566,1645
626.890,491.932,1646
411.579,262.327,1647
143.034,840.897,1648
502.892,971.384,1649
846.984,301.952,1650
477.594,895.861,1651
3.400,78.335,1652
602.595,717.584,1653
182.827,764.972,1654
536.270,306.286,1655
948.664,694.322,1656
66.822,804.821,1657
911.028,592.790,1658
289.646,755.727,1659
888.743,860.377,1660
563.216,522.099,1661
712.983,785.642,1662
508.576,620.359,1663
230.114,866.744,1664
784.564,498.710,1665
758.244,280.835,1666
589.850,844.816,1667
926.279,121.725,1668
867.208,295.842,1669
801.500,560.009,1670
79.835,549.264,1671
936.533,254.085,1672
852.916,809.884,1673
92.074,822.113,1674
586.873,85.522,1675
453.722,423.078,1676
267.271,665.769,1677
695.798,270.256,1678
461.536,881.606,1679
105.961,164.640,1680
924.720,557.198,1681
504.425,435.381,1682
219.482,700.791,1683
538.036,29.451,1684
539.502,665.288,1685
252.832,756.057,1686
219.813,131.184,1687
778.699,514.223,1688
507.044,915.632,1689
63.468,675.003,1690
2.662,898.477,1691
365.616,431.425,1692
964.439,824.973,1693
379.182,116.716,1694
734.103,40.122,1695
778.982,556.044,1696
440.458,124.878,1697
406.770,369.463,1698
943.654,628.313,1699
143.158,336.263,1700
536.045,587.574,1701
29.389,522.342,1702
54.881,110.941,1703
297.116,64.639,1704
943.595,346.392,1705
223.141,387.836,1706
67.596,837.165,1707
288.977,101.047,1708
469.289,59.977,1709
831.214,234.218,1710
722.513,40.569,1711
494.361,344.452,1712
350.329,367.650,1713
480.821,407.432,1714
99.795,361.431,1715
540.885,401.636,1716
266.461,224.124,1717
317.658,305.842,1718
544.442,672.599,1719
507.168,676.782,1720
879.020,147.630,1721
423.311,591.646,1722
722.001,159.818,1723
117.959,612.409,1724
119.566,797.953,1725
546.249,253.415,1726
828.263,821.299,1727
377.459,832.053,1728
910.666,482.226,1729
358.185,480.623,1730
286.301,739.161,1731
513.974,39.460,1732
290.965,395.204,1733
392.261,788.556,1734
286.820,613.769,1735
755.273,377.207,1736
673.099,317.970,1737
469.330,649.201,1738
249.212,50.118,1739
316.280,264.103,1740
211.342,856.117,1741
977.786,207.023,1742
138.692,121.560,1743
227.369,837.239,1744
806.351,800.043,1745
257.894,672.490,1746
787.958,633.449,1747
404.600,675.496,1748
221.107,467.011,1749
396.447,589.162,1750
796.190,716.978,1751
289.633,229.934,1752
847.804,662.009,1753
651.057,713.418,1754
858.125,829.551,1755
409.939,549.679,1756
613.842,812.440,1757
667.279,674.827,1758
836.228,820.379,1759
782.641,365.456,1760
839.872,713.995,1761
485.889,666.434,1762
308.421,105.296,1763
935.221,7.982,1764
253.663,971.677,1765
445.384,208.096,1766
858.961,466.809,1767
571.871,564.703,1768
719.022,156.987,1769
745.746,965.152,1770
934.407,880.953,1771
162.141,562.075,1772
951.024,613.024,1773
295.012,831.349,1774
543.263,442.689,1775
216.682,505.427,1776
701.275,861.210,1777
822.852,289.606,1778
919.942,307.847,1779
798.944,535.334,1780
917.732,728.839,1781
587.072,663.160,1782
974.526,141.258,1783
579.829,309.198,1784
327.211,573.527,1785
396.582,983.530,1786
526.351,894.266,1787
258.160,294.889,1788
772.052,98.980,1789
192.407,527.544,1790
235.553,107.326,1791
494.389,912.413,1792
654.676,82.771,1793
231.120,953.864,1794
851.222,558.746,1795
595.406,281.146,1796
360.575,174.149,1797
544.694,254.743,1798
567.145,324.898,1799
656.795,53.095,1800
803.421,296.118,1801
962.846,314.691,1802
435.540,873.881,1803
113.353,564.625,1804
282.431,639.307,1805
106.336,584.610,1806
658.463,944.406,1807
227.938,969.696,1808
167.983,565.192,1809
547.153,452.456,1810
716.000,725.127,1811
375.326,287.041,1812
569.457,450.315,1813
417.285,231.619,1814
858.275,320.411,1815
556.327,478.023,1816
918.225,261.236,1817
601.157,824.071,1818
763.004,817.422,1819
205.823,301.678,1820
833.063,811.138,1821
599.984,438.377,1822
574.633,439.659,1823
321.408,460.963,1824
331.278,598.801,1825
852.885,938.615,1826
980.018,433.534,1827
283.757,56.567,1828
105.756,480.354,1829
123.377,931.818,1830
170.706,872.175,1831
423.461,847.791,1832
722.956,647.957,1833
24.215,85.420,1834
226.565,12.964,1835
890.082,87.129,1836
783.487,922.422,1837
865.338,61.235,1838
359.538,987.169,1839
901.873,927.735,1840
502.166,417.697,1841
98.184,901.133,1842
778.173,428.711,1843
189.847,537.467,1844
450.693,449.104,1845
137.762,960.072,1846
785.091,395.013,1847
500.073,198.836,1848
652.997,588.476,1849
551.678,343.488,1850
730.377,254.956,1851
632.843,514.910,1852
871.746,270.708,1853
575.546,634.786,1854
505.619,290.447,1855
153.425,665.766,1856
646.700,384.380,1857
910.486,720.720,1858
920.069,605.748,1859
577.922,820.870,1860
938.273,959.723,1861
50.422,15.911,1862
636.695,548.862,1863
842.401,9.200,1864
968.723,664.184,1865
828.277,589.683,1866
218.254,217.808,1867
848.591,513.898,1868
590.503,683.247,1869
98.238,913.009,1870
231.910,229.477,1871
772.832,306.193,1872
445.101,971.395,1873
113.173,720.595,1874
117.868,453.428,1875
350.148,140.617,1876
702.501,902.177,1877
160.102,708.917,1878
750.503,369.774,1879
154.890,186.176,1880
233.661,346.652,1881
457.984,755.197,1882
499.057,622.432,1883
29.515,612.222,1884
919.390,479.974,1885
115.264,131.787,1886
954.963,596.288,1887
597.864,729.641,1888
465.454,588.279,1889
783.329,978.370,1890
683.335,247.417,1891
149.214,952.963,1892
115.800,523.898,1893
486.156,705.425,1894
746.927,608.373,1895
972.878,840.489,1896
953.087,19.472,1897
34.834,619.549,1898
950.041,797.648,1899
312.786,17.975,1900
618.090,321.624,1901
169.665,818.064,1902
680.124,143.541,1903
147.498,744.231,1904
996.851,803.556,1905
370.215,757.591,1906
384.418,624.859,1907
654.926,343.839,1908
864.462,624.001,1909
443.936,969.411,1910
822.797,154.247,1911
997.187,452.018,1912
64.418,854.460,1913
650.507,447.983,1914
134.364,518.648,1915
726.828,435.638,1916
690.789,45.451,1917
853.042,285.910,1918
680.436,977.015,1919
421.424,305.323,1920
826.290,67.085,1921
210.302,971.970,1922
897.150,777.991,1923
397.643,779.130,1924
779.701,690.886,1925
648.688,610.749,1926
898.282,131.679,1927
258.792,296.242,1928
687.933,71.284,1929
207.764,833.332,1930
310.617,218.142,1931
235.283,956.643,1932
4.544,201.646,1933
589.526,470.199,1934
569.978,503.723,1935
561.912,701.130,1936
51.815,538.024,1937
726.300,112.528,1938
753.533,165.244,1939
403.947,363.158,1940
659.305,912.590,1941
860.276,202.555,1942
105.336,32.707,1943
274.629,710.552,1944
797.218,512.696,1945
620.173,513.112,1946
77.252,145.776,1947
845.764,983.855,1948
97.755,445.177,1949
393.310,45.387,1950
296.397,591.603,1951
877.584,485.040,1952
930.041,468.893,1953
923.126,558.479,1954
613.228,720.308,1955
173.064,632.161,1956
485.296,900.069,1957
458.191,24.197,1958
710.554,792.452,1959
188.138,968.593,1960
821.667,80.157,1961
793.095,164.031,1962
301.811,935.770,1963
598.787,341.600,1964
95.441,557.188,1965
64.282,220.114,1966
858.323,333.543,1967
547.712,265.130,1968
975.563,233.794,1969
666.420,287.705,1970
81.828,218.174,1971
899.288,139.281,1972
998.374,909.552,1973
847.592,846.478,1974
779.606,986.054,1975
319.427,828.879,1976
307.609,737.316,1977
655.654,630.993,1978
436.039,205.012,1979
489.272,829.064,1980
187.148,6.389,1981
297.595,379.108,1982
940.170,837.812,1983
525.425,795.809,1984
91.804,702.040,1985
633.086,678.395,1986
766.032,227.591,1987
446.416,626.780,1988
472.507,719.059,1989
305.824,405.232,1990
497.320,58.460,1991
216.054,958.760,1992
127.028,510.557,1993
306.056,450.480,1994
427.224,86.781,1995
291.701,276.925,1996
269.250,892.640,1997
59.203,884.789,1998
800.004,7.775,1999
823.081,578.915,2000
443.719,745.441,2001
808.629,38.117,2002
232.589,408.551,2003
519.875,74.681,2004
734.461,867.850,2005
555.994,449.174,2006
711.537,459.640,2007
898.192,72.725,2008
195.664,632.017,2009
420.243,368.945,2010
531.139,411.555,2011
865.559,826.227,2012
504.892,589.651,2013
75.309,19.394,2014
240.104,773.150,2015
941.362,983.162,2016
887.600,666.485,2017
760.218,529.260,2018
454.994,184.146,2019
106.210,948.983,2020
829.619,289.394,2021
532.914,723.337,2022
29.727,759.060,2023
967.726,921.853,2024
104.173,330.503,2025
714.834,43.681,2026
861.696,968.721,2027
956.927,611.446,2028
405.814,531.166,2029
439.239,196.043,2030
657.358,239.336,2031
11.164,423.002,2032
660.668,200.181,2033
393.742,362.355,2034
101.826,676.817,2035
70.274,93.750,2036
11.837,817.311,2037
78.235,122.683,2038
863.410,909.058,2039
567.685,970.050,2040
73.372,440.005,2041
926.267,528.092,2042
713.226,828.544,2043
684.005,696.398,2044
951.855,211.619,2045
575.517,55.856,2046
897.899,804.643,2047
652.302,2.977,2048
782.287,739.453,2049
404.573,26.093,2050
612.212,321.436,2051
970.611,247.222,2052
762.187,667.601,2053
368.216,731.786,2054
966.770,848.595,2055
910.294,513.597,2056
245.061,326.332,2057
812.239,431.637,2058
856.233,532.075,2059
896.122,279.331,2060
945.204,580.436,2061
665.235,686.504,2062
585.969,754.677,2063
445.945,675.447,2064
409.161,376.994,2065
869.014,9.013,2066
422.889,703.504,2067
78.124,588.554,2068
879.262,82.016,2069
421.559,120.204,2070
654.382,570.292,2071
310.780,974.973,2072
633.382,296.929,2073
659.956,959.070,2074
464.249,258.613,2075
883.272,86.709,2076
364.104,453.615,2077
165.368,231.461,2078
128.535,137.505,2079
126.786,839.607,2080
561.444,248.864,2081
930.968,712.264,2082
238.954,395.946,2083
212.860,746.932,2084
808.044,307.690,2085
656.975,213.015,2086
412.276,530.181,2087
115.070,763.393,2088
558.773,683.585,2089
417.136,257.490,2090
903.356,326.758,2091
437.164,165.924,2092
789.776,417.666,2093
448.934,801.506,2094
541.344,459.504,2095
236.623,541.828,2096
536.267,60.158,2097
928.293,183.884,2098
700.101,797.348,2099
23.577,608.626,2100
505.376,397.662,2101
999.000,270.962,2102
389.451,702.315,2103
301.770,910.265,2104
895.942,525.894,2105
843.277,375.126,2106
365.293,965.239,2107
869.049,58.667,2108
276.077,711.338,2109
173.369,819.776,2110
106.054,367.656,2111
852.994,151.973,2112
645.744,874.350,2113
487.474,454.599,2114
841.610,105.934,2115
228.941,829.727,2116
515.469,541.305,2117
769.315,889.718,2118
939.218,364.653,2119
866.129,743.561,2120
232.361,94.741,2121
244.956,546.705,2122
858.181,109.707,2123
434.089,707.077,2124
41.955,16.112,2125
318.049,424.590,2126
300.790,952.751,2127
272.480,641.151,2128
421.975,817.817,2129
387.561,830.080,2130
454.099,256.171,2131
878.294,509.366,2132
499.541,556.628,2133
627.351,959.723,2134
218.499,142.365,2135
254.641,358.472,2136
385.105,726.503,2137
995.557,747.691,2138
659.130,699.558,2139
906.290,591.230,2140
487.348,737.030,2141
497.887,124.582,2142
42.222,868.649,2143
942.983,707.185,2144
565.988,538.979,2145
4.872,274.759,2146
614.839,878.861,2147
828.320,140.078,2148
719.344,442.754,2149
583.251,541.901,2150
683.490,466.471,2151
482.563,453.762,2152
244.660,635.859,2153
209.705,436.088,2154
461.949,852.929,2155
248.681,65.708,2156
821.613,610.305,2157
219.434,203.456,2158
60.918,482.303,2159
171.848,770.609,2160
143.653,523.985,2161
748.113,281.134,2162
111.778,339.695,2163
418.950,348.636,2164
282.701,201.757,2165
451.175,640.414,2166
942.739,953.266,2167
80.240,127.887,2168
752.597,338.284,2169
562.118,404.059,2170
947.414,796.402,2171
515.951,82.503,2172
41.856,289.148,2173
6.704,532.151,2174
342.066,939.917,2175
612.363,727.252,2176
134.656,372.409,2177
426.798,443.021,2178
691.424,284.661,2179
644.889,108.308,2180
911.680,292.892,2181
52.538,633.892,2182
897.206,836.983,2183
453.855,941.363,2184
897.957,464.346,2185
51.501,324.171,2186
678.534,204.538,2187
83.070,750.566,2188
557.761,165.645,2189
803.458,493.774,2190
334.219,985.604,2191
666.352,812.445,2192
329.086,46.921,2193
466.038,859.926,2194
379.655,928.361,2195
735.963,297.883,2196
540.062,448.583,2197
751.201,203.395,2198
960.287,124.580,2199
992.985,328.414,2200
823.299,327.740,2201
730.088,245.821,2202
188.665,644.237,2203
667.297,463.095,2204
621.071,756.539,2205
84.529,980.762,2206
486.384,197.162,2207
25.549,280.837,2208
869.499,241.674,2209
152.430,207.402,2210
0.639,126.334,2211
556.599,286.210,2212
500.964,29.983,2213
536.213,500.622,2214
84.599,852.880,2215
890.855,859.874,2216
50.521,516.822,2217
340.753,581.719,2218
891.112,498.366,2219
394.407,665.593,2220
296.318,466.888,2221
834.071,392.504,2222
55.980,108.540,2223
969.684,873.642,2224
37.204,107.478,2225
125.996,928.070,2226
436.362,368.249,2227
781.871,186.944,2228
337.013,402.360,2229
963.049,915.970,2230
66.950,109.132,2231
220.975,375.389,2232
466.200,643.149,2233
274.508,372.067,2234
716.320,760.985,2235
317.945,649.346,2236
181.376,667.364,2237
740.768,637.865,2238
508.836,876.569,2239
888.151,633.617,2240
373.847,651.324,2241
401.199,913.212,2242
249.972,574.038,2243
83.308,888.266,2244
716.060,128.759,2245
48.127,387.323,2246
23.932,209.540,2247
587.812,58.012,2248
953.984,683.915,2249
363.801,747.414,2250
495.844,319.381,2251
615.539,792.221,2252
99.136,844.385,2253
286.100,1.611,2254
845.154,836.964,2255
498.221,712.627,2256
317.458,211.532,2257
762.480,578.005,2258
959.373,684.864,2259
609.870,720.060,2260
735.097,736.516,2261
552.274,546.433,2262
85.509,996.310,2263
698.208,922.681,2264
644.563,926.779,2265
334.674,339.864,2266
371.648,581.511,2267
885.149,698.733,2268
391.391,93.790,2269
62.160,199.928,2270
718.356,889.497,2271
96.862,34.505,2272
586.048,879.014,2273
690.244,787.420,2274
605.960,806.501,2275
378.799,329.440,2276
662.231,866.831,2277
174.714,473.316,2278
498.675,392.688,2279
325.514,772.728,2280
184.458,141.432,2281
512.843,926.913,2282
181.343,649.725,2283
932.871,74.216,2284
660.756,750.657,2285
402.247,652.856,2286
771.150,703.918,2287
541.261,843.177,2288
100.211,407.307,2289
376.521,355.953,2290
329.048,700.977,2291
749.683,343.943,2292
821.667,340.418,2293
244.782,155.773,2294
539.253,564.644,2295
43.008,690.889,2296
390.602,982.113,2297
956.457,734.638,2298
546.018,927.742,2299
593.390,981.661,2300
160.483,388.756,2301
615.305,2.736,2302
734.925,612.916,2303
723.312,365.073,2304
192.059,935.512,2305
389.583,859.051,2306
263.998,151.747,2307
58.442,640.956,2308
771.910,724.712,2309
789.131,158.271,2310
653.463,540.963,2311
535.200,651.153,2312
652.123,689.319,2313
712.349,811.361,2314
783.209,729.234,2315
468.911,607.882,2316
748.299,702.151,2317
306.287,547.574,2318
314.792,967.887,2319
226.599,165.442,2320
840.063,670.713,2321
995.957,266.511,2322
81.044,650.141,2323
695.820,967.636,2324
660.927,879.381,2325
472.566,181.148,2326
674.742,58.598,2327
163.231,3.391,2328
821.588,32.240,2329
990.618,858.234,2330
165.879,768.857,2331
606.935,357.327,2332
634.542,477.149,2333
32.700,425.053,2334
655.570,772.400,2335
836.905,727.827,2336
945.393,767.738,2337
366.278,153.525,2338
303.628,143.607,2339
798.891,740.699,2340
105.563,258.627,2341
414.765,475.133,2342
726.862,345.496,2343
838.892,330.999,2344
231.879,180.059,2345
683.451,693.400,2346
937.410,63.889,2347
802.151,49.521,2348
511.603,281.847,2349
455.069,916.444,2350
9.025,516.828,2351
894.175,467.948,2352
525.907,931.869,2353
707.310,712.141,2354
66.714,679.007,2355
502.196,815.813,2356
269.639,463.378,2357
201.047,11.060,2358
986.913,63.630,2359
384.680,982.490,2360
490.259,702.671,2361
913.656,326.109,2362
523.367,651.464,2363
535.371,498.928,2364
393.606,602.749,2365
396.981,895.327,2366
629.324,174.233,2367
966.147,204.474,2368
96.603,51.660,2369
946.598,872.768,2370
275.616,234.858,2371
216.754,541.131,2372
60.882,826.129,2373
871.211,105.855,2374
258.032,981.004,2375
304.412,151.039,2376
264.399,957.684,2377
298.204,202.098,2378
789.829,309.114,2379
862.595,577.634,2380
933.065,27.711,2381
189.388,943.761,2382
961.085,259.460,2383
733.275,782.544,2384
318.496,623.251,2385
428.183,954.749,2386
438.096,186.639,2387
504.320,417.585,2388
220.553,348.643,2389
328.084,486.401,2390
50.270,899.450,2391
874.851,431.154,2392
61.116,306.156,2393
637.585,762.630,2394
291.302,222.628,2395
298.105,159.256,2396
162.771,350.432,2397
393.235,842.298,2398
211.136,351.104,2399
297.944,23.262,2400
627.861,936.221,2401
786.880,289.434,2402
470.479,137.462,2403
2.616,883.152,2404
228.465,768.157,2405
350.368,632.178,2406
988.507,768.583,2407
342.104,356.263,2408
349.698,596.842,2409
226.026,768.719,2410
154.387,66.028,2411
451.907,107.358,2412
210.409,445.104,2413
206.171,912.843,2414
991.719,60.554,2415
643.077,616.529,2416
146.959,823.081,2417
267.149,9.101,2418
667.492,305.414,2419
30.827,136.959,2420
274.451,770.598,2421
738.581,801.425,2422
417.047,101.007,2423
332.486,534.183,2424
465.431,426.347,2425
979.295,31.058,2426
41.972,113.992,2427
578.593,118.440,2428
492.609,127.484,2429
277.699,227.858,2430
594.008,765.741,2431
556.877,19.008,2432
665.763,167.115,2433
828.714,297.804,2434
372.244,353.820,2435
147.882,276.934,2436
757.911,858.015,2437
61.780,13.792,2438
159.874,895.593,2439
453.565,339.522,2440
90.553,489.321,2441
33.882,566.854,2442
25.855,494.217,2443
364.906,982.046,2444
914.182,768.383,2445
40.677,903.947,2446
423.600,565.461,2447
291.986,80.329,2448
261.305,509.669,2449
527.480,872.944,2450
720.908,43.138,2451
13.260,452.035,2452
35.828,342.662,2453
66.163,532.938,2454
252.251,611.511,2455
345.208,0.000,2456
552.838,914.693,2457
3.830,224.970,2458
821.033,788.874,2459
56.791,128.160,2460
664.434,203.133,2461
640.797,956.956,2462
797.514,656.666,2463
226.992,478.692,2464
383.585,440.592,2465
379.350,616.106,2466
412.028,896.903,2467
556.409,920.179,2468
924.045,923.835,2469
336.845,371.537,2470
231.746,313.674,2471
490.089,966.228,2472
967.866,835.727,2473
441.815,500.077,2474
239.440,356.236,2475
635.612,364.634,2476
47.806,147.805,2477
445.627,852.717,2478
971.205,72.485,2479
4.741,782.542,2480
110.248,226.093,2481
877.121,549.924,2482
360.466,780.910,2483
221.685,385.967,2484
441.678,815.104,2485
377.444,278.104,2486
960.973,613.602,2487
861.019,833.304,2488
743.571,83.217,2489
815.957,746.394,2490
101.305,266.348,2491
662.094,875.835,2492
980.817,370.524,2493
105.441,646.961,2494
928.505,681.779,2495
959.957,22.964,2496
642.798,452.064,2497
589.134,260.127,2498
412.094,244.173,2499
527.709,764.779,2500
630.491,371.356,2501
608.854,491.366,2502
664.294,124.575,2503
600.724,110.915,2504
305.946,995.764,2505
448.424,364.546,2506
773.409,934.717,2507
867.689,97.034,2508
191.722,42.659,2509
468.250,443.399,2510
799.369,682.299,2511
260.402,802.089,2512
184.939,858.714,2513
677.872,143.679,2514
240.926,228.210,2515
247.882,78.851,2516
153.679,948.295,2517
60.943,64.791,2518
133.493,643.724,2519
411.114,13.838,2520
199.140,544.279,2521
236.695,446.763,2522
267.454,148.484,2523
770.532,389.948,2524
422.008,944.966,2525
950.288,477.089,2526
341.478,181.034,2527
121.532,606.202,2528
972.846,785.157,2529
597.892,754.360,2530
564.234,492.532,2531
10.290,461.066,2532
102.708,208.899,2533
821.054,409.955,2534
13.389,880.410,2535
387.267,418.766,2536
432.293,25.917,2537
64.585,22.384,2538
121.480,532.613,2539
214.166,615.494,2540
968.584,186.702,2541
730.573,236.739,2542
87.882,37.840,2543
70.941,139.060,2544
601.667,875.576,2545
458.884,95.829,2546
79.753,741.469,2547
18.671,938.653,2548
277.735,998.672,2549
75.032,58.991,2550
480.377,937.556,2551
16.537,106.116,2552
216.066,147.889,2553
469.430,642.662,2554
336.489,911.405,2555
108.219,761.593,2556
433.110,670.829,2557
788.933,371.742,2558
257.994,834.662,2559
378.673,361.272,2560
233.661,433.153,2561
309.983,620.987,2562
508.529,897.177,2563
274.106,406.784,2564
913.290,601.468,2565
814.530,742.180,2566
653.119,550.056,2567
273.741,369.070,2568
172.852,175.809,2569
531.292,52.536,2570
925.815,617.472,2571
406.544,494.328,2572
471.405,229.267,2573
869.379,130.610,2574
127.098,161.315,2575
579.896,368.933,2576
369.810,497.356,2577
413.116,909.587,2578
858.075,797.962,2579
61.508,486.746,2580
853.919,741.086,2581
85.972,372.505,2582
611.080,96.245,2583
282.951,701.555,2584
251.881,211.620,2585
671.941,210.551,2586
626.586,44.488,2587
675.026,491.719,2588
764.514,882.853,2589
12.815,606.981,2590
455.098,786.211,2591
878.727,211.681,2592
364.105,72.144,2593
200.207,458.907,2594
336.700,339.039,2595
492.180,288.249,2596
313.276,761.199,2597
241.682,846.223,2598
694.635,280.573,2599
257.590,696.802,2600
427.124,398.252,2601
393.486,317.579,2602
52.019,822.614,2603
113.508,932.363,2604
121.279,577.621,2605
262.863,886.888,2606
496.243,982.540,2607
339.208,653.226,2608
379.301,779.715,2609
132.652,418.046,2610
821.914,743.563,2611
425.201,662.977,2612
528.610,464.547,2613
39.466,433.258,2614
43.003,811.663,2615
954.169,320.312,2616
117.054,734.328,2617
350.365,849.054,2618
828.218,666.366,2619
733.136,957.803,2620
707.276,8.227,2621
297.951,792.274,2622
900.832,265.579,2623
793.592,37.485,2624
95.884,317.894,2625
687.812,609.034,2626
523.205,284.101,2627
324.993,569.775,2628
751.587,585.397,2629
682.146,690.092,2630
64.668,576.369,2631
194.694,889.650,2632
219.441,138.658,2633
803.611,570.978,2634
697.574,805.043,2635
51.176,668.447,2636
996.467,561.617,2637
207.316,155.659,2638
810.681,954.930,2639
571.937,438.063,2640
119.813,57.349,2641
565.696,216.055,2642
440.734,606.471,2643
233.491,199.493,2644
387.928,442.593,2645
160.065,234.867,2646
732.845,831.767,2647
238.927,264.776,2648
363.009,733.542,2649
369.401,821.478,2650
4.312,130.129,2651
331.841,560.605,2652
982.710,67.407,2653
239.528,933.306,2654
173.859,977.360,2655
380.996,315.201,2656
469.852,268.709,2657
351.889,835.522,2658
586.474,861.890,2659
185.380,760.232,2660
709.905,19.061,2661
549.071,468.357,2662
262.181,728.790,2663
314.625,284.634,2664
115.485,978.524,2665
893.986,550.440,2666
315.060,538.830,2667
714.109,963.875,2668
921.476,390.564,2669
997.180,938.709,2670
910.084,625.821,2671
554.510,840.838,2672
249.424,588.540,2673
523.645,904.281,2674
867.089,223.716,2675
900.359,867.519,2676
372.851,740.375,2677
420.471,957.916,2678
431.622,616.105,2679
652.773,947.551,2680
396.602,491.235,2681
334.194,107.355,2682
43.753,794.936,2683
910.608,485.224,2684
912.666,447.808,2685
398.401,251.190,2686
237.327,91.883,2687
848.326,881.123,2688
96.276,299.494,2689
659.600,839.042,2690
186.462,71.187,2691
970.343,963.829,2692
451.753,142.944,2693
700.652,837.300,2694
581.566,837.839,2695
158.159,740.217,2696
542.142,422.248,2697
329.940,56.453,2698
607.979,513.099,2699
645.915,979.663,2700
467.270,470.090,2701
83.864,110.480,2702
897.468,146.348,2703
273.702,454.469,2704
748.800,84.696,2705
574.243,745.880,2706
111.568,312.673,2707
554.418,983.761,2708
696.427,202.597,2709
819.518,260.783,2710
104.672,603.784,2711
795.619,44.671,2712
933.958,205.348,2713
696.383,455.575,2714
769.834,447.232,2715
901.190,165.183,2716
252.877,820.035,2717
788.481,323.845,2718
320.802,698.770,2719
17.222,292.553,2720
888.167,185.798,2721
738.831,235.642,2722
863.749,825.766,2723
405.763,938.010,2724
658.145,463.408,2725
197.835,119.154,2726
259.377,453.732,2727
546.890,956.518,2728
943.854,401.150,2729
940.014,768.110,2730
933.374,396.451,2731
225.266,577.294,2732
365.083,406.363,2733
573.253,56.034,2734
264.929,870.613,2735
200.966,163.524,2736
167.053,447.646,2737
955.547,568.488,2738
775.737,132.900,2739
303.518,406.312,2740
132.444,628.788,2741
872.868,910.801,2742
409.602,263.860,2743
296.540,717.825,2744
991.211,731.693,2745
979.339,126.916,2746
966.744,988.396,2747
990.989,836.169,2748
484.208,322.648,2749
554.541,409.116,2750
40.723,523.454,2751
951.291,38.091,2752
546.433,456.206,2753
731.694,62.220,2754
26.431,617.590,2755
572.032,876.183,2756
672.378,810.025,2757
71.794,515.864,2758
591.549,159.699,2759
972.840,967.427,2760
987.998,14.677,2761
46.372,53.402,2762
366.896,14.002,2763
886.561,71.394,2764
247.526,304.544,2765
653.668,437.200,2766
852.274,953.411,2767
671.846,132.460,2768
885.826,639.508,2769
85.570,70.194,2770
23.307,947.143,2771
452.606,230.544,2772
88.958,346.199,2773
658.123,178.177,2774
540.025,790.276,2775
93.071,957.672,2776
805.627,422.169,2777
227.192,781.925,2778
69.903,621.519,2779
173.341,180.113,2780
248.169,616.233,2781
386.404,756.248,2782
190.389,395.721,2783
762.555,631.932,2784
365.299,769.444,2785
513.667,152.911,2786
748.790,757.298,2787
605.033,790.573,2788
407.361,345.327,2789
625.630,186.500,2790
251.067,189.846,2791
25.971,607.697,2792
816.395,847.339,2793
155.261,163.850,2794
542.144,212.282,2795
999.000,763.765,2796
111.466,238.735,2797
225.617,817.593,2798
866.141,744.700,2799
950.696,144.625,2800
415.442,237.034,2801
984.439,931.182,2802
936.082,859.787,2803
817.655,673.425,2804
313.398,350.683,2805
375.143,923.961,2806
837.466,607.218,2807
685.829,477.494,2808
422.935,838.097,2809
516.351,289.149,2810
394.011,22.147,2811
975.824,808.497,2812
151.067,31.804,2813
496.353,605.543,2814
820.841,214.664,2815
635.837,363.476,2816
224.034,782.650,2817
347.406,796.127,2818
617.366,315.714,2819
501.326,768.250,2820
660.337,635.687,2821
378.870,179.337,2822
93.179,888.494,2823
29.058,192.847,2824
795.897,673.831,2825
164.271,677.618,2826
810.713,928.440,2827
414.826,850.206,2828
498.908,429.436,2829
88.987,290.016,2830
954.055,546.271,2831
196.906,348.742,2832
763.490,571.668,2833
72.949,519.938,2834
491.600,13.379,2835
390.923,616.422,2836
459.581,47.074,2837
85.913,698.230,2838
916.416,180.090,2839
855.462,714.982,2840
247.212,940.820,2841
507.346,371.462,2842
731.869,462.839,2843
787.630,248.814,2844
393.200,754.799,2845
513.227,22.602,2846
644.826,854.600,2847
592.850,904.922,2848
424.273,782.625,2849
38.073,355.724,2850
789.641,704.072,2851
483.282,862.507,2852
201.380,589.793,2853
33.893,128.021,2854
425.573,138.184,2855
331.156,998.367,2856
478.804,44.106,2857
584.323,307.605,2858
345.769,614.274,2859
509.710,110.641,2860
708.688,882.630,2861
19.597,991.177,2862
76.315,964.946,2863
322.295,860.226,2864
902.388,660.665,2865
166.949,34.265,2866
155.066,261.809,2867
795.524,991.894,2868
286.336,488.181,2869
793.904,175.731,2870
364.785,131.228,2871
771.328,0.000,2872
344.009,876.167,2873
270.688,577.544,2874
544.585,495.988,2875
541.610,975.992,2876
164.805,606.819,2877
365.316,181.490,2878
252.489,368.973,2879
221.594,642.845,2880
327.861,830.891,2881
157.446,514.545,2882
593.758,334.692,2883
429.840,652.847,2884
421.471,313.958,2885
920.539,42.552,2886
456.023,29.807,2887
115.289,246.646,2888
45.341,530.626,2889
347.127,889.393,2890
218.040,718.612,2891
563.551,219.771,2892
577.039,351.289,2893
335.342,742.325,2894
750.168,433.509,2895
181.093,564.562,2896
308.614,397.914,2897
293.359,261.940,2898
155.183,14.692,2899
349.440,544.258,2900
748.165,716.949,2901
264.229,531.866,2902
109.834,399.889,2903
96.949,142.157,2904
216.485,826.727,2905
130.723,973.210,2906
963.943,500.592,2907
702.991,294.128,2908
170.751,949.163,2909
607.179,587.258,2910
242.202,210.216,2911
818.404,584.815,2912
832.747,329.414,2913
398.015,816.857,2914
813.036,388.336,2915
516.887,197.091,2916
381.890,732.396,2917
442.151,201.019,2918
407.237,547.158,2919
979.262,910.177,2920
183.634,11.977,2921
78.549,879.761,2922
284.093,956.122,2923
11.736,303.919,2924
121.257,917.520,2925
166.921,904.580,2926
23.021,422.217,2927
843.338,598.709,2928
186.683,368.375,2929
250.362,156.196,2930
156.842,817.915,2931
42.525,90.117,2932
363.573,526.466,2933
222.923,371.467,2934
226.070,385.806,2935
694.100,987.081,2936
192.899,380.270,2937
956.993,804.701,2938
6.913,709.072,2939
976.881,272.261,2940
980.915,605.147,2941
877.356,766.664,2942
762.524,418.988,2943
991.889,939.654,2944
181.645,182.902,2945
239.901,734.134,2946
355.396,211.419,2947
196.972,8.564,2948
971.529,842.501,2949
783.934,146.124,2950
809.597,982.712,2951
304.363,316.013,2952
493.021,990.677,2953
36.026,153.406,2954
7.834,620.647,2955
0.000,716.171,2956
553.970,67.072,2957
479.087,942.200,2958
602.684,458.677,2959
65.732,639.281,2960
757.706,618.480,2961
710.641,532.466,2962
921.577,318.840,2963
932.385,671.849,2964
647.658,117.897,2965
545.216,202.265,2966
210.001,954.100,2967
0.000,501.130,2968
198.783,700.847,2969
129.654,435.788,2970
463.933,647.340,2971
329.613,425.205,2972
968.368,951.932,2973
847.647,986.692,2974
421.383,499.518,2975
934.162,749.454,2976
484.406,606.745,2977
589.836,8.177,2978
631.580,197.023,2979
7.713,852.932,2980
136.712,396.332,2981
930.051,869.794,2982
853.378,200.532,2983
481.802,878.309,2984
324.943,352.369,2985
633.946,724.321,2986
526.037,482.750,2987
156.117,355.896,2988
519.309,214.333,2989
698.333,251.217,2990
78.793,609.900,2991
926.638,316.093,2992
28.054,729.849,2993
902.550,968.626,2994
388.739,319.061,2995
270.376,845.246,2996
515.062,327.719,2997
769.747,920.793,2998
439.423,14.623,2999
191.397,911.761,3000
341.702,642.286,3001
603.647,633.491,3002
52.323,907.987,3003
668.929,263.399,3004
569.623,815.401,3005
768.197,434.351,3006
688.107,776.377,3007
925.065,317.800,3008
254.663,127.767,3009
450.611,417.577,3010
445.094,568.483,3011
795.406,794.106,3012
68.132,677.839,3013
993.749,789.953,3014
372.953,767.501,3015
365.163,938.784,3016
604.929,166.614,3017
786.691,677.095,3018
339.052,703.865,3019
162.367,936.031,3020
590.937,103.240,3021
194.131,986.770,3022
446.983,313.088,3023
526.115,263.324,3024
714.251,64.338,3025
689.714,864.837,3026
18.869,19.516,3027
699.585,202.177,3028
414.823,918.461,3029
970.569,805.464,3030
618.153,881.960,3031
592.777,996.887,3032
292.444,957.710,3033
171.421,424.960,3034
138.542,509.728,3035
389.573,73.513,3036
453.277,793.707,3037
786.444,93.012,3038
531.585,810.696,3039
568.739,884.833,3040
138.938,984.650,3041
768.665,289.044,3042
658.405,398.660,3043
4.864,356.106,3044
446.408,276.075,3045
347.585,91.847,3046
199.272,296.202,3047
12.114,601.050,3048
691.608,451.594,3049
588.163,982.160,3050
625.473,472.888,3051
830.969,182.906,3052
669.258,888.955,3053
441.196,188.487,3054
5.580,723.330,3055
767.490,370.412,3056
569.742,446.695,3057
575.152,59.222,3058
495.919,161.589,3059
173.112,925.843,3060
300.271,503.993,3061
333.742,719.208,3062
629.109,541.140,3063
992.387,738.842,3064
292.318,249.243,3065
422.745,374.254,3066
58.153,79.454,3067
805.870,366.512,3068
56.729,176.342,3069
447.022,995.009,3070
34.737,109.932,3071
312.234,577.371,3072
588.483,514.305,3073
647.700,539.478,3074
122.007,616.044,3075
603.971,968.915,3076
477.333,995.822,3077
870.346,647.386,3078
847.573,869.765,3079
985.947,512.903,3080
102.065,772.624,3081
751.615,760.362,3082
804.617,365.607,3083
57.771,159.784,3084
704.309,838.280,3085
542.779,985.124,3086
608.051,941.567,3087
677.173,785.096,3088
184.530,418.117,3089
295.796,700.588,3090
885.226,873.552,3091
468.087,11.414,3092
742.126,79.170,3093
977.889,123.344,3094
267.379,851.992,3095
154.846,986.304,3096
716.647,382.954,3097
827.692,134.766,3098
120.539,939.190,3099
190.028,371.668,3100
555.656,680.848,3101
689.477,538.516,3102
285.945,43.086,3103
993.634,981.313,3104
285.374,760.765,3105
723.171,260.633,3106
675.601,495.035,3107
499.816,522.872,3108
911.229,920.056,3109
810.248,10.489,3110
919.027,839.582,3111
859.406,986.150,3112
783.777,78.267,3113
679.711,649.776,3114
20.411,810.709,3115
968.810,602.889,3116
352.933,56.437,3117
955.462,419.913,3118
404.751,938.274,3119
854.993,156.938,3120
540.987,717.127,3121
657.649,852.456,3122
313.560,122.088,3123
708.999,666.832,3124
75.440,452.562,3125
395.170,811.973,3126
540.442,508.143,3127
852.178,717.539,3128
141.097,470.082,3129
846.861,732.490,3130
812.398,125.864,3131
789.310,586.776,3132
497.303,789.833,3133
678.366,729.487,3134
678.683,369.556,3135
794.254,832.475,3136
370.486,415.768,3137
26.169,173.845,3138
37.956,62.797,3139
887.993,723.649,3140
48.727,390.006,3141
346.224,691.371,3142
638.321,288.616,3143
538.500,184.558,3144
568.744,802.709,3145
336.809,173.867,3146
233.733,771.798,3147
174.736,218.492,3148
835.083,803.773,3149
1.490,702.201,3150
489.861,518.453,3151
843.207,159.689,3152
881.070,481.878,3153
994.373,355.253,3154
544.832,575.121,3155
580.881,989.383,3156
391.232,143.654,3157
929.240,417.576,3158
906.816,376.698,3159
463.169,570.444,3160
790.134,171.621,3161
190.349,241.014,3162
66.444,222.329,3163
47.953,340.076,3164
194.041,286.782,3165
31.096,883.814,3166
534.081,820.334,3167
461.232,696.156,3168
811.343,275.649,3169
185.336,419.988,3170
957.619,69.571,3171
951.328,189.965,3172
550.398,498.506,3173
72.115,612.420,3174
663.771,792.212,3175
90.386,28.166,3176
402.900,340.487,3177
300.638,111.097,3178
980.048,0.088,3179
607.830,483.296,3180
166.843,739.294,3181
831.519,568.859,3182
819.424,494.460,3183
56.111,356.066,3184
540.347,390.127,3185
306.160,289.847,3186
99.391,686.345,3187
308.391,202.751,3188
306.283,179.279,3189
912.035,355.105,3190
274.696,573.101,3191
342.915,452.790,3192
163.834,715.290,3193
734.336,591.089,3194
412.314,782.499,3195
325.844,119.688,3196
158.545,774.050,3197
343.756,944.768,3198
112.214,751.655,3199
382.420,96.058,3200
260.754,772.548,3201
316.036,853.012,3202
382.340,613.958,3203
166.684,921.856,3204
525.606,603.858,3205
606.224,978.247,3206
191.855,925.802,3207
857.871,979.363,3208
179.302,356.505,3209
138.614,717.011,3210
811.496,282.330,3211
907.399,358.556,3212
138.192,604.190,3213
603.332,343.933,3214
434.486,235.897,3215
872.842,377.144,3216
424.286,223.819,3217
184.947,653.099,3218
372.029,971.578,3219
768.891,197.912,3220
489.420,860.520,3221
46.403,700.735,3222
360.007,753.912,3223
984.990,788.576,3224
83.179,475.527,3225
95.313,557.294,3226
386.421,752.639,3227
770.970,602.001,3228
982.355,985.265,3229
465.556,984.113,3230
474.172,441.629,3231
580.371,177.169,3232
199.956,982.539,3233
695.525,874.507,3234
719.374,351.795,3235
986.066,606.605,3236
426.091,587.985,3237
671.001,636.253,3238
600.035,811.757,3239
838.519,643.291,3240
903.853,319.662,3241
333.270,274.794,3242
288.837,586.237,3243
210.822,438.910,3244
715.298,303.696,3245
65.989,321.358,3246
741.905,716.133,3247
414.689,357.468,3248
300.905,346.924,3249
638.080,55.833,3250
701.788,352.340,3251
172.245,849.620,3252
591.456,227.831,3253
149.941,38.749,3254
791.330,984.270,3255
731.579,247.300,3256
208.356,732.785,3257
102.121,488.372,3258
453.089,332.765,3259
215.620,97.208,3260
805.544,752.937,3261
18.635,872.125,3262
843.925,396.573,3263
309.578,407.670,3264
530.742,546.506,3265
815.378,640.453,3266
776.470,769.637,3267
215.035,992.361,3268
488.272,667.680,3269
405.568,580.960,3270
777.722,867.904,3271
518.667,810.970,3272
606.778,433.428,3273
865.717,914.163,3274
983.853,213.559,3275
367.621,691.368,3276
770.708,38.200,3277
531.092,941.170,3278
931.316,387.878,3279
548.442,302.920,3280
116.373,180.167,3281
18.155,970.083,3282
934.704,95.388,3283
312.883,750.682,3284
840.351,520.685,3285
593.504,429.815,3286
629.698,143.859,3287
211.917,709.101,3288
198.585,997.629,3289
336.560,117.679,3290
598.410,927.065,3291
653.324,681.758,3292
373.402,417.670,3293
972.249,813.306,3294
567.970,494.522,3295
899.669,68.489,3296
716.276,84.147,3297
253.082,31.985,3298
641.912,211.315,3299
679.797,400.268,3300
693.495,957.321,3301
781.243,643.415,3302
333.638,145.196,3303
392.232,571.286,3304
301.278,970.660,3305
888.508,246.399,3306
733.457,181.024,3307
677.704,357.829,3308
78.681,424.427,3309
620.111,376.007,3310
92.252,76.721,3311
860.805,63.939,3312
511.882,387.618,3313
23.964,53.632,3314
231.364,108.439,3315
384.896,96.910,3316
240.158,592.117,3317
268.590,941.993,3318
594.065,27.252,3319
45.564,569.334,3320
812.331,118.482,3321
653.290,657.121,3322
428.921,687.191,3323
568.219,21.486,3324
199.115,183.090,3325
160.952,107.485,3326
879.314,397.321,3327
235.089,892.432,3328
227.629,45.743,3329
23.053,873.128,3330
843.234,267.340,3331
807.300,154.387,3332
320.253,728.934,3333
933.206,655.248,3334
959.063,160.698,3335
950.328,307.563,3336
347.789,131.570,3337
961.428,455.606,3338
421.433,892.538,3339
83.066,308.587,3340
726.090,667.815,3341
455.943,810.051,3342
507.243,193.546,3343
0.989,688.534,3344
669.195,169.480,3345
452.134,171.850,3346
14.184,165.732,3347
928.555,787.177,3348
859.980,463.401,3349
161.518,162.822,3350
467.747,244.499,3351
429.883,721.344,3352
101.285,742.136,3353
533.386,97.705,3354
391.219,941.962,3355
519.342,450.604,3356
800.856,170.463,3357
540.065,685.051,3358
611.691,109.785,3359
24.988,310.979,3360
26.210,665.554,3361
57.482,333.425,3362
477.053,25.499,3363
137.486,375.408,3364
290.161,42.511,3365
99.877,67.370,3366
133.799,367.003,3367
172.315,555.593,3368
719.111,686.042,3369
683.521,765.188,3370
876.016,876.970,3371
741.657,16.093,3372
928.992,820.874,3373
199.979,7.284,3374
811.871,121.470,3375
612.648,267.026,3376
960.754,491.587,3377
603.706,623.403,3378
868.526,600.552,3379
757.217,473.733,3380
455.896,572.851,3381
691.146,596.231,3382
546.070,804.853,3383
18.037,407.500,3384
410.415,549.210,3385
539.551,27.774,3386
412.982,11.633,3387
586.094,22.724,3388
503.929,738.913,3389
587.056,630.650,3390
472.169,255.185,3391
8.947,508.918,3392
1.959,763.125,3393
105.735,178.383,3394
490.161,6.312,3395
829.000,406.598,3396
343.483,79.303,3397
401.617,996.642,3398
309.034,513.332,3399
690.791,98.791,3400
50.024,729.479,3401
182.270,362.317,3402
472.879,522.598,3403
800.187,504.641,3404
540.031,168.157,3405
783.121,848.795,3406
472.195,839.625,3407
135.419,814.502,3408
800.200,419.865,3409
160.642,261.273,3410
285.788,71.133,3411
68.906,583.212,3412
882.158,187.696,3413
615.425,501.402,3414
863.857,475.608,3415
145.669,109.921,3416
413.324,371.187,3417
795.682,351.114,3418
214.301,933.598,3419
695.924,64.860,3420
144.825,208.407,3421
694.001,204.376,3422
523.507,470.997,3423
395.394,333.899,3424
827.233,245.444,3425
359.622,558.230,3426
810.422,720.055,3427
523.843,213.176,3428
269.012,691.763,3429
180.204,100.321,3430
405.657,788.328,3431
110.559,487.119,3432
702.765,868.972,3433
272.239,259.468,3434
866.746,604.782,3435
363.963,278.659,3436
973.272,788.802,3437
601.000,118.291,3438
386.201,101.956,3439
474.766,429.563,3440
182.165,143.636,3441
966.620,764.775,3442
668.825,401.748,3443
482.468,474.441,3444
173.070,102.447,3445
869.840,796.830,3446
752.577,530.910,3447
638.135,869.122,3448
347.173,795.985,3449
781.491,221.197,3450
304.823,223.442,3451
566.890,665.330,3452
590.519,77.935,3453
291.888,901.576,3454
917.487,9.737,3455
452.708,291.114,3456
677.898,55.567,3457
944.303,908.600,3458
558.118,450.693,3459
351.857,461.780,3460
879.515,382.209,3461
305.851,822.403,3462
372.885,900.642,3463
162.629,513.249,3464
854.655,372.961,3465
286.996,227.724,3466
472.925,426.500,3467
847.045,386.637,3468
587.449,567.150,3469
17.028,629.917,3470
422.008,796.231,3471
546.055,184.201,3472
555.355,180.866,3473
613.045,355.997,3474
707.745,117.865,3475
659.525,447.480,3476
70.246,499.996,3477
977.122,684.647,3478
69.616,256.830,3479
5.111,926.326,3480
919.717,226.245,3481
920.808,464.430,3482
866.224,496.691,3483
55.774,841.516,3484
576.731,320.614,3485
891.459,410.827,3486
156.299,101.216,3487
821.997,543.444,3488
784.388,561.739,3489
428.418,229.224,3490
916.261,540.426,3491
61.394,813.097,3492
149.926,909.543,3493
361.257,637.685,3494
664.258,642.900,3495
776.548,569.393,3496
257.212,653.329,3497
247.147,18.540,3498
378.634,797.449,3499
0.389,970.552,3500
203.726,960.716,3501
580.955,992.085,3502
231.714,70.163,3503
595.349,353.026,3504
117.893,692.191,3505
886.103,289.561,3506
909.057,402.368,3507
727.551,939.244,3508
16.469,517.195,3509
567.630,73.434,3510
729.398,997.034,3511
651.499,510.837,3512
301.312,401.576,3513
167.787,288.428,3514
734.609,781.684,3515
152.938,951.773,3516
975.034,133.784,3517
722.187,793.071,3518
191.238,95.493,3519
36.767,850.638,3520
606.860,847.645,3521
421.553,82.216,3522
145.345,306.597,3523
122.767,482.020,3524
428.294,859.060,3525
793.400,898.003,3526
530.871,831.538,3527
215.334,577.958,3528
250.604,988.486,3529
843.794,945.394,3530
705.973,851.172,3531
167.990,780.482,3532
952.635,689.308,3533
68.138,975.582,3534
352.979,83.228,3535
125.389,293.697,3536
639.342,357.319,3537
612.580,767.809,3538
405.865,230.904,3539
547.573,415.244,3540
470.051,293.872,3541
63.898,297.261,3542
401.811,489.474,3543
990.137,716.986,3544
32.998,115.046,3545
784.167,84.109,3546
127.963,910.103,3547
210.743,823.463,3548
328.288,726.022,3549
211.736,133.627,3550
267.247,500.141,3551
242.334,885.835,3552
100.207,653.542,3553
823.882,76.642,3554
669.705,454.015,3555
375.231,758.334,3556
460.763,17.640,3557
872.867,885.393,3558
502.100,286.622,3559
254.036,66.526,3560
905.135,738.791,3561
480.177,198.991,3562
376.188,948.618,3563
877.258,975.981,3564
890.370,192.511,3565
493.906,345.201,3566
643.340,24.906,3567
463.079,337.923,3568
836.516,792.801,3569
338.775,516.338,3570
727.018,557.802,3571
338.140,664.306,3572
119.401,648.722,3573
482.731,546.803,3574
972.863,334.861,3575
170.910,114.769,3576
838.340,490.586,3577
290.440,490.489,3578
625.748,193.664,3579
951.766,155.432,3580
349.360,937.419,3581
851.597,355.665,3582
607.211,156.655,3583
508.087,149.484,3584
620.855,917.655,3585
650.840,299.080,3586
800.481,212.017,3587
580.712,264.385,3588
119.984,48.155,3589
652.949,485.852,3590
160.046,149.398,3591
315.360,559.312,3592
532.328,232.856,3593
674.777,78.880,3594
55.513,633.710,3595
537.450,222.604,3596
620.042,278.161,3597
600.758,547.197,3598
0.848,254.738,3599
825.993,673.166,3600
989.788,711.840,3601
975.078,720.745,3602
9.324,412.025,3603
601.445,982.587,3604
150.939,71.284,3605
703.713,118.446,3606
104.334,297.779,3607
989.588,391.101,3608
383.111,624.668,3609
854.264,732.287,3610
409.627,502.857,3611
82.742,111.551,3612
981.752,139.556,3613
130.496,648.862,3614
600.610,841.508,3615
700.926,2.136,3616
442.506,276.371,3617
227.261,148.282,3618
245.931,151.309,3619
787.306,887.050,3620
783.591,923.978,3621
663.101,326.723,3622
678.924,266.590,3623
183.131,7.388,3624
729.487,475.082,3625
270.531,516.415,3626
72.825,189.909,3627
172.995,59.641,3628
391.288,381.722,3629
582.146,654.992,3630
324.409,97.673,3631
637.642,363.402,3632
66.608,241.218,3633
383.523,781.420,3634
685.696,646.939,3635
78.492,701.067,3636
797.547,146.360,3637
344.807,664.152,3638
272.893,449.769,3639
87.320,999.000,3640
789.281,289.934,3641
198.001,355.988,3642
677.117,609.788,3643
229.925,984.476,3644
989.458,593.552,3645
655.879,733.045,3646
70.675,105.399,3647
790.860,517.807,3648
820.516,378.941,3649
789.524,782.872,3650
331.745,329.528,3651
209.639,249.668,3652
972.322,797.014,3653
861.539,741.152,3654
634.698,747.198,3655
149.673,892.971,3656
804.844,960.665,3657
294.099,111.266,3658
130.880,32.908,3659
413.759,979.639,3660
6.730,561.796,3661
855.294,40.702,3662
398.418,22.997,3663
565.453,438.033,3664
685.149,268.494,3665
742.326,755.765,3666
425.160,378.340,3667
712.419,6.590,3668
414.949,805.868,3669
127.201,307.879,3670
78.267,431.381,3671
735.599,606.714,3672
28.765,4.261,3673
54.919,272.460,3674
703.809,372.665,3675
428.481,488.347,3676
914.185,688.561,3677
635.165,809.601,3678
455.372,489.277,3679
128.318,900.565,3680
98.923,210.660,3681
700.541,958.405,3682
568.624,212.131,3683
977.697,416.421,3684
139.940,489.717,3685
703.609,79.199,3686
36.895,75.917,3687
625.271,282.870,3688
114.792,760.218,3689
368.885,444.117,3690
167.308,913.704,3691
927.046,542.894,3692
147.201,27.356,3693
160.949,698.090,3694
885.352,227.605,3695
230.113,291.636,3696
922.655,438.639,3697
791.533,45.293,3698
563.995,107.023,3699
357.276,703.343,3700
660.225,860.567,3701
239.306,592.002,3702
44.358,308.411,3703
450.297,232.754,3704
228.074,349.597,3705
285.067,162.774,3706
231.119,84.742,3707
20.203,590.954,3708
568.370,38.923,3709
794.714,820.463,3710
466.554,310.148,3711
636.697,898.151,3712
357.112,146.038,3713
753.914,136.391,3714
41.142,741.671,3715
827.627,90.869,3716
450.902,994.316,3717
795.896,909.576,3718
156.048,595.315,3719
463.991,984.602,3720
275.800,949.612,3721
711.420,908.128,3722
401.465,446.061,3723
242.251,9.240,3724
826.431,461.092,3725
578.898,322.475,3726
34.075,245.222,3727
669.828,566.737,3728
134.226,319.578,3729
993.944,709.395,3730
130.604,896.841,3731
970.285,15.118,3732
899.841,5.337,3733
979.703,999.000,3734
589.790,164.852,3735
639.659,524.576,3736
215.114,216.963,3737
384.861,486.151,3738
327.333,233.913,3739
847.832,840.473,3740
919.220,459.165,3741
186.683,174.678,3742
386.059,838.369,3743
870.065,200.478,3744
966.799,428.426,3745
148.023,255.343,3746
236.089,892.074,3747
623.655,385.803,3748
730.846,255.043,3749
189.858,454.743,3750
622.424,800.782,3751
143.509,4.720,3752
737.644,143.994,3753
288.943,455.085,3754
19.188,756.076,3755
376.826,51.483,3756
479.411,757.143,3757
824.407,304.984,3758
834.959,491.202,3759
889.123,202.639,3760
325.589,710.347,3761
672.926,133.047,3762
553.852,925.655,3763
718.158,131.266,3764
395.172,236.714,3765
15.780,508.702,3766
166.182,302.187,3767
97.623,965.403,3768
515.507,854.257,3769
861.932,977.072,3770
524.081,612.499,3771
313.604,904.696,3772
178.634,191.599,3773
809.945,802.424,3774
953.084,898.122,3775
427.098,906.192,3776
233.824,820.900,3777
409.230,174.395,3778
518.521,495.898,3779
432.533,543.091,3780
114.860,846.827,3781
133.810,8.855,3782
405.857,379.523,3783
405.648,229.978,3784
980.018,366.401,3785
79.615,823.238,3786
138.826,331.597,3787
516.192,525.478,3788
151.019,824.651,3789
21.967,397.684,3790
271.666,169.584,3791
162.190,406.966,3792
28.444,718.027,3793
180.466,197.346,3794
428.689,308.073,3795
619.359,523.616,3796
765.465,225.008,3797
414.393,389.090,3798
275.735,341.310,3799
674.090,91.484,3800
3.310,60.138,3801
733.033,246.014,3802
995.877,611.004,3803
979.067,961.863,3804
92.680,665.778,3805
783.688,867.683,3806
1.597,555.066,3807
740.127,382.045,3808
344.589,352.625,3809
451.139,334.523,3810
335.818,752.077,3811
704.186,502.439,3812
694.910,400.242,3813
426.143,325.631,3814
54.605,671.949,3815
814.821,486.128,3816
88.011,705.939,3817
470.372,252.069,3818
620.417,631.316,3819
706.654,564.437,3820
678.728,190.248,3821
437.583,481.417,3822
129.209,532.728,3823
19.030,561.412,3824
888.645,307.115,3825
817.675,718.087,3826
474.296,711.208,3827
314.641,285.474,3828
100.878,234.692,3829
322.141,679.818,3830
691.590,261.106,3831
337.006,586.794,3832
427.305,596.267,3833
853.682,362.126,3834
377.527,204.321,3835
698.159,502.056,3836
918.589,188.779,3837
611.554,383.104,3838
586.055,524.993,3839
292.073,589.290,3840
223.884,882.598,3841
324.029,693.460,3842
706.788,121.924,3843
786.993,750.512,3844
654.999,928.723,3845
667.542,900.159,3846
63.259,448.470,3847
665.317,573.257,3848
961.785,918.580,3849
571.714,778.272,3850
5.103,727.579,3851
457.313,298.278,3852
979.188,712.509,3853
329.556,9.456,3854
479.928,262.966,3855
855.870,267.249,3856
624.661,251.822,3857
735.471,846.304,3858
152.604,995.704,3859
343.473,327.925,3860
816.523,25.818,3861
4.728,84.955,3862
532.854,510.504,3863
212.766,415.358,3864
47.532,537.510,3865
217.776,882.925,3866
228.486,290.500,3867
610.188,905.452,3868
646.243,875.751,3869
822.999,533.723,3870
864.405,39.111,3871
807.034,263.959,3872
461.890,972.689,3873
668.029,969.128,3874
11.852,726.641,3875
61.056,916.704,3876
580.699,159.452,3877
778.432,610.772,3878
390.837,60.498,3879
863.475,636.230,3880
744.927,871.983,3881
425.532,523.679,3882
807.156,660.333,3883
188.479,98.398,3884
806.492,535.503,3885
28.603,774.812,3886
937.720,150.845,3887
744.085,269.831,3888
269.673,655.100,3889
606.767,294.576,3890
818.641,233.753,3891
490.845,981.975,3892
175.841,839.397,3893
3.827,40.691,3894
11.797,411.656,3895
592.133,589.970,3896
396.184,757.606,3897
912.877,493.101,3898
979.386,647.652,3899
635.250,688.209,3900
319.612,676.151,3901
515.129,873.506,3902
863.625,79.287,3903
951.193,595.050,3904
705.231,167.107,3905
999.000,625.778,3906
202.090,932.719,3907
363.317,558.068,3908
952.070,204.633,3909
274.296,999.000,3910
995.798,176.457,3911
739.915,550.388,3912
981.100,886.944,3913
966.807,55.170,3914
106.774,644.579,3915
514.973,434.308,3916
755.325,970.713,3917
803.712,718.504,3918
11.738,824.943,3919
947.273,902.905,3920
989.463,981.764,3921
684.528,683.676,3922
470.256,633.860,3923
754.513,415.939,3924
920.455,377.641,3925
471.227,584.822,3926
112.304,90.225,3927
214.391,390.084,3928
683.518,985.075,3929
309.291,399.646,3930
997.224,199.052,3931
341.989,480.982,3932
770.673,546.440,3933
259.945,388.506,3934
406.693,178.964,3935
873.753,905.486,3936
166.645,398.119,3937
520.361,308.750,3938
36.385,37.835,3939
387.279,302.635,3940
708.536,227.311,3941
853.962,328.870,3942
46.686,697.623,3943
282.511,179.016,3944
370.213,209.775,3945
632.552,970.182,3946
260.218,788.907,3947
443.827,925.008,3948
767.989,245.911,3949
73.002,198.158,3950
805.018,336.918,3951
169.666,206.730,3952
104.957,788.148,3953
431.951,519.863,3954
377.692,944.380,3955
507.443,885.779,3956
968.937,387.117,3957
84.794,251.098,3958
844.970,383.848,3959
887.636,382.289,3960
575.128,485.399,3961
323.512,208.709,3962
990.835,493.800,3963
38.940,934.328,3964
698.021,496.416,3965
495.787,732.415,3966
291.732,120.500,3967
699.863,660.394,3968
17.211,364.604,3969
969.280,789.590,3970
697.474,88.683,3971
551.006,119.285,3972
112.638,66.996,3973
387.002,979.557,3974
118.878,965.612,3975
434.275,755.804,3976
330.611,864.490,3977
612.700,489.515,3978
791.121,389.094,3979
995.511,394.938,3980
886.144,148.738,3981
474.780,702.667,3982
734.476,529.205,3983
441.413,618.252,3984
7.339,233.597,3985
888.953,855.289,3986
489.104,775.284,3987
408.631,986.252,3988
927.355,777.513,3989
824.181,414.810,3990
61.003,244.640,3991
320.001,0.336,3992
669.856,533.333,3993
902.351,960.809,3994
155.771,529.155,3995
36.136,529.207,3996
362.458,869.767,3997
168.285,666.705,3998
681.137,616.540,3999
598.226,402.312,4000
615.342,966.826,4001
534.010,18.994,4002
255.609,707.604,4003
744.227,682.338,4004
151.656,514.475,4005
478.618,651.046,4006
961.467,249.778,4007
355.498,947.885,4008
862.334,579.550,4009
362.512,389.650,4010
958.884,935.805,4011
934.504,278.448,4012
932.599,581.322,4013
876.390,779.523,4014
420.142,581.660,4015
390.697,257.679,4016
708.135,916.125,4017
572.294,638.503,4018
221.417,61.276,4019
542.866,288.528,4020
943.689,514.505,4021
779.285,807.627,4022
966.554,436.097,4023
633.059,803.806,4024
488.052,868.419,4025
653.605,588.833,4026
599.270,474.947,4027
144.537,360.426,4028
881.126,20.965,4029
563.157,841.258,4030
812.475,738.524,4031
738.853,991.660,4032
651.005,64.461,4033
839.015,816.699,4034
680.725,79.368,4035
671.168,271.496,4036
403.542,639.683,4037
395.114,696.560,4038
74.708,380.276,4039
336.263,591.334,4040
180.421,532.353,4041
972.312,94.617,4042
990.457,972.410,4043
331.144,860.186,4044
607.416,975.499,4045
374.241,504.774,4046
122.453,755.988,4047
177.136,470.161,4048
627.775,820.246,4049
636.897,142.598,4050
974.606,99.829,4051
165.188,909.165,4052
458.511,922.807,4053
775.195,397.181,4054
311.577,224.624,4055
693.554,761.560,4056
135.258,701.984,4057
544.936,876.879,4058
581.216,282.626,4059
962.195,612.399,4060
800.232,856.604,4061
14.137,297.688,4062
878.232,616.946,4063
431.099,894.267,4064
165.924,82.489,4065
536.800,566.437,4066
517.726,533.528,4067
700.476,484.023,4068
417.571,327.404,4069
112.037,333.144,4070
541.749,856.588,4071
641.008,476.367,4072
696.236,334.383,4073
886.432,952.305,4074
157.365,946.739,4075
918.491,258.989,4076
976.342,683.189,4077
193.087,916.517,4078
840.232,138.520,4079
359.123,341.926,4080
221.132,664.966,4081
741.547,171.080,4082
52.263,679.673,4083
807.213,293.960,4084
944.342,696.810,4085
369.202,550.282,4086
856.910,816.759,4087
170.819,489.978,4088
395.679,374.613,4089
966.286,782.957,4090
431.978,595.303,4091
389.989,826.993,4092
235.755,724.560,4093
853.926,116.221,4094
983.952,913.448,4095
755.102,712.985,4096
232.990,401.960,4097
358.598,322.259,4098
801.028,930.381,4099
564.138,844.510,4100
533.313,17.937,4101
155.121,461.890,4102
490.523,878.876,4103
943.276,495.022,4104
954.416,819.163,4105
459.378,923.218,4106
876.645,706.975,4107
665.629,217.882,4108
576.736,71.365,4109
115.104,216.294,4110
779.367,722.807,4111
234.258,435.594,4112
109.279,133.193,4113
599.980,824.966,4114
567.927,914.041,4115
268.372,889.542,4116
92.756,35.225,4117
851.725,188.580,4118
710.117,753.211,4119
915.575,444.740,4120
900.824,821.353,4121
250.942,682.973,4122
414.301,921.249,4123
558.304,859.025,4124
798.094,359.558,4125
785.321,698.229,4126
890.815,11.597,4127
677.111,831.001,4128
296.132,724.808,4129
678.096,189.573,4130
882.983,930.352,4131
303.252,213.118,4132
583.169,845.876,4133
226.392,430.741,4134
892.436,431.500,4135
487.233,190.260,4136
522.108,525.378,4137
572.097,10.831,4138
777.820,247.099,4139
46.868,247.225,4140
359.923,298.489,4141
477.243,655.431,4142
454.451,332.068,4143
844.918,65.430,4144
35.014,759.217,4145
958.027,174.848,4146
363.726,528.829,4147
422.601,460.596,4148
795.489,708.456,4149
708.189,552.079,4150
557.267,437.602,4151
931.881,234.595,4152
801.379,990.489,4153
932.678,120.016,4154
145.633,76.700,4155
62.531,452.980,4156
55.835,933.164,4157
357.351,321.968,4158
908.917,914.399,4159
857.775,120.967,4160
447.670,12.844,4161
802.176,367.204,4162
713.743,705.529,4163
468.271,942.372,4164
27.640,993.890,4165
43.936,278.694,4166
537.813,532.106,4167
823.499,528.879,4168
460.633,730.838,4169
675.938,244.175,4170
138.830,462.515,4171
693.107,833.099,4172
213.867,544.487,4173
927.276,329.492,4174
117.642,853.497,4175
660.257,541.437,4176
256.239,692.800,4177
575.397,973.103,4178
532.202,104.551,4179
79.297,36.617,4180
138.650,894.585,4181
543.616,564.250,4182
249.031,310.539,4183
406.429,431.252,4184
641.417,703.337,4185
340.081,444.359,4186
90.003,847.493,4187
55.151,145.692,4188
287.039,417.391,4189
555.295,473.089,4190
592.725,789.495,4191
245.274,195.138,4192
871.787,780.182,4193
712.407,709.248,4194
920.028,852.513,4195
435.465,300.569,4196
46.223,699.261,4197
386.081,569.159,4198
216.386,959.812,4199
596.817,140.425,4200
353.794,528.252,4201
123.412,893.227,4202
100.717,677.447,4203
183.939,167.855,4204
302.489,665.695,4205
431.304,969.461,4206
474.073,650.529,4207
921.860,407.553,4208
288.133,742.428,4209
365.466,227.062,4210
605.246,90.486,4211
641.579,587.816,4212
560.752,448.322,4213
318.805,652.358,4214
787.441,647.914,4215
885.106,829.045,4216
810.010,317.863,4217
364.963,688.466,4218
5.265,667.702,4219
911.808,649.073,4220
381.766,315.714,4221
433.916,426.043,4222
166.082,674.884,4223
541.673,481.929,4224
154.584,451.215,4225
959.116,484.366,4226
592.794,33.201,4227
722.146,600.389,4228
68.001,977.286,4229
66.254,760.837,4230
982.606,352.359,4231
143.415,422.496,4232
764.268,120.913,4233
110.967,312.224,4234
885.000,969.325,4235
784.593,854.005,4236
845.120,521.949,4237
786.489,102.687,4238
906.802,774.342,4239
602.339,980.871,4240
878.583,914.195,4241
474.136,909.482,4242
759.463,94.700,4243
470.386,589.738,4244
160.533,807.041,4245
222.646,145.509,4246
569.457,679.203,4247
699.190,442.349,4248
460.407,724.705,4249
283.203,198.683,4250
820.733,959.286,4251
59.258,345.354,4252
520.962,76.696,4253
562.450,451.931,4254
226.648,883.461,4255
669.534,480.247,4256
193.452,20.521,4257
855.163,874.186,4258
518.297,557.354,4259
931.056,834.800,4260
220.675,979.747,4261
747.190,875.842,4262
258.474,370.358,4263
564.525,557.240,4264
963.777,481.842,4265
989.968,601.128,4266
70.063,126.169,4267
670.942,35.303,4268
828.820,4.609,4269
785.076,392.042,4270
527.682,213.900,4271
951.951,697.845,4272
326.423,566.845,4273
939.579,693.554,4274
872.491,962.610,4275
114.582,250.088,4276
824.071,581.585,4277
817.901,656.850,4278
128.760,207.295,4279
727.742,194.056,4280
723.629,540.154,4281
461.839,903.676,4282
230.082,444.301,4283
450.921,515.550,4284
94.501,810.561,4285
638.836,743.611,4286
230.380,738.071,4287
522.901,612.004,4288
974.993,525.028,4289
61.110,425.089,4290
511.951,833.543,4291
7.971,197.292,4292
249.644,613.180,4293
576.487,73.054,4294
314.863,682.525,4295
189.711,775.158,4296
828.942,560.053,4297
344.705,614.439,4298
48.064,26.107,4299
69.295,29.353,4300
466.861,741.464,4301
799.904,434.540,4302
734.590,340.018,4303
591.517,764.941,4304
243.992,779.736,4305
105.607,698.092,4306
876.911,774.263,4307
351.119,300.595,4308
606.429,861.046,4309
956.290,451.606,4310
145.297,820.512,4311
509.438,92.368,4312
594.918,104.144,4313
870.052,769.304,4314
428.990,241.196,4315
95.944,278.969,4316
443.976,953.941,4317
362.133,953.084,4318
115.806,769.814,4319
90.692,14.950,4320
508.935,285.573,4321
583.074,469.912,4322
516.984,426.239,4323
803.423,553.158,4324
631.765,599.653,4325
187.319,34.325,4326
166.447,80.720,4327
787.541,955.223,4328
980.121,947.451,4329
314.659,56.761,4330
336.141,690.453,4331
126.646,794.119,4332
861.641,812.802,4333
61.241,4.288,4334
225.386,268.120,4335
633.054,611.807,4336
399.447,453.822,4337
572.890,223.679,4338
986.915,430.740,4339
381.223,295.062,4340
867.426,465.722,4341
534.222,874.450,4342
390.848,850.833,4343
611.684,366.041,4344
953.070,146.105,4345
373.066,822.350,4346
587.714,913.381,4347
544.312,128.076,4348
635.121,724.862,4349
700.945,451.049,4350
630.462,105.679,4351
368.208,129.309,4352
923.206,468.393,4353
671.568,464.702,4354
941.547,365.309,4355
298.413,511.571,4356
347.764,473.013,4357
690.835,894.314,4358
398.971,403.133,4359
881.519,280.826,4360
983.400,760.950,4361
261.970,863.051,4362
38.041,761.514,4363
342.823,13.314,4364
999.000,31.526,4365
359.432,796.328,4366
46.349,758.894,4367
985.882,879.907,4368
985.047,57.944,4369
743.528,905.753,4370
336.420,259.025,4371
719.759,846.973,4372
74.431,151.899,4373
586.668,939.586,4374
89.168,349.804,4375
843.354,422.721,4376
165.250,830.572,4377
822.869,483.798,4378
948.730,34.209,4379
995.006,595.761,4380
667.167,751.257,4381
98.159,718.717,4382
365.022,193.806,4383
449.591,303.251,4384
147.440,944.925,4385
57.019,961.482,4386
798.597,152.929,4387
542.649,704.396,4388
540.794,951.859,4389
3.824,637.299,4390
707.575,738.169,4391
396.832,860.848,4392
487.303,394.497,4393
609.588,586.161,4394
356.476,166.549,4395
7.909,262.945,4396
671.816,752.684,4397
904.438,193.746,4398
776.332,763.915,4399
192.711,268.262,4400
184.126,743.947,4401
670.094,577.290,4402
726.043,589.301,4403
635.824,524.624,4404
642.425,836.695,4405
250.669,296.438,4406
495.487,788.854,4407
40.977,615.401,4408
728.967,634.298,4409
425.949,98.029,4410
936.418,273.470,4411
125.416,139.474,4412
979.378,179.461,4413
906.827,105.665,4414
27.161,79.773,4415
466.790,360.163,4416
229.878,335.504,4417
530.895,159.091,4418
911.513,409.539,4419
153.581,256.353,4420
827.069,745.541,4421
634.401,912.454,4422
717.972,436.593,4423
531.488,418.929,4424
574.849,957.684,4425
669.752,313.504,4426
263.815,301.257,4427
123.762,431.539,4428
42.274,636.993,4429
574.544,863.372,4430
886.558,949.670,4431
785.153,978.119,4432
406.488,36.338,4433
556.651,752.229,4434
434.312,393.733,4435
84.407,192.005,4436
62.509,278.029,4437
737.423,134.375,4438
998.299,375.667,4439
195.363,861.902,4440
987.870,875.224,4441
403.229,349.665,4442
818.960,106.012,4443
142.118,229.233,4444
200.737,471.985,4445
851.435,509.716,4446
970.966,361.250,4447
4.905,516.023,4448
394.746,578.043,4449
197.178,353.405,4450
853.570,273.419,4451
764.440,126.398,4452
832.317,743.129,4453
277.942,206.003,4454
697.935,993.075,4455
491.814,937.161,4456
36.112,596.754,4457
631.313,147.029,4458
383.140,528.542,4459
77.612,12.727,4460
891.136,79.342,4461
203.160,407.694,4462
107.342,385.882,4463
366.724,976.244,4464
696.269,466.212,4465
713.776,449.791,4466
149.169,393.362,4467
992.405,853.973,4468
672.496,373.239,4469
412.778,38.665,4470
346.026,453.058,4471
951.395,898.152,4472
289.037,948.102,4473
32.368,30.721,4474
749.790,867.030,4475
748.973,370.797,4476
834.544,536.847,4477
28.956,592.384,4478
682.558,85.895,4479
445.985,542.128,4480
490.674,962.977,4481
712.261,444.523,4482
368.986,571.860,4483
814.610,965.107,4484
995.151,316.915,4485
859.266,270.792,4486
591.334,632.054,4487
450.318,292.804,4488
591.818,600.771,4489
434.843,702.600,4490
470.420,156.379,4491
603.229,450.106,4492
375.600,443.078,4493
771.082,65.432,4494
541.668,322.525,4495
692.001,770.051,4496
168.814,398.547,4497
623.878,353.485,4498
231.587,108.223,4499
324.613,510.466,4500
690.271,694.619,4501
927.169,104.679,4502
901.162,597.913,4503
157.164,271.851,4504
801.319,686.195,4505
201.336,501.110,4506
615.060,850.906,4507
389.607,372.051,4508
852.819,613.765,4509
532.927,490.968,4510
699.273,666.961,4511
283.183,67.999,4512
36.535,278.399,4513
997.029,204.138,4514
451.425,137.303,4515
4.191,656.420,4516
106.466,261.597,4517
41.101,205.894,4518
385.342,252.518,4519
959.842,876.697,4520
885.598,645.140,4521
556.799,666.461,4522
881.257,383.209,4523
570.346,518.105,4524
545.768,60.462,4525
542.133,159.936,4526
604.972,462.599,4527
365.192,874.126,4528
6.261,106.784,4529
370.706,288.622,4530
719.478,564.466,4531
228.647,579.241,4532
388.370,402.243,4533
900.778,268.168,4534
687.930,247.576,4535
312.967,957.539,4536
771.997,856.724,4537
980.869,302.672,4538
123.141,297.150,4539
132.484,719.996,4540
956.101,772.228,4541
746.813,890.633,4542
667.554,325.650,4543
803.030,299.982,4544
160.975,318.424,4545
155.700,731.163,4546
65.211,976.831,4547
642.024,228.948,4548
474.619,902.522,4549
461.673,98.176,4550
50.310,13.017,4551
900.023,775.128,4552
919.803,965.107,4553
678.371,334.378,4554
766.378,23.299,4555
528.541,850.633,4556
944.357,457.561,4557
270.107,746.112,4558
283.135,14.560,4559
133.780,629.576,4560
479.382,855.517,4561
978.954,624.838,4562
308.302,723.754,4563
868.320,953.914,4564
703.854,446.667,4565
12.495,242.262,4566
323.768,558.044,4567
912.506,369.577,4568
288.563,617.407,4569
353.844,181.611,4570
582.448,216.751,4571
965.953,666.567,4572
576.163,893.718,4573
476.056,358.352,4574
126.476,992.369,4575
834.072,758.191,4576
781.413,784.241,4577
321.322,754.512,4578
384.965,518.179,4579
808.506,206.868,4580
251.019,553.957,4581
342.880,992.554,4582
35.013,556.550,4583
338.836,154.453,4584
479.969,233.431,4585
63.303,741.236,4586
569.289,971.439,4587
451.553,21.765,4588
805.828,94.335,4589
648.751,145.128,4590
319.811,782.711,4591
198.327,176.460,4592
984.453,836.764,4593
469.275,893.431,4594
662.694,228.053,4595
903.606,979.192,4596
182.676,900.620,4597
445.204,542.918,4598
41.266,866.784,4599
195.183,512.014,4600
19.774,302.404,4601
841.467,651.116,4602
526.387,549.223,4603
957.838,758.098,4604
439.294,604.659,4605
942.081,891.279,4606
322.841,5.796,4607
567.198,828.187,4608
400.218,516.177,4609
393.024,297.743,4610
254.971,649.027,4611
76.009,381.523,4612
966.368,184.772,4613
393.063,214.740,4614
179.592,31.155,4615
55.947,872.112,4616
921.252,321.380,4617
442.319,913.088,4618
53.141,876.851,4619
375.714,843.445,4620
787.643,175.699,4621
229.585,928.006,4622
239.483,103.347,4623
200.288,818.507,4624
38.704,591.212,4625
306.696,373.729,4626
708.115,474.792,4627
825.014,516.288,4628
999.000,772.119,4629
812.698,385.266,4630
761.302,340.682,4631
899.073,422.271,4632
88.834,989.258,4633
31.236,762.220,4634
590.574,13.991,4635
772.185,855.245,4636
504.313,532.355,4637
820.562,790.063,4638
558.649,983.158,4639
568.223,109.771,4640
364.765,890.962,4641
568.562,772.167,4642
61.469,634.954,4643
421.561,51.558,4644
436.380,709.885,4645
174.677,644.893,4646
302.051,799.193,4647
256.619,718.785,4648
788.530,551.797,4649
448.162,811.949,4650
140.274,604.004,4651
587.271,317.001,4652
201.782,506.436,4653
475.802,40.377,4654
944.345,492.859,4655
621.215,320.879,4656
89.315,921.186,4657
237.479,585.785,4658
826.142,288.025,4659
408.170,148.556,4660
221.876,206.426,4661
675.834,293.726,4662
109.187,781.117,4663
958.223,852.211,4664
919.047,514.129,4665
153.792,358.659,4666
292.549,740.718,4667
582.445,65.922,4668
697.430,483.647,4669
28.541,526.945,4670
90.238,725.345,4671
702.787,529.337,4672
373.696,765.079,4673
231.490,876.188,4674
265.916,999.000,4675
831.368,272.379,4676
320.380,567.726,4677
123.870,773.263,4678
373.927,325.187,4679
319.530,99.456,4680
904.846,848.932,4681
97.151,69.846,4682
885.404,752.244,4683
715.553,435.896,4684
591.832,359.237,4685
693.378,202.396,4686
592.578,636.757,4687
237.372,595.216,4688
588.110,10.747,4689
741.693,837.260,4690
355.268,502.093,4691
483.703,993.025,4692
1.531,531.750,4693
169.640,213.604,4694
77.058,66.873,4695
490.728,988.636,4696
139.576,892.183,4697
807.111,615.282,4698
275.272,368.549,4699
696.021,922.598,4700
205.479,185.550,4701
878.313,718.713,4702
724.889,139.118,4703
65.092,325.561,4704
135.870,90.871,4705
309.586,501.720,4706
161.533,358.214,4707
347.078,166.833,4708
653.384,98.982,4709
314.940,102.803,4710
670.207,166.739,4711
919.666,629.874,4712
261.585,883.398,4713
382.777,586.569,4714
682.128,374.337,4715
363.680,761.728,4716
908.457,405.064,4717
683.666,565.362,4718
670.894,219.786,4719
670.245,782.125,4720
573.830,903.553,4721
510.293,60.250,4722
856.243,233.596,4723
893.547,977.270,4724
694.018,271.652,4725
183.969,421.171,4726
954.564,855.826,4727
416.277,597.458,4728
858.383,861.121,4729
810.821,156.323,4730
739.888,966.281,4731
313.558,5.917,4732
564.679,254.575,4733
255.372,552.939,4734
443.276,472.852,4735
21.673,635.883,4736
600.639,303.906,4737
178.167,319.564,4738
614.882,147.038,4739
78.020,541.195,4740
318.024,727.001,4741
84.243,243.805,4742
520.811,830.899,4743
60.444,178.034,4744
38.569,430.192,4745
13.298,214.488,4746
143.447,681.298,4747
865.100,889.807,4748
754.066,346.583,4749
106.803,567.797,4750
778.969,504.334,4751
338.263,345.441,4752
641.327,494.374,4753
106.513,177.830,4754
418.522,366.177,4755
423.236,892.858,4756
410.546,808.747,4757
533.533,844.900,4758
515.089,318.368,4759
203.196,268.490,4760
813.192,588.313,4761
584.057,456.124,4762
251.278,804.677,4763
648.086,459.949,4764
317.014,242.072,4765
375.238,727.706,4766
339.611,254.999,4767
32.132,0.985,4768
642.216,784.157,4769
466.288,63.056,4770
603.271,102.117,4771
506.135,269.639,4772
805.532,380.616,4773
307.824,520.747,4774
73.206,575.747,4775
248.927,64.277,4776
779.083,842.533,4777
417.662,319.398,4778
297.402,911.931,4779
817.817,383.329,4780
816.126,782.083,4781
732.988,156.969,4782
548.042,96.033,4783
982.078,0.000,4784
829.193,499.951,4785
957.617,126.876,4786
334.584,125.158,4787
527.176,773.029,4788
426.830,5.315,4789
914.503,685.160,4790
746.625,330.353,4791
248.831,478.326,4792
45.838,941.528,4793
160.436,985.564,4794
289.227,851.730,4795
270.001,883.586,4796
935.246,200.218,4797
867.207,295.329,4798
326.468,995.485,4799
487.052,115.897,4800
647.118,813.263,4801
660.464,90.331,4802
808.313,534.240,4803
377.629,572.479,4804
942.991,53.967,4805
366.290,609.706,4806
551.260,435.422,4807
975.010,791.560,4808
532.473,350.223,4809
586.456,583.810,4810
784.723,792.345,4811
238.566,945.700,4812
92.065,942.470,4813
456.090,386.158,4814
304.985,511.562,4815
797.442,654.283,4816
180.425,115.459,4817
256.405,799.311,4818
295.070,880.209,4819
423.217,68.124,4820
736.940,989.577,4821
838.443,416.189,4822
318.175,103.673,4823
354.937,878.098,4824
194.490,574.899,4825
138.613,954.808,4826
549.224,260.768,4827
976.147,56.806,4828
548.778,0.747,4829
406.788,445.887,4830
96.605,527.659,4831
198.822,600.500,4832
98.960,385.733,4833
989.848,732.826,4834
513.438,281.961,4835
738.077,163.327,4836
927.610,788.492,4837
208.556,787.700,4838
65.679,372.332,4839
612.920,767.270,4840
142.767,506.102,4841
386.372,509.262,4842
256.371,523.133,4843
580.493,271.147,4844
273.350,285.758,4845
377.060,153.196,4846
154.229,559.364,4847
614.906,953.667,4848
94.438,140.170,4849
622.218,117.544,4850
994.359,535.676,4851
863.325,452.636,4852
575.708,935.661,4853
991.277,566.465,4854
230.770,272.250,4855
742.871,603.921,4856
609.430,834.449,4857
752.265,29.295,4858
573.960,97.473,4859
870.070,181.891,4860
860.452,918.404,4861
41.414,432.715,4862
650.686,18.115,4863
686.137,158.447,4864
22.558,160.890,4865
374.026,639.391,4866
237.292,83.755,4867
190.098,19.523,4868
60.270,715.961,4869
892.079,423.421,4870
164.853,471.532,4871
725.004,524.478,4872
75.561,223.292,4873
753.146,88.096,4874
253.561,496.402,4875
966.316,63.750,4876
621.279,358.385,4877
476.543,289.210,4878
241.624,181.584,4879
408.525,59.690,4880
520.716,69.184,4881
312.827,210.642,4882
820.813,334.409,4883
121.435,29.170,4884
654.152,756.402,4885
466.246,629.197,4886
238.926,429.542,4887
24.167,956.799,4888
258.504,18.461,4889
862.158,803.437,4890
744.128,781.502,4891
645.839,485.522,4892
633.232,263.611,4893
505.531,197.441,4894
565.610,951.440,4895
964.574,383.897,4896
844.755,772.442,4897
292.104,493.522,4898
411.260,758.061,4899
455.765,503.104,4900
468.640,577.832,4901
92.598,467.717,4902
815.101,750.462,4903
418.518,467.703,4904
154.295,383.695,4905
754.218,788.183,4906
236.844,96.802,4907
593.663,236.482,4908
421.699,380.438,4909
360.365,999.000,4910
692.827,690.879,4911
182.079,0.670,4912
805.862,341.803,4913
897.311,368.808,4914
679.901,151.357,4915
447.860,864.491,4916
299.389,315.563,4917
398.140,760.405,4918
452.864,830.242,4919
138.661,835.856,4920
709.238,747.586,4921
190.856,686.687,4922
6.313,72.691,4923
632.561,863.663,4924
474.622,163.105,4925
232.106,700.706,4926
504.275,818.787,4927
122.522,92.762,4928
297.036,401.409,4929
647.868,634.592,4930
252.490,360.157,4931
525.389,626.495,4932
230.345,999.000,4933
344.634,709.667,4934
38.781,671.347,4935
780.294,543.914,4936
680.599,388.846,4937
373.925,91.381,4938
115.414,270.987,4939
473.416,282.167,4940
871.231,740.524,4941
999.000,118.307,4942
362.820,499.014,4943
312.147,550.687,4944
606.400,676.408,4945
241.755,238.503,4946
11.605,734.213,4947
603.806,866.522,4948
896.313,910.148,4949
298.624,867.423,4950
597.086,980.205,4951
519.563,680.616,4952
304.917,143.689,4953
909.317,968.439,4954
545.449,992.116,4955
472.121,140.211,4956
39.532,82.710,4957
603.630,707.514,4958
531.175,949.080,4959
267.211,999.000,4960
651.110,151.334,4961
548.406,701.970,4962
399.129,161.281,4963
543.442,706.749,4964
464.631,47.907,4965
150.263,447.644,4966
236.836,640.108,4967
442.981,807.195,4968
82.508,990.036,4969
541.238,586.792,4970
981.565,573.860,4971
159.366,427.204,4972
161.460,280.524,4973
93.284,552.086,4974
737.004,231.243,4975
942.352,640.502,4976
815.700,400.488,4977
727.753,652.376,4978
37.117,41.048,4979
900.393,981.286,4980
479.804,885.654,4981
646.735,492.398,4982
969.189,957.117,4983
382.789,904.624,4984
313.639,28.475,4985
785.361,620.514,4986
359.380,313.239,4987
357.806,283.778,4988
709.552,829.346,4989
201.489,469.872,4990
228.641,95.037,4991
150.765,807.168,4992
439.636,553.190,4993
337.609,688.954,4994
868.927,28.870,4995
488.070,904.355,4996
0.979,82.361,4997
98.667,558.520,4998
235.313,268.557,4999
971.350,588.577,5000
639.511,243.323,5001
273.339,857.793,5002
444.294,822.361,5003
937.184,751.043,5004
944.596,925.053,5005
389.589,864.957,5006
606.436,488.193,5007
886.708,441.913,5008
872.078,72.950,5009
495.999,733.451,5010
121.507,548.941,5011
144.222,903.756,5012
901.861,542.705,5013
660.529,647.390,5014
240.429,631.374,5015
813.673,861.718,5016
221.660,779.514,5017
413.662,402.702,5018
427.005,916.609,5019
815.946,945.692,5020
681.983,134.475,5021
259.641,678.487,5022
51.804,242.360,5023
688.294,326.197,5024
236.117,776.266,5025
47.949,709.347,5026
416.307,38.541,5027
116.890,565.983,5028
916.016,127.746,5029
838.081,564.806,5030
902.648,462.062,5031
191.414,585.173,5032
558.785,691.060,5033
413.716,823.692,5034
123.860,157.080,5035
221.013,224.947,5036
447.039,630.624,5037
621.313,213.085,5038
788.161,459.181,5039
275.269,994.495,5040
384.617,816.510,5041
335.322,667.520,5042
619.824,879.597,5043
802.421,972.510,5044
522.025,706.619,5045
638.273,410.565,5046
558.609,688.694,5047
634.098,354.568,5048
450.892,171.519,5049
216.254,907.839,5050
402.944,637.691,5051
719.637,121.156,5052
249.049,94.478,5053
615.571,660.720,5054
422.982,841.420,5055
156.839,621.542,5056
602.758,977.633,5057
885.574,294.857,5058
78.122,93.608,5059
130.068,798.756,5060
347.578,0.432,5061
167.848,549.373,5062
410.228,685.612,5063
413.826,847.574,5064
159.549,400.752,5065
773.486,912.617,5066
899.687,734.128,5067
805.915,948.216,5068
918.521,678.800,5069
910.956,526.981,5070
813.541,603.198,5071
585.071,812.388,5072
810.835,956.257,5073
140.173,980.840,5074
778.049,154.256,5075
589.306,424.768,5076
414.614,98.946,5077
624.137,995.414,5078
750.252,816.235,5079
677.712,288.746,5080
392.239,469.572,5081
481.548,683.268,5082
793.761,355.076,5083
89.235,356.702,5084
555.803,470.686,5085
362.935,119.123,5086
243.189,795.596,5087
572.923,91.935,5088
79.571,131.456,5089
971.531,409.799,5090
295.849,386.586,5091
744.626,116.809,5092
764.206,748.275,5093
593.945,828.740,5094
784.201,144.187,5095
252.304,762.150,5096
471.986,316.871,5097
463.816,113.593,5098
314.965,867.493,5099
427.376,911.954,5100
369.272,333.287,5101
359.882,977.465,5102
574.301,166.522,5103
353.745,867.677,5104
318.314,924.146,5105
840.082,848.877,5106
6.530,623.293,5107
474.203,38.988,5108
537.920,434.484,5109
24.888,972.429,5110
154.705,172.548,5111
214.114,746.312,5112
749.873,993.855,5113
703.341,518.112,5114
748.665,121.439,5115
75.184,324.111,5116
149.396,911.191,5117
622.322,874.833,5118
176.473,182.702,5119
84.561,256.036,5120
306.209,562.625,5121
448.851,12.342,5122
914.959,90.451,5123
399.725,883.803,5124
371.571,425.593,5125
284.099,903.123,5126
650.579,374.080,5127
437.620,281.777,5128
197.296,725.065,5129
456.938,914.621,5130
115.982,686.026,5131
769.561,121.693,5132
957.545,767.795,5133
455.647,85.551,5134
834.365,312.032,5135
759.982,444.008,5136
222.795,228.390,5137
646.078,586.343,5138
282.767,785.542,5139
689.866,87.215,5140
651.292,138.371,5141
485.141,755.139,5142
619.526,278.799,5143
245.614,116.421,5144
247.067,138.233,5145
593.472,603.111,5146
485.837,207.151,5147
45.931,979.338,5148
103.346,931.982,5149
631.539,793.867,5150
295.571,10.379,5151
650.146,958.339,5152
925.116,782.863,5153
941.295,46.295,5154
939.383,559.973,5155
992.304,889.737,5156
593.819,530.332,5157
414.529,95.388,5158
805.268,393.570,5159
819.882,574.529,5160
593.237,147.660,5161
727.290,177.137,5162
584.977,332.369,5163
444.344,680.922,5164
613.188,483.827,5165
156.496,339.276,5166
761.369,525.495,5167
464.259,191.429,5168
927.816,700.381,5169
301.464,986.256,5170
24.794,770.061,5171
400.515,469.952,5172
480.399,257.341,5173
736.216,343.291,5174
701.455,714.282,5175
902.854,295.766,5176
188.282,367.532,5177
649.245,41.682,5178
527.637,756.271,5179
669.134,846.861,5180
916.267,111.718,5181
963.715,35.773,5182
620.108,994.477,5183
294.612,202.988,5184
293.576,781.294,5185
787.065,215.856,5186
572.976,252.249,5187
354.872,207.394,5188
378.477,920.651,5189
188.169,299.432,5190
816.509,212.919,5191
205.117,901.814,5192
855.906,138.583,5193
424.250,792.301,5194
228.514,615.640,5195
97.979,953.307,5196
576.386,139.889,5197
824.644,397.899,5198
598.759,955.662,5199
604.020,965.868,5200
253.905,357.850,5201
918.472,723.024,5202
411.401,128.519,5203
456.234,866.133,5204
0.522,973.768,5205
74.195,474.110,5206
544.213,125.106,5207
568.330,63.035,5208
373.851,595.643,5209
557.203,56.582,5210
338.283,895.561,5211
667.650,934.780,5212
525.101,554.329,5213
755.346,98.386,5214
488.225,331.190,5215
601.449,805.945,5216
170.608,508.488,5217
383.231,306.400,5218
143.032,927.941,5219
681.151,265.659,5220
934.391,207.387,5221
857.216,138.178,5222
854.173,977.219,5223
961.910,424.745,5224
33.792,390.040,5225
153.261,378.178,5226
338.259,752.011,5227
434.586,906.548,5228
66.553,989.316,5229
267.657,820.171,5230
39.260,794.060,5231
898.573,518.140,5232
338.840,828.138,5233
852.325,271.266,5234
673.424,739.342,5235
204.972,443.226,5236
914.011,365.412,5237
142.743,126.558,5238
531.308,28.384,5239
375.703,585.014,5240
873.725,604.507,5241
24.040,880.814,5242
733.912,251.968,5243
112.791,829.408,5244
982.381,391.740,5245
688.934,63.870,5246
620.993,610.075,5247
653.550,260.107,5248
76.382,866.924,5249
159.026,469.857,5250
302.752,843.621,5251
784.318,830.961,5252
51.137,893.233,5253
393.060,697.879,5254
271.447,466.195,5255
78.166,939.309,5256
46.116,385.618,5257
221.597,89.254,5258
977.335,700.971,5259
827.852,973.103,5260
520.862,352.540,5261
291.508,470.497,5262
373.092,112.966,5263
855.532,486.549,5264
146.496,600.796,5265
98.608,246.425,5266
428.384,200.447,5267
84.948,812.814,5268
812.704,866.779,5269
88.321,683.768,5270
694.242,873.928,5271
914.030,276.825,5272
835.822,360.961,5273
503.873,880.299,5274
52.396,564.730,5275
907.272,366.456,5276
480.976,951.401,5277
448.424,189.654,5278
46.526,198.684,5279
899.386,916.322,5280
163.314,180.209,5281
594.186,243.997,5282
307.531,424.767,5283
190.946,930.022,5284
819.963,627.978,5285
727.666,884.449,5286
747.639,273.655,5287
452.625,220.831,5288
367.247,633.990,5289
498.141,81.950,5290
291.311,470.465,5291
462.482,671.872,5292
631.677,623.978,5293
251.242,835.427,5294
377.448,342.195,5295
634.735,506.972,5296
429.603,348.951,5297
426.977,625.784,5298
875.206,113.800,5299
610.401,831.164,5300
478.550,328.692,5301
383.244,186.740,5302
866.572,755.963,5303
972.023,562.679,5304
663.160,247.171,5305
847.092,16.524,5306
966.773,942.722,5307
845.693,352.087,5308
138.954,267.178,5309
439.791,546.555,5310
662.285,830.533,5311
502.461,792.888,5312
19.180,637.569,5313
595.731,771.337,5314
246.020,249.188,5315
430.794,117.458,5316
482.056,21.482,5317
978.948,807.294,5318
505.112,486.920,5319
811.417,571.903,5320
245.753,695.339,5321
339.903,729.668,5322
568.639,155.862,5323
133.450,195.594,5324
459.974,724.945,5325
998.625,717.768,5326
2.462,246.536,5327
360.187,766.455,5328
889.203,715.787,5329
61.081,214.488,5330
934.279,539.101,5331
686.766,920.445,5332
933.921,240.375,5333
242.950,405.050,5334
850.788,777.852,5335
423.128,895.292,5336
608.636,83.077,5337
530.565,266.658,5338
639.280,107.167,5339
88.982,916.192,5340
473.582,146.637,5341
925.660,682.959,5342
395.858,1.558,5343
550.613,578.924,5344
340.016,133.659,5345
873.482,741.743,5346
867.458,71.096,5347
488.347,613.681,5348
892.896,878.502,5349
775.462,709.164,5350
726.801,971.065,5351
52.920,18.138,5352
232.687,549.347,5353
909.753,130.332,5354
606.719,777.331,5355
224.684,792.682,5356
456.018,896.043,5357
90.390,436.009,5358
951.897,557.211,5359
810.645,322.945,5360
49.299,406.284,5361
693.378,714.502,5362
936.086,706.473,5363
396.268,718.460,5364
651.591,759.452,5365
112.656,126.027,5366
626.180,362.103,5367
148.539,149.694,5368
568.406,598.519,5369
527.333,360.727,5370
163.782,799.260,5371
822.606,8.960,5372
368.504,509.864,5373
595.547,271.801,5374
6.445,797.328,5375
438.073,910.184,5376
293.245,106.733,5377
59.516,71.986,5378
557.976,855.498,5379
929.853,879.864,5380
99.459,352.558,5381
702.987,990.740,5382
375.918,810.361,5383
832.702,559.206,5384
904.378,663.467,5385
100.022,773.171,5386
309.757,402.345,5387
887.589,145.771,5388
526.968,13.138,5389
824.138,958.902,5390
307.576,553.744,5391
457.855,20.675,5392
287.057,98.163,5393
984.761,181.523,5394
38.453,269.779,5395
908.980,493.644,5396
776.602,854.954,5397
303.124,173.451,5398
140.231,788.459,5399
903.880,689.703,5400
36.558,737.227,5401
375.405,366.751,5402
286.446,95.032,5403
456.265,528.372,5404
526.882,961.215,5405
961.897,274.895,5406
532.631,857.795,5407
779.291,4.129,5408
315.314,73.605,5409
159.943,455.815,5410
983.885,891.204,5411
743.606,41.638,5412
84.675,905.177,5413
55.783,869.535,5414
43.735,546.364,5415
319.158,592.139,5416
533.946,596.227,5417
528.279,645.168,5418
440.982,542.571,5419
463.884,719.923,5420
925.158,92.081,5421
148.344,297.689,5422
855.878,593.331,5423
165.258,215.729,5424
580.912,651.035,5425
948.142,79.611,5426
884.181,263.479,5427
35.512,989.847,5428
81.629,297.729,5429
398.780,534.840,5430
705.394,525.177,5431
18.616,370.795,5432
169.427,383.697,5433
45.143,91.038,5434
547.318,6.838,5435
388.984,212.453,5436
717.810,986.383,5437
913.933,221.160,5438
326.269,774.363,5439
21.092,502.499,5440
803.611,276.752,5441
613.649,850.622,5442
698.887,987.425,5443
320.345,903.197,5444
228.658,689.521,5445
663.848,871.624,5446
302.871,216.692,5447
343.841,320.053,5448
124.010,301.516,5449
535.906,603.554,5450
706.620,307.168,5451
250.977,518.560,5452
885.580,376.041,5453
341.432,392.978,5454
644.293,655.020,5455
253.167,197.905,5456
6.094,203.404,5457
931.478,818.966,5458
730.871,697.065,5459
27.847,443.366,5460
252.481,546.834,5461
329.459,492.050,5462
363.349,330.190,5463
880.453,524.999,5464
952.322,31.430,5465
609.361,317.524,5466
46.981,97.197,5467
525.808,829.327,5468
739.232,370.888,5469
346.228,917.514,5470
917.315,156.327,5471
528.612,75.941,5472
657.823,225.308,5473
53.840,459.385,5474
67.325,58.623,5475
595.781,28.872,5476
317.980,847.539,5477
49.556,451.126,5478
662.002,409.280,5479
105.046,419.659,5480
670.297,253.623,5481
657.566,305.135,5482
536.694,561.184,5483
681.593,49.465,5484
489.288,632.174,5485
635.028,582.038,5486
502.940,335.682,5487
70.183,33.945,5488
507.270,932.590,5489
356.598,788.536,5490
846.534,246.310,5491
708.173,514.783,5492
829.161,52.258,5493
783.761,513.988,5494
606.185,905.126,5495
350.232,549.962,5496
711.606,801.903,5497
419.078,216.805,5498
398.058,128.858,5499
91.749,783.272,5500
234.274,164.932,5501
639.774,674.251,5502
209.986,647.667,5503
916.209,53.867,5504
662.934,199.619,5505
764.440,853.877,5506
742.100,247.510,5507
268.038,187.779,5508
356.657,539.735,5509
844.649,644.265,5510
102.597,475.509,5511
894.630,717.816,5512
304.519,875.167,5513
124.389,129.722,5514
102.737,649.809,5515
179.472,793.421,5516
487.563,273.656,5517
822.984,415.785,5518
297.441,922.743,5519
757.580,507.504,5520
18.248,446.245,5521
317.371,4.035,5522
82.997,271.746,5523
259.029,367.420,5524
132.179,353.073,5525
415.504,355.500,5526
619.338,258.874,5527
330.405,797.385,5528
669.675,651.322,5529
748.782,790.224,5530
768.285,24.827,5531
76.776,89.745,5532
672.419,995.303,5533
905.512,992.199,5534
213.547,611.946,5535
336.968,750.584,5536
598.310,983.458,5537
227.403,635.843,5538
953.281,102.217,5539
592.689,663.156,5540
169.576,574.134,5541
348.141,341.063,5542
34.909,640.674,5543
826.867,879.829,5544
80.840,821.257,5545
546.355,91.461,5546
994.540,143.392,5547
337.361,137.990,5548
564.489,981.643,5549
281.994,661.119,5550
282.855,209.618,5551
743.103,165.689,5552
554.765,612.662,5553
843.190,471.662,5554
723.725,104.399,5555
174.867,399.474,5556
365.819,590.568,5557
933.163,254.649,5558
378.820,108.635,5559
583.037,622.728,5560
534.116,402.600,5561
689.184,182.517,5562
542.489,463.303,5563
891.764,857.047,5564
143.711,741.117,5565
405.693,872.196,5566
537.774,552.271,5567
749.997,305.734,5568
701.360,424.845,5569
244.285,918.414,5570
978.010,343.659,5571
993.311,512.183,5572
265.132,774.766,5573
955.193,963.870,5574
601.023,463.023,5575
326.451,981.420,5576
493.328,511.539,5577
948.062,656.962,5578
225.840,889.872,5579
13.666,733.398,5580
43.310,787.419,5581
702.177,914.845,5582
590.215,919.656,5583
638.404,293.107,5584
170.302,519.995,5585
47.444,569.094,5586
207.828,168.479,5587
930.515,373.053,5588
872.705,681.953,5589
97.761,682.822,5590
63.879,963.109,5591
48.367,238.050,5592
603.824,531.879,5593
990.495,907.577,5594
809.183,3.004,5595
432.023,503.421,5596
471.474,49.025,5597
959.822,238.967,5598
137.906,809.609,5599
687.574,821.951,5600
450.912,689.874,5601
228.513,8.910,5602
611.454,941.730,5603
677.841,766.913,5604
404.990,396.352,5605
420.716,51.619,5606
993.236,731.118,5607
698.116,197.044,5608
490.874,497.605,5609
223.624,882.616,5610
407.041,38.895,5611
554.132,442.578,5612
758.311,535.015,5613
900.120,538.255,5614
474.180,567.782,5615
513.967,422.543,5616
352.071,549.289,5617
924.268,283.282,5618
918.851,448.499,5619
293.357,588.067,5620
322.759,915.662,5621
379.713,503.766,5622
750.834,372.062,5623
334.680,189.808,5624
13.923,260.211,5625
446.618,467.511,5626
725.019,820.587,5627
458.486,77.107,5628
479.480,67.859,5629
45.109,621.448,5630
274.711,891.925,5631
703.556,855.325,5632
119.544,811.791,5633
129.250,230.544,5634
295.283,865.454,5635
130.184,388.481,5636
947.717,846.901,5637
714.917,268.630,5638
312.004,399.834,5639
143.536,453.859,5640
213.212,870.380,5641
71.890,247.730,5642
901.661,365.468,5643
274.988,119.474,5644
295.286,255.324,5645
203.900,573.431,5646
32.500,348.273,5647
634.238,532.041,5648
167.351,953.479,5649
816.064,832.161,5650
722.821,733.196,5651
338.968,889.389,5652
962.527,618.440,5653
815.504,636.557,5654
262.179,565.766,5655
243.266,152.756,5656
302.687,359.941,5657
839.757,117.108,5658
25.747,367.951,5659
32.457,429.942,5660
289.073,5.679,5661
830.692,949.991,5662
182.330,178.242,5663
553.424,520.818,5664
517.059,340.442,5665
750.322,871.964,5666
455.116,606.363,5667
509.761,962.306,5668
668.031,995.738,5669
296.326,820.657,5670
714.348,537.132,5671
998.249,782.528,5672
674.316,348.875,5673
825.227,301.167,5674
497.077,378.436,5675
302.245,209.331,5676
117.607,897.332,5677
807.678,550.862,5678
414.282,853.234,5679
927.657,759.030,5680
695.221,582.973,5681
452.071,53.323,5682
627.346,289.995,5683
651.867,655.196,5684
693.605,365.896,5685
449.016,80.772,5686
382.341,945.003,5687
869.178,659.853,5688
471.786,808.561,5689
921.360,86.367,5690
952.541,231.366,5691
728.454,394.845,5692
40.040,521.923,5693
234.340,937.901,5694
584.567,719.275,5695
287.601,442.831,5696
249.354,513.163,5697
501.307,458.291,5698
499.690,721.355,5699
84.454,869.491,5700
844.325,195.958,5701
303.217,777.379,5702
863.311,944.636,5703
526.482,14.450,5704
569.840,401.790,5705
376.140,586.501,5706
121.398,446.574,5707
898.795,581.958,5708
57.833,892.704,5709
714.474,831.623,5710
137.148,243.246,5711
715.646,534.691,5712
644.973,125.983,5713
478.886,821.777,5714
105.695,690.510,5715
77.611,727.640,5716
450.749,755.407,5717
978.298,824.861,5718
640.871,240.824,5719
511.217,577.214,5720
354.884,75.196,5721
227.497,530.351,5722
224.637,379.495,5723
862.441,556.638,5724
157.573,300.421,5725
277.680,585.395,5726
596.540,237.028,5727
744.201,455.711,5728
766.022,577.562,5729
441.655,280.602,5730
687.077,696.719,5731
511.205,641.371,5732
426.416,91.972,5733
499.838,371.690,5734
938.896,649.236,5735
273.412,555.758,5736
339.282,533.776,5737
501.807,346.761,5738
847.591,513.628,5739
117.967,691.042,5740
179.423,119.001,5741
400.509,931.988,5742
38.951,837.747,5743
109.887,180.159,5744
430.466,197.434,5745
766.473,470.340,5746
358.981,122.853,5747
501.187,80.145,5748
327.918,329.687,5749
261.136,385.841,5750
604.800,605.352,5751
298.727,744.398,5752
271.720,540.491,5753
493.457,724.109,5754
566.041,870.617,5755
960.209,500.333,5756
231.828,156.338,5757
360.204,894.289,5758
508.812,317.084,5759
679.093,718.074,5760
255.335,968.962,5761
432.701,797.255,5762
628.616,131.674,5763
106.316,575.950,5764
940.736,919.980,5765
461.745,360.060,5766
635.305,443.803,5767
766.727,317.384,5768
87.899,232.411,5769
34.548,465.431,5770
529.242,367.470,5771
411.424,301.707,5772
78.284,50.415,5773
713.619,390.926,5774
318.991,368.596,5775
18.035,814.779,5776
283.711,572.170,5777
57.786,442.252,5778
494.943,481.205,5779
746.947,229.278,5780
313.250,186.184,5781
746.022,52.436,5782
976.069,101.442,5783
755.871,622.989,5784
972.389,127.287,5785
481.671,255.745,5786
921.046,623.480,5787
960.714,445.759,5788
331.691,711.093,5789
693.615,575.641,5790
997.750,751.512,5791
343.255,341.574,5792
954.698,498.378,5793
990.662,686.853,5794
216.770,450.949,5795
60.725,177.458,5796
202.450,380.672,5797
829.867,815.643,5798
779.493,611.367,5799
996.379,869.564,5800
76.316,129.923,5801
641.378,900.531,5802
649.726,184.479,5803
669.618,672.769,5804
625.197,509.787,5805
179.783,432.844,5806
596.636,505.336,5807
970.001,690.168,5808
558.779,29.011,5809
143.369,311.509,5810
727.548,154.080,5811
192.817,914.313,5812
851.200,238.286,5813
748.479,947.683,5814
959.281,172.344,5815
677.516,516.219,5816
577.358,340.476,5817
196.225,139.929,5818
750.949,940.565,5819
44.556,576.654,5820
64.967,938.318,5821
820.806,875.414,5822
507.451,735.902,5823
520.917,722.645,5824
5.943,10.197,5825
367.922,701.257,5826
423.854,777.803,5827
219.760,599.456,5828
614.797,384.818,5829
220.607,158.074,5830
216.786,4.656,5831
347.328,371.029,5832
916.796,621.031,5833
313.184,29.564,5834
663.871,88.612,5835
551.739,41.217,5836
987.402,75.191,5837
861.770,496.106,5838
912.152,754.957,5839
329.806,587.403,5840
407.355,808.739,5841
945.156,160.719,5842
976.840,216.813,5843
441.380,391.751,5844
578.055,512.298,5845
668.669,426.889,5846
671.903,893.410,5847
396.026,52.391,5848
912.664,80.950,5849
641.112,385.374,5850
503.100,954.570,5851
784.175,696.613,5852
622.779,701.770,5853
813.586,369.074,5854
958.423,76.561,5855
608.740,39.386,5856
658.845,262.911,5857
682.689,711.597,5858
101.899,139.884,5859
986.783,502.818,5860
182.232,829.453,5861
115.443,138.699,5862
556.200,832.528,5863
373.353,58.947,5864
127.224,234.096,5865
98.385,306.902,5866
300.919,771.302,5867
316.680,630.808,5868
388.185,213.639,5869
940.152,869.659,5870
783.981,939.824,5871
78.757,909.147,5872
284.255,818.306,5873
176.249,432.949,5874
892.142,908.130,5875
425.900,96.028,5876
428.284,390.905,5877
971.875,540.220,5878
316.032,627.952,5879
556.488,290.223,5880
893.794,445.557,5881
807.741,828.292,5882
146.957,859.968,5883
163.109,254.843,5884
189.110,566.323,5885
234.350,749.921,5886
427.787,64.259,5887
573.741,474.501,5888
909.409,783.228,5889
671.422,217.978,5890
49.837,869.984,5891
750.276,976.744,5892
638.084,526.454,5893
116.825,78.986,5894
956.506,725.962,5895
195.099,675.742,5896
345.322,894.135,5897
459.699,196.965,5898
273.604,219.803,5899
424.249,183.207,5900
580.940,50.208,5901
840.086,487.828,5902
699.435,247.036,5903
82.898,397.695,5904
956.304,420.169,5905
609.911,693.173,5906
741.722,249.055,5907
404.332,335.647,5908
736.289,878.377,5909
140.645,685.063,5910
910.156,129.706,5911
971.540,390.724,5912
619.089,87.122,5913
135.653,895.425,5914
613.224,426.236,5915
305.441,166.543,5916
482.014,500.000,5917
905.429,656.659,5918
164.431,11.634,5919
97.498,691.260,5920
64.713,787.841,5921
203.217,755.429,5922
297.092,463.503,5923
990.954,168.015,5924
203.466,82.322,5925
723.831,346.503,5926
762.924,413.316,5927
232.323,46.168,5928
500.188,820.445,5929
107.848,311.062,5930
324.077,595.188,5931
170.804,10.191,5932
432.735,523.833,5933
627.135,255.629,5934
519.219,129.241,5935
866.743,513.950,5936
919.505,984.396,5937
944.815,309.600,5938
557.680,291.735,5939
832.273,574.129,5940
662.015,335.398,5941
794.195,788.857,5942
47.633,520.158,5943
489.486,47.454,5944
439.494,578.656,5945
628.121,607.471,5946
246.362,190.107,5947
182.118,731.750,5948
309.588,164.459,5949
871.409,640.102,5950
520.252,519.460,5951
518.596,793.739,5952
795.138,208.635,5953
942.826,694.963,5954
645.623,157.892,5955
225.491,79.126,5956
112.803,233.651,5957
727.358,985.926,5958
319.530,154.889,5959
201.152,388.403,5960
392.917,438.638,5961
842.075,64.875,5962
198.495,257.438,5963
794.192,58.331,5964
352.151,599.089,5965
136.290,409.000,5966
56.779,520.568,5967
312.244,689.535,5968
703.869,389.059,5969
868.755,15.028,5970
626.436,647.503,5971
962.965,973.567,5972
751.567,606.731,5973
766.846,329.063,5974
898.149,762.248,5975
913.685,514.793,5976
970.789,67.478,5977
795.137,517.819,5978
854.327,371.527,5979
264.700,889.402,5980
503.166,67.732,5981
304.024,877.889,5982
514.396,884.915,5983
145.806,385.936,5984
571.626,428.315,5985
28.207,978.082,5986
413.210,937.524,5987
851.413,902.742,5988
249.943,179.822,5989
46.339,202.103,5990
18.167,131.407,5991
884.950,473.102,5992
145.956,382.022,5993
628.240,146.564,5994
770.816,423.342,5995
679.798,495.913,5996
328.719,151.323,5997
92.655,819.065,5998
696.943,179.160,5999
283.934,457.461,6000
792.295,204.451,6001
977.959,579.592,6002
662.276,990.894,6003
124.573,390.622,6004
542.160,5.278,6005
88.830,598.405,6006
518.886,412.201,6007
567.905,675.516,6008
416.306,297.210,6009
727.146,213.184,6010
845.240,107.468,6011
422.243,100.488,6012
469.201,605.709,6013
603.247,577.206,6014
904.836,131.895,6015
872.040,581.756,6016
228.365,949.856,6017
54.357,635.042,6018
936.093,313.011,6019
547.689,140.129,6020
535.511,802.966,6021
860.436,535.445,6022
311.379,246.006,6023
403.649,952.289,6024
877.314,596.191,6025
115.086,842.120,6026
429.513,613.888,6027
706.346,272.783,6028
821.224,377.555,6029
549.437,569.565,6030
271.270,523.443,6031
188.948,402.523,6032
258.933,597.144,6033
500.677,414.382,6034
791.336,284.138,6035
858.058,505.204,6036
347.518,857.386,6037
727.701,324.264,6038
149.577,745.461,6039
378.299,879.504,6040
871.834,207.935,6041
477.344,923.849,6042
240.705,844.598,6043
706.271,218.897,6044
280.761,554.544,6045
495.026,920.370,6046
900.004,419.077,6047
640.477,838.237,6048
225.140,641.457,6049
369.671,742.979,6050
618.193,162.669,6051
905.267,469.906,6052
893.016,733.505,6053
173.613,65.372,6054
7.325,561.007,6055
559.492,886.745,6056
983.638,361.144,6057
850.651,989.970,6058
328.307,612.882,6059
236.886,275.870,6060
786.934,856.858,6061
165.341,452.667,6062
913.926,607.838,6063
329.975,448.087,6064
90.996,791.244,6065
585.186,51.493,6066
778.773,989.679,6067
313.491,986.023,6068
715.497,151.821,6069
695.996,556.437,6070
76.522,973.827,6071
996.303,980.752,6072
139.054,986.708,6073
694.440,407.432,6074
351.805,340.731,6075
985.361,601.381,6076
785.014,805.267,6077
773.734,613.605,6078
551.129,158.240,6079
966.464,177.774,6080
137.367,106.805,6081
389.484,782.401,6082
286.764,235.968,6083
259.348,65.405,6084
205.849,660.641,6085
581.292,525.971,6086
68.504,815.395,6087
492.599,950.474,6088
342.262,826.221,6089
978.290,235.345,6090
284.788,619.695,6091
589.796,604.041,6092
600.688,727.727,6093
535.636,215.506,6094
694.870,785.564,6095
508.771,640.907,6096
813.808,670.465,6097
218.872,750.118,6098
122.366,750.476,6099
89.267,630.930,6100
618.547,193.364,6101
400.893,703.846,6102
529.538,977.596,6103
982.673,779.048,6104
398.470,263.821,6105
28.491,886.441,6106
276.930,735.990,6107
231.993,236.840,6108
382.046,632.228,6109
222.823,116.691,6110
344.366,356.868,6111
506.134,363.213,6112
500.880,495.636,6113
300.843,469.089,6114
29.439,98.862,6115
391.749,927.345,6116
312.458,929.646,6117
576.249,184.697,6118
541.415,155.169,6119
539.609,557.151,6120
654.067,844.742,6121
396.933,983.356,6122
381.239,404.974,6123
505.338,735.768,6124
747.184,617.542,6125
308.602,558.874,6126
880.853,943.894,6127
45.910,794.348,6128
526.228,190.795,6129
378.064,417.398,6130
475.892,70.999,6131
441.812,340.020,6132
881.932,929.452,6133
714.983,390.751,6134
304.852,619.926,6135
291.162,891.384,6136
795.423,276.603,6137
800.999,224.102,6138
139.604,121.152,6139
150.106,82.352,6140
640.442,615.649,6141
205.199,11.539,6142
938.078,382.711,6143
489.887,161.087,6144
696.302,645.237,6145
778.073,238.001,6146
303.544,61.505,6147
922.903,290.084,6148
570.127,53.334,6149
41.923,840.650,6150
215.333,509.731,6151
393.946,867.653,6152
93.201,906.983,6153
578.083,841.587,6154
12.365,814.995,6155
959.442,423.086,6156
377.377,92.315,6157
45.038,921.474,6158
856.977,999.000,6159
531.175,285.285,6160
601.758,803.250,6161
633.871,514.657,6162
379.418,415.091,6163
185.781,944.855,6164
131.881,486.490,6165
311.352,564.192,6166
112.160,854.917,6167
158.264,556.045,6168
439.426,427.412,6169
716.871,495.337,6170
186.877,294.882,6171
858.455,439.906,6172
537.026,882.897,6173
284.659,560.461,6174
256.103,953.301,6175
805.424,655.613,6176
467.352,89.868,6177
477.720,928.376,6178
709.707,472.966,6179
393.442,177.621,6180
125.089,433.284,6181
14.775,17.205,6182
520.304,721.182,6183
472.860,691.103,6184
303.268,853.625,6185
508.765,772.639,6186
905.845,101.668,6187
250.645,58.747,6188
438.153,35.678,6189
859.680,27.418,6190
298.755,410.239,6191
219.026,613.013,6192
648.806,905.777,6193
108.097,240.620,6194
450.868,289.351,6195
193.698,368.442,6196
346.938,545.059,6197
845.568,141.250,6198
442.346,891.726,6199
552.836,679.933,6200
627.040,377.107,6201
601.963,923.869,6202
706.079,806.426,6203
362.910,218.934,6204
575.564,351.319,6205
307.607,332.999,6206
194.701,667.644,6207
934.108,910.469,6208
386.105,51.742,6209
277.791,554.253,6210
239.580,196.559,6211
804.287,483.996,6212
281.638,652.599,6213
748.854,696.574,6214
73.669,809.338,6215
959.726,541.545,6216
382.531,715.141,6217
41.020,276.101,6218
282.969,647.371,6219
879.884,271.579,6220
674.429,275.575,6221
764.957,546.883,6222
760.823,401.336,6223
615.906,388.784,6224
184.829,583.836,6225
953.338,505.026,6226
593.641,967.481,6227
457.549,506.191,6228
938.243,286.560,6229
110.066,334.843,6230
69.549,278.746,6231
344.810,224.329,6232
287.127,576.987,6233
193.547,598.946,6234
136.325,25.272,6235
744.126,99.004,6236
345.336,776.400,6237
128.819,643.582,6238
12.029,870.807,6239
968.934,87.782,6240
18.324,625.628,6241
792.549,98.376,6242
372.223,421.294,6243
957.078,815.447,6244
472.391,929.870,6245
140.289,838.422,6246
992.671,79.960,6247
266.865,541.094,6248
458.301,296.920,6249
312.520,553.353,6250
640.868,897.291,6251
497.074,301.274,6252
778.345,786.521,6253
604.832,734.443,6254
0.190,578.718,6255
174.959,53.556,6256
147.726,194.661,6257
51.763,953.717,6258
405.296,459.824,6259
429.109,238.658,6260
428.222,119.999,6261
69.294,191.152,6262
785.357,726.695,6263
667.960,583.559,6264
760.912,862.160,6265
709.804,660.907,6266
577.416,901.674,6267
485.663,242.320,6268
144.816,42.127,6269
224.104,937.207,6270
399.165,735.079,6271
643.690,999.000,6272
798.490,286.752,6273
426.103,226.374,6274
32.817,868.107,6275
413.140,610.804,6276
618.049,324.771,6277
581.301,449.466,6278
319.763,699.262,6279
636.981,728.370,6280
165.720,793.660,6281
954.202,657.059,6282
563.238,128.412,6283
775.076,467.623,6284
424.995,364.198,6285
869.645,571.205,6286
31.083,168.977,6287
125.901,665.327,6288
1.233,833.199,6289
433.214,941.996,6290
884.359,481.381,6291
705.658,804.605,6292
926.480,965.334,6293
521.314,432.637,6294
207.948,110.327,6295
317.841,167.611,6296
177.084,441.052,6297
132.795,587.673,6298
750.948,801.149,6299
902.280,774.692,6300
245.254,812.259,6301
834.772,779.847,6302
231.128,475.083,6303
567.485,984.409,6304
560.018,217.977,6305
103.442,641.054,6306
113.855,234.251,6307
391.920,909.816,6308
739.177,644.420,6309
825.292,801.571,6310
89.360,849.956,6311
634.948,284.694,6312
996.371,910.261,6313
439.706,669.331,6314
560.930,386.339,6315
840.797,288.194,6316
529.794,676.825,6317
499.465,57.224,6318
804.029,889.226,6319
386.651,777.736,6320
583.000,297.235,6321
917.455,92.729,6322
996.919,583.340,6323
754.108,684.442,6324
706.782,763.842,6325
998.189,261.999,6326
701.358,744.737,6327
487.672,721.230,6328
350.355,960.140,6329
14.265,423.592,6330
623.620,864.210,6331
747.384,133.049,6332
683.183,116.085,6333
189.685,398.634,6334
806.872,255.386,6335
794.785,86.998,6336
820.431,538.481,6337
71.398,598.421,6338
578.585,624.288,6339
677.276,21.052,6340
163.528,815.568,6341
236.488,369.251,6342
116.076,135.702,6343
683.304,665.442,6344
357.821,358.064,6345
529.121,385.912,6346
742.986,29.992,6347
47.122,311.281,6348
78.983,475.989,6349
650.009,615.520,6350
394.287,752.815,6351
267.293,715.860,6352
960.399,676.169,6353
867.113,119.044,6354
778.284,104.201,6355
867.856,832.647,6356
727.958,805.804,6357
666.073,113.159,6358
539.115,302.849,6359
997.574,112.545,6360
350.669,81.091,6361
7.543,393.142,6362
368.086,235.217,6363
311.718,273.472,6364
561.579,173.730,6365
622.955,291.995,6366
750.059,341.013,6367
835.156,187.300,6368
36.212,174.966,6369
721.516,624.460,6370
95.437,492.757,6371
751.803,942.010,6372
743.057,163.346,6373
38.892,450.382,6374
431.014,573.983,6375
300.284,889.374,6376
423.543,359.380,6377
164.810,421.014,6378
191.968,614.479,6379
479.019,806.562,6380
479.435,80.434,6381
216.260,689.818,6382
726.976,876.778,6383
894.594,942.055,6384
816.947,86.710,6385
34.240,441.887,6386
93.769,760.180,6387
296.282,758.319,6388
433.901,555.276,6389
700.007,91.799,6390
995.530,954.758,6391
443.078,90.051,6392
904.194,463.424,6393
271.292,81.503,6394
634.101,677.901,6395
415.559,217.847,6396
992.786,627.953,6397
138.038,102.205,6398
69.527,480.719,6399
176.598,689.050,6400
664.978,203.023,6401
394.885,651.619,6402
610.722,72.716,6403
851.762,82.610,6404
573.485,873.077,6405
523.266,619.270,6406
520.563,98.917,6407
217.373,188.206,6408
300.176,601.542,6409
693.709,10.934,6410
739.875,510.077,6411
504.471,212.803,6412
82.513,972.870,6413
142.378,418.826,6414
242.347,984.443,6415
669.143,647.863,6416
606.917,204.306,6417
866.694,358.210,6418
554.417,463.128,6419
297.766,919.036,6420
826.780,522.139,6421
861.961,108.539,6422
793.269,290.451,6423
632.322,93.163,6424
108.446,290.639,6425
578.260,900.687,6426
673.230,289.943,6427
609.068,751.473,6428
526.355,113.280,6429
253.494,935.469,6430
858.684,912.028,6431
871.713,20.202,6432
459.966,448.752,6433
170.562,507.454,6434
70.298,802.810,6435
753.981,464.229,6436
196.021,838.302,6437
932.603,745.006,6438
116.006,747.217,6439
59.230,193.479,6440
483.880,493.981,6441
147.366,830.574,6442
80.942,956.561,6443
761.967,306.987,6444
498.583,450.184,6445
45.179,237.865,6446
732.161,554.100,6447
369.396,770.383,6448
931.164,803.126,6449
419.400,426.137,6450
242.969,778.595,6451
6.588,850.159,6452
188.271,446.538,6453
798.814,335.488,6454
598.609,65.362,6455
239.841,362.724,6456
525.463,716.403,6457
912.498,478.346,6458
506.860,166.283,6459
337.376,733.325,6460
458.399,315.891,6461
901.066,334.039,6462
128.061,407.419,6463
707.133,145.901,6464
147.007,933.871,6465
275.544,562.986,6466
382.659,32.799,6467
861.010,322.804,6468
36.668,67.373,6469
790.074,536.511,6470
643.247,698.825,6471
512.157,384.289,6472
815.729,577.693,6473
694.803,14.513,6474
637.259,609.448,6475
254.434,219.522,6476
77.852,477.436,6477
306.351,456.670,6478
943.590,995.884,6479
962.987,489.201,6480
519.151,701.018,6481
640.518,958.257,6482
832.148,31.988,6483
804.948,578.349,6484
655.306,130.465,6485
571.502,889.706,6486
970.024,371.731,6487
831.689,581.437,6488
721.074,65.203,6489
128.316,922.721,6490
426.930,712.600,6491
553.071,470.591,6492
518.535,783.968,6493
975.050,150.396,6494
962.712,663.856,6495
552.391,50.212,6496
750.854,92.531,6497
50.870,52.213,6498
88.881,333.956,6499
779.003,613.791,6500
85.638,921.427,6501
870.301,630.006,6502
425.952,58.782,6503
996.428,604.581,6504
347.347,546.018,6505
873.146,408.045,6506
595.406,163.607,6507
739.128,467.378,6508
431.643,893.442,6509
347.314,691.830,6510
154.357,509.199,6511
137.685,827.929,6512
326.873,422.300,6513
41.813,466.487,6514
584.303,428.630,6515
231.102,91.508,6516
982.856,255.182,6517
940.871,730.969,6518
297.800,97.871,6519
813.072,557.780,6520
198.379,464.256,6521
301.322,661.244,6522
135.206,586.003,6523
33.575,283.702,6524
63.780,809.152,6525
603.068,952.854,6526
339.529,872.094,6527
701.888,192.937,6528
907.324,192.781,6529
117.275,538.288,6530
337.617,249.650,6531
927.963,824.010,6532
275.623,372.471,6533
79.476,422.014,6534
245.101,897.849,6535
336.511,552.728,6536
541.438,635.559,6537
427.049,47.159,6538
663.342,915.796,6539
418.138,303.857,6540
85.624,276.649,6541
623.030,371.378,6542
448.607,473.808,6543
77.975,643.178,6544
345.899,746.755,6545
594.379,151.663,6546
650.092,687.229,6547
2.580,498.509,6548
715.517,475.985,6549
889.259,859.369,6550
926.741,93.883,6551
196.017,181.102,6552
537.371,710.568,6553
886.886,796.224,6554
466.661,133.282,6555
75.768,919.351,6556
510.836,318.511,6557
204.883,132.679,6558
863.349,139.307,6559
57.300,349.500,6560
26.667,568.171,6561
857.612,519.006,6562
779.544,523.165,6563
569.307,374.383,6564
953.789,828.274,6565
609.676,911.482,6566
218.214,379.700,6567
450.106,170.670,6568
382.379,169.648,6569
628.893,472.430,6570
916.798,78.486,6571
821.688,149.867,6572
613.210,100.469,6573
445.722,794.368,6574
333.822,783.412,6575
279.660,368.336,6576
905.952,952.152,6577
776.981,755.910,6578
569.341,171.200,6579
941.298,893.589,6580
899.710,846.007,6581
374.808,822.399,6582
845.177,900.665,6583
372.928,272.926,6584
8.278,924.808,6585
863.918,930.658,6586
832.071,897.826,6587
356.697,239.135,6588
617.965,527.230,6589
158.624,599.765,6590
895.940,586.597,6591
144.414,786.976,6592
176.942,610.077,6593
258.148,672.587,6594
160.287,169.672,6595
363.378,921.199,6596
476.094,618.960,6597
805.904,454.420,6598
899.676,913.646,6599
930.432,894.160,6600
143.403,600.369,6601
848.189,898.244,6602
104.463,427.923,6603
872.622,220.489,6604
191.427,347.116,6605
771.141,973.450,6606
88.339,962.144,6607
132.693,64.455,6608
904.783,269.157,6609
151.963,886.869,6610
141.606,251.205,6611
893.687,833.115,6612
329.410,694.017,6613
941.646,344.272,6614
538.085,863.125,6615
285.691,190.306,6616
939.713,673.582,6617
380.241,94.985,6618
123.695,986.860,6619
157.793,128.587,6620
769.595,916.753,6621
158.044,34.113,6622
948.633,150.260,6623
938.920,554.279,6624
90.655,166.646,6625
991.175,345.733,6626
135.359,755.755,6627
158.447,107.675,6628
702.077,324.382,6629
386.202,870.543,6630
167.715,111.280,6631
848.046,882.720,6632
626.341,70.252,6633
699.682,954.331,6634
870.884,252.595,6635
602.834,392.834,6636
517.914,414.961,6637
328.135,468.619,6638
128.971,256.278,6639
325.594,24.947,6640
641.515,536.172,6641
867.472,540.626,6642
576.746,618.296,6643
383.230,369.976,6644
408.349,732.871,6645
604.526,95.716,6646
784.397,463.067,6647
777.604,15.787,6648
560.442,70.186,6649
75.646,756.730,6650
242.176,755.044,6651
179.927,236.012,6652
204.931,583.709,6653
710.343,823.182,6654
567.534,372.927,6655
764.335,873.217,6656
216.854,938.428,6657
152.250,803.728,6658
246.129,514.709,6659
442.716,243.069,6660
668.018,216.045,6661
638.795,873.489,6662
519.307,588.960,6663
687.433,976.899,6664
573.620,351.041,6665
864.194,626.584,6666
776.712,22.776,6667
611.783,326.999,6668
946.499,83.034,6669
259.121,594.735,6670
802.710,253.396,6671
509.836,853.171,6672
308.273,242.408,6673
498.380,920.998,6674
293.503,722.762,6675
781.657,502.113,6676
937.256,920.248,6677
619.658,184.585,6678
123.781,349.819,6679
314.346,846.876,6680
775.540,684.279,6681
685.009,249.943,6682
265.255,538.968,6683
465.858,368.465,6684
812.826,435.884,6685
516.906,493.161,6686
202.780,944.067,6687
841.391,815.782,6688
459.374,683.273,6689
268.691,56.545,6690
535.697,698.265,6691
739.892,292.780,6692
845.842,315.313,6693
785.957,701.701,6694
343.195,686.541,6695
131.340,618.258,6696
364.395,379.501,6697
363.752,125.767,6698
503.876,123.474,6699
168.655,49.390,6700
530.516,96.887,6701
482.373,42.032,6702
645.478,275.095,6703
525.736,578.056,6704
262.661,890.288,6705
455.959,301.409,6706
321.397,311.813,6707
633.984,848.935,6708
169.163,843.815,6709
138.295,391.788,6710
811.066,676.865,6711
409.763,507.143,6712
127.189,521.640,6713
829.931,728.302,6714
923.616,805.800,6715
99.156,354.361,6716
62.556,444.768,6717
774.040,362.449,6718
275.090,907.093,6719
8.846,276.874,6720
109.068,507.575,6721
140.707,953.482,6722
220.088,823.689,6723
521.490,839.398,6724
477.773,282.564,6725
524.236,951.297,6726
144.437,332.120,6727
174.211,282.684,6728
558.937,204.813,6729
688.451,926.391,6730
167.149,621.423,6731
208.922,425.828,6732
321.681,492.548,6733
36.797,222.605,6734
956.301,689.632,6735
160.250,911.997,6736
254.299,159.560,6737
720.305,158.849,6738
677.091,197.394,6739
575.024,171.871,6740
650.473,553.712,6741
640.847,210.944,6742
655.103,602.144,6743
742.403,90.102,6744
595.988,183.998,6745
618.820,695.120,6746
633.995,56.400,6747
566.637,578.420,6748
138.139,65.771,6749
306.687,572.659,6750
627.427,835.857,6751
380.421,816.278,6752
117.405,862.110,6753
488.434,915.477,6754
375.650,617.114,6755
331.831,212.292,6756
284.888,398.843,6757
850.502,394.452,6758
957.939,201.518,6759
38.448,330.366,6760
438.964,625.606,6761
829.705,777.831,6762
471.805,132.691,6763
409.055,933.419,6764
869.122,615.303,6765
642.541,142.571,6766
699.186,684.023,6767
267.575,729.909,6768
834.287,373.316,6769
937.465,592.933,6770
151.768,535.326,6771
588.481,539.570,6772
48.565,769.907,6773
862.434,96.195,6774
40.253,567.865,6775
784.439,481.310,6776
662.787,348.395,6777
776.908,658.600,6778
730.064,624.792,6779
349.485,243.003,6780
438.072,412.394,6781
329.779,471.325,6782
77.656,140.251,6783
761.133,131.656,6784
244.491,931.257,6785
443.061,844.985,6786
264.414,301.426,6787
99.862,119.330,6788
222.457,764.910,6789
658.488,670.129,6790
517.252,355.269,6791
102.949,470.300,6792
143.474,743.246,6793
136.784,62.455,6794
269.407,714.968,6795
949.502,768.935,6796
27.002,927.395,6797
641.585,376.557,6798
990.648,638.647,6799
710.485,361.447,6800
629.936,797.532,6801
357.919,860.982,6802
570.715,964.178,6803
928.372,213.221,6804
508.005,184.266,6805
216.360,235.050,6806
591.717,949.272,6807
794.490,952.163,6808
723.882,30.874,6809
80.606,24.927,6810
15.378,510.739,6811
945.803,435.876,6812
346.000,319.538,6813
942.883,250.090,6814
48.368,846.844,6815
630.980,696.766,6816
212.082,566.160,6817
561.154,898.456,6818
900.617,981.069,6819
616.198,172.276,6820
179.697,386.017,6821
950.890,101.565,6822
811.252,828.781,6823
949.057,655.692,6824
636.239,106.035,6825
632.846,150.112,6826
164.641,560.159,6827
120.102,713.245,6828
909.439,737.946,6829
531.892,212.075,6830
746.712,865.890,6831
201.065,886.300,6832
227.568,39.978,6833
978.055,987.070,6834
460.464,701.378,6835
574.502,78.774,6836
496.669,222.701,6837
858.795,936.469,6838
370.222,548.174,6839
874.994,226.995,6840
370.541,624.283,6841
211.706,338.850,6842
958.561,207.375,6843
563.466,952.536,6844
949.064,309.072,6845
221.043,58.432,6846
200.323,404.491,6847
498.577,440.559,6848
363.496,571.886,6849
353.301,492.260,6850
305.689,571.392,6851
852.259,580.789,6852
86.451,592.366,6853
574.337,529.500,6854
178.773,914.213,6855
446.706,428.619,6856
765.902,785.285,6857
167.453,289.539,6858
918.266,673.198,6859
451.474,778.514,6860
60.664,210.046,6861
90.223,502.472,6862
581.601,570.895,6863
813.068,723.294,6864
31.703,644.971,6865
187.160,951.141,6866
184.249,174.829,6867
333.321,321.397,6868
645.906,215.767,6869
765.073,504.236,6870
886.955,8.573,6871
122.376,808.706,6872
660.539,707.005,6873
789.371,326.191,6874
459.382,253.854,6875
42.871,540.108,6876
139.384,101.145,6877
992.751,323.125,6878
581.280,681.905,6879
952.289,705.537,6880
576.306,131.337,6881
514.763,398.936,6882
299.131,607.095,6883
740.011,980.045,6884
53.256,995.212,6885
485.494,684.819,6886
912.668,455.142,6887
145.417,96.585,6888
830.060,568.275,6889
788.507,240.224,6890
113.907,735.529,6891
226.371,579.131,6892
561.677,36.710,6893
460.471,900.855,6894
55.820,546.595,6895
94.783,529.581,6896
238.005,623.395,6897
107.034,591.405,6898
450.929,171.621,6899
739.192,917.736,6900
499.047,413.307,6901
182.589,915.881,6902
68.807,655.784,6903
22.877,449.718,6904
497.707,563.224,6905
506.015,14.982,6906
758.382,289.478,6907
172.195,738.049,6908
517.922,234.721,6909
826.372,269.003,6910
239.665,975.120,6911
291.543,248.286,6912
541.026,278.767,6913
571.333,46.403,6914
723.310,398.734,6915
349.103,155.864,6916
53.005,123.394,6917
835.925,224.186,6918
805.922,694.502,6919
571.830,802.844,6920
256.669,475.210,6921
60.576,281.068,6922
789.132,717.816,6923
788.017,760.840,6924
777.940,416.903,6925
69.415,160.000,6926
406.747,595.754,6927
655.081,729.931,6928
746.926,259.233,6929
677.247,213.199,6930
956.400,980.825,6931
709.478,897.643,6932
73.439,509.059,6933
585.974,729.884,6934
226.414,484.260,6935
346.927,984.740,6936
537.411,226.558,6937
20.073,139.238,6938
87.470,732.105,6939
504.506,349.363,6940
708.338,340.384,6941
496.786,797.162,6942
690.185,189.440,6943
856.562,705.690,6944
171.262,616.889,6945
232.356,682.202,6946
116.724,505.531,6947
206.982,856.065,6948
558.908,700.879,6949
7.323,448.715,6950
422.803,44.001,6951
896.919,191.411,6952
259.966,370.382,6953
447.905,420.383,6954
125.474,908.129,6955
624.310,282.489,6956
300.669,170.660,6957
567.972,505.434,6958
501.435,836.296,6959
190.814,217.280,6960
463.910,855.783,6961
859.318,89.554,6962
279.916,750.376,6963
135.825,946.519,6964
255.012,805.069,6965
325.744,557.760,6966
819.729,138.011,6967
300.540,521.472,6968
46.909,169.623,6969
205.858,694.396,6970
301.429,176.099,6971
138.986,151.561,6972
711.373,60.586,6973
939.724,532.398,6974
886.303,0.000,6975
428.997,976.102,6976
148.843,847.502,6977
834.162,259.462,6978
231.476,846.820,6979
349.665,814.704,6980
690.986,447.491,6981
797.883,751.054,6982
467.476,603.096,6983
456.246,542.109,6984
753.183,119.050,6985
76.332,732.337,6986
281.543,217.687,6987
978.899,772.008,6988
411.845,269.713,6989
194.884,260.434,6990
512.614,717.470,6991
481.754,141.886,6992
9.402,648.778,6993
711.988,385.627,6994
364.829,406.658,6995
962.616,147.106,6996
872.765,611.141,6997
634.536,267.740,6998
507.636,352.716,6999
