x,y,target_id
254.370,191.689,0
850.604,31.796,1
745.739,164.346,2
106.923,496.193,3
42.269,840.383,4
160.002,317.548,5
0.259,77.439,6
888.626,832.570,7
777.204,994.362,8
288.939,347.756,9
465.609,237.468,10
297.745,65.047,11
103.785,53.509,12
703.282,659.704,13
5.767,941.868,14
370.330,697.342,15
61.565,717.586,16
77.278,402.663,17
473.258,947.897,18
875.307,148.420,19
212.512,916.152,20
325.362,718.149,21
10.737,686.225,22
785.408,889.120,23
63.044,757.930,24
718.797,543.780,25
249.631,493.590,26
942.121,272.662,27
453.890,476.972,28
507.624,837.620,29
481.417,155.217,30
463.418,465.299,31
998.586,522.813,32
493.647,125.501,33
742.711,773.241,34
501.782,283.342,35
232.278,613.585,36
443.438,588.874,37
313.829,968.412,38
761.705,335.704,39
329.470,960.199,40
143.014,321.164,41
252.156,254.574,42
951.613,302.837,43
889.335,461.039,44
519.438,561.945,45
509.338,494.724,46
39.019,755.355,47
573.019,235.817,48
330.889,741.817,49
961.942,23.191,50
351.597,449.780,51
848.371,546.673,52
577.018,258.665,53
163.413,710.417,54
568.349,443.425,55
925.517,377.552,56
440.667,639.570,57
477.853,304.176,58
74.646,740.014,59
875.141,671.354,60
494.872,701.071,61
741.628,507.774,62
199.300,209.304,63
773.926,519.382,64
549.055,568.630,65
785.151,701.926,66
212.055,4.082,67
150.591,981.775,68
183.503,356.120,69
752.725,241.219,70
417.721,576.667,71
882.558,845.834,72
854.395,666.044,73
142.606,146.023,74
680.625,780.892,75
386.469,738.085,76
937.433,981.272,77
478.267,606.420,78
686.232,595.219,79
299.686,389.402,80
976.929,320.646,81
882.378,785.891,82
138.347,139.489,83
625.123,504.660,84
784.703,798.569,85
232.063,906.932,86
810.621,933.737,87
25.477,307.447,88
135.369,285.735,89
935.873,646.087,90
57.292,547.528,91
608.745,238.978,92
294.703,980.831,93
130.122,199.430,94
459.916,644.576,95
519.043,394.581,96
513.758,137.844,97
916.486,248.065,98
309.496,751.860,99
629.828,636.167,100
42.151,946.680,101
155.883,516.331,102
178.522,735.045,103
183.438,796.633,104
799.333,688.589,105
180.833,457.501,106
293.567,431.688,107
293.648,421.658,108
698.140,321.816,109
657.550,62.823,110
803.260,85.007,111
793.517,399.562,112
367.839,795.415,113
84.054,399.356,114
408.365,959.915,115
817.985,13.180,116
47.468,265.163,117
332.119,147.198,118
100.758,776.624,119
670.604,373.149,120
610.790,198.585,121
581.779,452.767,122
573.557,5.410,123
841.132,4.913,124
357.942,556.798,125
150.691,452.430,126
940.463,300.191,127
927.450,105.743,128
392.176,689.155,129
426.380,173.160,130
33.208,503.577,131
559.337,984.357,132
161.623,117.889,133
458.485,549.462,134
81.364,943.964,135
471.919,399.799,136
344.539,665.055,137
855.956,375.782,138
187.728,829.555,139
209.283,384.361,140
191.360,845.982,141
836.187,745.941,142
146.352,132.631,143
772.297,117.640,144
896.822,102.760,145
236.743,893.664,146
840.671,224.734,147
990.039,897.362,148
901.365,285.726,149
584.571,345.404,150
658.307,552.196,151
718.525,577.563,152
142.731,160.698,153
886.826,930.641,154
884.525,462.194,155
508.117,445.257,156
638.680,698.918,157
842.308,473.464,158
525.265,355.908,159
718.741,404.787,160
419.654,429.135,161
937.467,623.272,162
737.045,810.313,163
485.942,475.972,164
252.205,569.751,165
435.809,157.997,166
403.166,928.430,167
240.470,782.409,168
171.174,755.957,169
595.407,766.055,170
487.246,577.588,171
522.605,394.740,172
603.752,425.178,173
939.890,906.747,174
148.696,727.353,175
731.682,193.464,176
73.457,238.578,177
771.042,49.759,178
191.780,207.493,179
382.820,516.762,180
194.944,47.766,181
560.691,138.746,182
485.071,605.812,183
320.573,621.361,184
739.821,819.711,185
299.623,822.305,186
669.762,277.371,187
81.742,399.477,188
446.588,944.307,189
817.440,34.671,190
495.320,789.312,191
962.154,637.248,192
975.602,450.564,193
93.984,451.951,194
548.651,720.785,195
677.922,407.295,196
948.195,733.387,197
413.321,926.510,198
897.084,640.485,199
878.186,174.331,200
558.567,387.090,201
562.551,659.051,202
432.647,936.303,203
584.449,355.031,204
679.075,776.203,205
134.723,846.434,206
784.965,65.011,207
224.146,182.841,208
158.310,559.862,209
801.513,796.045,210
391.179,988.908,211
763.553,84.505,212
508.188,79.357,213
167.576,633.610,214
284.328,389.557,215
208.603,96.151,216
956.609,956.649,217
63.748,554.614,218
968.451,261.894,219
790.671,413.755,220
267.501,569.140,221
693.861,719.472,222
506.350,795.594,223
379.755,279.063,224
978.615,126.095,225
91.667,708.079,226
228.581,793.840,227
885.105,53.194,228
265.589,803.231,229
395.439,53.919,230
549.605,69.559,231
262.985,734.091,232
19.025,206.948,233
579.690,51.119,234
886.050,361.116,235
60.457,735.647,236
210.128,717.399,237
336.458,437.716,238
877.351,795.809,239
446.244,997.505,240
887.852,843.871,241
52.647,914.506,242
92.604,428.525,243
781.238,404.845,244
804.198,603.953,245
428.045,608.082,246
350.920,66.860,247
86.240,487.121,248
398.805,912.600,249
501.482,138.329,250
737.829,817.165,251
364.599,133.644,252
99.847,635.345,253
121.286,279.610,254
208.588,376.434,255
892.041,574.561,256
900.961,445.361,257
967.788,135.619,258
417.540,994.974,259
322.094,295.844,260
989.072,336.567,261
904.657,796.545,262
679.212,871.243,263
944.862,127.169,264
311.054,577.660,265
962.119,309.537,266
648.204,415.449,267
34.751,325.626,268
2.987,133.720,269
193.239,64.560,270
499.759,625.625,271
366.113,593.425,272
962.794,251.351,273
981.540,283.758,274
756.495,663.129,275
83.306,858.909,276
22.872,720.000,277
979.887,34.222,278
636.600,69.085,279
892.608,456.803,280
481.663,262.809,281
829.015,591.560,282
902.314,478.769,283
336.631,285.553,284
805.386,319.265,285
667.618,662.165,286
323.846,901.301,287
578.977,999.000,288
601.025,840.495,289
523.389,345.955,290
800.400,933.647,291
738.462,254.740,292
88.903,459.711,293
451.176,178.524,294
320.332,342.889,295
442.425,99.493,296
392.359,462.967,297
201.090,159.209,298
519.241,659.336,299
133.831,625.747,300
262.653,327.891,301
431.938,446.345,302
175.574,201.180,303
156.251,570.177,304
230.193,859.258,305
880.312,772.819,306
831.474,76.266,307
412.794,97.503,308
277.168,100.051,309
440.063,133.086,310
185.433,594.708,311
138.132,194.098,312
808.214,920.908,313
317.028,23.020,314
622.107,649.099,315
801.158,606.621,316
511.050,592.674,317
61.735,586.923,318
305.576,477.189,319
631.722,684.817,320
879.315,832.618,321
979.422,778.038,322
476.018,459.639,323
182.944,309.752,324
921.644,432.458,325
310.886,785.408,326
526.411,281.389,327
40.109,184.256,328
490.216,417.480,329
732.537,132.862,330
607.653,980.618,331
417.381,475.105,332
826.879,857.813,333
19.667,734.683,334
654.988,924.767,335
885.423,442.363,336
175.248,921.243,337
819.013,746.667,338
773.349,19.830,339
972.660,894.286,340
942.288,713.201,341
220.472,465.441,342
592.288,851.285,343
257.922,68.334,344
797.185,911.865,345
354.706,537.867,346
651.082,982.905,347
467.219,886.819,348
795.985,431.804,349
649.876,316.667,350
151.093,367.069,351
633.365,445.394,352
670.480,356.356,353
304.014,170.430,354
531.602,775.934,355
97.560,590.591,356
957.281,918.464,357
153.943,479.223,358
650.258,771.849,359
926.241,826.768,360
467.438,671.397,361
793.408,897.959,362
408.356,551.954,363
595.816,862.440,364
783.319,664.329,365
390.643,74.044,366
764.628,514.989,367
345.283,343.222,368
507.349,219.259,369
711.965,246.793,370
546.092,965.209,371
865.791,667.125,372
120.879,307.108,373
608.354,818.800,374
38.384,376.819,375
858.522,453.656,376
71.250,487.598,377
849.210,640.919,378
590.635,377.234,379
946.051,237.594,380
40.433,395.098,381
203.756,344.909,382
306.223,476.134,383
830.561,120.120,384
118.888,41.473,385
595.671,169.230,386
218.493,719.531,387
766.014,270.773,388
213.043,508.501,389
901.654,251.107,390
153.493,64.725,391
928.662,75.368,392
322.578,515.781,393
138.464,785.657,394
286.861,891.050,395
291.477,65.185,396
751.154,4.167,397
157.228,293.662,398
349.364,913.987,399
814.003,561.302,400
306.892,548.424,401
466.777,279.274,402
529.777,105.846,403
929.815,367.231,404
394.397,976.372,405
822.710,539.481,406
841.193,332.318,407
63.081,703.212,408
425.122,993.795,409
316.706,474.053,410
58.887,703.569,411
35.243,439.351,412
788.785,313.405,413
207.855,833.170,414
999.000,498.224,415
689.466,464.606,416
191.112,478.069,417
119.321,632.788,418
290.265,537.588,419
871.875,220.182,420
952.125,112.310,421
197.123,665.830,422
615.253,158.189,423
174.268,669.100,424
155.854,99.492,425
962.250,974.539,426
809.451,269.599,427
252.641,796.259,428
283.578,254.632,429
620.778,629.341,430
345.504,467.572,431
834.916,402.972,432
316.026,717.172,433
933.424,98.801,434
40.484,280.583,435
573.849,69.589,436
637.625,847.446,437
350.694,982.437,438
569.374,786.823,439
843.910,351.653,440
394.711,21.946,441
930.932,674.760,442
879.705,704.122,443
479.722,311.893,444
630.932,104.095,445
174.535,281.176,446
833.191,723.843,447
955.295,708.628,448
153.334,218.009,449
625.847,365.613,450
133.249,779.265,451
130.225,842.012,452
819.992,839.132,453
479.557,95.460,454
139.472,209.214,455
951.383,501.392,456
531.990,493.141,457
468.090,755.305,458
52.414,228.184,459
557.766,398.168,460
257.014,80.103,461
878.772,297.771,462
546.016,766.328,463
237.313,705.806,464
250.904,168.038,465
856.187,518.878,466
708.379,155.868,467
40.463,757.614,468
75.889,635.639,469
939.009,982.616,470
401.115,60.854,471
127.232,625.032,472
775.422,303.612,473
348.281,365.695,474
214.090,606.947,475
999.000,507.987,476
989.226,98.000,477
297.730,307.350,478
261.140,929.992,479
540.471,803.218,480
898.627,788.010,481
360.606,120.752,482
563.669,668.541,483
189.555,234.715,484
976.293,412.123,485
618.394,929.780,486
458.800,233.103,487
651.992,222.505,488
166.822,175.755,489
198.145,888.649,490
555.192,52.399,491
734.410,561.144,492
216.673,919.971,493
609.620,134.335,494
157.598,328.311,495
777.965,881.692,496
796.765,852.647,497
636.186,228.787,498
427.610,217.672,499
854.366,879.373,500
607.152,721.071,501
177.026,269.472,502
564.580,41.769,503
663.809,779.539,504
251.631,65.034,505
551.246,383.256,506
435.361,84.832,507
772.253,310.814,508
492.429,66.139,509
882.334,981.909,510
403.819,926.475,511
656.826,182.542,512
139.522,713.974,513
121.678,665.750,514
528.912,545.106,515
859.951,38.675,516
606.425,746.104,517
397.036,791.956,518
372.308,708.965,519
297.432,226.968,520
206.358,194.911,521
772.171,927.066,522
837.454,110.456,523
446.981,685.797,524
132.788,991.313,525
511.831,961.805,526
298.754,273.671,527
111.666,791.860,528
90.024,645.406,529
235.851,652.158,530
648.458,210.271,531
282.324,211.146,532
859.949,401.721,533
284.420,306.256,534
524.162,835.029,535
259.419,609.359,536
807.780,929.760,537
907.299,469.481,538
447.339,340.455,539
31.300,642.726,540
957.767,197.401,541
434.533,200.806,542
302.567,305.184,543
99.031,407.364,544
825.957,547.357,545
65.301,691.570,546
84.719,874.297,547
598.098,690.015,548
481.886,958.210,549
154.664,649.615,550
267.158,805.470,551
430.805,350.865,552
351.691,24.654,553
78.462,352.365,554
554.753,744.495,555
511.266,449.961,556
341.051,238.877,557
158.610,645.567,558
563.918,672.392,559
875.120,16.207,560
953.405,569.367,561
333.545,542.706,562
92.644,931.795,563
597.407,932.630,564
810.250,197.662,565
46.900,844.430,566
214.309,350.506,567
726.889,613.114,568
645.682,358.916,569
133.961,548.767,570
463.790,827.932,571
748.444,13.336,572
100.821,324.331,573
460.507,851.956,574
790.489,622.902,575
703.179,979.029,576
991.420,900.834,577
462.005,298.647,578
656.481,181.046,579
514.288,572.811,580
852.436,515.513,581
346.144,268.209,582
660.889,755.749,583
769.262,31.386,584
578.205,758.897,585
587.787,869.531,586
203.087,880.107,587
454.772,858.693,588
146.619,427.592,589
522.448,103.417,590
734.887,954.532,591
778.614,477.140,592
845.046,944.537,593
945.716,696.277,594
594.478,761.219,595
879.655,220.382,596
455.905,917.395,597
800.809,959.060,598
350.909,336.037,599
836.471,229.881,600
542.254,220.714,601
283.248,77.139,602
219.839,252.805,603
582.515,63.441,604
1.915,444.568,605
191.486,767.022,606
233.654,259.862,607
737.833,160.396,608
666.170,983.094,609
35.409,148.294,610
937.157,498.332,611
87.561,384.388,612
793.397,457.471,613
291.122,685.738,614
759.765,128.842,615
785.730,678.220,616
230.548,435.107,617
351.019,289.501,618
897.110,313.542,619
33.773,743.808,620
958.986,193.750,621
322.063,878.702,622
517.771,32.871,623
787.643,994.545,624
569.244,309.371,625
709.013,870.511,626
399.202,960.375,627
947.997,723.841,628
44.411,557.025,629
7.754,385.281,630
632.956,658.394,631
496.699,633.785,632
170.730,213.712,633
943.471,473.306,634
893.664,11.726,635
154.480,515.828,636
411.809,777.129,637
982.178,596.632,638
104.346,924.750,639
53.047,666.554,640
828.049,46.101,641
659.051,342.119,642
75.563,852.660,643
628.013,834.222,644
822.920,774.957,645
335.505,968.842,646
387.736,817.062,647
887.715,74.986,648
249.676,994.314,649
821.683,915.383,650
486.164,560.609,651
804.154,494.062,652
810.646,798.816,653
362.341,407.935,654
534.737,106.292,655
258.215,850.168,656
679.271,294.004,657
881.701,490.903,658
890.823,489.143,659
911.182,849.322,660
961.042,360.237,661
893.582,793.940,662
723.996,226.166,663
393.879,783.709,664
607.566,62.678,665
559.554,646.375,666
169.491,954.604,667
462.570,53.969,668
217.741,470.738,669
294.428,86.335,670
668.924,775.341,671
382.941,953.196,672
960.377,676.784,673
957.178,765.792,674
327.459,374.550,675
741.519,233.721,676
692.196,809.508,677
43.006,374.093,678
623.486,424.223,679
358.039,542.659,680
494.463,156.108,681
303.050,70.815,682
98.035,684.498,683
461.002,376.117,684
60.345,340.446,685
795.684,621.508,686
479.032,590.463,687
209.757,990.384,688
7.487,521.090,689
226.095,788.200,690
849.196,263.282,691
997.266,891.551,692
794.025,888.099,693
887.717,13.152,694
388.621,42.522,695
466.086,859.759,696
207.372,315.434,697
275.260,851.383,698
355.706,716.621,699
365.783,936.662,700
890.818,635.564,701
320.942,888.071,702
590.945,431.760,703
32.809,928.158,704
10.891,620.409,705
89.745,10.045,706
453.603,822.515,707
647.898,362.685,708
657.995,771.112,709
322.556,348.071,710
287.750,208.506,711
527.623,828.745,712
943.292,760.321,713
348.506,276.483,714
610.906,173.830,715
272.559,463.868,716
537.226,845.718,717
861.581,312.688,718
348.202,19.642,719
886.197,86.825,720
591.646,259.398,721
206.665,96.827,722
676.177,510.074,723
89.708,551.978,724
90.429,717.756,725
761.909,308.612,726
403.570,36.212,727
569.350,183.545,728
116.272,158.526,729
829.806,623.094,730
295.263,980.758,731
474.698,632.505,732
437.152,939.132,733
391.335,169.849,734
888.633,476.595,735
745.482,43.981,736
580.938,452.902,737
937.956,87.904,738
11.546,168.687,739
83.748,51.416,740
906.211,626.239,741
3.006,617.482,742
178.385,237.702,743
264.550,579.912,744
748.568,733.639,745
409.301,337.494,746
855.017,168.813,747
218.812,979.047,748
702.281,583.669,749
999.000,617.426,750
943.551,497.985,751
230.980,867.989,752
65.322,129.850,753
648.347,942.867,754
123.021,88.658,755
619.830,525.577,756
776.289,811.477,757
505.988,27.419,758
664.314,781.678,759
10.035,290.276,760
694.628,68.120,761
887.255,293.774,762
319.831,524.389,763
86.250,474.453,764
621.794,836.262,765
374.398,787.764,766
480.492,950.250,767
305.512,392.195,768
444.791,818.400,769
359.301,232.947,770
169.799,74.080,771
633.686,572.276,772
193.852,0.000,773
555.613,755.504,774
180.283,730.598,775
760.230,588.514,776
928.040,784.760,777
682.792,516.761,778
580.294,174.031,779
453.440,817.234,780
627.390,489.665,781
806.871,734.020,782
953.396,597.142,783
122.575,708.880,784
927.541,348.663,785
968.641,710.054,786
223.532,481.715,787
649.060,167.382,788
13.650,990.140,789
838.215,498.028,790
54.642,192.468,791
728.206,820.431,792
680.344,420.096,793
812.813,668.058,794
757.093,346.383,795
130.534,922.447,796
270.920,497.943,797
852.424,850.763,798
258.414,314.204,799
33.962,459.996,800
406.771,930.938,801
269.023,30.547,802
853.680,983.451,803
432.779,820.526,804
240.414,838.608,805
728.331,833.716,806
697.037,173.867,807
86.344,526.953,808
357.108,332.289,809
497.804,721.120,810
472.897,184.595,811
918.797,915.223,812
336.658,35.055,813
501.787,824.410,814
564.307,63.870,815
419.345,828.182,816
824.251,947.269,817
348.003,310.098,818
102.713,943.764,819
772.570,520.457,820
190.163,966.809,821
285.998,315.266,822
156.018,959.282,823
407.181,594.133,824
403.815,225.070,825
638.459,298.750,826
909.174,380.302,827
761.147,839.968,828
507.806,874.438,829
613.446,512.335,830
783.760,294.926,831
478.722,858.499,832
68.021,948.531,833
616.711,271.337,834
680.748,363.135,835
584.120,708.802,836
570.142,621.668,837
507.383,420.413,838
779.102,513.477,839
214.962,406.534,840
221.419,996.677,841
305.648,928.334,842
670.454,246.454,843
863.669,66.137,844
997.489,417.471,845
97.094,111.367,846
755.914,538.315,847
934.057,300.595,848
943.636,474.185,849
919.632,229.862,850
127.976,130.246,851
761.635,760.186,852
728.837,154.701,853
130.795,714.631,854
715.870,494.893,855
593.866,415.338,856
863.911,594.889,857
310.849,466.973,858
538.237,304.311,859
908.270,268.892,860
337.793,429.706,861
51.646,398.501,862
133.785,573.426,863
943.951,102.011,864
34.333,345.432,865
581.377,231.862,866
501.674,822.024,867
273.091,319.468,868
610.312,803.154,869
184.313,804.636,870
154.783,318.672,871
455.049,361.848,872
770.885,825.178,873
313.293,103.863,874
165.758,805.781,875
135.847,17.088,876
454.574,707.199,877
25.261,69.866,878
448.111,601.284,879
713.959,664.847,880
599.213,754.040,881
166.407,166.091,882
497.072,305.716,883
762.030,85.908,884
730.253,499.347,885
466.958,57.113,886
107.593,246.454,887
790.302,887.349,888
224.267,107.222,889
677.680,18.962,890
200.588,191.121,891
876.065,912.006,892
865.300,369.628,893
800.440,890.856,894
655.261,142.142,895
184.207,135.987,896
354.174,891.980,897
238.365,258.709,898
814.596,378.271,899
808.847,72.134,900
529.733,780.740,901
67.522,745.556,902
564.893,455.829,903
968.928,147.894,904
102.178,434.745,905
449.316,440.577,906
741.959,487.212,907
524.637,759.745,908
658.183,284.744,909
805.783,829.520,910
594.994,695.534,911
813.748,919.211,912
475.858,36.432,913
390.172,39.708,914
70.437,189.714,915
127.254,718.219,916
795.246,574.152,917
307.469,800.502,918
788.969,559.755,919
505.434,893.319,920
602.154,479.071,921
121.533,976.575,922
311.549,138.873,923
278.910,813.585,924
334.381,612.896,925
785.029,692.768,926
206.180,691.408,927
259.514,897.072,928
626.329,651.442,929
490.284,953.656,930
385.396,824.064,931
434.410,513.749,932
956.465,571.026,933
42.549,764.593,934
130.017,684.631,935
799.757,771.664,936
624.969,653.798,937
188.433,945.725,938
573.933,505.290,939
212.608,944.981,940
915.811,586.531,941
881.716,175.128,942
629.669,201.583,943
640.944,779.424,944
260.305,270.877,945
531.256,749.812,946
350.017,926.235,947
398.980,893.667,948
259.082,457.134,949
272.716,701.712,950
4.044,373.816,951
924.070,641.903,952
317.662,486.045,953
661.704,904.824,954
931.382,812.612,955
664.163,496.005,956
447.421,493.559,957
535.037,990.710,958
663.802,653.771,959
89.758,785.164,960
110.393,199.860,961
872.106,314.075,962
307.283,569.486,963
194.358,216.733,964
859.083,433.990,965
10.103,480.817,966
946.169,172.875,967
788.712,752.739,968
249.640,653.079,969
700.043,328.754,970
905.996,328.740,971
133.701,83.438,972
538.358,760.010,973
452.277,368.699,974
37.711,448.650,975
730.517,63.638,976
158.440,117.348,977
998.345,683.164,978
462.397,709.465,979
102.526,467.340,980
786.359,364.033,981
397.289,20.478,982
553.731,633.310,983
692.629,941.490,984
399.872,344.708,985
202.968,317.529,986
385.936,542.495,987
312.255,312.862,988
444.655,366.556,989
24.991,900.569,990
89.417,558.673,991
757.323,651.702,992
150.331,461.996,993
640.632,983.646,994
791.926,685.125,995
351.043,723.748,996
644.889,991.836,997
606.260,664.707,998
57.754,787.997,999
778.127,487.022,1000
60.501,656.861,1001
205.254,263.881,1002
444.659,480.549,1003
401.290,548.815,1004
891.961,934.886,1005
626.407,489.071,1006
150.152,612.832,1007
630.431,792.817,1008
595.201,993.529,1009
174.902,322.699,1010
829.022,660.553,1011
220.807,869.907,1012
860.567,650.115,1013
743.005,56.727,1014
287.166,938.119,1015
294.990,72.867,1016
87.137,812.398,1017
440.038,922.719,1018
752.366,211.156,1019
972.272,587.369,1020
878.200,362.141,1021
240.995,647.860,1022
258.927,92.191,1023
64.644,999.000,1024
567.001,361.881,1025
423.645,767.035,1026
259.923,982.524,1027
641.341,558.947,1028
400.091,118.344,1029
933.876,155.847,1030
213.013,522.068,1031
961.605,185.163,1032
439.458,527.912,1033
656.227,94.236,1034
520.798,458.988,1035
236.329,215.831,1036
615.547,488.060,1037
99.361,645.101,1038
407.600,663.029,1039
718.891,786.488,1040
386.886,842.699,1041
331.951,850.073,1042
113.626,543.977,1043
983.167,634.731,1044
167.788,38.983,1045
875.981,410.787,1046
75.267,32.704,1047
958.978,175.842,1048
58.774,53.161,1049
490.083,48.795,1050
486.988,511.316,1051
642.613,208.902,1052
801.034,399.167,1053
993.207,30.996,1054
243.203,544.523,1055
651.622,841.325,1056
536.727,914.126,1057
595.960,631.292,1058
918.983,237.689,1059
264.209,594.484,1060
149.306,549.225,1061
906.336,108.390,1062
87.582,386.639,1063
178.347,16.697,1064
959.641,891.099,1065
137.378,795.773,1066
784.757,590.979,1067
853.192,293.102,1068
659.511,574.469,1069
600.609,246.207,1070
96.589,500.015,1071
523.926,944.529,1072
462.031,369.376,1073
144.478,432.703,1074
108.280,989.306,1075
880.086,12.096,1076
951.617,153.705,1077
718.771,183.281,1078
713.772,577.734,1079
698.976,184.565,1080
999.000,270.422,1081
340.861,667.302,1082
742.853,905.127,1083
273.798,335.027,1084
107.521,696.609,1085
532.694,549.997,1086
76.085,705.392,1087
503.465,213.649,1088
18.933,339.446,1089
858.142,868.265,1090
466.955,311.692,1091
401.844,636.383,1092
458.724,646.020,1093
315.730,393.872,1094
140.056,464.393,1095
23.666,448.810,1096
488.290,380.192,1097
873.951,531.542,1098
824.820,285.702,1099
577.756,706.651,1100
206.169,936.454,1101
472.390,18.431,1102
586.473,654.109,1103
779.262,667.660,1104
904.227,371.044,1105
448.004,352.100,1106
262.945,259.466,1107
578.845,771.676,1108
165.007,97.337,1109
398.769,304.403,1110
411.459,837.156,1111
663.407,502.714,1112
374.878,216.626,1113
995.388,344.061,1114
397.282,350.973,1115
633.394,207.956,1116
877.204,944.954,1117
447.358,737.231,1118
197.255,168.305,1119
396.098,183.619,1120
4.241,638.542,1121
171.311,254.529,1122
11.641,848.353,1123
275.833,540.983,1124
489.904,907.818,1125
380.176,649.391,1126
985.669,366.054,1127
673.046,320.525,1128
662.686,356.361,1129
789.702,558.646,1130
623.043,953.095,1131
618.897,668.378,1132
148.767,674.603,1133
480.788,952.974,1134
962.581,471.113,1135
64.583,653.683,1136
260.547,244.713,1137
72.129,538.234,1138
773.173,93.082,1139
770.587,365.457,1140
128.229,238.496,1141
248.730,998.180,1142
980.952,195.010,1143
291.974,187.949,1144
186.671,325.402,1145
855.259,18.559,1146
328.720,275.883,1147
758.977,45.079,1148
764.898,454.352,1149
706.387,450.191,1150
590.274,109.833,1151
440.736,279.759,1152
35.055,708.588,1153
785.811,123.696,1154
11.076,7.200,1155
507.393,774.350,1156
566.655,529.166,1157
604.970,703.377,1158
326.921,127.970,1159
579.118,648.279,1160
103.294,728.183,1161
296.585,323.318,1162
244.575,949.291,1163
787.273,799.894,1164
965.732,162.555,1165
746.237,130.223,1166
683.624,205.971,1167
141.284,965.358,1168
223.780,157.825,1169
494.996,835.243,1170
299.023,270.054,1171
325.515,784.283,1172
396.923,529.050,1173
132.374,608.367,1174
905.740,834.135,1175
989.831,846.393,1176
292.988,961.357,1177
330.483,383.964,1178
688.443,820.777,1179
91.776,271.570,1180
609.443,873.867,1181
117.381,262.389,1182
395.063,776.079,1183
752.085,120.103,1184
859.332,765.803,1185
256.133,365.318,1186
314.968,147.485,1187
398.954,947.693,1188
922.906,842.213,1189
91.806,75.418,1190
160.572,494.734,1191
353.043,785.115,1192
925.609,228.070,1193
126.016,754.554,1194
996.069,107.961,1195
695.330,272.749,1196
191.685,372.083,1197
558.050,869.368,1198
269.272,386.253,1199
151.153,37.913,1200
245.427,269.782,1201
876.099,349.792,1202
653.451,41.412,1203
58.714,18.074,1204
918.921,20.504,1205
744.635,32.752,1206
459.659,658.874,1207
25.733,693.236,1208
662.243,640.648,1209
233.181,47.862,1210
414.840,98.973,1211
589.079,884.771,1212
672.728,627.230,1213
383.878,742.812,1214
515.188,312.001,1215
250.889,510.016,1216
287.581,132.439,1217
809.698,563.262,1218
583.453,125.439,1219
43.333,453.671,1220
433.897,52.349,1221
165.914,458.939,1222
839.614,484.858,1223
903.876,744.868,1224
930.041,867.085,1225
302.534,49.710,1226
158.457,960.947,1227
163.747,749.779,1228
24.962,469.993,1229
944.161,676.716,1230
217.060,454.460,1231
57.020,374.547,1232
155.142,133.072,1233
899.049,393.979,1234
742.072,803.502,1235
136.891,985.060,1236
391.040,420.121,1237
606.823,597.314,1238
227.553,891.403,1239
317.886,274.991,1240
468.872,207.136,1241
788.293,185.054,1242
434.602,916.311,1243
536.310,601.069,1244
907.006,875.936,1245
758.886,970.216,1246
680.590,721.151,1247
640.682,784.972,1248
219.832,968.360,1249
181.932,11.868,1250
814.788,663.601,1251
472.191,696.703,1252
193.317,565.198,1253
746.819,333.183,1254
578.789,936.317,1255
384.172,100.144,1256
393.706,67.340,1257
132.836,659.377,1258
118.462,353.660,1259
686.038,371.675,1260
355.690,555.694,1261
546.247,453.548,1262
294.628,93.070,1263
952.045,460.561,1264
433.457,349.733,1265
765.675,308.891,1266
160.153,601.828,1267
792.529,320.259,1268
212.416,675.834,1269
50.734,414.515,1270
272.049,84.263,1271
478.720,349.261,1272
664.357,502.775,1273
254.645,806.393,1274
303.448,438.322,1275
45.870,902.097,1276
647.985,471.447,1277
469.303,438.660,1278
742.081,692.170,1279
584.570,31.287,1280
262.577,115.741,1281
955.259,830.415,1282
828.749,657.121,1283
256.221,146.394,1284
926.203,282.130,1285
237.389,738.873,1286
834.271,50.775,1287
677.470,333.527,1288
382.474,990.011,1289
987.911,540.460,1290
7.495,955.707,1291
200.431,422.650,1292
548.052,533.832,1293
321.483,860.870,1294
352.311,430.458,1295
470.591,616.178,1296
153.005,910.092,1297
900.241,646.021,1298
360.781,570.483,1299
476.747,696.698,1300
427.931,358.985,1301
132.041,242.156,1302
163.909,288.040,1303
833.019,13.711,1304
428.013,892.778,1305
613.082,519.854,1306
805.144,529.256,1307
602.821,802.841,1308
829.993,478.975,1309
286.314,909.076,1310
486.464,834.386,1311
321.280,968.291,1312
442.029,0.848,1313
117.314,233.389,1314
182.017,425.502,1315
768.869,861.672,1316
308.307,23.082,1317
123.377,246.699,1318
194.018,449.074,1319
62.907,785.029,1320
939.826,240.989,1321
99.096,17.579,1322
868.145,969.002,1323
468.616,742.276,1324
614.917,927.795,1325
432.381,216.118,1326
556.247,951.206,1327
144.711,128.812,1328
938.988,452.628,1329
950.802,832.085,1330
419.226,8.071,1331
988.297,629.968,1332
865.578,174.523,1333
639.480,483.903,1334
909.605,606.715,1335
484.710,906.754,1336
856.726,670.381,1337
178.976,500.355,1338
608.992,579.182,1339
689.312,228.695,1340
872.531,586.254,1341
110.740,584.886,1342
351.587,409.040,1343
62.111,570.965,1344
909.316,176.869,1345
865.466,15.222,1346
291.296,584.957,1347
401.929,340.408,1348
873.813,577.861,1349
504.443,667.574,1350
905.976,609.896,1351
546.758,223.363,1352
379.172,21.190,1353
770.453,104.247,1354
110.298,119.663,1355
707.659,675.346,1356
886.939,277.700,1357
832.333,246.581,1358
90.980,795.305,1359
834.900,912.028,1360
344.888,104.774,1361
699.588,960.624,1362
536.117,712.003,1363
713.955,548.670,1364
927.971,564.838,1365
817.974,941.486,1366
682.330,753.291,1367
362.257,43.149,1368
178.961,462.794,1369
966.652,244.361,1370
206.823,306.515,1371
847.469,132.818,1372
116.833,840.338,1373
926.140,294.601,1374
735.388,801.693,1375
838.860,661.081,1376
483.444,73.257,1377
812.380,49.696,1378
268.707,388.966,1379
504.006,981.097,1380
1.552,390.477,1381
208.620,182.903,1382
720.170,490.956,1383
185.816,39.361,1384
148.548,256.680,1385
66.122,939.270,1386
380.724,575.736,1387
529.145,186.156,1388
463.781,425.586,1389
719.242,53.220,1390
17.706,415.358,1391
443.908,783.486,1392
827.464,964.793,1393
862.497,838.336,1394
500.933,234.984,1395
62.502,577.916,1396
1.498,695.371,1397
638.875,665.574,1398
509.818,368.808,1399
944.327,828.819,1400
169.553,272.051,1401
277.929,460.827,1402
323.045,46.855,1403
984.090,308.537,1404
455.517,202.317,1405
691.296,213.745,1406
501.744,9.853,1407
655.923,847.756,1408
43.108,472.938,1409
783.421,329.496,1410
928.959,790.435,1411
838.801,202.489,1412
388.929,334.016,1413
996.942,51.349,1414
216.444,728.538,1415
28.281,273.614,1416
293.408,38.777,1417
222.094,795.212,1418
683.170,275.573,1419
460.555,695.559,1420
137.029,303.201,1421
553.535,990.167,1422
845.016,280.353,1423
895.743,109.294,1424
52.414,468.369,1425
167.541,100.264,1426
540.641,541.233,1427
895.174,221.365,1428
655.562,433.805,1429
725.933,733.142,1430
308.923,860.089,1431
930.489,933.315,1432
248.890,274.900,1433
47.113,804.395,1434
905.527,800.139,1435
757.861,816.596,1436
881.059,110.255,1437
978.307,946.386,1438
176.849,273.910,1439
569.416,87.591,1440
181.814,556.965,1441
731.402,4.270,1442
563.662,354.979,1443
368.104,114.409,1444
553.704,321.130,1445
99.514,77.593,1446
351.666,555.076,1447
957.618,964.382,1448
96.512,264.565,1449
692.168,797.485,1450
73.884,146.837,1451
180.346,567.672,1452
428.245,100.394,1453
641.188,95.229,1454
940.966,158.326,1455
99.576,884.531,1456
14.085,686.638,1457
896.313,113.475,1458
257.298,572.477,1459
359.086,840.674,1460
731.437,871.467,1461
344.494,570.215,1462
223.378,849.051,1463
796.085,335.747,1464
727.889,216.491,1465
335.949,532.953,1466
881.210,8.720,1467
794.553,428.099,1468
219.851,425.856,1469
949.504,409.328,1470
141.507,18.182,1471
512.964,69.764,1472
375.577,915.034,1473
813.546,208.839,1474
654.720,805.414,1475
684.723,918.411,1476
2.683,666.049,1477
889.427,196.279,1478
259.236,435.257,1479
154.664,207.526,1480
77.503,903.345,1481
423.974,372.161,1482
158.079,579.150,1483
490.410,647.248,1484
635.683,912.841,1485
22.546,614.105,1486
981.757,453.897,1487
9.412,755.291,1488
353.446,852.803,1489
779.692,333.405,1490
281.764,616.174,1491
910.405,579.125,1492
771.955,218.471,1493
959.200,690.246,1494
609.093,605.438,1495
743.668,590.977,1496
670.478,31.238,1497
791.505,294.574,1498
288.859,272.276,1499
907.362,288.151,1500
859.006,821.033,1501
661.649,225.953,1502
568.908,691.845,1503
82.715,864.764,1504
351.420,28.635,1505
683.739,507.808,1506
882.756,257.680,1507
139.376,15.113,1508
660.371,746.841,1509
879.453,249.764,1510
395.494,178.336,1511
350.382,938.891,1512
824.788,961.448,1513
94.080,441.414,1514
227.457,57.650,1515
17.344,104.652,1516
664.492,250.919,1517
326.713,729.335,1518
799.334,769.320,1519
757.508,637.094,1520
97.335,952.259,1521
634.034,776.813,1522
660.343,686.531,1523
535.297,213.509,1524
563.512,302.463,1525
931.415,178.260,1526
111.037,113.723,1527
740.408,876.956,1528
881.229,47.965,1529
117.598,817.308,1530
61.120,552.797,1531
266.746,699.739,1532
58.246,258.085,1533
996.736,381.515,1534
321.022,31.593,1535
125.585,357.420,1536
389.744,593.472,1537
214.584,899.971,1538
492.463,289.385,1539
51.212,122.157,1540
44.820,603.285,1541
628.497,569.536,1542
65.508,220.287,1543
5.260,356.420,1544
515.985,213.899,1545
674.308,227.909,1546
886.388,627.806,1547
340.817,759.080,1548
796.988,815.676,1549
954.149,837.576,1550
19.508,768.191,1551
867.916,225.515,1552
890.050,43.193,1553
787.294,729.937,1554
299.276,546.352,1555
296.260,582.756,1556
836.974,596.980,1557
93.165,585.821,1558
395.261,676.589,1559
136.283,58.072,1560
533.066,798.114,1561
75.825,434.001,1562
461.006,848.878,1563
524.310,650.468,1564
122.651,68.893,1565
672.410,551.442,1566
702.809,867.867,1567
233.957,848.017,1568
793.649,98.888,1569
311.432,691.104,1570
316.276,900.237,1571
553.863,585.472,1572
567.836,384.371,1573
989.703,16.652,1574
988.501,13.894,1575
267.816,923.965,1576
505.737,810.157,1577
642.647,615.094,1578
402.390,96.140,1579
938.350,423.691,1580
913.392,955.548,1581
813.232,276.683,1582
714.036,383.959,1583
64.254,790.792,1584
322.602,467.094,1585
399.223,337.055,1586
836.383,365.595,1587
264.658,561.770,1588
330.031,935.177,1589
299.524,323.650,1590
240.425,866.627,1591
577.627,159.750,1592
394.293,283.646,1593
282.266,877.011,1594
903.232,896.333,1595
792.268,668.971,1596
478.915,641.496,1597
351.381,577.425,1598
777.237,680.076,1599
704.931,297.709,1600
290.835,904.492,1601
844.428,236.056,1602
890.978,821.079,1603
74.924,772.074,1604
693.810,834.916,1605
103.967,967.617,1606
758.823,526.181,1607
534.714,738.607,1608
123.517,286.499,1609
283.994,899.170,1610
826.467,747.718,1611
557.510,522.959,1612
792.986,193.919,1613
126.665,156.034,1614
318.132,213.333,1615
247.201,104.337,1616
621.529,584.489,1617
686.814,999.000,1618
6.484,375.708,1619
216.947,483.376,1620
222.048,371.666,1621
880.989,181.878,1622
87.187,462.623,1623
842.514,783.576,1624
807.559,100.379,1625
727.183,555.497,1626
307.095,966.063,1627
998.424,236.275,1628
924.678,259.678,1629
135.330,89.984,1630
145.403,727.080,1631
247.815,713.952,1632
922.848,78.405,1633
789.424,541.945,1634
924.878,291.202,1635
631.618,35.378,1636
787.021,889.664,1637
104.820,440.428,1638
349.415,263.760,1639
700.076,123.116,1640
665.181,377.135,1641
739.502,856.711,1642
920.389,203.520,1643
140.928,689.804,1644
128.282,522.570,1645
626.867,491.964,1646
414.069,266.830,1647
139.935,844.330,1648
502.884,975.281,1649
851.669,301.975,1650
473.687,898.805,1651
0.257,78.378,1652
607.374,714.889,1653
178.087,765.009,1654
536.269,302.327,1655
945.194,690.210,1656
63.794,808.324,1657
907.317,592.822,1658
289.635,758.646,1659
888.741,863.136,1660
567.196,522.117,1661
717.256,781.838,1662
512.382,620.380,1663
226.327,866.747,1664
781.991,501.881,1665
755.497,280.851,1666
593.853,848.274,1667
922.739,125.590,1668
863.117,291.918,1669
805.001,555.917,1670
79.807,549.280,1671
936.525,254.102,1672
850.039,813.527,1673
94.712,822.126,1674
589.391,85.555,1675
453.705,418.900,1676
264.491,665.782,1677
698.338,270.263,1678
461.522,881.634,1679
101.718,164.665,1680
920.909,557.233,1681
504.416,440.008,1682
219.479,700.817,1683
542.882,34.256,1684
535.089,669.302,1685
257.490,756.063,1686
223.828,131.219,1687
778.694,514.244,1688
504.448,915.642,1689
67.912,675.010,1690
0.000,893.725,1691
365.614,428.203,1692
964.438,820.300,1693
379.163,119.518,1694
734.082,35.560,1695
776.252,556.064,1696
443.126,128.173,1697
402.200,369.496,1698
947.905,628.321,1699
143.142,332.857,1700
539.382,583.327,1701
25.400,522.355,1702
50.450,110.987,1703
297.116,64.644,1704
938.878,346.412,1705
219.436,387.866,1706
63.732,837.167,1707
292.875,96.949,1708
464.325,60.007,1709
826.292,234.232,1710
725.175,43.640,1711
494.344,340.186,1712
354.479,367.694,1713
480.820,407.437,1714
99.794,357.658,1715
540.884,401.647,1716
269.786,220.998,1717
317.631,309.599,1718
546.974,672.624,1719
507.167,680.393,1720
879.007,150.836,1721
423.306,591.681,1722
725.261,159.828,1723
114.798,616.829,1724
119.564,797.955,1725
542.304,256.413,1726
825.325,821.310,1727
377.449,828.708,1728
913.260,482.247,1729
353.322,480.661,1730
291.202,739.179,1731
516.597,39.484,1732
290.944,390.426,1733
394.878,788.593,1734
286.806,617.811,1735
760.153,377.213,1736
673.098,321.579,1737
474.273,649.230,1738
245.150,50.137,1739
312.567,264.132,1740
211.310,856.157,1741
981.891,207.071,1742
138.668,125.558,1743
224.154,837.264,1744
806.351,800.080,1745
254.709,672.512,1746
791.003,636.092,1747
404.583,670.754,1748
221.106,467.018,1749
400.468,589.172,1750
796.174,716.984,1751
284.676,233.863,1752
843.343,658.973,1753
651.057,717.078,1754
860.710,829.566,1755
412.735,547.110,1756
618.573,816.737,1757
667.272,677.735,1758
840.433,817.430,1759
782.640,361.076,1760
844.199,710.179,1761
485.889,669.028,1762
308.419,100.783,1763
935.208,8.014,1764
253.662,976.412,1765
449.225,208.116,1766
855.912,466.862,1767
575.485,564.740,1768
719.022,161.351,1769
741.950,965.155,1770
934.390,880.982,1771
162.138,557.339,1772
947.721,613.044,1773
295.001,827.743,1774
545.770,442.691,1775
212.375,502.408,1776
701.265,858.392,1777
819.054,289.640,1778
919.942,311.878,1779
798.920,538.692,1780
913.842,728.880,1781
590.606,659.127,1782
977.893,141.280,1783
579.827,304.392,1784
331.765,569.856,1785
392.285,986.948,1786
526.336,898.526,1787
258.145,292.310,1788
775.066,103.250,1789
188.514,531.159,1790
235.540,110.633,1791
489.932,912.449,1792
658.519,82.798,1793
233.786,953.890,1794
846.252,558.777,1795
595.390,285.068,1796
363.339,174.151,1797
541.031,254.770,1798
564.339,321.442,1799
656.780,49.338,1800
803.407,298.754,1801
962.828,319.496,1802
432.101,869.001,1803
117.705,559.725,1804
282.398,636.682,1805
106.334,581.505,1806
662.255,948.445,1807
227.938,969.700,1808
163.830,565.216,1809
547.131,452.500,1810
715.999,729.939,1811
375.309,282.789,1812
569.449,450.338,1813
417.285,234.667,1814
854.855,320.447,1815
559.332,482.963,1816
914.394,257.733,1817
596.317,828.431,1818
763.004,821.028,1819
210.535,296.877,1820
833.063,807.205,1821
595.766,435.720,1822
577.473,443.489,1823
325.757,460.969,1824
331.256,602.496,1825
848.384,938.647,1826
975.774,430.690,1827
280.594,59.655,1828
100.811,477.280,1829
123.356,931.859,1830
170.705,876.148,1831
423.434,847.817,1832
722.944,644.455,1833
28.930,90.222,1834
223.379,8.692,1835
890.079,87.147,1836
787.425,927.295,1837
869.712,65.722,1838
355.755,987.209,1839
905.938,927.749,1840
505.041,417.707,1841
98.181,898.128,1842
774.545,432.734,1843
185.915,542.461,1844
446.275,449.134,1845
142.409,960.102,1846
780.790,397.921,1847
500.071,201.642,1848
648.763,588.488,1849
554.215,347.131,1850
730.376,254.967,1851
636.315,514.960,1852
876.158,275.410,1853
575.535,630.289,1854
508.427,290.455,1855
149.554,665.789,1856
643.606,384.398,1857
914.654,725.657,1858
920.068,605.757,1859
577.918,825.375,1860
941.558,956.333,1861
50.397,13.371,1862
636.687,553.633,1863
842.398,13.975,1864
964.925,659.733,1865
825.704,589.695,1866
218.252,213.722,1867
848.591,509.938,1868
594.052,683.276,1869
101.240,913.011,1870
231.910,226.538,1871
772.813,301.589,1872
441.043,968.609,1873
113.159,720.599,1874
117.850,453.478,1875
350.146,136.695,1876
702.493,902.199,1877
157.431,712.096,1878
747.602,369.815,1879
154.872,190.130,1880
233.649,350.792,1881
455.128,751.613,1882
501.943,617.881,1883
29.504,612.240,1884
919.361,480.002,1885
115.252,131.815,1886
950.371,593.708,1887
600.850,729.670,1888
469.126,583.554,1889
779.794,974.864,1890
678.652,244.337,1891
149.206,952.983,1892
115.800,523.914,1893
486.154,705.445,1894
746.921,608.383,1895
976.316,840.490,1896
956.738,19.517,1897
34.834,615.263,1898
950.040,797.661,1899
312.775,17.987,1900
618.087,317.516,1901
173.558,818.096,1902
684.383,143.562,1903
142.761,744.254,1904
996.831,806.513,1905
374.266,757.614,1906
380.191,624.891,1907
654.925,347.520,1908
864.454,628.221,1909
440.447,969.452,1910
817.947,154.259,1911
992.816,455.455,1912
64.413,858.528,1913
650.493,448.019,1914
134.364,515.529,1915
722.556,439.671,1916
686.971,45.485,1917
857.029,281.320,1918
680.436,980.607,1919
421.412,305.349,1920
828.849,67.120,1921
212.958,971.991,1922
901.479,774.916,1923
393.737,779.151,1924
784.379,693.444,1925
653.453,610.772,1926
901.094,131.731,1927
262.204,291.980,1928
687.933,68.456,1929
203.942,830.591,1930
310.612,214.087,1931
232.677,956.665,1932
1.027,197.501,1933
593.902,474.185,1934
569.966,508.245,1935
557.751,705.076,1936
51.811,534.858,1937
722.283,112.566,1938
748.631,165.274,1939
403.938,363.186,1940
659.280,908.743,1941
857.365,207.422,1942
102.687,32.732,1943
278.792,710.564,1944
797.218,512.735,1945
622.749,516.865,1946
77.244,141.257,1947
850.003,988.645,1948
94.923,448.866,1949
393.306,40.619,1950
296.397,595.913,1951
880.453,481.257,1952
926.943,468.927,1953
926.014,561.043,1954
615.799,720.316,1955
168.814,632.189,1956
482.350,897.003,1957
453.268,21.466,1958
710.542,792.475,1959
184.791,968.627,1960
818.890,76.148,1961
795.772,166.921,1962
299.018,932.422,1963
601.310,341.603,1964
92.852,557.234,1965
59.895,220.145,1966
858.299,333.580,1967
547.701,265.162,1968
971.358,236.922,1969
662.478,287.710,1970
81.812,215.522,1971
894.353,143.732,1972
995.238,906.370,1973
847.586,846.497,1974
779.579,982.524,1975
319.412,828.907,1976
310.983,737.343,1977
655.636,635.801,1978
432.474,208.620,1979
492.583,833.230,1980
187.145,2.635,1981
300.643,382.820,1982
935.821,842.401,1983
528.284,799.355,1984
89.127,706.414,1985
633.074,675.228,1986
762.319,222.910,1987
446.415,626.785,1988
472.490,715.265,1989
301.846,402.119,1990
497.305,58.503,1991
220.036,962.999,1992
123.959,513.703,1993
302.617,450.521,1994
422.668,86.783,1995
296.624,276.964,1996
269.228,895.772,1997
63.936,884.797,1998
796.913,7.778,1999
827.089,578.923,2000
440.192,745.458,2001
808.610,41.309,2002
235.922,408.559,2003
516.119,74.693,2004
730.647,867.863,2005
555.988,449.208,2006
711.536,459.647,2007
898.186,75.243,2008
195.659,632.038,2009
416.752,368.974,2010
534.916,411.581,2011
865.551,826.278,2012
504.889,585.633,2013
78.701,19.428,2014
240.083,768.381,2015
941.344,986.109,2016
883.656,666.486,2017
760.206,524.737,2018
454.967,188.131,2019
103.134,948.992,2020
833.372,289.403,2021
535.502,723.339,2022
29.712,763.738,2023
967.724,924.769,2024
107.378,330.504,2025
710.098,43.685,2026
861.682,968.744,2027
956.923,608.573,2028
405.797,534.083,2029
443.622,198.564,2030
653.637,244.215,2031
11.150,423.032,2032
656.844,204.619,2033
393.736,362.396,2034
101.816,676.845,2035
70.270,89.595,2036
11.834,814.187,2037
81.412,122.710,2038
863.409,914.017,2039
567.672,970.085,2040
73.363,437.269,2041
926.253,524.858,2042
710.314,828.583,2043
680.057,696.411,2044
955.737,206.772,2045
572.331,60.012,2046
893.539,808.250,2047
647.428,2.993,2048
779.409,739.481,2049
407.856,26.119,2050
616.165,316.783,2051
966.167,243.397,2052
757.456,672.281,2053
368.216,735.684,2054
962.986,845.584,2055
915.051,510.261,2056
249.493,326.362,2057
808.249,428.844,2058
851.349,536.077,2059
896.096,283.987,2060
950.106,580.439,2061
665.235,686.514,2062
582.793,750.087,2063
445.940,675.492,2064
404.425,381.972,2065
864.501,9.028,2066
422.875,703.540,2067
83.067,592.197,2068
879.259,78.464,2069
421.554,120.229,2070
654.381,573.339,2071
310.777,974.999,2072
628.743,300.493,2073
664.853,956.430,2074
464.222,256.014,2075
883.259,89.470,2076
368.059,457.964,2077
165.364,234.354,2078
128.534,140.564,2079
126.784,842.786,2080
565.276,248.868,2081
926.905,712.307,2082
234.612,395.946,2083
209.669,746.969,2084
811.214,307.720,2085
656.953,213.066,2086
407.877,530.195,2087
110.518,760.331,2088
562.234,687.281,2089
412.573,252.935,2090
899.964,326.798,2091
437.149,165.954,2092
789.772,414.840,2093
448.928,798.892,2094
536.986,459.539,2095
236.621,546.509,2096
536.255,60.187,2097
932.538,183.886,2098
704.649,792.776,2099
27.721,612.870,2100
509.397,400.171,2101
996.636,275.695,2102
389.432,707.261,2103
301.764,905.964,2104
895.941,525.897,2105
839.584,375.146,2106
360.306,967.885,2107
869.049,58.691,2108
279.971,711.371,2109
176.875,822.898,2110
106.054,363.955,2111
852.994,147.086,2112
649.255,878.047,2113
484.779,454.603,2114
841.605,105.959,2115
228.919,833.891,2116
510.905,541.334,2117
765.388,889.732,2118
943.010,364.667,2119
866.101,740.668,2120
229.603,91.276,2121
247.862,546.732,2122
858.158,106.155,2123
434.071,711.062,2124
45.495,16.119,2125
322.448,428.287,2126
300.790,956.736,2127
267.828,636.816,2128
425.867,820.446,2129
382.593,830.094,2130
449.656,252.866,2131
878.293,505.227,2132
499.540,560.579,2133
623.458,959.733,2134
218.496,139.612,2135
254.626,361.183,2136
387.728,723.065,2137
995.556,747.718,2138
662.544,699.584,2139
909.365,595.654,2140
487.347,740.817,2141
493.542,121.814,2142
42.213,864.112,2143
945.809,709.902,2144
561.070,543.106,2145
4.870,271.493,2146
614.828,878.898,2147
828.311,144.856,2148
723.341,445.859,2149
583.247,537.717,2150
687.643,462.505,2151
482.536,453.793,2152
248.357,635.870,2153
213.366,440.676,2154
461.926,849.354,2155
243.857,65.714,2156
816.700,610.315,2157
224.375,203.457,2158
64.777,482.335,2159
171.837,770.644,2160
143.649,527.358,2161
750.972,284.404,2162
107.195,339.697,2163
415.904,348.652,2164
287.332,205.868,2165
451.175,637.151,2166
939.886,957.610,2167
76.110,127.914,2168
755.118,342.804,2169
564.881,400.934,2170
951.178,792.592,2171
515.950,78.311,2172
38.498,289.154,2173
3.074,534.789,2174
342.053,935.974,2175
607.832,724.480,2176
131.435,372.437,2177
422.997,438.439,2178
691.423,280.172,2179
641.259,108.323,2180
908.200,292.918,2181
52.506,629.430,2182
899.736,837.008,2183
453.854,944.073,2184
900.959,467.451,2185
48.054,328.528,2186
673.937,209.148,2187
83.068,753.566,2188
553.102,169.901,2189
800.123,489.865,2190
339.160,985.629,2191
663.630,816.152,2192
333.828,42.848,2193
466.032,864.437,2194
377.136,933.018,2195
740.662,293.122,2196
544.470,451.876,2197
751.178,203.431,2198
956.395,124.612,2199
992.964,324.001,2200
823.292,332.399,2201
725.654,245.841,2202
188.664,647.601,2203
667.296,459.450,2204
618.315,756.548,2205
87.455,980.776,2206
486.384,200.467,2207
25.541,283.638,2208
872.606,241.677,2209
152.430,202.545,2210
0.000,126.359,2211
556.581,282.474,2212
505.091,25.097,2213
532.321,497.611,2214
87.186,848.128,2215
886.448,855.948,2216
50.495,516.851,2217
340.750,586.443,2218
896.074,498.384,2219
389.755,662.005,2220
296.318,469.573,2221
829.631,387.617,2222
60.457,108.579,2223
973.856,871.064,2224
40.417,107.488,2225
130.641,931.265,2226
436.362,364.085,2227
784.489,191.134,2228
339.741,402.370,2229
963.037,915.970,2230
63.674,109.152,2231
225.139,375.416,2232
470.401,647.446,2233
277.456,372.086,2234
716.320,765.709,2235
314.060,649.362,2236
181.355,663.194,2237
740.768,633.784,2238
504.574,876.593,2239
883.230,630.458,2240
373.841,651.352,2241
401.198,916.580,2242
246.279,569.221,2243
87.435,890.897,2244
711.151,128.764,2245
48.114,383.025,2246
27.504,209.566,2247
583.338,58.048,2248
951.454,683.943,2249
368.190,750.823,2250
495.842,315.894,2251
615.512,792.227,2252
103.471,848.291,2253
290.709,1.624,2254
842.331,840.590,2255
502.897,708.240,2256
322.142,208.331,2257
762.472,578.039,2258
962.559,684.890,2259
609.848,716.813,2260
739.442,732.106,2261
552.263,546.463,2262
89.801,993.393,2263
701.478,926.925,2264
644.558,923.710,2265
334.674,339.867,2266
367.612,581.529,2267
889.971,698.756,2268
387.183,89.708,2269
65.737,199.954,2270
723.297,889.509,2271
96.851,34.523,2272
586.046,879.049,2273
687.318,791.417,2274
602.543,811.511,2275
378.799,325.413,2276
665.034,862.284,2277
171.660,473.338,2278
494.408,397.135,2279
328.567,772.753,2280
184.457,141.447,2281
507.924,926.934,2282
176.988,649.750,2283
928.623,77.359,2284
660.756,750.660,2285
398.882,652.881,2286
771.148,703.926,2287
537.008,843.181,2288
104.522,407.356,2289
381.465,351.477,2290
324.904,701.001,2291
746.520,340.121,2292
826.510,343.078,2293
248.355,152.864,2294
543.565,568.877,2295
47.613,695.428,2296
390.589,982.146,2297
953.564,734.670,2298
549.957,930.528,2299
593.372,981.700,2300
165.351,388.761,2301
615.299,2.754,2302
739.406,609.416,2303
718.931,365.099,2304
189.194,938.405,2305
393.116,862.744,2306
260.133,151.770,2307
58.441,637.188,2308
767.937,724.720,2309
792.759,158.273,2310
657.392,541.007,2311
535.181,654.996,2312
652.106,692.591,2313
714.870,811.405,2314
783.203,733.453,2315
472.019,603.266,2316
748.297,706.982,2317
301.537,547.603,2318
314.780,971.642,2319
230.172,169.397,2320
844.228,670.714,2321
999.000,266.539,2322
81.021,646.382,2323
692.829,967.669,2324
658.235,876.560,2325
469.520,184.751,2326
677.791,63.460,2327
163.220,0.000,2328
821.584,28.958,2329
987.943,862.678,2330
162.085,768.872,2331
606.926,357.373,2332
634.528,474.216,2333
32.694,421.218,2334
655.551,775.432,2335
841.515,727.835,2336
949.060,767.771,2337
366.274,158.060,2338
301.080,139.539,2339
798.876,745.531,2340
105.560,255.052,2341
418.442,479.945,2342
722.195,345.529,2343
838.886,331.033,2344
227.119,182.927,2345
683.429,693.447,2346
937.410,61.000,2347
802.136,49.564,2348
509.046,281.864,2349
457.737,913.222,2350
13.677,516.834,2351
897.200,467.971,2352
525.907,927.360,2353
707.300,715.774,2354
63.508,679.019,2355
502.183,819.452,2356
266.170,463.397,2357
198.080,11.083,2358
989.549,63.642,2359
384.677,985.140,2360
490.250,702.722,2361
916.622,330.621,2362
523.365,648.360,2363
539.867,498.970,2364
388.806,602.758,2365
399.680,899.186,2366
629.322,174.245,2367
963.487,204.503,2368
96.594,47.611,2369
951.410,876.521,2370
272.422,230.258,2371
213.984,544.966,2372
60.875,821.284,2373
873.851,105.872,2374
258.018,981.004,2375
308.704,151.069,2376
268.925,957.695,2377
298.185,198.729,2378
785.079,313.396,2379
862.594,577.642,2380
933.064,23.897,2381
189.382,940.659,2382
964.881,264.148,2383
736.638,782.577,2384
318.479,627.465,2385
428.158,954.775,2386
438.089,190.556,2387
508.416,420.564,2388
220.550,345.548,2389
323.604,489.411,2390
50.250,899.470,2391
874.850,427.872,2392
64.131,301.532,2393
632.760,758.092,2394
291.299,217.723,2395
293.739,159.268,2396
166.013,353.356,2397
393.229,847.121,2398
211.131,351.124,2399
300.956,20.741,2400
627.855,936.238,2401
786.872,289.455,2402
474.280,134.061,2403
2.616,883.153,2404
225.749,768.164,2405
354.647,635.327,2406
988.496,771.949,2407
345.221,356.274,2408
354.099,592.419,2409
228.616,764.985,2410
154.363,66.070,2411
455.651,107.378,2412
214.242,440.291,2413
202.508,909.955,2414
991.699,64.683,2415
638.824,620.942,2416
146.956,823.095,2417
270.929,9.116,2418
667.478,302.855,2419
30.823,132.734,2420
274.446,765.868,2421
738.567,801.430,2422
414.429,101.050,2423
335.575,530.749,2424
465.419,421.814,2425
976.143,26.916,2426
41.959,114.022,2427
578.583,123.115,2428
492.607,130.079,2429
274.484,225.255,2430
597.509,765.763,2431
556.866,19.030,2432
670.604,171.278,2433
828.714,297.809,2434
367.776,356.626,2435
143.896,274.360,2436
754.579,861.228,2437
58.168,18.071,2438
159.872,895.607,2439
450.506,339.543,2440
87.594,486.465,2441
31.162,563.230,2442
25.835,498.372,2443
364.885,978.565,2444
914.181,771.470,2445
40.676,907.709,2446
420.143,569.444,2447
291.972,77.875,2448
265.815,509.669,2449
531.592,869.422,2450
720.908,48.054,2451
13.260,448.669,2452
35.806,342.689,2453
61.498,532.953,2454
252.251,611.515,2455
345.200,2.161,2456
556.881,914.718,2457
1.001,221.317,2458
821.032,791.953,2459
56.790,128.170,2460
664.434,205.744,2461
645.461,956.968,2462
800.967,656.704,2463
223.905,481.467,2464
383.584,436.848,2465
379.324,616.143,2466
412.020,893.789,2467
556.384,924.916,2468
920.857,923.848,2469
336.834,367.114,2470
235.404,310.320,2471
494.774,963.643,2472
971.060,832.250,2473
441.810,500.093,2474
234.788,358.820,2475
632.391,361.834,2476
44.463,147.821,2477
445.603,855.735,2478
974.459,72.500,2479
4.739,782.557,2480
114.641,226.100,2481
880.484,553.313,2482
360.453,776.260,2483
217.146,382.360,2484
444.245,815.120,2485
374.763,273.741,2486
965.625,613.606,2487
861.014,828.619,2488
743.554,83.246,2489
819.842,742.113,2490
101.291,266.396,2491
665.194,875.851,2492
985.718,368.054,2493
102.788,642.827,2494
925.760,681.813,2495
954.991,20.274,2496
646.850,447.587,2497
589.126,255.681,2498
412.086,244.207,2499
532.624,768.878,2500
630.483,366.844,2501
608.843,495.990,2502
661.071,119.908,2503
597.367,107.413,2504
305.922,995.793,2505
451.644,364.576,2506
776.808,931.202,2507
867.669,94.502,2508
191.722,47.008,2509
472.278,443.427,2510
799.366,679.360,2511
260.402,798.236,2512
188.980,858.742,2513
682.682,140.196,2514
237.715,225.283,2515
247.882,78.869,2516
156.980,943.958,2517
64.439,64.814,2518
133.472,643.752,2519
408.488,17.632,2520
203.022,548.298,2521
232.858,446.772,2522
267.444,148.507,2523
775.454,389.984,2524
422.005,940.855,2525
954.611,477.131,2526
341.477,181.071,2527
121.522,602.088,2528
972.842,789.166,2529
601.904,754.381,2530
560.384,496.002,2531
6.606,465.334,2532
99.020,208.904,2533
821.050,409.987,2534
18.131,883.978,2535
387.262,415.125,2536
432.293,28.830,2537
64.583,22.393,2538
116.515,535.200,2539
211.242,612.507,2540
968.580,186.722,2541
725.950,232.752,2542
87.881,40.991,2543
66.947,141.813,2544
601.660,878.987,2545
458.884,99.876,2546
76.619,745.795,2547
21.676,938.681,2548
274.753,995.507,2549
75.016,55.422,2550
484.338,932.893,2551
21.331,106.150,2552
219.064,144.547,2553
472.157,647.053,2554
336.477,906.921,2555
105.430,766.482,2556
436.311,670.834,2557
792.556,375.752,2558
261.742,834.696,2559
382.421,364.536,2560
229.049,433.177,2561
309.972,621.002,2562
505.969,897.199,2563
269.182,403.338,2564
909.571,601.468,2565
817.883,739.201,2566
656.126,545.179,2567
277.393,369.092,2568
177.364,171.546,2569
531.290,52.560,2570
923.186,613.621,2571
406.542,494.353,2572
471.403,229.284,2573
869.379,126.378,2574
127.076,158.542,2575
576.232,365.328,2576
369.810,497.357,2577
417.972,912.499,2578
858.074,801.757,2579
57.869,486.749,2580
853.901,738.356,2581
81.781,372.528,2582
606.626,96.254,2583
280.292,701.573,2584
251.877,216.329,2585
674.484,210.564,2586
626.586,49.124,2587
678.846,487.958,2588
761.091,882.867,2589
9.949,607.013,2590
452.282,789.177,2591
878.719,207.521,2592
368.321,76.101,2593
203.257,461.443,2594
336.688,342.069,2595
487.774,285.427,2596
313.275,764.480,2597
241.681,846.228,2598
697.752,280.601,2599
253.776,692.428,2600
427.110,401.938,2601
393.483,317.585,2602
54.512,822.627,2603
113.502,929.666,2604
123.788,577.635,2605
265.359,891.332,2606
492.655,982.576,2607
335.214,653.256,2608
375.647,779.741,2609
137.621,418.078,2610
817.527,743.568,2611
429.382,666.613,2612
532.311,464.556,2613
39.447,433.301,2614
43.001,807.525,2615
950.385,317.771,2616
120.948,739.325,2617
350.364,845.422,2618
831.861,666.390,2619
729.914,954.468,2620
711.166,8.239,2621
293.737,795.730,2622
900.831,270.130,2623
790.438,37.510,2624
98.688,317.929,2625
690.866,609.040,2626
526.828,281.534,2627
321.369,569.815,2628
748.165,581.213,2629
679.487,690.122,2630
64.667,572.450,2631
191.246,889.670,2632
219.437,142.390,2633
803.610,567.020,2634
697.573,802.021,2635
54.011,668.465,2636
992.564,557.536,2637
207.315,152.413,2638
815.400,951.631,2639
576.352,438.068,2640
119.800,57.390,2641
565.681,212.223,2642
440.728,610.755,2643
233.491,202.170,2644
383.347,442.608,2645
160.056,231.131,2646
737.673,831.786,2647
238.917,264.804,2648
366.590,729.514,2649
364.534,821.490,2650
0.000,133.436,2651
331.841,560.609,2652
978.372,67.432,2653
244.067,928.654,2654
173.846,973.718,2655
376.700,319.204,2656
469.851,272.382,2657
354.731,835.540,2658
591.274,861.902,2659
180.983,762.993,2660
709.904,14.353,2661
549.049,468.403,2662
258.900,728.807,2663
314.624,284.641,2664
115.478,975.149,2665
893.983,555.067,2666
310.921,543.804,2667
714.109,963.917,2668
921.476,393.886,2669
997.180,941.355,2670
910.081,625.835,2671
551.342,840.880,2672
249.400,585.278,2673
520.685,904.297,2674
867.084,227.854,2675
900.349,867.541,2676
372.842,740.379,2677
425.335,961.164,2678
428.521,621.067,2679
656.235,943.773,2680
396.594,487.386,2681
331.326,104.732,2682
43.736,798.008,2683
905.765,488.996,2684
912.658,450.806,2685
394.033,248.347,2686
240.782,91.901,2687
851.512,881.156,2688
92.325,299.528,2689
654.785,839.050,2690
182.760,71.225,2691
975.298,963.866,2692
451.752,142.952,2693
696.947,834.535,2694
581.558,841.462,2695
158.146,737.013,2696
546.928,418.701,2697
327.332,53.834,2698
611.877,513.131,2699
642.069,979.705,2700
464.448,470.113,2701
83.862,113.258,2702
897.462,151.288,2703
273.693,458.925,2704
748.799,80.381,2705
574.214,745.913,2706
111.567,312.676,2707
549.979,983.775,2708
696.397,207.324,2709
819.513,263.437,2710
101.450,608.507,2711
791.277,40.064,2712
933.957,210.279,2713
692.817,455.613,2714
767.232,442.645,2715
901.167,162.040,2716
252.865,817.303,2717
792.640,328.101,2718
325.175,696.069,2719
19.954,292.562,2720
888.151,182.881,2721
742.260,235.682,2722
861.235,829.141,2723
405.743,940.693,2724
655.472,459.253,2725
201.523,123.384,2726
256.008,453.752,2727
550.096,956.544,2728
948.628,401.186,2729
935.327,768.162,2730
930.459,396.462,2731
225.245,572.702,2732
365.071,406.388,2733
576.190,56.044,2734
264.904,867.528,2735
200.962,163.562,2736
167.052,447.663,2737
955.546,573.414,2738
775.722,137.798,2739
300.754,406.335,2740
127.503,633.460,2741
869.595,910.815,2742
406.826,267.383,2743
291.796,717.832,2744
987.897,736.330,2745
976.397,123.038,2746
966.729,988.441,2747
990.989,836.207,2748
484.193,322.684,2749
554.525,411.906,2750
40.714,527.251,2751
951.291,38.097,2752
546.417,453.109,2753
735.958,66.159,2754
29.099,613.961,2755
574.565,876.215,2756
672.361,805.976,2757
74.700,512.498,2758
591.549,155.992,2759
977.568,970.324,2760
985.128,17.867,2761
42.114,56.013,2762
370.219,10.433,2763
889.243,75.187,2764
243.109,304.577,2765
649.133,441.666,2766
852.246,948.634,2767
671.846,129.019,2768
889.222,635.384,2769
85.558,67.084,2770
18.803,947.145,2771
456.130,226.276,2772
85.088,346.235,2773
658.112,182.046,2774
540.011,790.284,2775
93.071,957.674,2776
809.581,426.779,2777
223.965,784.592,2778
66.228,621.565,2779
177.227,180.150,2780
248.168,612.444,2781
381.661,756.275,2782
193.746,400.229,2783
762.542,627.752,2784
362.166,769.446,2785
509.507,152.922,2786
748.781,752.436,2787
605.033,786.703,2788
410.311,345.335,2789
625.604,190.164,2790
254.862,189.848,2791
25.954,602.810,2792
816.395,843.306,2793
155.244,163.885,2794
544.760,216.084,2795
995.936,763.785,2796
107.471,234.195,2797
222.003,817.641,2798
866.139,744.712,2799
947.154,144.659,2800
415.428,237.048,2801
984.438,927.217,2802
933.295,859.802,2803
821.815,678.159,2804
316.849,350.700,2805
370.656,923.981,2806
833.571,604.020,2807
682.950,477.520,2808
419.359,834.511,2809
520.513,292.369,2810
394.007,22.166,2811
975.802,804.943,2812
147.886,36.373,2813
496.328,605.581,2814
825.293,217.680,2815
635.821,360.159,2816
228.528,782.657,2817
350.933,793.606,2818
617.337,319.899,2819
503.857,765.492,2820
657.815,632.413,2821
376.141,174.993,2822
96.853,888.530,2823
25.452,188.556,2824
793.060,669.188,2825
161.606,677.639,2826
810.708,933.220,2827
414.810,854.407,2828
503.025,425.059,2829
85.626,290.044,2830
954.035,550.908,2831
194.208,348.746,2832
763.489,571.675,2833
75.857,519.961,2834
491.585,13.407,2835
390.923,619.745,2836
456.367,47.086,2837
82.744,698.256,2838
911.573,177.183,2839
850.630,714.982,2840
250.983,940.867,2841
507.344,371.472,2842
734.955,458.918,2843
783.338,252.380,2844
395.782,754.817,2845
510.272,22.650,2846
644.801,851.395,2847
588.272,907.730,2848
420.432,782.665,2849
43.021,350.956,2850
793.052,707.628,2851
487.406,862.549,2852
205.796,585.563,2853
33.870,128.052,2854
429.784,134.288,2855
331.150,999.000,2856
483.608,44.139,2857
588.395,302.675,2858
341.863,611.663,2859
509.708,115.564,2860
708.686,879.453,2861
19.592,994.072,2862
72.194,964.953,2863
322.290,857.562,2864
902.384,656.288,2865
170.187,37.292,2866
155.066,266.160,2867
790.936,987.798,2868
282.789,484.204,2869
798.760,175.737,2870
364.785,135.019,2871
775.378,2.343,2872
347.937,876.198,2873
273.767,582.119,2874
544.582,491.983,2875
537.123,978.930,2876
160.875,604.056,2877
360.798,185.607,2878
248.884,369.010,2879
221.564,647.230,2880
327.856,833.429,2881
162.215,518.040,2882
593.756,334.710,2883
429.836,648.363,2884
417.540,309.481,2885
916.122,42.595,2886
456.023,29.811,2887
118.121,246.680,2888
40.599,534.437,2889
344.384,894.005,2890
218.036,718.634,2891
559.857,219.775,2892
580.595,354.928,2893
331.123,742.345,2894
750.142,437.716,2895
181.093,560.089,2896
308.604,400.610,2897
288.684,258.452,2898
150.249,14.724,2899
349.432,547.618,2900
750.870,716.979,2901
267.695,531.898,2902
109.833,404.240,2903
92.836,145.032,2904
213.328,826.736,2905
130.695,978.115,2906
960.903,505.577,2907
706.068,298.523,2908
174.569,944.971,2909
610.002,590.363,2910
242.171,214.041,2911
818.401,587.527,2912
829.757,329.432,2913
393.422,821.727,2914
815.790,388.352,2915
514.131,201.731,2916
381.876,728.472,2917
446.096,196.258,2918
402.400,542.622,2919
976.709,906.073,2920
183.634,16.132,2921
83.042,879.787,2922
281.023,956.134,2923
6.857,308.596,2924
121.257,917.521,2925
162.204,907.185,2926
19.237,426.400,2927
840.581,601.313,2928
186.667,363.803,2929
250.345,156.235,2930
156.828,817.947,2931
45.062,90.137,2932
363.558,526.495,2933
220.400,374.296,2934
226.069,385.823,2935
697.558,982.634,2936
195.811,380.290,2937
952.230,801.206,2938
11.821,712.680,2939
973.084,276.630,2940
980.907,605.175,2941
877.350,763.165,2942
759.734,422.510,2943
995.956,939.657,2944
181.644,186.281,2945
244.198,729.632,2946
357.942,211.437,2947
196.972,11.600,2948
975.721,839.744,2949
779.161,146.137,2950
814.512,982.716,2951
304.363,316.017,2952
493.014,990.716,2953
36.023,157.580,2954
7.822,620.682,2955
2.480,716.172,2956
550.515,71.704,2957
479.060,946.950,2958
607.573,462.160,2959
65.729,643.710,2960
760.639,614.978,2961
714.952,532.482,2962
926.137,318.853,2963
929.000,668.976,2964
650.915,121.860,2965
550.053,206.603,2966
209.996,950.738,2967
1.338,501.167,2968
202.162,698.104,2969
129.654,438.340,2970
467.844,647.362,2971
329.594,429.090,2972
971.357,951.933,2973
844.810,986.703,2974
421.380,499.538,2975
934.155,752.247,2976
487.217,604.127,2977
586.724,8.179,2978
631.566,197.067,2979
2.880,855.701,2980
133.571,393.014,2981
930.038,869.815,2982
856.648,197.602,2983
478.610,878.322,2984
321.886,352.393,2985
633.928,724.362,2986
529.485,482.771,2987
160.285,359.934,2988
523.513,219.309,2989
702.660,251.223,2990
74.289,609.937,2991
922.919,316.095,2992
23.842,734.624,2993
907.474,965.649,2994
391.924,319.074,2995
266.468,841.555,2996
515.059,324.973,2997
769.719,915.940,2998
435.304,19.147,2999
188.716,908.192,3000
344.274,642.318,3001
603.632,628.948,3002
56.103,908.016,3003
668.928,258.470,3004
569.605,811.152,3005
768.180,434.388,3006
691.412,776.399,3007
925.062,321.871,3008
254.637,124.308,3009
450.598,417.611,3010
441.953,565.542,3011
792.612,796.713,3012
65.222,675.294,3013
998.647,786.733,3014
370.130,762.670,3015
365.150,935.501,3016
607.568,166.646,3017
786.691,673.931,3018
335.441,707.305,3019
162.358,933.089,3020
590.922,98.618,3021
194.129,986.780,3022
442.045,308.305,3023
526.102,267.552,3024
709.682,67.373,3025
686.257,869.252,3026
18.869,22.744,3027
699.579,202.190,3028
414.819,918.475,3029
966.114,805.469,3030
622.073,881.973,3031
595.809,996.906,3032
289.442,957.740,3033
167.699,428.844,3034
138.533,513.933,3035
385.318,77.756,3036
456.820,796.560,3037
782.586,90.086,3038
536.329,810.713,3039
564.054,884.859,3040
143.508,984.672,3041
768.657,284.238,3042
658.405,394.822,3043
4.856,360.620,3044
446.394,276.122,3045
344.768,87.232,3046
203.746,296.219,3047
12.097,598.101,3048
695.964,451.628,3049
588.154,987.128,3050
625.454,477.440,3051
828.309,182.914,3052
672.957,888.985,3053
444.912,188.537,3054
1.233,727.695,3055
767.470,367.308,3056
569.733,446.726,3057
572.515,55.489,3058
492.698,161.616,3059
176.171,922.115,3060
303.952,501.215,3061
333.735,719.219,3062
632.422,541.143,3063
997.088,734.222,3064
292.315,252.004,3065
420.161,379.038,3066
58.150,82.431,3067
809.589,370.346,3068
56.711,176.367,3069
443.882,995.014,3070
37.523,109.946,3071
308.801,573.088,3072
584.313,509.638,3073
647.700,539.520,3074
126.555,618.974,3075
603.950,973.049,3076
477.314,992.375,3077
865.998,647.411,3078
847.565,872.560,3079
989.802,516.590,3080
104.820,772.642,3081
751.611,760.377,3082
804.613,360.769,3083
57.762,159.819,3084
708.088,838.312,3085
542.771,985.151,3086
610.973,944.252,3087
679.910,789.573,3088
184.511,421.022,3089
292.445,703.733,3090
881.255,876.098,3091
468.081,7.533,3092
745.946,79.193,3093
981.579,123.370,3094
271.557,847.479,3095
154.829,983.359,3096
716.643,385.627,3097
827.679,138.361,3098
120.539,934.420,3099
185.463,371.692,3100
558.616,684.305,3101
692.300,534.439,3102
289.426,43.137,3103
989.437,976.386,3104
288.649,760.772,3105
723.162,260.646,3106
671.201,495.057,3107
499.816,519.641,3108
906.975,924.806,3109
806.462,10.508,3110
919.026,839.628,3111
859.405,986.162,3112
786.911,81.124,3113
682.924,649.802,3114
20.401,810.720,3115
966.117,602.893,3116
352.921,60.441,3117
951.642,415.269,3118
404.747,938.287,3119
854.985,161.650,3120
540.982,717.143,3121
657.618,852.474,3122
313.535,119.088,3123
705.718,669.378,3124
75.428,448.462,3125
390.311,808.000,3126
543.669,508.184,3127
848.151,717.542,3128
137.457,470.126,3129
851.471,732.538,3130
812.389,122.389,3131
786.620,590.331,3132
497.302,785.623,3133
682.128,732.106,3134
678.683,369.570,3135
797.476,837.235,3136
370.467,415.795,3137
29.204,173.860,3138
42.199,66.904,3139
883.924,719.163,3140
48.706,390.047,3141
341.986,691.380,3142
638.319,288.636,3143
535.646,184.563,3144
572.111,802.720,3145
336.789,173.873,3146
230.475,771.830,3147
169.815,218.500,3148
835.071,808.670,3149
1.477,698.318,3150
493.998,518.475,3151
847.843,163.637,3152
881.070,478.071,3153
994.359,358.438,3154
547.989,575.133,3155
583.545,989.413,3156
395.082,148.545,3157
929.238,414.628,3158
906.812,381.634,3159
467.436,567.247,3160
794.029,167.126,3161
187.222,241.033,3162
62.763,217.495,3163
52.400,340.110,3164
194.037,283.197,3165
31.091,879.280,3166
534.076,820.352,3167
461.212,699.899,3168
811.330,273.103,3169
189.859,420.005,3170
960.207,69.576,3171
954.668,189.987,3172
550.387,495.744,3173
67.563,612.428,3174
660.995,792.234,3175
86.998,30.875,3176
406.076,337.238,3177
304.473,114.876,3178
975.447,0.125,3179
607.828,487.616,3180
171.157,739.305,3181
827.068,571.854,3182
823.515,490.519,3183
56.090,358.849,3184
535.808,394.431,3185
306.159,289.876,3186
104.287,683.159,3187
308.391,198.779,3188
306.262,179.312,3189
915.080,358.580,3190
277.332,575.891,3191
342.912,448.110,3192
167.069,712.038,3193
734.334,588.093,3194
409.820,787.318,3195
325.834,119.711,3196
158.535,777.457,3197
340.842,944.797,3198
115.186,749.100,3199
378.575,96.102,3200
260.752,767.853,3201
316.035,855.829,3202
379.010,610.286,3203
171.464,918.381,3204
525.606,601.023,3205
606.222,978.281,3206
189.309,925.817,3207
853.694,979.394,3208
175.271,356.522,3209
142.052,717.035,3210
811.494,282.363,3211
911.108,362.287,3212
142.125,604.205,3213
603.329,340.680,3214
429.905,235.909,3215
872.830,377.168,3216
424.280,223.845,3217
188.836,649.671,3218
367.214,976.063,3219
768.864,193.429,3220
489.408,860.543,3221
46.378,697.593,3222
364.237,750.784,3223
984.989,791.249,3224
83.174,478.779,3225
98.473,561.117,3226
386.421,752.641,3227
773.870,602.005,3228
977.688,985.296,3229
465.556,984.138,3230
474.172,437.993,3231
580.356,177.194,3232
199.956,982.545,3233
695.513,870.607,3234
719.369,355.185,3235
982.262,606.616,3236
429.802,588.004,3237
670.994,636.272,3238
600.034,807.219,3239
835.697,647.467,3240
906.779,319.699,3241
333.270,270.172,3242
284.431,586.246,3243
213.805,438.939,3244
715.297,303.736,3245
70.833,321.394,3246
738.432,716.137,3247
414.684,357.486,3248
305.756,346.950,3249
634.456,55.858,3250
706.200,348.918,3251
175.576,849.636,3252
586.577,225.165,3253
149.925,42.592,3254
786.429,987.521,3255
734.853,247.306,3256
205.323,729.695,3257
102.115,491.078,3258
455.595,337.012,3259
218.625,92.254,3260
801.581,752.947,3261
23.413,875.042,3262
840.447,392.423,3263
314.078,403.631,3264
530.739,546.514,3265
815.363,644.051,3266
776.452,766.327,3267
211.826,992.391,3268
488.250,667.723,3269
405.545,580.989,3270
781.620,871.796,3271
518.661,815.537,3272
603.701,433.445,3273
865.715,916.949,3274
979.541,210.906,3275
367.612,688.441,3276
773.534,35.383,3277
531.091,945.869,3278
927.942,392.860,3279
548.437,306.396,3280
116.358,183.017,3281
15.279,974.597,3282
931.514,95.395,3283
308.737,747.801,3284
843.871,525.627,3285
588.590,433.762,3286
626.860,143.888,3287
211.903,706.322,3288
194.395,994.958,3289
331.888,121.359,3290
601.801,931.250,3291
657.411,681.778,3292
377.569,414.119,3293
977.166,810.506,3294
565.159,494.545,3295
899.654,65.357,3296
720.214,87.335,3297
250.432,35.834,3298
646.405,211.345,3299
679.795,400.279,3300
693.495,953.326,3301
781.225,643.448,3302
330.178,145.221,3303
392.229,575.312,3304
298.572,965.725,3305
884.981,243.786,3306
733.447,181.056,3307
677.699,353.512,3308
81.975,420.881,3309
623.779,372.516,3310
92.251,72.521,3311
860.805,67.819,3312
516.385,387.645,3313
26.478,53.668,3314
231.353,105.684,3315
384.890,100.385,3316
240.156,587.754,3317
268.580,946.879,3318
594.053,27.280,3319
50.390,569.354,3320
812.330,122.971,3321
653.261,652.157,3322
424.613,687.209,3323
568.219,16.687,3324
203.779,188.015,3325
163.481,103.125,3326
879.291,401.591,3327
235.089,892.459,3328
227.628,45.747,3329
26.270,869.689,3330
840.021,267.366,3331
807.286,154.424,3332
324.506,728.969,3333
937.540,655.298,3334
962.401,160.702,3335
946.362,304.526,3336
347.783,128.152,3337
958.804,458.715,3338
425.505,888.501,3339
83.064,308.603,3340
721.252,670.832,3341
452.183,806.269,3342
507.243,197.324,3343
0.974,685.023,3344
669.193,165.743,3345
452.123,174.925,3346
19.080,161.547,3347
932.416,787.213,3348
857.211,467.377,3349
161.515,162.841,3350
465.180,248.416,3351
426.664,717.326,3352
101.285,738.390,3353
533.371,101.733,3354
391.204,945.399,3355
519.329,450.611,3356
800.856,167.045,3357
537.337,689.705,3358
615.192,109.794,3359
24.969,306.553,3360
26.203,668.279,3361
53.597,328.950,3362
473.234,25.534,3363
133.384,375.449,3364
286.196,39.854,3365
96.471,71.839,3366
128.999,367.015,3367
172.293,551.898,3368
723.197,686.074,3369
683.501,768.874,3370
879.752,876.974,3371
741.652,13.472,3372
924.720,825.369,3373
195.409,3.877,3374
811.863,121.500,3375
616.856,267.040,3376
963.496,491.617,3377
603.692,628.132,3378
865.934,596.588,3379
757.191,478.586,3380
459.902,572.868,3381
695.261,596.282,3382
541.384,801.214,3383
13.809,407.533,3384
407.209,549.228,3385
539.548,24.740,3386
416.200,16.005,3387
590.045,22.762,3388
503.917,738.936,3389
587.050,634.356,3390
467.375,251.158,3391
13.605,508.930,3392
5.785,758.816,3393
100.812,178.398,3394
490.144,10.112,3395
824.031,403.595,3396
343.479,76.208,3397
401.617,992.067,3398
309.026,510.476,3399
686.235,98.816,3400
50.016,724.806,3401
182.263,357.997,3402
472.862,525.269,3403
795.651,504.674,3404
542.887,171.753,3405
783.119,844.369,3406
475.108,836.998,3407
135.416,809.988,3408
800.188,424.741,3409
160.616,261.284,3410
285.787,68.143,3411
68.878,583.234,3412
878.277,187.716,3413
611.898,501.403,3414
866.696,471.514,3415
141.265,112.444,3416
410.333,371.214,3417
791.634,351.121,3418
210.398,929.505,3419
700.478,62.064,3420
144.805,208.442,3421
693.995,200.489,3422
523.506,475.848,3423
392.761,338.304,3424
830.051,245.454,3425
356.349,561.176,3426
813.297,715.490,3427
523.834,217.772,3428
269.002,689.017,3429
182.826,100.348,3430
401.786,788.343,3431
110.555,487.149,3432
707.441,864.731,3433
272.238,255.793,3434
866.740,601.824,3435
363.940,278.669,3436
977.398,793.246,3437
605.062,118.304,3438
386.193,101.973,3439
474.764,433.265,3440
185.342,146.729,3441
966.603,760.138,3442
668.823,401.793,3443
479.275,474.481,3444
173.061,105.890,3445
866.452,793.413,3446
752.567,533.788,3447
642.036,869.146,3448
347.165,798.700,3449
781.491,218.231,3450
304.811,218.536,3451
571.179,665.356,3452
586.806,77.952,3453
288.755,897.064,3454
922.070,5.502,3455
450.113,288.090,3456
681.887,55.597,3457
948.298,911.907,3458
562.570,450.719,3459
356.691,461.812,3460
875.463,382.250,3461
305.834,819.003,3462
376.661,900.669,3463
166.476,513.266,3464
854.648,375.523,3465
283.482,231.008,3466
476.281,421.614,3467
850.957,386.659,3468
587.448,564.561,3469
12.676,629.946,3470
425.049,793.654,3471
546.044,180.055,3472
551.854,185.167,3473
616.127,352.178,3474
711.537,117.897,3475
659.499,447.522,3476
67.507,504.999,3477
977.115,681.562,3478
72.888,256.866,3479
5.109,926.334,3480
922.493,223.380,3481
917.294,467.082,3482
862.075,500.966,3483
52.873,841.530,3484
581.201,320.629,3485
891.453,414.905,3486
161.054,101.221,3487
817.352,543.485,3488
784.387,561.765,3489
433.354,232.788,3490
921.056,537.862,3491
61.375,813.110,3492
149.926,909.553,3493
361.247,642.277,3494
664.253,642.919,3495
780.823,569.426,3496
261.583,653.354,3497
247.145,18.541,3498
378.625,801.320,3499
0.388,975.012,3500
203.723,960.725,3501
580.938,995.613,3502
231.693,70.199,3503
595.346,350.389,3504
114.519,689.147,3505
886.100,285.202,3506
909.030,402.408,3507
724.411,941.990,3508
19.082,521.136,3509
567.626,73.452,3510
729.388,999.000,3511
651.498,510.844,3512
301.311,401.586,3513
170.367,285.344,3514
734.582,784.291,3515
155.785,948.860,3516
979.617,133.834,3517
726.756,789.416,3518
187.045,92.255,3519
36.765,853.291,3520
606.852,847.673,3521
421.547,77.864,3522
145.334,302.369,3523
119.976,484.959,3524
423.338,863.664,3525
793.394,895.215,3526
530.855,826.681,3527
212.054,573.848,3528
247.868,992.671,3529
847.180,942.818,3530
705.972,851.215,3531
167.970,777.111,3532
956.404,689.315,3533
68.135,971.081,3534
352.969,85.951,3535
121.933,293.703,3536
635.161,357.331,3537
612.576,771.876,3538
405.853,227.870,3539
552.111,412.301,3540
470.049,289.423,3541
63.895,293.587,3542
404.706,489.477,3543
993.808,714.492,3544
36.104,110.537,3545
781.426,87.550,3546
125.215,906.670,3547
213.556,823.500,3548
332.613,729.082,3549
211.730,128.696,3550
270.262,504.157,3551
242.332,881.640,3552
103.812,653.574,3553
823.879,79.664,3554
667.115,450.796,3555
371.517,758.362,3556
463.687,17.655,3557
872.866,881.961,3558
502.096,282.939,3559
254.030,66.542,3560
905.128,742.357,3561
483.596,201.753,3562
373.213,948.653,3563
879.881,975.998,3564
890.365,192.536,3565
497.870,349.207,3566
639.723,28.892,3567
463.070,341.318,3568
836.509,796.004,3569
342.055,516.376,3570
731.582,562.595,3571
342.732,660.426,3572
116.044,648.745,3573
486.892,542.246,3574
975.749,337.764,3575
174.543,109.924,3576
834.511,490.614,3577
290.426,495.462,3578
622.973,193.664,3579
949.169,158.747,3580
353.682,942.039,3581
851.592,355.692,3582
607.208,160.819,3583
508.081,152.793,3584
620.838,917.691,3585
653.889,301.856,3586
797.476,212.047,3587
584.299,264.406,3588
119.981,52.715,3589
650.276,485.862,3590
162.600,145.925,3591
315.351,559.333,3592
527.481,232.886,3593
670.962,82.464,3594
59.961,630.192,3595
537.423,222.637,3596
620.039,273.426,3597
597.126,547.211,3598
0.848,254.745,3599
822.494,673.172,3600
992.566,711.856,3601
975.077,717.612,3602
6.181,412.026,3603
606.195,986.823,3604
153.620,67.861,3605
699.083,114.679,3606
104.322,302.268,3607
989.586,391.110,3608
383.104,620.039,3609
854.252,732.293,3610
409.627,502.865,3611
82.738,107.832,3612
981.722,135.807,3613
130.487,653.261,3614
600.601,841.526,3615
697.914,2.140,3616
442.506,279.238,3617
227.237,145.303,3618
245.931,155.827,3619
782.456,883.398,3620
786.707,924.005,3621
659.155,330.401,3622
674.227,266.591,3623
183.129,11.475,3624
733.135,475.118,3625
265.603,516.446,3626
72.823,192.854,3627
169.255,62.672,3628
387.899,385.516,3629
585.674,655.029,3630
324.390,102.643,3631
641.256,363.409,3632
69.542,241.248,3633
383.515,781.460,3634
681.445,646.953,3635
78.477,705.895,3636
800.655,146.401,3637
348.317,661.362,3638
268.877,449.785,3639
83.543,996.731,3640
785.655,289.942,3641
197.978,356.030,3642
677.117,606.833,3643
229.925,988.794,3644
992.468,589.852,3645
651.374,729.855,3646
74.556,105.419,3647
786.376,517.827,3648
823.316,378.970,3649
792.648,779.565,3650
331.738,325.890,3651
205.149,252.221,3652
972.309,797.039,3653
861.516,744.758,3654
630.886,750.116,3655
149.658,888.382,3656
800.389,960.685,3657
291.357,111.284,3658
127.758,32.950,3659
413.750,982.244,3660
6.709,561.822,3661
850.389,36.244,3662
393.629,23.013,3663
565.446,441.474,3664
685.131,271.469,3665
742.326,758.864,3666
429.797,374.155,3667
708.141,6.591,3668
418.213,809.601,3669
127.198,311.060,3670
75.406,431.417,3671
735.591,610.331,3672
28.757,9.184,3673
54.912,269.898,3674
707.985,372.670,3675
428.472,484.486,3676
909.965,688.599,3677
631.528,809.612,3678
455.366,486.511,3679
128.317,900.576,3680
98.916,207.157,3681
700.522,958.444,3682
571.172,212.133,3683
981.631,416.439,3684
139.939,486.876,3685
698.821,79.217,3686
34.000,71.359,3687
625.247,285.803,3688
111.744,760.230,3689
365.455,439.751,3690
167.283,909.842,3691
931.129,542.920,3692
147.201,27.362,3693
160.943,698.101,3694
881.734,227.645,3695
226.400,287.665,3696
922.636,438.678,3697
791.517,41.855,3698
559.734,107.032,3699
360.502,706.164,3700
655.316,860.583,3701
243.777,592.030,3702
40.728,308.439,3703
450.296,232.776,3704
228.071,345.890,3705
289.529,162.781,3706
226.679,84.744,3707
24.331,593.618,3708
572.839,38.963,3709
790.609,825.231,3710
466.537,314.379,3711
639.748,898.183,3712
357.092,146.068,3713
753.902,136.423,3714
45.444,738.180,3715
827.624,90.875,3716
450.872,994.356,3717
798.954,909.609,3718
156.045,590.750,3719
468.295,984.647,3720
275.789,952.578,3721
706.774,910.707,3722
396.621,449.303,3723
242.250,9.246,3724
826.430,457.810,3725
582.805,322.496,3726
29.506,242.012,3727
667.272,562.663,3728
134.223,319.600,3729
991.225,712.217,3730
127.896,901.010,3731
974.253,19.501,3732
899.818,1.510,3733
979.676,998.849,3734
585.472,164.890,3735
639.658,524.580,3736
219.202,214.378,3737
384.861,482.251,3738
327.319,230.318,3739
847.828,837.466,3740
919.219,456.281,3741
190.107,170.767,3742
390.428,834.026,3743
872.657,200.508,3744
970.921,433.025,3745
148.005,255.370,3746
236.074,887.400,3747
623.640,389.154,3748
730.837,258.083,3749
193.678,450.299,3750
622.413,796.569,3751
138.591,4.750,3752
734.222,144.003,3753
288.942,455.093,3754
19.165,752.450,3755
372.490,51.518,3756
479.404,754.498,3757
827.023,301.752,3758
834.959,493.894,3759
889.123,207.608,3760
328.686,713.542,3761
669.877,133.058,3762
549.313,921.979,3763
718.158,126.587,3764
399.035,232.036,3765
18.413,503.864,3766
166.173,302.222,3767
93.242,965.410,3768
520.085,857.982,3769
857.731,972.944,3770
524.078,612.501,3771
313.602,904.709,3772
173.659,194.275,3773
813.096,802.429,3774
953.084,893.421,3775
427.090,909.542,3776
229.614,820.909,3777
405.078,174.396,3778
518.495,499.471,3779
437.226,543.127,3780
114.835,843.251,3781
133.788,12.863,3782
409.663,379.557,3783
409.602,229.985,3784
976.270,368.969,3785
79.602,827.182,3786
138.820,336.355,3787
511.503,525.497,3788
151.012,819.970,3789
26.440,393.563,3790
274.451,169.598,3791
158.931,410.054,3792
32.927,718.055,3793
177.716,197.355,3794
432.462,303.140,3795
623.575,523.632,3796
762.520,225.018,3797
414.388,389.117,3798
273.080,341.339,3799
674.068,91.529,3800
3.294,62.749,3801
737.876,246.025,3802
999.000,611.033,3803
975.157,961.864,3804
92.664,665.815,3805
788.264,867.703,3806
1.578,552.426,3807
740.116,382.060,3808
348.846,349.901,3809
451.139,331.933,3810
335.811,752.105,3811
704.185,507.287,3812
694.907,403.261,3813
421.395,325.650,3814
57.327,676.308,3815
814.811,486.150,3816
91.551,710.484,3817
466.742,256.681,3818
620.416,631.352,3819
711.525,567.250,3820
678.714,194.136,3821
434.496,485.522,3822
133.515,532.733,3823
23.546,561.455,3824
892.234,303.508,3825
817.659,720.635,3826
469.658,716.023,3827
314.627,281.582,3828
97.126,234.710,3829
326.177,679.849,3830
695.671,261.128,3831
337.006,583.526,3832
423.112,598.963,3833
849.809,362.160,3834
377.520,207.166,3835
693.886,505.827,3836
918.583,188.800,3837
608.018,387.857,3838
586.045,525.015,3839
292.062,589.308,3840
223.881,885.176,3841
324.025,697.449,3842
711.251,121.939,3843
783.324,750.520,3844
657.809,928.746,3845
671.071,900.176,3846
66.873,448.510,3847
665.296,576.416,3848
964.612,915.424,3849
571.710,778.291,3850
5.102,727.590,3851
452.596,298.301,3852
975.863,712.533,3853
333.926,9.474,3854
476.589,265.724,3855
855.868,267.257,3856
624.633,251.870,3857
730.609,851.002,3858
156.312,995.737,3859
343.471,324.012,3860
812.404,29.137,3861
1.964,84.958,3862
535.406,510.521,3863
208.961,415.408,3864
43.022,540.907,3865
221.798,882.964,3866
228.462,285.622,3867
614.691,905.469,3868
650.795,875.752,3869
819.835,530.673,3870
864.397,39.142,3871
807.032,263.969,3872
461.889,972.736,3873
668.018,966.565,3874
7.892,726.654,3875
58.030,912.744,3876
580.695,159.479,3877
782.737,610.780,3878
388.128,60.526,3879
859.157,631.328,3880
749.698,871.984,3881
421.138,523.708,3882
807.142,663.098,3883
191.304,98.433,3884
806.479,531.803,3885
28.601,770.289,3886
940.383,155.221,3887
744.077,266.778,3888
269.672,651.573,3889
606.754,294.586,3890
815.830,238.203,3891
490.844,979.409,3892
179.814,839.436,3893
7.097,36.629,3894
11.791,415.223,3895
592.111,594.508,3896
392.842,757.648,3897
908.394,497.546,3898
979.374,644.035,3899
638.133,688.233,3900
322.586,676.184,3901
512.430,876.915,3902
859.706,79.335,3903
951.170,598.957,3904
710.043,167.130,3905
999.000,629.716,3906
199.416,932.748,3907
367.510,558.094,3908
952.067,201.336,3909
278.209,999.000,3910
992.342,176.470,3911
739.915,546.615,3912
977.776,886.990,3913
966.796,59.713,3914
103.705,648.771,3915
511.418,429.750,3916
758.673,966.476,3917
803.711,718.516,3918
11.737,821.459,3919
950.985,902.909,3920
986.927,985.450,3921
679.950,683.685,3922
470.252,631.193,3923
754.497,412.007,3924
920.449,377.670,3925
466.583,584.835,3926
109.029,90.234,3927
210.397,390.115,3928
687.619,985.080,3929
309.274,397.013,3930
999.000,199.097,3931
341.972,484.934,3932
770.670,542.389,3933
264.382,383.719,3934
406.693,176.336,3935
873.749,901.468,3936
169.582,400.968,3937
523.925,308.752,3938
32.966,40.839,3939
387.264,305.959,3940
708.525,230.010,3941
857.000,328.898,3942
50.161,701.720,3943
286.104,179.046,3944
373.061,213.222,3945
627.967,970.206,3946
255.950,792.514,3947
443.822,929.510,3948
767.966,245.952,3949
76.644,198.170,3950
809.510,336.960,3951
172.746,206.776,3952
100.641,788.160,3953
428.980,519.898,3954
377.685,948.811,3955
507.442,880.965,3956
973.485,387.136,3957
89.471,254.685,3958
847.621,383.874,3959
882.819,378.164,3960
579.947,481.242,3961
319.475,208.719,3962
986.932,498.374,3963
38.928,934.330,3964
698.004,499.130,3965
491.280,732.460,3966
295.564,116.124,3967
699.861,660.413,3968
17.194,361.786,3969
971.774,789.629,3970
697.466,93.223,3971
551.001,115.006,3972
116.039,66.996,3973
383.311,979.609,3974
116.048,969.966,3975
430.286,759.221,3976
330.600,868.224,3977
607.857,489.567,3978
795.659,393.750,3979
992.571,394.941,3980
886.140,148.750,3981
479.156,702.708,3982
737.736,529.235,3983
441.391,622.376,3984
4.018,233.597,3985
892.417,851.871,3986
492.859,780.254,3987
408.620,981.704,3988
927.353,780.690,3989
819.237,411.870,3990
57.378,244.679,3991
319.985,0.339,3992
673.498,533.341,3993
907.230,960.836,3994
155.751,529.201,3995
36.136,531.854,3996
362.458,869.771,3997
168.261,662.490,3998
676.663,616.544,3999
602.879,402.337,4000
618.021,970.387,4001
533.996,23.932,4002
258.649,707.616,4003
744.211,682.370,4004
151.643,514.515,4005
478.599,647.040,4006
964.933,254.222,4007
355.494,943.900,4008
867.132,584.233,4009
362.511,389.671,4010
955.293,939.533,4011
930.502,278.463,4012
936.961,584.298,4013
876.385,775.880,4014
420.127,584.736,4015
390.697,257.691,4016
712.623,913.477,4017
572.293,642.244,4018
221.416,61.281,4019
538.989,288.546,4020
943.687,517.109,4021
782.890,807.660,4022
962.188,438.871,4023
633.058,799.444,4024
488.052,865.548,4025
653.588,593.813,4026
599.259,474.963,4027
141.254,360.449,4028
883.709,16.102,4029
566.354,841.261,4030
816.943,735.275,4031
734.744,996.155,4032
647.673,64.496,4033
842.960,814.213,4034
677.531,79.405,4035
671.166,275.828,4036
403.528,639.705,4037
400.073,699.161,4038
78.248,375.352,4039
336.261,587.387,4040
176.214,532.366,4041
972.312,91.768,4042
990.445,967.844,4043
335.712,860.210,4044
604.360,972.957,4045
371.056,504.791,4046
119.018,759.840,4047
179.815,474.646,4048
630.759,816.009,4049
636.893,137.821,4050
974.606,95.905,4051
168.127,909.212,4052
454.612,922.832,4053
775.187,397.204,4054
314.207,224.650,4055
698.226,761.573,4056
135.248,702.010,4057
549.309,876.919,4058
584.187,282.671,4059
966.242,609.236,4060
800.211,856.638,4061
18.495,297.722,4062
882.170,616.952,4063
427.664,898.896,4064
170.786,78.182,4065
540.374,566.462,4066
520.242,536.246,4067
700.465,487.249,4068
421.366,331.315,4069
109.066,333.158,4070
544.647,856.592,4071
641.002,480.514,4072
700.589,334.384,4073
883.705,952.325,4074
162.278,946.775,4075
918.477,255.501,4076
973.720,685.870,4077
193.085,916.544,4078
844.646,138.549,4079
354.622,337.342,4080
218.113,664.995,4081
741.535,171.095,4082
47.458,679.673,4083
803.595,293.984,4084
944.337,696.836,4085
369.179,550.305,4086
852.202,819.603,4087
170.806,487.267,4088
399.488,374.641,4089
966.281,779.919,4090
431.969,595.328,4091
394.476,826.997,4092
231.936,727.367,4093
857.837,116.231,4094
987.105,908.597,4095
750.328,713.008,4096
232.989,398.889,4097
354.103,318.423,4098
797.576,930.394,4099
564.124,841.943,4100
537.387,17.958,4101
151.841,466.535,4102
486.254,878.886,4103
943.274,499.435,4104
957.115,819.190,4105
459.373,923.244,4106
873.315,707.008,4107
669.783,214.353,4108
576.731,66.783,4109
119.078,216.348,4110
779.359,726.131,4111
238.462,435.626,4112
104.708,133.234,4113
599.979,824.988,4114
563.616,911.437,4115
271.482,892.817,4116
90.033,35.240,4117
855.344,192.805,4118
714.474,753.247,4119
915.574,448.348,4120
904.027,826.167,4121
255.067,687.416,4122
410.434,921.282,4123
562.984,859.047,4124
798.094,359.566,4125
785.302,693.453,4126
893.710,16.506,4127
677.099,826.546,4128
296.130,724.821,4129
678.075,189.610,4130
886.604,930.388,4131
303.241,216.526,4132
583.158,845.918,4133
229.375,430.744,4134
889.858,431.505,4135
490.006,190.278,4136
526.333,522.458,4137
572.074,8.334,4138
777.818,243.043,4139
51.142,243.862,4140
359.914,298.525,4141
473.718,655.481,4142
458.860,332.091,4143
844.918,65.468,4144
31.909,759.252,4145
955.015,174.852,4146
367.628,528.836,4147
417.692,465.221,4148
800.158,705.554,4149
708.182,548.627,4150
557.236,437.636,4151
931.880,234.634,4152
805.886,993.158,4153
927.729,123.788,4154
148.232,76.710,4155
62.515,449.978,4156
59.387,929.535,4157
357.327,321.998,4158
908.911,914.419,4159
860.335,120.990,4160
447.656,12.884,4161
802.172,367.231,4162
709.863,702.525,4163
464.650,942.374,4164
31.950,990.023,4165
46.429,278.739,4166
537.780,536.880,4167
823.491,533.145,4168
457.057,735.552,4169
672.839,241.354,4170
134.388,462.532,4171
693.103,836.617,4172
213.844,544.512,4173
923.731,329.517,4174
121.018,853.505,4175
663.107,541.446,4176
256.233,692.807,4177
575.384,976.222,4178
534.761,104.580,4179
74.713,39.353,4180
134.174,894.609,4181
546.124,559.473,4182
249.027,306.617,4183
406.424,427.233,4184
641.417,706.787,4185
340.081,441.754,4186
85.939,844.240,4187
55.150,145.718,4188
282.742,421.906,4189
551.775,476.325,4190
592.724,789.538,4191
240.999,195.148,4192
874.903,783.231,4193
709.507,709.270,4194
920.025,855.788,4195
435.443,303.334,4196
42.179,703.977,4197
386.080,565.534,4198
216.379,959.855,4199
596.809,136.501,4200
353.762,532.754,4201
123.396,888.865,4202
97.092,677.486,4203
183.925,167.903,4204
302.485,668.694,4205
431.302,969.476,4206
470.644,650.537,4207
925.034,402.640,4208
284.194,739.517,4209
365.461,231.144,4210
609.247,90.515,4211
637.790,587.820,4212
564.533,452.219,4213
321.507,655.123,4214
783.454,644.201,4215
881.280,832.315,4216
809.997,317.897,4217
361.639,688.507,4218
5.265,671.269,4219
916.481,646.462,4220
381.760,319.274,4221
437.673,421.998,4222
161.602,677.856,4223
541.663,481.961,4224
151.663,451.230,4225
955.809,484.389,4226
596.150,28.762,4227
722.134,600.425,4228
72.345,977.323,4229
63.000,763.496,4230
979.437,352.384,4231
147.441,422.499,4232
761.139,120.950,4233
110.955,312.257,4234
884.989,969.353,4235
788.916,854.043,4236
848.823,521.984,4237
786.463,102.732,4238
906.802,769.574,4239
599.405,976.011,4240
878.582,914.213,4241
469.431,909.502,4242
759.451,94.737,4243
475.027,589.772,4244
160.520,809.733,4245
222.628,141.344,4246
569.446,679.232,4247
703.804,442.378,4248
460.403,724.719,4249
287.927,201.798,4250
823.841,959.297,4251
59.257,345.387,4252
524.270,76.719,4253
559.874,455.134,4254
226.647,878.797,4255
669.519,482.754,4256
193.424,20.543,4257
855.149,874.210,4258
514.227,560.390,4259
931.049,831.850,4260
220.648,976.487,4261
744.632,875.846,4262
254.415,370.404,4263
567.676,557.245,4264
963.775,481.852,4265
986.982,598.342,4266
70.056,126.185,4267
673.522,32.441,4268
833.455,4.613,4269
785.076,392.044,4270
531.595,209.123,4271
951.947,700.741,4272
330.373,566.894,4273
939.578,693.580,4274
875.747,959.459,4275
114.580,253.746,4276
824.067,586.215,4277
817.884,660.788,4278
128.742,202.895,4279
727.719,194.068,4280
727.182,543.761,4281
461.839,898.904,4282
225.251,448.100,4283
450.915,510.905,4284
94.482,813.859,4285
638.824,743.633,4286
225.795,733.425,4287
522.893,607.369,4288
979.406,525.062,4289
57.794,425.131,4290
508.854,833.561,4291
7.957,202.186,4292
249.644,613.201,4293
576.476,73.084,4294
310.127,678.215,4295
194.671,775.183,4296
828.942,560.055,4297
341.018,610.123,4298
51.908,26.132,4299
69.294,25.213,4300
463.695,736.517,4301
799.904,431.357,4302
737.802,344.085,4303
594.036,764.974,4304
240.610,779.754,4305
100.632,698.103,4306
873.434,774.301,4307
347.346,300.600,4308
606.421,865.147,4309
959.805,447.110,4310
145.286,820.552,4311
506.603,89.206,4312
590.504,107.190,4313
865.664,765.468,4314
428.982,241.199,4315
95.935,282.045,4316
443.958,951.189,4317
362.133,957.569,4318
111.978,769.825,4319
90.678,11.396,4320
508.918,285.578,4321
586.100,469.950,4322
516.983,421.330,4323
803.401,553.208,4324
635.834,596.650,4325
187.312,30.592,4326
166.441,78.163,4327
790.968,955.234,4328
982.897,947.488,4329
319.298,56.788,4330
340.764,687.719,4331
126.629,796.945,4332
861.640,816.301,4333
61.214,8.736,4334
228.220,268.157,4335
633.052,611.838,4336
403.505,453.842,4337
576.779,223.681,4338
982.916,430.782,4339
381.201,295.098,4340
871.461,468.237,4341
534.207,877.939,4342
390.833,854.238,4343
607.239,361.481,4344
950.432,146.117,4345
373.060,818.221,4346
591.491,913.402,4347
539.737,131.984,4348
635.105,729.411,4349
700.932,451.095,4350
630.441,101.227,4351
368.200,125.018,4352
918.640,472.767,4353
671.567,467.773,4354
941.528,365.328,4355
298.402,511.603,4356
343.694,470.182,4357
695.771,890.968,4358
395.822,406.316,4359
881.502,280.857,4360
983.397,760.951,4361
266.229,863.057,4362
33.862,766.491,4363
339.791,8.976,4364
997.205,31.563,4365
362.238,796.352,4366
49.297,758.907,4367
985.872,884.833,4368
981.190,61.712,4369
746.243,905.774,4370
336.388,259.072,4371
719.750,846.989,4372
74.411,148.414,4373
586.641,939.629,4374
92.579,345.991,4375
843.344,422.755,4376
169.517,830.621,4377
826.382,483.836,4378
952.667,37.219,4379
991.406,595.765,4380
671.193,754.660,4381
102.900,723.188,4382
369.566,198.307,4383
454.105,299.793,4384
147.432,940.063,4385
53.955,961.512,4386
793.686,157.681,4387
539.239,704.435,4388
540.788,955.755,4389
3.820,634.761,4390
707.573,741.758,4391
396.818,860.878,4392
487.286,397.976,4393
605.576,586.211,4394
356.467,166.577,4395
3.976,262.958,4396
671.810,749.940,4397
904.434,188.897,4398
780.664,763.925,4399
189.911,271.369,4400
188.983,743.981,4401
666.786,579.942,4402
726.040,586.593,4403
638.354,524.634,4404
642.423,833.363,4405
250.668,299.786,4406
498.949,788.879,4407
40.950,618.295,4408
732.675,638.192,4409
429.378,95.441,4410
932.808,273.511,4411
125.408,139.487,4412
979.376,183.596,4413
906.822,101.785,4414
27.157,83.632,4415
466.787,360.185,4416
225.933,339.565,4417
535.219,159.109,4418
915.016,413.981,4419
150.819,253.238,4420
831.807,745.566,4421
638.463,912.473,4422
722.581,432.160,4423
533.971,418.963,4424
577.518,957.710,4425
669.740,308.724,4426
259.529,301.270,4427
123.732,429.061,4428
37.737,637.017,4429
578.203,860.730,4430
886.550,949.694,4431
785.136,978.119,4432
406.474,36.361,4433
551.839,757.163,4434
434.294,390.438,4435
80.765,192.036,4436
62.509,278.029,4437
741.996,130.098,4438
998.284,371.797,4439
198.735,861.944,4440
983.863,875.225,4441
403.228,352.669,4442
818.955,106.038,4443
142.109,233.452,4444
203.700,471.997,4445
851.434,506.609,4446
975.389,361.272,4447
4.902,512.378,4448
398.734,582.186,4449
200.728,353.409,4450
849.211,276.538,4451
764.440,126.440,4452
832.317,738.462,4453
273.967,202.111,4454
697.913,993.114,4455
488.095,933.226,4456
36.102,593.585,4457
627.075,147.069,4458
383.140,533.014,4459
77.588,15.937,4460
888.609,79.362,4461
203.144,403.571,4462
111.497,389.359,4463
366.720,979.254,4464
692.208,466.239,4465
713.775,454.772,4466
152.615,393.389,4467
992.405,849.972,4468
672.471,369.891,4469
412.764,42.502,4470
342.158,453.089,4471
947.289,901.051,4472
289.037,945.534,4473
36.187,30.749,4474
749.775,870.939,4475
748.963,370.838,4476
838.808,536.859,4477
26.127,587.948,4478
682.548,89.425,4479
449.734,542.130,4480
490.651,959.192,4481
712.261,444.526,4482
364.674,568.474,4483
814.589,960.215,4484
995.149,316.926,4485
859.260,265.921,4486
587.489,627.736,4487
446.584,292.833,4488
591.798,600.796,4489
430.986,702.611,4490
473.494,156.379,4491
607.031,455.096,4492
375.594,447.041,4493
767.441,65.469,4494
538.485,322.543,4495
691.992,766.916,4496
165.956,398.551,4497
619.564,353.524,4498
231.584,111.824,4499
320.541,510.488,4500
693.500,694.653,4501
930.229,109.112,4502
896.580,593.987,4503
154.398,267.718,4504
805.731,686.227,4505
201.328,496.728,4506
611.650,846.115,4507
394.376,368.243,4508
852.811,618.766,4509
537.437,491.003,4510
695.407,662.517,4511
287.366,68.032,4512
32.199,278.433,4513
999.000,201.651,4514
454.286,140.125,4515
4.162,659.293,4516
106.466,257.358,4517
36.622,205.895,4518
389.941,248.172,4519
956.173,876.713,4520
881.280,647.768,4521
556.785,661.929,4522
881.253,383.234,4523
566.389,521.389,4524
543.160,64.358,4525
542.131,155.080,4526
609.042,459.010,4527
365.188,878.685,4528
1.304,106.806,4529
375.466,292.012,4530
715.264,559.779,4531
231.392,579.270,4532
388.368,397.724,4533
900.777,272.828,4534
692.793,247.601,4535
312.957,957.555,4536
771.996,856.730,4537
976.087,298.623,4538
123.124,297.187,4539
132.470,716.584,4540
960.146,768.287,4541
746.812,894.429,4542
663.882,325.682,4543
803.028,295.492,4544
156.780,318.429,4545
155.700,727.374,4546
68.262,980.137,4547
645.958,229.001,4548
470.184,906.757,4549
461.667,93.444,4550
50.293,16.267,4551
900.018,778.898,4552
915.393,965.151,4553
674.922,334.382,4554
766.366,26.836,4555
524.447,850.651,4556
944.341,454.368,4557
270.088,746.135,4558
283.131,11.647,4559
130.451,629.590,4560
479.370,859.769,4561
978.938,624.866,4562
312.597,720.949,4563
868.306,953.949,4564
700.459,442.902,4565
12.495,246.906,4566
320.330,558.086,4567
909.182,366.464,4568
286.027,617.435,4569
353.814,178.974,4570
579.312,216.762,4571
968.548,666.620,4572
573.238,893.741,4573
471.817,361.450,4574
123.338,992.387,4575
834.065,754.553,4576
785.398,784.260,4577
321.299,750.259,4578
387.924,518.214,4579
812.178,206.886,4580
247.232,557.776,4581
345.492,992.556,4582
38.522,559.770,4583
335.038,151.182,4584
479.969,237.574,4585
60.198,744.337,4586
572.667,971.442,4587
451.551,21.780,4588
805.810,98.959,4589
653.635,145.179,4590
323.312,785.763,4591
201.422,176.485,4592
984.453,832.091,4593
464.844,897.562,4594
660.200,228.068,4595
900.085,979.205,4596
186.151,900.634,4597
449.682,546.280,4598
41.263,862.640,4599
190.985,515.385,4600
22.975,305.854,4601
844.924,654.147,4602
521.580,546.135,4603
961.373,758.123,4604
439.283,604.671,4605
942.057,891.287,4606
322.837,1.564,4607
563.170,823.763,4608
396.032,520.172,4609
393.010,297.779,4610
252.406,644.331,4611
76.005,378.640,4612
962.247,184.805,4613
397.659,218.047,4614
183.349,31.158,4615
52.875,874.785,4616
916.928,321.414,4617
442.315,913.106,4618
50.318,876.887,4619
375.696,843.476,4620
791.313,175.711,4621
232.778,932.494,4622
242.884,103.370,4623
204.523,822.475,4624
38.678,591.259,4625
306.677,377.755,4626
712.106,478.652,4627
825.014,520.056,4628
999.000,772.130,4629
808.546,385.283,4630
765.311,343.844,4631
902.112,422.288,4632
92.195,984.942,4633
31.232,759.612,4634
593.692,9.537,4635
772.176,855.278,4636
507.740,536.783,4637
823.624,790.086,4638
563.532,983.182,4639
571.747,109.802,4640
364.765,885.984,4641
568.559,772.178,4642
65.129,634.962,4643
421.560,46.895,4644
439.395,706.091,4645
174.676,649.146,4646
299.182,796.090,4647
252.802,716.115,4648
791.946,551.825,4649
448.157,811.977,4650
135.391,604.030,4651
590.825,320.963,4652
201.760,509.802,4653
479.942,40.410,4654
944.345,492.866,4655
618.703,317.649,4656
89.315,917.461,4657
240.919,580.975,4658
826.131,288.060,4659
403.700,151.600,4660
224.458,203.228,4661
675.833,293.736,4662
109.173,776.174,4663
962.185,852.212,4664
919.043,511.485,4665
158.276,354.311,4666
292.546,744.035,4667
582.443,70.089,4668
697.417,487.028,4669
28.541,524.056,4670
90.210,725.369,4671
702.772,532.708,4672
373.695,765.103,4673
234.595,876.216,4674
261.104,998.563,4675
835.451,268.091,4676
320.347,567.756,4677
118.976,773.289,4678
373.926,321.169,4679
314.874,102.235,4680
904.843,844.454,4681
97.148,74.341,4682
881.393,752.261,4683
712.201,433.205,4684
591.815,359.277,4685
689.311,198.120,4686
588.247,639.359,4687
240.682,591.544,4688
588.105,14.635,4689
741.687,837.282,4690
355.260,497.848,4691
478.743,993.042,4692
1.530,535.090,4693
169.632,213.638,4694
72.084,63.812,4695
493.637,988.664,4696
144.450,892.185,4697
811.574,615.324,4698
272.344,365.489,4699
696.009,919.610,4700
209.489,189.332,4701
873.353,718.760,4702
722.282,139.121,4703
68.184,325.585,4704
140.581,90.920,4705
312.795,496.846,4706
166.105,355.500,4707
347.077,170.413,4708
657.058,99.025,4709
314.913,105.950,4710
673.743,169.252,4711
924.618,629.880,4712
265.792,883.438,4713
382.776,581.978,4714
682.111,374.378,4715
363.673,758.951,4716
908.452,409.431,4717
683.660,561.897,4718
670.893,215.743,4719
670.229,777.355,4720
569.419,907.830,4721
515.152,63.267,4722
858.985,230.018,4723
889.265,977.297,4724
697.796,275.241,4725
180.354,421.187,4726
949.745,859.157,4727
412.974,597.505,4728
855.167,861.168,4729
815.631,153.038,4730
737.315,966.296,4731
317.498,5.924,4732
560.431,254.624,4733
259.719,556.208,4734
439.549,476.880,4735
25.856,632.915,4736
600.622,307.419,4737
178.167,323.252,4738
610.241,142.780,4739
75.446,541.200,4740
318.023,727.036,4741
80.283,239.331,4742
524.938,830.909,4743
60.444,178.062,4744
41.763,434.087,4745
17.585,214.517,4746
143.446,678.760,4747
865.084,894.055,4748
758.640,346.604,4749
102.287,564.591,4750
774.498,504.349,4751
334.170,345.464,4752
644.315,494.390,4753
106.496,173.144,4754
421.513,368.689,4755
418.409,895.689,4756
407.071,808.773,4757
533.515,844.922,4758
518.615,321.587,4759
203.186,264.253,4760
810.022,588.326,4761
584.036,452.281,4762
255.700,804.709,4763
648.086,457.239,4764
317.013,246.346,4765
371.150,727.737,4766
343.975,255.002,4767
36.793,1.012,4768
642.211,784.163,4769
466.277,66.204,4770
608.015,98.942,4771
502.602,265.978,4772
808.585,376.744,4773
310.602,517.021,4774
73.204,575.751,4775
244.035,60.044,4776
776.439,842.540,4777
417.648,323.604,4778
297.397,907.207,4779
821.165,383.350,4780
820.186,778.681,4781
729.134,156.994,4782
548.041,92.399,4783
982.053,4.525,4784
829.162,503.789,4785
960.859,126.925,4786
331.202,125.159,4787
531.339,773.047,4788
426.830,1.536,4789
914.490,685.200,4790
751.127,330.375,4791
251.407,478.343,4792
41.294,941.534,4793
155.546,985.577,4794
284.482,848.078,4795
266.626,878.725,4796
931.543,200.233,4797
872.002,291.150,4798
330.666,992.999,4799
487.046,115.928,4800
642.187,813.270,4801
660.459,93.282,4802
811.821,529.308,4803
377.621,576.559,4804
946.395,53.973,4805
366.289,613.330,4806
551.257,435.436,4807
971.638,794.967,4808
535.260,350.240,4809
583.129,583.861,4810
781.110,792.387,4811
241.707,942.450,4812
92.059,947.109,4813
451.420,389.346,4814
304.975,511.570,4815
801.430,654.288,4816
180.423,115.493,4817
253.540,799.338,4818
298.834,880.210,4819
419.782,71.361,4820
736.937,989.583,4821
838.430,412.865,4822
321.072,107.522,4823
354.936,878.114,4824
198.017,574.938,4825
135.137,958.544,4826
546.471,260.795,4827
976.135,56.835,4828
545.912,3.624,4829
406.781,442.212,4830
96.598,522.842,4831
198.812,603.517,4832
103.186,385.761,4833
986.325,732.844,4834
513.434,281.981,4835
741.642,163.354,4836
931.037,788.506,4837
208.555,787.710,4838
62.350,372.352,4839
612.917,764.251,4840
137.778,503.562,4841
386.351,512.701,4842
256.371,519.428,4843
577.885,266.600,4844
273.343,285.783,4845
373.584,153.223,4846
149.854,559.415,4847
614.890,953.689,4848
94.438,140.171,4849
626.175,114.412,4850
997.371,535.683,4851
867.855,452.666,4852
575.701,935.690,4853
995.366,566.488,4854
234.388,272.271,4855
742.862,608.571,4856
609.429,836.980,4857
755.554,33.877,4858
573.960,93.685,4859
865.291,178.882,4860
860.449,918.423,4861
41.411,429.114,4862
650.675,13.445,4863
681.914,158.479,4864
22.552,160.918,4865
374.001,643.447,4866
240.109,83.769,4867
187.603,14.565,4868
60.264,720.449,4869
889.352,427.411,4870
164.836,466.846,4871
721.777,524.486,4872
75.551,223.323,4873
750.534,83.756,4874
257.747,496.436,4875
969.418,63.784,4876
617.805,354.766,4877
476.523,293.813,4878
241.616,177.824,4879
404.698,64.252,4880
520.713,69.201,4881
309.945,205.807,4882
820.793,334.436,4883
125.146,33.951,4884
658.481,756.411,4885
466.221,625.228,4886
243.533,432.606,4887
20.969,959.487,4888
263.257,21.727,4889
859.086,798.535,4890
744.109,776.816,4891
645.836,489.726,4892
633.220,259.688,4893
509.987,201.312,4894
570.484,951.483,4895
964.550,383.916,4896
844.755,768.330,4897
292.102,493.537,4898
411.254,762.632,4899
458.476,499.446,4900
468.635,575.161,4901
92.577,470.991,4902
819.402,753.108,4903
415.163,464.651,4904
154.295,378.818,4905
757.927,783.844,4906
236.827,96.829,4907
593.648,233.026,4908
425.310,377.532,4909
360.347,998.044,4910
692.823,690.892,4911
185.769,0.680,4912
801.043,345.691,4913
897.299,372.626,4914
679.896,155.381,4915
452.112,864.522,4916
303.511,315.595,4917
394.512,765.333,4918
452.844,834.362,4919
138.657,832.564,4920
709.234,743.918,4921
190.849,686.712,4922
6.285,75.398,4923
635.500,863.709,4924
479.121,163.137,4925
235.127,696.416,4926
507.093,818.797,4927
119.114,95.532,4928
297.028,405.221,4929
647.854,634.608,4930
255.338,356.923,4931
521.344,630.114,4932
225.343,999.000,4933
344.618,709.685,4934
43.093,675.813,4935
784.963,540.137,4936
680.579,386.131,4937
369.219,91.410,4938
119.290,268.110,4939
476.575,286.799,4940
866.841,744.981,4941
996.962,118.331,4942
366.078,499.055,4943
312.131,550.709,4944
602.919,672.855,4945
244.840,242.841,4946
11.605,737.881,4947
603.794,863.555,4948
900.185,910.161,4949
298.609,867.440,4950
594.239,976.091,4951
519.539,683.855,4952
304.917,146.919,4953
913.441,968.452,4954
542.206,992.127,4955
472.120,136.105,4956
39.524,82.731,4957
603.624,704.123,4958
528.674,945.115,4959
271.924,999.000,4960
647.835,154.088,4961
545.084,699.018,4962
394.440,161.288,4963
540.038,706.788,4964
464.630,44.907,4965
150.250,443.366,4966
241.325,643.278,4967
447.286,807.245,4968
82.489,990.059,4969
544.174,590.847,4970
981.552,573.866,4971
159.366,430.757,4972
161.441,276.769,4973
93.268,556.582,4974
737.000,231.252,4975
942.338,644.474,4976
812.635,405.266,4977
727.730,648.820,4978
37.095,41.066,4979
904.922,985.887,4980
484.252,882.147,4981
651.659,492.405,4982
972.700,957.146,4983
379.619,907.151,4984
318.383,31.056,4985
781.550,620.538,4986
356.861,310.185,4987
353.353,283.789,4988
713.220,829.372,4989
201.476,469.912,4990
228.629,92.365,4991
150.751,810.480,4992
439.622,553.209,4993
340.442,688.957,4994
868.905,26.303,4995
492.849,908.388,4996
5.675,85.307,4997
98.658,558.550,4998
235.312,268.592,4999
971.344,585.671,5000
636.378,247.248,5001
276.415,860.343,5002
439.922,826.562,5003
932.768,751.046,5004
944.576,929.831,5005
394.342,869.882,5006
602.826,488.221,5007
883.458,444.795,5008
875.486,73.003,5009
495.975,736.022,5010
121.507,548.942,5011
144.213,903.802,5012
898.451,542.735,5013
656.180,651.683,5014
237.523,628.078,5015
808.917,857.895,5016
221.655,783.288,5017
409.652,398.524,5018
422.107,916.656,5019
819.206,942.344,5020
685.851,131.142,5021
263.176,673.712,5022
47.228,239.646,5023
691.665,329.097,5024
231.686,779.802,5025
44.237,709.382,5026
412.551,34.671,5027
116.890,569.856,5028
916.008,124.775,5029
838.062,564.839,5030
905.416,462.096,5031
191.411,580.528,5032
563.640,695.914,5033
409.120,827.179,5034
123.859,152.518,5035
221.004,221.220,5036
447.029,634.301,5037
624.499,213.093,5038
788.145,463.211,5039
279.552,994.503,5040
387.765,812.848,5041
335.320,663.651,5042
623.705,879.637,5043
802.403,969.762,5044
522.024,710.006,5045
638.273,407.767,5046
561.264,684.900,5047
634.095,350.920,5048
447.446,171.549,5049
213.318,912.496,5050
402.932,637.730,5051
716.401,125.036,5052
253.240,94.487,5053
620.528,660.737,5054
422.969,844.570,5055
156.827,621.584,5056
602.758,974.691,5057
885.545,297.904,5058
74.625,97.549,5059
130.068,801.323,5060
352.326,5.111,5061
167.831,546.599,5062
410.225,685.645,5063
409.844,847.589,5064
159.549,405.615,5065
768.822,912.645,5066
899.661,729.441,5067
809.043,952.364,5068
914.884,678.827,5069
910.953,527.003,5070
813.541,598.663,5071
581.471,812.438,5072
807.730,959.235,5073
144.885,984.607,5074
774.921,154.280,5075
584.372,424.780,5076
414.599,103.462,5077
628.283,995.446,5078
747.300,816.275,5079
677.711,288.753,5080
392.235,469.603,5081
476.867,683.268,5082
797.864,355.088,5083
89.233,353.598,5084
552.153,474.168,5085
358.226,119.154,5086
246.446,795.599,5087
572.908,87.410,5088
83.297,131.466,5089
968.440,412.749,5090
295.848,389.458,5091
747.964,116.839,5092
759.747,748.296,5093
590.827,828.765,5094
788.228,144.195,5095
252.303,757.572,5096
469.372,319.785,5097
463.816,108.769,5098
317.814,863.818,5099
427.355,909.053,5100
364.357,333.323,5101
356.593,980.381,5102
570.114,169.544,5103
353.744,867.682,5104
321.531,926.736,5105
835.841,848.903,5106
2.840,623.338,5107
474.180,39.024,5108
542.608,434.530,5109
20.615,969.540,5110
154.689,168.089,5111
217.683,746.320,5112
749.870,993.867,5113
703.340,522.245,5114
752.522,117.532,5115
72.515,324.135,5116
146.567,914.762,5117
622.309,872.276,5118
180.558,179.453,5119
89.072,252.031,5120
301.244,557.880,5121
448.841,8.545,5122
917.871,90.480,5123
402.965,879.710,5124
374.509,422.979,5125
279.585,903.166,5126
647.307,374.109,5127
437.597,281.823,5128
197.285,729.188,5129
456.924,914.661,5130
115.981,681.458,5131
772.645,117.403,5132
957.540,767.813,5133
455.638,88.674,5134
831.510,314.780,5135
759.971,448.874,5136
222.789,225.423,5137
650.231,586.381,5138
286.985,782.370,5139
689.862,84.468,5140
647.269,134.788,5141
481.767,755.156,5142
619.522,282.224,5143
245.597,119.910,5144
251.506,141.707,5145
596.541,603.140,5146
489.454,203.318,5147
41.054,974.990,5148
98.716,936.743,5149
628.576,793.891,5150
295.560,7.405,5151
646.950,958.356,5152
927.807,782.866,5153
941.282,46.308,5154
939.383,559.977,5155
992.282,894.101,5156
593.809,534.582,5157
410.829,91.089,5158
802.031,390.366,5159
819.876,574.549,5160
595.826,144.992,5161
729.845,177.169,5162
581.622,335.800,5163
447.407,680.949,5164
608.482,483.834,5165
156.484,339.289,5166
761.358,521.232,5167
468.043,196.088,5168
923.318,704.198,5169
298.126,986.305,5170
24.793,765.801,5171
404.726,473.568,5172
484.967,257.353,5173
736.202,347.629,5174
701.455,714.294,5175
905.416,299.264,5176
184.597,372.439,5177
652.344,41.683,5178
532.280,758.849,5179
669.125,842.230,5180
916.265,108.949,5181
963.689,39.845,5182
620.105,990.503,5183
294.607,206.672,5184
298.078,781.300,5185
791.404,220.195,5186
572.970,254.855,5187
357.658,207.428,5188
378.477,924.921,5189
188.153,294.690,5190
816.502,217.512,5191
205.114,901.829,5192
855.905,142.279,5193
427.387,789.671,5194
224.715,620.051,5195
97.970,949.413,5196
581.150,139.918,5197
824.630,393.194,5198
594.349,955.700,5199
604.017,961.335,5200
249.930,357.864,5201
913.773,727.157,5202
408.816,132.294,5203
456.234,863.211,5204
0.520,969.095,5205
71.290,474.155,5206
547.708,125.145,5207
565.717,63.056,5208
373.822,595.669,5209
561.603,52.303,5210
334.486,895.575,5211
664.518,934.793,5212
525.095,554.348,5213
758.975,95.635,5214
492.840,335.018,5215
597.964,801.673,5216
170.586,504.719,5217
386.989,306.433,5218
139.308,923.145,5219
681.143,265.687,5220
937.196,207.417,5221
852.814,138.183,5222
849.666,974.473,5223
964.552,419.814,5224
33.787,390.052,5225
156.530,378.182,5226
334.252,752.014,5227
438.389,909.743,5228
63.905,989.317,5229
267.651,824.900,5230
36.200,794.088,5231
902.989,518.175,5232
336.071,823.291,5233
852.324,271.305,5234
677.655,736.013,5235
204.967,446.635,5236
914.008,362.008,5237
147.222,121.978,5238
528.572,28.407,5239
380.528,585.035,5240
873.718,604.516,5241
24.031,877.005,5242
733.909,254.652,5243
108.653,833.524,5244
979.153,395.559,5245
686.137,63.877,5246
620.989,605.339,5247
653.539,264.503,5248
80.230,866.934,5249
156.115,467.188,5250
302.733,847.135,5251
784.316,826.873,5252
51.121,893.252,5253
393.059,694.850,5254
274.365,466.198,5255
83.117,939.334,5256
49.110,385.637,5257
221.585,85.126,5258
977.313,697.203,5259
827.847,978.067,5260
520.853,355.938,5261
286.731,470.526,5262
368.292,108.039,5263
855.517,483.261,5264
146.483,597.100,5265
94.156,242.007,5266
428.367,200.489,5267
88.393,812.835,5268
812.704,866.780,5269
85.678,683.781,5270
690.195,873.930,5271
914.029,273.109,5272
835.802,364.862,5273
506.502,880.335,5274
52.385,564.754,5275
910.180,361.878,5276
477.219,951.417,5277
444.564,189.693,5278
42.369,198.718,5279
895.357,912.907,5280
163.314,176.649,5281
589.773,247.783,5282
307.525,424.791,5283
190.942,926.371,5284
815.787,632.660,5285
727.664,880.574,5286
744.264,273.661,5287
449.314,215.998,5288
363.453,638.198,5289
502.460,81.994,5290
287.914,473.674,5291
462.463,669.340,5292
631.663,626.713,5293
251.239,831.133,5294
377.436,342.221,5295
631.127,511.346,5296
432.249,351.722,5297
430.189,625.815,5298
871.171,118.812,5299
610.400,834.008,5300
478.549,325.897,5301
383.238,190.715,5302
866.566,753.019,5303
967.531,562.713,5304
658.633,252.152,5305
847.091,14.032,5306
969.957,942.730,5307
845.692,356.748,5308
143.906,267.204,5309
435.544,542.769,5310
658.343,828.030,5311
497.968,795.623,5312
22.160,637.575,5313
600.067,771.352,5314
250.792,249.211,5315
428.250,114.226,5316
484.946,26.176,5317
982.298,807.306,5318
505.089,491.687,5319
813.971,571.905,5320
245.752,690.797,5321
339.900,725.947,5322
568.637,159.780,5323
136.698,199.687,5324
459.974,728.554,5325
994.298,717.818,5326
2.459,241.947,5327
364.209,770.161,5328
886.624,711.025,5329
61.071,214.527,5330
934.265,534.478,5331
690.576,916.453,5332
933.909,243.523,5333
242.947,405.053,5334
850.775,773.426,5335
427.997,899.356,5336
611.565,86.765,5337
535.521,269.835,5338
639.280,107.205,5339
88.962,918.768,5340
473.574,149.595,5341
925.634,682.977,5342
395.850,5.494,5343
553.789,578.954,5344
340.015,129.459,5345
870.555,741.771,5346
867.458,75.115,5347
488.338,613.720,5348
892.873,875.300,5349
771.385,709.196,5350
726.801,967.409,5351
48.832,18.151,5352
232.664,546.274,5353
912.957,130.358,5354
606.716,774.416,5355
221.893,797.179,5356
456.000,899.807,5357
93.540,433.326,5358
955.132,561.550,5359
806.974,326.419,5360
52.616,406.309,5361
697.346,714.524,5362
936.063,710.499,5363
391.879,718.505,5364
654.689,759.466,5365
112.653,121.635,5366
622.984,362.108,5367
143.692,154.546,5368
568.385,598.528,5369
523.429,365.422,5370
160.965,803.339,5371
826.629,13.457,5372
364.753,512.630,5373
599.457,271.831,5374
11.345,797.333,5375
438.068,914.079,5376
293.223,109.610,5377
59.497,72.034,5378
561.449,855.539,5379
929.844,884.287,5380
99.457,356.219,5381
707.357,990.744,5382
375.910,810.394,5383
829.092,563.335,5384
907.391,663.478,5385
97.397,769.136,5386
306.786,405.015,5387
891.559,142.597,5388
526.958,13.168,5389
824.137,955.661,5390
303.171,549.772,5391
457.848,20.699,5392
282.900,98.183,5393
984.754,185.226,5394
38.453,273.836,5395
908.965,496.343,5396
780.292,850.976,5397
298.751,173.480,5398
144.947,785.416,5399
903.874,689.736,5400
39.354,733.006,5401
379.611,370.857,5402
282.476,95.051,5403
456.239,532.797,5404
524.000,961.227,5405
961.882,271.501,5406
535.269,857.812,5407
779.275,4.164,5408
318.043,77.080,5409
164.037,453.230,5410
978.944,891.206,5411
743.606,41.646,5412
81.389,901.100,5413
55.781,865.597,5414
47.210,546.373,5415
319.155,597.114,5416
533.938,599.122,5417
523.680,642.227,5418
437.733,537.757,5419
467.327,715.314,5420
925.158,89.548,5421
148.343,297.696,5422
860.595,596.080,5423
168.430,215.732,5424
575.934,654.595,5425
948.127,75.113,5426
884.179,263.494,5427
35.512,989.859,5428
79.120,297.749,5429
401.688,539.023,5430
705.368,525.201,5431
18.616,370.799,5432
165.859,383.710,5433
47.731,91.082,5434
547.306,3.907,5435
388.972,207.594,5436
721.241,986.402,5437
918.752,221.195,5438
326.262,774.365,5439
21.085,502.514,5440
801.069,276.779,5441
617.574,854.690,5442
698.870,991.046,5443
320.321,903.235,5444
228.650,686.417,5445
663.845,866.809,5446
302.871,219.572,5447
339.528,322.793,5448
124.008,304.733,5449
535.896,599.083,5450
706.620,303.196,5451
250.976,515.561,5452
888.391,376.050,5453
338.592,392.983,5454
646.807,651.503,5455
253.162,194.197,5456
8.728,206.162,5457
931.469,814.319,5458
727.161,697.076,5459
24.774,446.733,5460
247.752,550.160,5461
329.439,487.079,5462
363.341,327.580,5463
883.188,522.338,5464
949.561,31.436,5465
609.360,317.566,5466
43.853,100.502,5467
525.807,829.350,5468
739.216,370.906,5469
346.219,917.536,5470
921.535,152.115,5471
528.608,75.958,5472
654.553,225.310,5473
53.820,456.118,5474
67.312,62.984,5475
595.750,28.916,5476
313.777,851.749,5477
46.207,455.046,5478
661.990,409.304,5479
105.046,423.853,5480
674.297,253.625,5481
657.557,301.982,5482
536.694,565.634,5483
685.022,49.480,5484
489.259,632.210,5485
632.314,582.075,5486
502.940,335.683,5487
67.665,29.094,5488
511.081,932.601,5489
361.570,788.540,5490
846.534,242.682,5491
711.744,514.813,5492
833.449,47.529,5493
783.746,509.321,5494
610.546,901.562,5495
347.135,546.157,5496
711.605,806.414,5497
423.114,212.320,5498
398.052,125.160,5499
87.304,780.357,5500
234.249,162.403,5501
642.853,669.974,5502
209.985,647.676,5503
916.185,57.589,5504
667.257,199.641,5505
764.417,849.160,5506
737.704,247.561,5507
268.038,187.786,5508
353.118,539.770,5509
847.485,647.291,5510
106.315,478.603,5511
894.628,722.751,5512
307.811,878.428,5513
124.369,125.190,5514
102.721,647.289,5515
176.822,793.452,5516
487.561,273.677,5517
822.979,418.703,5518
294.810,925.933,5519
757.580,510.362,5520
18.216,450.757,5521
313.489,4.037,5522
82.993,276.324,5523
263.637,367.448,5524
132.172,350.515,5525
420.090,355.505,5526
619.334,255.911,5527
327.682,797.413,5528
672.780,646.760,5529
752.958,790.274,5530
768.275,21.740,5531
76.766,94.615,5532
675.625,991.131,5533
902.077,992.228,5534
213.542,611.964,5535
336.968,746.975,5536
594.833,979.146,5537
227.402,640.539,5538
949.426,107.200,5539
596.492,659.664,5540
172.810,570.276,5541
348.121,341.115,5542
38.245,637.784,5543
823.237,884.304,5544
84.882,821.283,5545
549.084,91.488,5546
994.527,143.415,5547
337.358,138.019,5548
564.489,978.555,5549
278.385,664.055,5550
280.081,209.661,5551
740.069,165.740,5552
552.053,609.380,5553
838.966,474.498,5554
720.148,107.786,5555
179.574,399.488,5556
365.809,593.422,5557
935.744,254.674,5558
376.076,105.359,5559
586.006,622.734,5560
534.103,399.286,5561
691.771,182.548,5562
542.483,466.842,5563
896.417,860.762,5564
143.689,744.541,5565
401.505,868.482,5566
535.168,552.314,5567
749.989,308.444,5568
701.360,424.851,5569
239.408,913.986,5570
978.004,348.492,5571
988.576,512.224,5572
265.130,772.264,5573
955.172,963.904,5574
601.007,466.850,5575
326.446,977.554,5576
488.528,507.908,5577
948.051,656.969,5578
228.418,889.877,5579
9.600,733.408,5580
47.573,787.451,5581
704.778,910.659,5582
590.209,922.579,5583
635.790,293.142,5584
166.627,520.011,5585
50.519,565.394,5586
207.811,173.465,5587
930.511,377.149,5588
872.699,684.974,5589
93.328,682.829,5590
59.661,963.134,5591
48.364,234.209,5592
608.607,535.503,5593
995.185,903.392,5594
809.183,3.009,5595
428.493,503.443,5596
471.452,44.150,5597
959.794,235.533,5598
141.484,809.650,5599
691.720,825.419,5600
450.899,686.449,5601
224.572,8.933,5602
614.656,946.016,5603
673.188,769.591,5604
402.306,401.027,5605
424.016,51.638,5606
993.233,734.084,5607
702.053,197.077,5608
490.871,501.046,5609
223.602,885.391,5610
403.383,42.100,5611
550.624,447.492,5612
758.304,535.031,5613
900.120,538.255,5614
477.879,567.797,5615
518.802,418.840,5616
352.053,545.662,5617
920.763,283.290,5618
914.098,448.501,5619
293.357,591.117,5620
318.128,919.448,5621
375.188,503.776,5622
746.636,372.067,5623
329.918,194.049,5624
18.450,263.545,5625
446.617,470.616,5626
722.335,820.601,5627
458.486,77.110,5628
476.549,71.980,5629
41.167,616.617,5630
274.703,895.625,5631
706.712,858.219,5632
114.795,811.817,5633
124.992,226.234,5634
295.265,860.637,5635
126.192,392.213,5636
947.716,851.813,5637
712.305,268.655,5638
312.004,399.871,5639
143.525,453.875,5640
208.937,870.405,5641
71.869,251.500,5642
901.656,365.492,5643
278.532,119.477,5644
298.840,255.354,5645
208.108,577.645,5646
35.944,351.365,5647
634.221,532.070,5648
162.596,953.491,5649
813.089,827.701,5650
722.820,733.208,5651
341.608,889.394,5652
962.522,614.407,5653
819.604,631.814,5654
262.178,565.771,5655
243.237,156.529,5656
298.185,359.962,5657
839.756,117.108,5658
30.446,364.417,5659
32.447,429.964,5660
289.063,2.925,5661
833.344,947.229,5662
178.960,178.262,5663
548.578,520.828,5664
517.052,344.051,5665
746.163,875.198,5666
458.075,610.850,5667
509.758,959.781,5668
664.208,992.846,5669
299.178,823.636,5670
718.300,537.146,5671
998.249,782.566,5672
677.027,348.894,5673
820.719,301.192,5674
493.827,374.381,5675
302.243,209.354,5676
114.047,897.342,5677
812.533,550.874,5678
414.267,853.269,5679
923.250,763.776,5680
691.471,585.832,5681
452.055,49.704,5682
623.203,292.878,5683
647.953,652.569,5684
693.589,362.984,5685
449.006,85.154,5686
382.336,941.340,5687
864.535,659.890,5688
468.261,808.573,5689
917.785,86.385,5690
948.168,226.644,5691
728.454,398.709,5692
43.409,526.481,5693
231.643,937.921,5694
584.558,719.298,5695
282.758,445.853,5696
253.978,513.190,5697
505.825,458.315,5698
495.636,718.771,5699
87.980,869.497,5700
844.320,193.433,5701
303.213,780.686,5702
863.287,941.537,5703
530.464,18.577,5704
569.834,405.145,5705
379.667,586.554,5706
121.395,450.104,5707
896.279,581.963,5708
57.833,892.705,5709
710.293,831.662,5710
137.127,243.283,5711
718.627,534.718,5712
640.078,125.990,5713
478.878,826.432,5714
101.080,688.063,5715
82.494,731.879,5716
454.366,750.839,5717
982.985,824.885,5718
640.855,237.670,5719
516.090,574.452,5720
358.506,70.668,5721
224.741,530.368,5722
224.637,379.499,5723
865.800,556.647,5724
153.652,300.449,5725
281.006,585.411,5726
596.529,241.799,5727
744.196,451.122,5728
761.589,581.640,5729
446.454,280.606,5730
687.068,700.528,5731
516.035,644.604,5732
429.889,87.631,5733
499.837,375.050,5734
938.883,652.948,5735
273.384,552.464,5736
339.274,529.937,5737
501.806,351.604,5738
844.503,509.528,5739
115.195,693.739,5740
179.402,119.051,5741
400.493,936.614,5742
38.935,837.787,5743
105.241,184.034,5744
426.395,197.467,5745
766.473,474.448,5746
354.650,122.882,5747
504.819,77.062,5748
323.509,332.830,5749
256.731,385.885,5750
604.800,605.353,5751
302.597,744.413,5752
275.736,540.526,5753
489.799,724.141,5754
561.432,865.996,5755
956.080,500.352,5756
228.555,156.339,5757
355.589,894.304,5758
511.685,317.099,5759
679.074,714.045,5760
259.514,972.790,5761
432.674,799.882,5762
624.162,136.468,5763
103.560,575.983,5764
940.723,915.195,5765
466.679,364.256,5766
631.771,443.821,5767
766.725,313.757,5768
91.670,232.413,5769
39.061,465.447,5770
525.239,363.350,5771
415.508,299.026,5772
73.884,50.434,5773
710.305,390.975,5774
318.989,365.846,5775
18.028,814.790,5776
283.705,574.702,5777
57.783,446.550,5778
499.497,476.640,5779
743.291,232.800,5780
313.246,181.249,5781
746.016,55.048,5782
976.057,101.473,5783
755.868,623.000,5784
969.685,127.322,5785
481.650,255.776,5786
917.144,623.500,5787
960.713,449.193,5788
334.203,714.364,5789
697.279,575.674,5790
997.749,751.518,5791
339.006,341.588,5792
954.698,494.050,5793
990.661,686.860,5794
216.766,450.967,5795
60.723,174.848,5796
202.446,384.141,5797
834.488,815.676,5798
782.063,611.384,5799
998.958,874.318,5800
73.307,129.943,5801
641.373,904.871,5802
644.805,188.017,5803
669.611,672.779,5804
625.182,509.790,5805
179.776,429.964,5806
596.631,505.352,5807
972.698,690.184,5808
562.139,29.035,5809
143.366,311.540,5810
723.284,154.085,5811
192.816,914.327,5812
848.136,241.852,5813
748.473,944.597,5814
959.270,169.473,5815
673.125,516.240,5816
577.356,340.496,5817
192.973,139.958,5818
750.927,940.598,5819
44.536,576.680,5820
69.904,938.338,5821
820.798,879.159,5822
507.443,738.786,5823
524.483,722.690,5824
2.927,10.219,5825
365.338,701.273,5826
426.512,777.840,5827
219.735,596.240,5828
619.486,380.436,5829
220.584,158.117,5830
216.757,8.656,5831
347.328,374.013,5832
916.786,623.700,5833
310.634,29.605,5834
666.519,84.049,5835
551.736,38.293,5836
989.888,75.220,5837
865.975,496.107,5838
914.806,754.961,5839
326.700,584.456,5840
403.321,805.867,5841
947.817,156.557,5842
974.075,221.757,5843
445.973,395.421,5844
581.611,512.321,5845
668.654,423.422,5846
676.500,893.439,5847
399.111,48.132,5848
912.649,80.991,5849
637.279,388.708,5850
500.374,954.610,5851
780.640,692.279,5852
618.013,704.941,5853
810.334,373.845,5854
958.417,76.588,5855
612.111,39.397,5856
658.842,266.776,5857
687.129,715.577,5858
101.885,143.993,5859
989.338,507.323,5860
182.206,826.292,5861
115.427,143.284,5862
556.186,837.394,5863
370.749,54.948,5864
127.223,237.890,5865
95.748,309.793,5866
303.575,775.696,5867
316.670,630.827,5868
388.176,209.675,5869
940.149,865.270,5870
783.980,944.622,5871
78.727,906.245,5872
284.254,818.313,5873
171.495,429.692,5874
892.140,904.204,5875
422.483,100.399,5876
423.478,390.929,5877
968.079,535.825,5878
316.028,624.684,5879
560.367,294.889,5880
898.197,445.571,5881
807.739,828.302,5882
149.830,859.979,5883
166.604,254.874,5884
191.619,566.352,5885
230.779,753.842,5886
427.776,64.276,5887
570.303,474.545,5888
912.472,780.171,5889
675.167,214.296,5890
49.829,873.327,5891
753.554,980.173,5892
638.076,526.498,5893
116.808,79.012,5894
960.830,725.967,5895
198.017,675.777,5896
350.086,894.151,5897
459.685,201.653,5898
269.065,219.825,5899
428.409,180.636,5900
580.936,50.227,5901
835.675,487.868,5902
699.429,247.067,5903
82.893,397.716,5904
956.295,417.475,5905
606.949,689.677,5906
741.709,245.533,5907
400.164,340.050,5908
736.289,878.383,5909
137.006,685.093,5910
914.070,133.406,5911
976.301,390.740,5912
621.798,84.346,5913
135.639,898.833,5914
613.224,423.047,5915
305.412,163.436,5916
481.999,500.033,5917
905.419,656.663,5918
160.656,8.119,5919
97.489,686.956,5920
64.712,787.853,5921
199.473,755.477,5922
297.086,466.841,5923
994.748,168.028,5924
203.463,85.861,5925
723.826,342.574,5926
759.174,410.463,5927
234.978,50.786,5928
500.160,824.294,5929
104.958,311.092,5930
320.483,595.219,5931
170.802,10.201,5932
432.733,523.845,5933
627.131,260.471,5934
519.193,125.427,5935
862.285,510.576,5936
919.486,980.606,5937
944.801,306.755,5938
557.674,295.943,5939
835.171,574.150,5940
661.991,335.439,5941
794.183,788.881,5942
43.146,520.186,5943
489.485,50.094,5944
442.313,578.658,5945
628.113,611.622,5946
243.861,190.109,5947
185.706,734.585,5948
309.570,161.911,5949
871.394,635.296,5950
523.058,519.465,5951
522.310,796.748,5952
795.138,213.577,5953
942.816,697.825,5954
642.587,157.895,5955
225.491,75.224,5956
108.846,237.570,5957
724.427,989.316,5958
319.522,154.895,5959
198.513,388.435,5960
392.913,442.580,5961
842.058,64.888,5962
201.011,254.423,5963
798.097,54.916,5964
352.150,599.093,5965
131.599,409.044,5966
56.760,525.446,5967
312.244,694.009,5968
706.668,384.735,5969
873.382,15.047,5970
622.023,650.036,5971
959.460,973.570,5972
751.557,603.105,5973
763.205,333.768,5974
898.123,758.336,5975
908.793,510.031,5976
970.771,70.948,5977
791.829,517.843,5978
857.292,368.951,5979
268.411,886.918,5980
503.154,63.625,5981
307.491,880.429,5982
514.390,889.771,5983
143.170,385.968,5984
567.337,428.360,5985
28.183,978.087,5986
413.206,932.854,5987
848.442,906.411,5988
252.629,179.858,5989
42.716,202.118,5990
13.259,131.426,5991
880.635,475.642,5992
145.955,382.032,5993
628.240,144.067,5994
770.815,425.867,5995
684.678,492.951,5996
328.707,147.328,5997
92.633,816.305,5998
696.926,175.869,5999
283.931,457.477,6000
794.808,204.452,6001
977.942,574.740,6002
666.586,990.901,6003
127.717,386.483,6004
546.409,9.949,6005
88.808,598.455,6006
515.761,412.241,6007
563.552,678.391,6008
412.974,297.228,6009
727.139,208.267,6010
842.679,110.779,6011
418.849,96.788,6012
469.184,610.435,6013
603.245,572.591,6014
904.832,131.915,6015
876.865,581.781,6016
228.363,945.876,6017
54.340,631.387,6018
936.092,310.110,6019
552.420,136.883,6020
535.509,802.980,6021
864.186,538.021,6022
311.377,242.493,6023
407.954,952.314,6024
873.460,592.684,6025
115.081,842.142,6026
429.492,613.915,6027
706.345,272.793,6028
826.161,377.562,6029
549.422,573.883,6030
274.457,520.885,6031
193.456,402.544,6032
262.721,592.443,6033
497.317,414.420,6034
786.528,280.515,6035
861.094,502.111,6036
350.438,860.539,6037
722.719,324.296,6038
153.897,742.258,6039
374.549,875.645,6040
871.828,207.957,6041
480.488,928.552,6042
244.841,840.434,6043
702.039,218.901,6044
285.178,554.561,6045
495.021,920.373,6046
897.453,419.100,6047
644.953,841.202,6048
220.203,641.489,6049
373.048,743.007,6050
621.788,165.902,6051
905.263,473.309,6052
889.784,733.532,6053
170.276,65.403,6054
4.376,561.037,6055
562.816,882.941,6056
980.229,365.105,6057
847.363,993.505,6058
328.307,617.195,6059
239.657,272.653,6060
786.922,860.949,6061
165.340,447.850,6062
909.737,607.865,6063
329.960,451.716,6064
94.987,786.488,6065
585.172,51.533,6066
778.773,994.345,6067
313.462,990.436,6068
712.100,151.836,6069
700.825,556.451,6070
76.519,971.012,6071
998.987,977.900,6072
134.232,990.567,6073
698.744,410.412,6074
351.805,343.699,6075
988.050,596.598,6076
784.988,805.319,6077
769.775,610.134,6078
551.129,161.474,6079
966.441,180.391,6080
142.188,106.805,6081
394.434,782.407,6082
289.505,235.983,6083
262.957,65.423,6084
205.823,657.126,6085
581.292,521.233,6086
68.488,815.412,6087
497.235,950.514,6088
342.248,826.222,6089
978.283,230.630,6090
288.636,619.723,6091
586.778,604.066,6092
603.264,724.170,6093
535.633,215.523,6094
694.865,790.416,6095
511.338,640.919,6096
813.805,667.314,6097
215.435,750.148,6098
125.507,750.510,6099
89.264,626.966,6100
618.532,189.775,6101
396.791,707.821,6102
526.584,977.616,6103
987.163,779.082,6104
398.461,268.357,6105
32.990,886.473,6106
276.925,732.681,6107
234.472,241.393,6108
386.243,634.767,6109
222.819,116.720,6110
349.058,359.534,6111
506.127,367.852,6112
497.105,500.640,6113
305.775,473.001,6114
29.434,103.161,6115
387.120,923.317,6116
312.440,932.868,6117
573.079,184.746,6118
537.506,155.212,6119
539.600,552.407,6120
650.401,849.403,6121
400.090,983.390,6122
376.756,405.001,6123
505.314,732.687,6124
747.173,617.577,6125
305.176,558.902,6126
883.675,943.922,6127
49.572,797.716,6128
528.798,190.815,6129
378.064,420.293,6130
478.917,71.011,6131
441.797,340.044,6132
886.839,933.156,6133
714.973,387.225,6134
304.831,616.442,6135
288.615,891.408,6136
791.818,276.629,6137
800.997,219.461,6138
139.603,124.367,6139
153.567,86.722,6140
640.439,615.666,6141
209.757,7.612,6142
934.397,378.142,6143
485.072,161.105,6144
691.344,649.508,6145
778.071,235.317,6146
303.517,61.511,6147
927.078,290.117,6148
573.855,53.357,6149
41.908,844.404,6150
219.900,505.029,6151
397.794,867.686,6152
90.313,909.763,6153
574.002,841.624,6154
7.620,815.018,6155
962.540,419.984,6156
377.377,92.322,6157
40.510,921.508,6158
856.966,996.727,6159
531.174,288.719,6160
598.979,803.280,6161
633.868,518.238,6162
383.233,415.124,6163
182.379,944.860,6164
136.797,486.523,6165
311.351,561.324,6166
107.988,850.971,6167
158.249,559.933,6168
439.411,427.452,6169
720.600,492.160,6170
191.225,299.590,6171
855.005,437.150,6172
537.020,886.283,6173
288.258,560.487,6174
252.088,956.335,6175
809.963,655.623,6176
464.633,85.955,6177
477.702,928.398,6178
706.037,473.002,6179
389.296,177.623,6180
128.013,436.764,6181
18.656,17.231,6182
520.300,717.223,6183
469.818,686.841,6184
300.003,853.667,6185
508.758,768.222,6186
901.403,101.697,6187
250.642,61.599,6188
442.853,32.114,6189
856.342,27.465,6190
302.849,410.242,6191
218.997,617.065,6192
652.475,900.946,6193
112.514,237.379,6194
455.210,289.382,6195
193.697,364.688,6196
349.574,548.590,6197
842.758,143.995,6198
447.311,891.738,6199
548.851,679.933,6200
629.599,373.801,6201
606.932,919.420,6202
706.070,810.957,6203
365.850,218.942,6204
575.558,351.342,6205
303.514,333.019,6206
198.647,663.210,6207
937.361,907.300,6208
386.081,51.774,6209
274.793,554.279,6210
243.963,193.587,6211
807.980,486.712,6212
281.638,652.608,6213
751.979,692.948,6214
70.912,811.930,6215
959.714,544.711,6216
386.346,715.144,6217
41.019,280.237,6218
286.707,642.824,6219
883.592,271.629,6220
678.063,278.980,6221
760.659,546.899,6222
760.822,401.347,6223
618.929,393.153,6224
189.370,583.866,6225
957.394,509.520,6226
588.794,967.509,6227
461.270,506.225,6228
942.321,286.571,6229
112.947,334.887,6230
69.548,278.756,6231
340.288,228.335,6232
282.483,577.000,6233
189.787,598.990,6234
133.387,25.313,6235
741.313,99.024,6236
341.937,776.404,6237
125.239,643.601,6238
12.028,870.813,6239
965.919,83.776,6240
21.049,628.516,6241
792.535,94.777,6242
368.196,421.333,6243
961.213,810.541,6244
475.405,929.909,6245
140.289,834.831,6246
992.656,75.160,6247
266.852,544.952,6248
455.527,299.750,6249
307.623,557.402,6250
640.865,892.781,6251
497.064,301.300,6252
778.325,781.855,6253
604.825,729.987,6254
0.170,581.231,6255
174.939,49.688,6256
142.906,194.694,6257
55.252,950.502,6258
405.286,459.831,6259
425.787,234.556,6260
428.221,124.183,6261
69.293,191.159,6262
785.345,722.804,6263
667.958,583.571,6264
760.906,866.427,6265
706.614,660.917,6266
574.326,905.543,6267
489.001,245.114,6268
148.017,42.135,6269
224.084,933.812,6270
403.904,735.118,6271
643.677,999.000,6272
798.464,289.878,6273
426.075,222.254,6274
30.202,871.802,6275
413.129,610.810,6276
618.028,324.808,6277
581.300,445.786,6278
322.289,696.342,6279
634.134,728.377,6280
165.707,798.242,6281
951.228,657.087,6282
565.993,128.431,6283
775.071,471.164,6284
424.994,360.106,6285
869.635,575.624,6286
28.352,168.991,6287
121.136,665.365,6288
4.537,833.238,6289
436.346,944.944,6290
884.355,481.402,6291
705.628,807.334,6292
921.722,961.154,6293
525.449,429.552,6294
207.920,110.375,6295
317.837,163.398,6296
172.788,437.479,6297
132.791,587.708,6298
747.457,801.168,6299
899.208,778.563,6300
242.463,807.579,6301
837.754,779.888,6302
231.115,470.855,6303
567.474,987.923,6304
559.987,218.022,6305
99.891,641.069,6306
109.515,234.277,6307
396.340,913.868,6308
739.152,640.813,6309
825.292,798.231,6310
89.359,849.966,6311
634.924,287.601,6312
999.000,910.294,6313
435.048,669.373,6314
564.695,386.368,6315
837.278,291.731,6316
529.793,672.491,6317
495.213,61.255,6318
801.033,893.559,6319
386.651,777.741,6320
582.978,299.885,6321
917.442,92.747,6322
996.919,578.587,6323
750.151,684.465,6324
706.778,760.324,6325
998.164,266.811,6326
701.351,744.766,6327
492.368,721.259,6328
350.340,962.896,6329
10.731,423.592,6330
623.594,860.635,6331
751.461,137.394,6332
683.174,111.716,6333
192.568,398.651,6334
802.265,255.402,6335
790.078,90.597,6336
825.330,542.436,6337
74.070,595.114,6338
582.727,620.501,6339
677.274,25.627,6340
160.354,818.369,6341
236.484,374.064,6342
116.076,131.432,6343
683.289,665.474,6344
361.360,358.070,6345
526.114,390.113,6346
739.454,30.016,6347
47.097,314.226,6348
83.051,476.026,6349
654.676,615.523,6350
389.890,756.782,6351
267.275,715.912,6352
956.515,672.099,6353
871.290,115.251,6354
778.276,104.229,6355
864.992,829.463,6356
727.954,805.826,6357
666.073,113.170,6358
539.111,302.873,6359
997.566,109.511,6360
350.664,76.394,6361
4.592,396.206,6362
372.431,237.717,6363
311.712,270.906,6364
561.573,178.242,6365
617.981,294.754,6366
750.054,343.820,6367
839.447,191.226,6368
36.212,170.712,6369
718.414,627.128,6370
97.964,492.788,6371
751.800,938.115,6372
743.046,159.732,6373
38.886,450.388,6374
435.224,576.568,6375
305.163,886.700,6376
419.091,356.242,6377
164.810,425.525,6378
187.973,610.759,6379
475.919,806.601,6380
484.200,80.448,6381
216.254,693.658,6382
722.553,880.324,6383
889.955,942.071,6384
813.422,91.241,6385
34.226,437.169,6386
93.750,757.353,6387
296.280,758.336,6388
430.747,560.234,6389
702.835,91.818,6390
991.513,958.239,6391
443.075,90.069,6392
899.750,463.445,6393
271.276,81.551,6394
638.170,674.640,6395
415.549,213.219,6396
997.165,627.967,6397
141.979,105.072,6398
65.705,480.756,6399
176.595,685.835,6400
668.829,203.026,6401
398.056,647.215,6402
606.376,69.003,6403
851.742,77.716,6404
573.466,875.935,6405
527.456,619.292,6406
515.648,98.939,6407
214.157,188.231,6408
303.972,604.624,6409
698.640,6.350,6410
735.048,510.106,6411
504.469,209.346,6412
79.606,977.739,6413
147.013,418.835,6414
242.347,987.399,6415
669.142,645.071,6416
606.890,207.188,6417
870.212,361.998,6418
554.416,463.174,6419
297.766,919.041,6420
823.645,525.422,6421
866.704,105.104,6422
793.256,293.389,6423
632.300,93.168,6424
104.577,290.672,6425
574.900,903.811,6426
677.196,287.450,6427
604.940,746.817,6428
521.889,113.318,6429
253.493,939.633,6430
854.025,907.956,6431
867.017,20.223,6432
463.997,448.782,6433
174.303,507.459,6434
66.765,798.030,6435
749.394,467.988,6436
192.947,841.065,6437
928.461,747.736,6438
118.990,747.247,6439
55.669,193.482,6440
487.995,493.998,6441
147.343,828.080,6442
80.933,952.006,6443
766.801,307.015,6444
502.780,450.193,6445
40.661,233.596,6446
729.445,556.738,6447
369.389,770.421,6448
931.163,798.471,6449
419.395,430.487,6450
246.034,775.772,6451
6.585,854.233,6452
188.243,446.564,6453
795.425,335.527,6454
594.518,68.839,6455
236.629,366.059,6456
529.715,716.448,6457
912.488,474.317,6458
510.741,166.308,6459
334.057,737.966,6460
462.050,320.538,6461
903.696,334.042,6462
128.059,402.965,6463
702.177,145.922,6464
146.989,938.572,6465
275.543,563.026,6466
379.176,32.807,6467
861.009,322.850,6468
32.385,70.540,6469
794.910,536.520,6470
643.243,693.922,6471
512.148,388.724,6472
815.724,573.484,6473
699.040,11.405,6474
637.255,606.964,6475
251.708,223.169,6476
81.126,477.441,6477
302.493,460.754,6478
943.567,992.266,6479
962.986,489.208,6480
515.153,701.034,6481
635.996,953.382,6482
832.132,36.590,6483
807.676,578.381,6484
655.292,126.538,6485
576.223,889.710,6486
972.848,367.805,6487
835.833,581.472,6488
725.895,61.970,6489
128.316,925.287,6490
422.690,716.669,6491
556.653,470.606,6492
521.272,788.220,6493
975.043,150.407,6494
959.036,663.894,6495
555.596,50.243,6496
750.823,92.559,6497
50.841,52.219,6498
91.514,329.579,6499
779.002,610.973,6500
85.632,918.663,6501
870.293,630.037,6502
422.899,63.062,6503
999.000,609.332,6504
344.628,548.714,6505
877.854,408.054,6506
600.212,166.511,6507
735.890,464.623,6508
431.625,896.091,6509
342.814,691.831,6510
150.790,509.204,6511
137.685,827.953,6512
326.862,419.440,6513
41.803,466.491,6514
581.598,428.672,6515
231.101,91.510,6516
982.855,252.213,6517
938.119,730.970,6518
297.798,97.878,6519
813.064,553.752,6520
198.373,464.274,6521
304.581,661.248,6522
135.185,590.079,6523
30.987,283.708,6524
67.334,809.183,6525
603.053,952.897,6526
342.875,872.113,6527
706.347,192.975,6528
907.312,196.627,6529
117.269,542.763,6530
340.187,249.670,6531
925.406,824.031,6532
270.645,368.286,6533
74.550,426.275,6534
245.097,901.500,6535
336.504,549.676,6536
545.809,635.578,6537
431.809,51.035,6538
663.319,920.718,6539
415.061,303.857,6540
85.605,273.578,6541
626.546,371.401,6542
451.490,473.819,6543
82.113,643.197,6544
345.896,743.119,6545
591.692,151.690,6546
652.712,687.259,6547
2.563,498.557,6548
712.972,472.553,6549
889.242,855.256,6550
922.405,90.334,6551
191.721,177.565,6552
540.219,713.737,6553
882.236,799.199,6554
466.660,133.315,6555
78.504,922.938,6556
510.834,323.257,6557
204.870,132.705,6558
863.338,139.322,6559
60.173,346.396,6560
26.656,568.212,6561
857.602,522.111,6562
776.301,526.219,6563
572.810,374.412,6564
949.312,832.653,6565
609.673,906.647,6566
218.188,375.002,6567
450.104,174.142,6568
385.757,169.652,6569
628.888,469.416,6570
919.645,78.506,6571
821.667,149.910,6572
617.911,96.451,6573
445.692,798.266,6574
333.822,786.400,6575
279.641,371.950,6576
908.650,948.379,6577
772.375,755.940,6578
569.340,166.833,6579
936.336,893.590,6580
899.693,850.474,6581
374.808,818.488,6582
845.152,900.695,6583
372.907,270.060,6584
11.369,928.470,6585
863.916,930.701,6586
832.060,892.873,6587
359.946,243.421,6588
617.962,527.243,6589
161.658,599.768,6590
900.012,586.602,6591
141.162,787.004,6592
172.540,610.095,6593
261.345,669.846,6594
156.722,169.701,6595
363.360,924.198,6596
476.070,622.444,6597
801.439,457.582,6598
899.675,917.887,6599
935.404,894.194,6600
147.226,603.172,6601
844.675,901.338,6602
100.103,427.958,6603
876.760,217.275,6604
191.402,352.000,6605
775.776,978.328,6606
85.115,966.619,6607
130.009,69.024,6608
908.769,269.175,6609
151.946,886.901,6610
138.556,251.214,6611
890.687,828.179,6612
332.829,690.513,6613
941.645,349.023,6614
533.398,863.127,6615
285.691,187.421,6616
939.704,676.239,6617
376.028,95.009,6618
127.662,986.886,6619
154.856,128.615,6620
766.844,912.192,6621
160.870,34.148,6622
953.125,150.271,6623
938.919,550.789,6624
95.116,166.664,6625
995.881,340.844,6626
135.358,755.782,6627
154.838,107.688,6628
698.342,328.503,6629
382.672,870.580,6630
171.914,106.701,6631
848.038,882.751,6632
628.833,70.254,6633
703.437,954.337,6634
874.871,256.446,6635
602.832,389.291,6636
517.887,415.010,6637
331.431,471.794,6638
128.970,253.525,6639
329.974,24.983,6640
641.513,533.093,6641
867.470,544.013,6642
576.736,622.423,6643
378.802,369.981,6644
412.378,729.456,6645
601.062,100.689,6646
784.392,459.890,6647
774.087,15.826,6648
560.437,74.805,6649
75.621,760.890,6650
242.176,755.067,6651
184.215,240.404,6652
200.533,587.121,6653
710.343,826.653,6654
567.533,377.280,6655
767.826,877.897,6656
219.742,938.442,6657
152.249,806.306,6658
246.113,514.732,6659
442.714,243.082,6660
668.011,220.543,6661
638.793,878.428,6662
519.298,584.964,6663
687.418,973.077,6664
577.947,351.042,6665
860.668,626.592,6666
781.226,25.808,6667
611.781,327.011,6668
951.036,78.366,6669
259.108,597.511,6670
799.451,253.400,6671
513.940,848.629,6672
312.483,242.418,6673
498.356,921.038,6674
296.442,717.916,6675
785.368,502.124,6676
937.256,915.555,6677
619.655,184.604,6678
126.319,349.847,6679
314.344,842.664,6680
775.519,684.314,6681
682.105,246.842,6682
265.250,541.989,6683
460.972,368.465,6684
810.277,438.696,6685
512.502,489.747,6686
197.871,944.093,6687
841.377,820.301,6688
459.362,683.295,6689
268.691,61.246,6690
535.693,698.293,6691
737.307,292.786,6692
842.375,318.100,6693
785.940,704.406,6694
346.001,683.491,6695
127.613,618.268,6696
364.390,375.601,6697
363.752,121.704,6698
499.835,118.754,6699
166.135,49.423,6700
527.117,101.234,6701
482.373,38.029,6702
641.839,275.109,6703
525.734,574.975,6704
262.635,894.461,6705
455.958,297.643,6706
321.390,307.953,6707
629.318,848.963,6708
171.954,843.837,6709
138.286,387.805,6710
811.065,673.172,6711
409.756,502.314,6712
124.257,518.193,6713
825.931,728.322,6714
918.975,805.807,6715
103.741,357.951,6716
58.907,444.799,6717
769.742,362.469,6718
275.081,910.249,6719
11.489,276.903,6720
109.049,503.323,6721
140.706,950.043,6722
222.924,820.679,6723
521.479,839.414,6724
472.994,277.695,6725
521.669,951.308,6726
147.180,332.147,6727
177.001,279.200,6728
562.792,209.425,6729
692.394,926.423,6730
170.755,621.434,6731
208.917,421.003,6732
317.908,495.124,6733
36.780,222.631,6734
956.282,693.813,6735
160.249,912.007,6736
254.299,159.562,6737
720.305,158.851,6738
677.089,194.364,6739
575.010,168.112,6740
655.421,549.098,6741
640.847,210.968,6742
657.917,604.962,6743
746.105,90.127,6744
595.988,184.003,6745
616.140,692.089,6746
630.281,56.445,6747
569.624,578.427,6748
142.269,69.155,6749
306.669,569.974,6750
623.148,835.891,6751
380.399,821.070,6752
117.403,862.146,6753
492.514,915.524,6754
378.410,614.541,6755
331.816,216.719,6756
288.540,403.036,6757
853.380,398.695,6758
962.582,197.119,6759
35.675,333.702,6760
438.963,623.068,6761
827.158,777.871,6762
471.803,129.603,6763
405.604,936.968,6764
872.037,615.304,6765
646.646,142.603,6766
702.155,681.215,6767
264.505,726.301,6768
830.883,369.342,6769
942.358,596.112,6770
151.765,540.300,6771
588.474,542.430,6772
45.785,774.343,6773
862.425,93.191,6774
35.521,572.453,6775
784.422,478.570,6776
667.128,348.415,6777
772.258,655.437,6778
730.057,620.086,6779
353.552,239.774,6780
438.065,412.407,6781
329.767,475.738,6782
73.330,135.727,6783
765.353,135.387,6784
248.616,931.278,6785
443.056,848.512,6786
264.402,306.171,6787
103.328,119.350,6788
222.436,767.567,6789
658.465,667.150,6790
520.283,351.015,6791
99.958,465.836,6792
138.948,743.275,6793
136.778,62.486,6794
264.787,717.853,6795
945.402,765.250,6796
22.998,927.425,6797
646.306,381.074,6798
986.913,638.686,6799
705.938,358.169,6800
632.655,797.557,6801
353.588,861.000,6802
574.985,961.440,6803
925.710,213.226,6804
511.404,181.196,6805
216.359,235.058,6806
588.223,952.748,6807
797.559,952.176,6808
723.873,30.898,6809
84.798,24.961,6810
18.614,510.774,6811
941.135,435.907,6812
341.720,324.438,6813
942.867,250.111,6814
52.515,842.422,6815
626.120,692.485,6816
208.316,562.164,6817
561.152,898.469,6818
896.593,984.631,6819
613.544,174.955,6820
179.691,383.047,6821
950.886,101.587,6822
816.011,826.290,6823
949.048,655.699,6824
640.488,106.070,6825
632.845,145.166,6826
164.638,556.601,6827
116.425,716.618,6828
904.846,741.345,6829
531.891,209.009,6830
746.686,865.919,6831
197.845,886.342,6832
227.562,44.473,6833
982.153,983.021,6834
460.452,701.404,6835
574.491,75.647,6836
499.439,227.186,6837
858.795,936.472,6838
373.484,551.846,6839
874.971,227.029,6840
366.993,624.301,6841
215.050,338.893,6842
955.373,204.882,6843
563.466,956.616,6844
944.646,309.080,6845
217.799,53.654,6846
200.308,399.575,6847
502.441,444.946,6848
363.478,568.111,6849
350.612,492.266,6850
308.503,571.435,6851
849.489,585.466,6852
86.449,595.617,6853
574.323,532.565,6854
178.753,909.978,6855
446.702,431.741,6856
762.511,785.306,6857
167.448,289.567,6858
923.219,673.200,6859
451.470,778.549,6860
60.664,207.508,6861
90.223,502.501,6862
581.582,575.563,6863
817.234,723.319,6864
35.619,641.773,6865
187.159,948.137,6866
179.772,174.852,6867
333.321,318.676,6868
642.389,215.776,6869
760.660,500.555,6870
886.949,8.592,6871
118.253,805.781,6872
663.817,707.058,6873
789.347,321.700,6874
459.381,257.062,6875
42.863,544.559,6876
139.384,97.458,6877
996.182,323.142,6878
581.266,681.936,6879
957.121,701.184,6880
579.604,134.196,6881
514.753,395.584,6882
299.127,607.118,6883
739.999,975.696,6884
49.244,995.217,6885
485.475,684.849,6886
912.651,455.183,6887
142.531,100.853,6888
833.799,563.816,6889
792.670,237.703,6890
113.907,731.006,6891
229.359,579.150,6892
565.764,36.711,6893
456.387,905.242,6894
53.197,543.609,6895
90.104,529.598,6896
240.883,623.446,6897
102.217,591.426,6898
448.073,171.660,6899
739.177,913.826,6900
499.041,413.327,6901
182.586,911.724,6902
65.898,655.821,6903
26.379,444.810,6904
494.809,558.546,6905
510.306,10.645,6906
755.431,286.081,6907
174.833,738.088,6908
517.917,239.192,6909
826.365,264.214,6910
242.679,979.301,6911
295.205,248.330,6912
538.042,278.775,6913
571.333,50.764,6914
720.503,398.757,6915
345.479,155.877,6916
49.353,119.882,6917
835.894,220.063,6918
805.915,697.619,6919
568.930,802.870,6920
260.423,479.377,6921
60.554,286.026,6922
785.273,717.825,6923
784.911,760.862,6924
775.096,414.179,6925
65.183,163.759,6926
409.458,592.798,6927
650.553,733.068,6928
746.920,255.204,6929
677.229,213.239,6930
956.400,980.854,6931
709.471,900.499,6932
78.389,505.345,6933
585.965,732.491,6934
229.751,480.184,6935
346.927,988.317,6936
537.402,222.792,6937
24.783,139.252,6938
82.576,735.466,6939
504.505,344.823,6940
708.335,340.398,6941
496.780,799.784,6942
690.165,185.092,6943
856.558,705.717,6944
175.884,613.847,6945
232.330,685.109,6946
121.222,505.566,6947
206.969,852.789,6948
562.275,697.650,6949
11.681,443.750,6950
422.785,48.568,6951
891.998,191.450,6952
264.405,374.506,6953
451.828,420.413,6954
129.403,908.137,6955
628.598,286.118,6956
303.434,175.390,6957
567.949,502.004,6958
498.183,836.303,6959
193.407,217.307,6960
463.908,851.697,6961
859.311,89.592,6962
279.908,750.405,6963
135.803,950.933,6964
259.534,801.687,6965
325.744,557.764,6966
816.510,135.044,6967
296.266,518.267,6968
50.982,174.108,6969
205.826,697.802,6970
301.421,171.972,6971
142.891,151.581,6972
711.344,64.957,6973
942.563,532.400,6974
886.301,0.746,6975
428.997,979.155,6976
148.833,851.781,6977
837.931,259.494,6978
226.680,851.350,6979
347.044,809.768,6980
688.065,447.502,6981
802.088,747.652,6982
467.474,603.104,6983
452.863,542.149,6984
756.651,119.088,6985
76.331,735.345,6986
276.847,221.415,6987
974.263,772.013,6988
407.686,269.724,6989
194.882,255.501,6990
512.613,720.456,6991
478.860,137.212,6992
9.386,651.797,6993
708.648,385.670,6994
369.045,406.681,6995
960.024,147.130,6996
872.749,607.153,6997
631.770,267.742,6998
510.557,349.217,6999
