x,y,target_id
257.716,191.662,0
850.608,28.620,1
745.739,164.342,2
106.927,493.007,3
45.669,842.735,4
156.307,317.523,5
4.125,80.837,6
888.627,834.674,7
777.225,990.476,8
285.964,343.612,9
469.470,239.901,10
297.746,65.042,11
103.791,53.495,12
700.073,662.146,13
1.842,941.850,14
366.260,693.923,15
64.797,717.580,16
77.287,405.378,17
469.183,947.876,18
877.484,145.839,19
209.773,919.622,20
322.864,718.142,21
10.744,686.217,22
785.432,891.425,23
63.051,760.732,24
718.805,541.638,25
249.633,497.537,26
945.368,276.028,27
456.426,481.007,28
504.966,840.285,29
481.423,152.250,30
461.095,467.877,31
998.595,519.987,32
493.652,125.486,33
745.669,773.233,34
499.343,283.325,35
232.297,613.562,36
443.438,586.084,37
313.844,965.058,38
765.161,335.692,39
329.482,960.163,40
143.020,319.022,41
248.184,257.582,42
949.458,305.192,43
889.343,461.028,44
519.445,565.761,45
509.356,491.458,46
41.471,755.333,47
570.404,235.793,48
330.889,741.814,49
961.942,26.809,50
351.619,449.749,51
851.076,544.145,52
579.820,258.645,53
163.443,708.265,54
564.705,447.078,55
928.486,377.547,56
443.403,639.549,57
477.854,304.170,58
74.651,743.816,59
875.157,671.336,60
497.853,701.060,61
739.293,507.751,62
199.300,207.110,63
773.946,515.726,64
546.938,572.093,65
788.287,701.903,66
209.901,1.321,67
153.327,978.913,68
185.934,360.013,69
755.884,241.216,70
417.741,580.304,71
878.949,845.812,72
858.174,666.026,73
142.611,142.145,74
684.681,777.559,75
388.592,740.363,76
937.438,978.935,77
478.279,609.784,78
686.252,595.181,79
299.687,385.978,80
973.157,316.609,81
885.704,781.916,82
141.570,139.468,83
625.126,504.636,84
781.652,795.435,85
232.063,904.719,86
814.633,933.722,87
25.488,304.864,88
132.724,281.796,89
935.875,642.102,90
54.695,543.389,91
608.746,242.119,92
294.733,984.209,93
130.124,199.415,94
463.562,647.557,95
519.047,392.376,96
516.818,137.810,97
914.046,248.045,98
305.542,751.857,99
629.829,633.492,100
42.152,946.669,101
152.682,513.186,102
178.531,735.011,103
183.439,796.623,104
799.337,686.167,105
184.236,461.465,106
291.340,428.257,107
293.648,418.218,108
698.146,321.805,109
655.478,62.804,110
803.266,87.578,111
790.268,397.286,112
367.839,795.394,113
81.795,402.463,114
408.374,963.288,115
817.993,17.244,116
45.291,265.147,117
332.123,147.178,118
104.691,780.425,119
670.605,369.368,120
608.140,202.294,121
584.589,449.872,122
573.557,8.906,123
841.134,4.903,124
361.565,554.405,125
147.999,449.594,126
940.475,300.167,127
923.872,107.943,128
392.184,692.684,129
430.185,169.340,130
33.214,503.558,131
559.337,987.124,132
164.435,114.908,133
460.903,545.978,134
81.364,947.339,135
471.926,399.777,136
341.021,665.030,137
858.954,375.772,138
190.576,829.532,139
209.292,381.619,140
191.371,842.905,141
836.198,745.926,142
146.363,129.072,143
772.306,120.078,144
893.440,106.193,145
234.251,896.451,146
840.676,224.720,147
993.035,895.019,148
899.115,285.705,149
588.488,345.372,150
660.575,552.193,151
718.526,580.123,152
144.900,160.683,153
882.698,933.477,154
884.526,462.168,155
512.260,441.508,156
638.686,694.825,157
842.308,469.755,158
525.265,355.889,159
718.747,408.190,160
419.674,426.027,161
934.936,623.252,162
737.058,812.520,163
485.943,479.885,164
252.217,572.199,165
438.306,154.268,166
399.405,928.406,167
240.480,786.384,168
174.362,755.939,169
591.540,766.038,170
487.265,581.276,171
525.331,391.714,172
603.752,428.394,173
943.872,906.741,174
146.254,727.339,175
729.099,193.430,176
73.472,240.615,177
771.051,52.359,178
191.781,207.476,179
382.825,519.597,180
194.968,51.730,181
560.698,134.861,182
488.783,608.213,183
318.366,623.746,184
742.384,819.692,185
301.754,822.297,186
665.725,277.360,187
84.367,399.456,188
450.132,944.305,189
815.299,36.863,190
499.072,789.301,191
958.947,640.208,192
972.901,447.611,193
93.987,451.917,194
551.563,717.527,195
680.749,403.664,196
950.680,737.259,197
416.342,928.816,198
897.084,640.474,199
878.201,174.304,200
558.568,391.089,201
565.722,659.021,202
432.649,933.795,203
584.459,357.478,204
675.208,779.069,205
138.285,846.405,206
787.396,67.372,207
227.181,180.473,208
158.311,557.303,209
805.219,799.157,210
395.235,992.506,211
759.503,84.474,212
508.189,79.353,213
164.017,637.651,214
281.144,389.533,215
208.610,98.405,216
952.807,956.623,217
63.751,551.261,218
965.831,259.425,219
788.006,413.723,220
263.882,569.108,221
690.200,715.923,222
508.661,792.036,223
379.757,279.049,224
978.623,122.315,225
95.631,708.064,226
232.345,796.816,227
887.912,53.164,228
267.922,799.896,229
398.981,53.892,230
553.558,69.532,231
265.674,736.293,232
22.233,206.927,233
582.125,51.106,234
882.470,357.569,235
60.462,731.686,236
213.938,720.792,237
339.783,437.692,238
873.233,798.166,239
449.112,999.000,240
884.393,841.281,241
50.319,911.705,242
96.503,428.524,243
784.988,404.837,244
804.219,603.932,245
424.764,611.203,246
347.169,69.535,247
86.261,487.095,248
398.809,910.038,249
501.491,141.455,250
734.212,813.727,251
364.605,129.946,252
102.606,635.339,253
121.286,281.780,254
206.419,373.095,255
892.044,577.208,256
897.939,448.685,257
964.228,135.580,258
417.543,990.910,259
322.108,298.859,260
991.839,336.564,261
907.581,799.757,262
675.709,871.221,263
947.847,127.164,264
313.844,573.938,265
962.126,309.512,266
645.192,419.093,267
34.755,321.474,268
6.016,137.434,269
193.244,61.771,270
499.764,628.973,271
366.141,590.546,272
965.179,251.325,273
977.466,280.471,274
756.495,663.096,275
80.571,861.822,276
19.499,719.964,277
983.826,34.182,278
634.169,69.080,279
892.616,452.970,280
481.670,262.778,281
825.516,593.849,282
902.318,476.538,283
336.641,281.418,284
805.407,315.783,285
667.618,659.068,286
319.834,901.285,287
582.508,999.000,288
601.029,836.952,289
523.391,349.412,290
800.402,937.342,291
742.087,252.479,292
88.922,456.389,293
454.357,178.513,294
317.862,340.608,295
438.379,99.473,296
392.361,462.931,297
198.614,163.284,298
519.268,656.319,299
131.021,628.002,300
262.664,324.635,301
431.951,443.758,302
179.495,201.168,303
156.252,566.892,304
230.195,859.236,305
880.321,776.488,306
831.495,76.234,307
409.864,97.474,308
277.172,100.039,309
443.416,133.066,310
185.445,596.966,311
134.797,197.222,312
805.483,923.058,313
317.047,20.698,314
622.125,649.079,315
801.158,610.069,316
507.243,590.577,317
65.768,589.974,318
308.259,474.025,319
635.455,684.788,320
875.713,832.605,321
981.849,777.998,322
478.591,459.628,323
180.462,309.710,324
921.648,432.442,325
310.900,788.062,326
526.412,281.383,327
36.364,180.849,328
492.389,417.472,329
729.169,136.960,330
607.666,978.398,331
415.258,471.605,332
826.879,854.629,333
16.355,731.710,334
655.003,922.349,335
889.061,442.351,336
175.251,917.267,337
816.447,746.645,338
773.353,21.905,339
972.660,894.286,340
939.963,713.170,341
220.476,468.394,342
590.161,851.274,343
261.241,71.911,344
800.829,914.172,345
354.709,540.269,346
651.091,980.141,347
465.120,884.727,348
793.451,431.792,349
649.877,319.705,350
147.178,367.038,351
633.368,449.036,352
674.037,354.234,353
306.876,170.389,354
531.610,778.570,355
99.942,590.561,356
953.730,918.430,357
156.221,481.306,358
650.272,771.826,359
928.651,829.667,360
465.017,671.366,361
790.838,897.951,362
408.369,554.683,363
595.829,864.718,364
783.324,664.316,365
390.647,71.849,366
764.643,511.790,367
348.525,343.210,368
507.361,215.336,369
709.338,243.476,370
546.100,961.114,371
868.887,667.108,372
123.762,303.323,373
612.199,818.771,374
38.392,373.163,375
858.523,453.649,376
71.250,490.987,377
849.211,640.914,378
590.636,377.226,379
946.074,237.582,380
43.285,395.078,381
203.768,347.362,382
302.271,476.125,383
827.227,120.107,384
114.981,39.253,385
598.967,166.648,386
215.576,722.645,387
769.092,270.773,388
213.044,504.423,389
901.661,248.214,390
150.056,64.691,391
925.371,77.553,392
319.346,515.761,393
138.472,785.634,394
290.974,891.042,395
294.492,65.159,396
747.702,7.844,397
160.104,293.636,398
352.488,913.953,399
811.723,561.271,400
306.894,551.648,401
469.053,276.811,402
525.960,103.683,403
926.445,367.220,404
394.400,972.492,405
826.320,535.600,406
845.302,332.308,407
60.994,701.087,408
428.996,989.965,409
319.107,474.033,410
58.904,701.319,411
38.034,439.350,412
785.168,313.374,413
210.545,833.142,414
998.161,498.222,415
692.556,464.587,416
187.482,478.056,417
116.133,632.782,418
290.269,540.303,419
871.893,223.637,420
954.489,112.300,421
197.132,669.581,422
612.491,160.289,423
171.688,669.081,424
155.859,101.707,425
959.976,974.511,426
806.442,269.571,427
252.658,792.966,428
280.106,252.250,429
620.791,633.268,430
345.517,471.049,431
837.601,402.951,432
316.044,713.624,433
937.356,101.716,434
40.498,282.802,435
573.850,65.455,436
641.230,847.413,437
346.556,982.436,438
566.565,789.260,439
843.928,351.632,440
391.864,21.932,441
930.934,674.754,442
876.596,707.856,443
479.729,314.708,444
627.262,104.089,445
172.460,283.469,446
836.577,726.595,447
958.502,708.623,448
156.277,217.988,449
622.499,362.283,450
133.250,781.779,451
130.240,845.136,452
819.994,835.250,453
475.839,92.765,454
139.487,209.178,455
954.068,497.901,456
535.456,489.237,457
471.705,757.546,458
49.249,224.973,459
557.785,398.147,460
257.034,76.308,461
881.634,297.769,462
548.929,766.307,463
241.094,705.791,464
250.905,165.226,465
853.003,522.734,466
708.381,158.116,467
40.464,753.778,468
77.995,635.605,469
942.441,986.509,470
401.122,58.139,471
124.558,622.725,472
779.545,303.597,473
344.522,362.923,474
211.151,609.927,475
999.000,510.771,476
985.606,100.336,477
297.751,307.318,478
261.141,929.954,479
540.471,799.934,480
898.628,790.608,481
360.613,116.886,482
560.223,666.040,483
193.101,231.937,484
976.294,415.278,485
614.399,925.699,486
455.959,230.503,487
651.995,219.899,488
166.826,172.041,489
198.146,884.543,490
559.002,49.340,491
737.201,557.179,492
212.542,919.961,493
605.999,134.309,494
157.601,325.259,495
777.977,881.670,496
796.768,854.699,497
636.200,228.765,498
427.624,214.714,499
857.835,879.369,500
609.417,718.890,501
177.026,269.469,502
564.597,41.737,503
660.109,775.591,504
254.786,67.218,505
551.247,387.170,506
435.385,81.460,507
770.105,310.795,508
495.194,66.122,509
882.335,981.900,510
407.129,923.438,511
656.833,184.968,512
142.597,711.141,513
119.554,665.727,514
528.928,541.607,515
857.633,36.540,516
606.426,743.967,517
400.779,794.883,518
372.309,711.879,519
299.903,226.941,520
203.888,197.105,521
775.499,927.055,522
833.589,110.441,523
444.146,682.565,524
129.240,991.293,525
514.530,961.801,526
300.887,270.531,527
111.672,794.234,528
93.037,649.461,529
235.860,648.087,530
646.313,206.195,531
279.526,208.687,532
862.464,401.700,533
281.293,306.235,534
524.176,838.805,535
263.206,609.339,536
807.780,925.918,537
907.305,467.015,538
443.917,340.416,539
35.071,642.699,540
957.789,197.383,541
434.533,196.779,542
306.473,302.988,543
102.575,404.641,544
825.959,550.152,545
65.301,691.564,546
88.237,870.219,547
600.235,692.104,548
477.895,955.221,549
158.190,649.581,550
271.276,805.445,551
430.817,354.412,552
354.250,27.442,553
78.476,349.837,554
551.550,744.483,555
511.278,453.511,556
341.059,238.852,557
158.621,648.298,558
567.721,672.385,559
875.124,16.172,560
957.540,566.350,561
333.559,540.523,562
92.644,928.431,563
594.175,929.423,564
812.774,197.648,565
46.918,847.017,566
210.703,354.585,567
724.675,613.105,568
645.683,361.288,569
133.978,551.945,570
460.419,823.962,571
748.465,9.528,572
100.823,324.324,573
463.044,851.938,574
787.054,622.885,575
706.615,979.024,576
991.434,900.802,577
462.012,296.033,578
656.504,181.017,579
512.040,570.591,580
850.140,515.512,581
348.858,271.867,582
657.759,753.555,583
769.267,29.049,584
574.962,758.888,585
590.292,866.810,586
203.110,876.141,587
454.802,858.671,588
150.272,431.425,589
518.816,103.409,590
731.835,954.498,591
780.867,477.138,592
845.055,941.604,593
942.536,696.250,594
591.232,761.215,595
879.666,220.362,596
452.799,917.376,597
804.368,959.052,598
347.243,336.029,599
839.876,227.104,600
542.254,217.342,601
279.878,79.266,602
219.839,250.270,603
582.519,65.817,604
1.919,440.596,605
191.507,763.039,606
236.109,263.693,607
740.339,160.373,608
670.206,983.072,609
38.600,148.293,610
934.867,494.178,611
87.565,384.354,612
797.197,457.443,613
291.124,689.204,614
759.767,124.749,615
781.939,674.251,616
227.952,435.072,617
347.791,289.467,618
900.532,317.640,619
37.421,743.779,620
962.695,196.632,621
317.980,878.681,622
517.771,35.786,623
784.295,994.523,624
571.521,309.347,625
706.859,870.479,626
402.124,957.214,627
944.051,727.850,628
44.412,557.019,629
7.754,385.266,630
630.317,661.088,631
496.718,633.755,632
170.738,213.690,633
943.478,473.290,634
895.989,8.718,635
158.052,512.123,636
407.994,777.111,637
982.188,600.662,638
100.675,924.733,639
53.067,666.533,640
824.340,50.039,641
655.434,344.602,642
75.580,848.632,643
628.013,831.095,644
819.671,772.588,645
335.507,972.252,646
387.736,817.034,647
885.585,77.041,648
249.681,994.285,649
817.862,919.080,650
486.194,562.800,651
807.692,494.035,652
810.660,802.701,653
364.596,407.920,654
537.314,106.269,655
261.908,850.144,656
676.860,296.319,657
884.632,494.513,658
887.120,489.109,659
911.183,846.285,660
961.044,362.725,661
893.588,790.424,662
726.808,230.017,663
393.879,787.155,664
603.624,62.652,665
559.558,642.825,666
172.100,954.587,667
462.575,57.320,668
217.741,467.066,669
294.428,89.523,670
672.148,775.332,671
382.942,955.670,672
960.379,676.757,673
957.197,765.756,674
327.462,377.483,675
744.889,233.719,676
695.768,807.076,677
46.251,370.334,678
620.147,424.220,679
358.047,542.635,680
494.467,152.970,681
306.113,67.407,682
94.996,686.760,683
458.289,376.106,684
60.350,340.429,685
795.697,624.410,686
476.859,590.428,687
207.133,990.368,688
7.499,517.894,689
226.105,785.926,690
849.196,266.879,691
994.142,891.523,692
794.049,890.270,693
885.393,13.140,694
388.643,42.490,695
466.094,856.191,696
205.238,315.419,697
275.263,847.462,698
359.043,713.455,699
368.192,932.523,700
890.820,635.541,701
317.209,884.870,702
587.946,435.549,703
29.548,928.137,704
7.133,620.404,705
87.579,7.269,706
451.013,819.923,707
650.714,362.677,708
654.877,771.093,709
322.563,350.142,710
291.594,212.500,711
529.718,828.732,712
940.850,763.965,713
348.507,276.466,714
610.908,173.799,715
272.559,460.929,716
537.238,848.270,717
861.594,312.671,718
348.205,19.617,719
886.208,84.604,720
591.663,259.386,721
208.855,96.808,722
676.177,506.416,723
89.708,551.975,724
93.938,717.736,725
764.982,308.611,726
400.749,38.622,727
565.959,180.334,728
116.278,155.736,729
829.816,623.075,730
291.916,980.747,731
474.715,632.503,732
437.152,942.128,733
391.349,173.218,734
888.634,473.357,735
749.481,46.618,736
577.766,452.877,737
935.471,90.173,738
11.547,164.554,739
80.072,55.341,740
903.450,623.976,741
6.634,620.254,742
174.984,237.672,743
268.399,579.889,744
748.568,730.820,745
409.302,341.189,746
855.025,168.790,747
218.835,979.035,748
704.774,583.661,749
999.000,613.990,750
940.395,495.205,751
230.989,864.173,752
68.494,125.981,753
644.683,942.860,754
126.450,92.725,755
616.750,525.555,756
776.291,807.564,757
508.915,27.386,758
660.322,779.311,759
10.039,292.673,760
694.629,70.190,761
889.365,293.739,762
316.241,520.284,763
89.699,474.428,764
617.905,832.670,765
376.592,784.560,766
483.972,950.243,767
309.295,388.965,768
448.154,822.105,769
355.627,232.946,770
169.813,71.833,771
637.404,572.248,772
193.852,0.639,773
555.626,751.345,774
180.288,727.629,775
763.513,588.496,776
928.048,784.741,777
686.883,514.284,778
580.294,171.171,779
456.249,820.289,780
625.104,486.038,781
803.149,736.150,782
953.396,594.446,783
122.575,705.182,784
929.904,345.285,785
972.602,710.032,786
223.545,479.274,787
652.761,163.856,788
11.428,990.121,789
841.832,498.016,790
54.643,192.457,791
731.226,816.409,792
680.357,423.008,793
808.807,668.054,794
757.094,342.613,795
126.482,922.447,796
267.312,497.914,797
852.428,850.739,798
258.416,314.196,799
37.205,459.964,800
406.782,928.150,801
269.025,33.666,802
855.901,986.304,803
430.102,817.583,804
243.407,838.600,805
730.781,829.589,806
699.128,170.938,807
89.823,523.583,808
353.062,332.282,809
497.822,721.103,810
475.748,180.789,811
918.797,915.213,812
336.659,37.326,813
505.340,828.105,814
564.313,63.846,815
415.947,831.006,816
821.545,947.258,817
348.003,310.077,818
106.455,940.424,819
776.274,520.433,820
186.947,966.770,821
285.998,317.477,822
152.839,959.248,823
409.493,597.543,824
406.739,221.939,825
636.217,295.128,826
905.550,380.271,827
757.349,843.290,828
511.784,871.672,829
615.717,512.333,830
783.767,297.692,831
475.636,860.558,832
68.023,948.524,833
613.644,274.334,834
683.390,363.101,835
580.425,705.813,836
572.360,624.149,837
507.409,416.970,838
775.339,513.459,839
218.080,402.942,840
218.667,993.354,841
305.648,931.039,842
666.388,246.444,843
863.670,70.062,844
994.239,414.179,845
99.917,111.359,846
758.654,538.306,847
934.063,304.416,848
939.600,474.182,849
922.308,229.851,850
131.239,133.935,851
757.994,757.600,852
732.893,154.699,853
134.210,714.609,854
713.488,491.454,855
591.487,415.306,856
859.956,598.962,857
313.403,464.467,858
538.263,300.644,859
908.276,272.160,860
340.819,429.692,861
54.806,396.192,862
131.187,576.650,863
941.271,101.977,864
34.349,342.434,865
578.545,228.653,866
498.858,822.004,867
273.096,316.704,868
610.338,799.154,869
184.328,804.613,870
158.518,318.663,871
451.089,361.821,872
770.895,821.616,873
313.322,103.822,874
165.774,803.413,875
138.704,17.082,876
456.876,709.656,877
28.471,72.459,878
451.787,601.273,879
713.970,668.196,880
599.214,750.470,881
166.423,166.091,882
497.087,309.227,883
762.031,83.671,884
728.146,495.743,885
464.767,57.104,886
107.595,249.252,887
790.311,890.448,888
227.778,107.202,889
674.079,18.962,890
200.608,187.375,891
873.267,915.307,892
868.156,366.147,893
797.085,890.853,894
655.264,144.840,895
187.360,138.521,896
356.466,895.835,897
238.367,258.690,898
814.599,374.484,899
812.455,69.079,900
526.312,780.739,901
67.523,745.551,902
567.580,458.521,903
968.937,144.346,904
99.893,434.727,905
449.317,444.061,906
741.959,483.103,907
524.641,759.730,908
661.850,284.728,909
801.731,829.494,910
599.048,697.824,911
813.749,919.203,912
478.669,36.403,913
386.579,39.683,914
70.467,192.099,915
127.276,718.213,916
798.976,577.172,917
310.414,797.234,918
791.857,557.595,919
502.161,895.772,920
605.776,476.953,921
119.314,976.569,922
311.552,134.840,923
278.912,816.432,924
337.805,612.876,925
785.033,695.398,926
203.502,691.382,927
259.532,900.632,928
626.346,651.420,929
493.075,953.628,930
382.130,824.059,931
434.427,510.516,932
953.412,567.300,933
44.990,768.588,934
130.022,682.032,935
796.432,774.429,936
622.294,653.769,937
188.435,942.958,938
577.708,505.275,939
210.524,944.956,940
911.953,583.103,941
885.290,175.104,942
627.519,201.565,943
640.956,782.665,944
257.132,273.733,945
528.799,753.142,946
353.187,929.558,947
398.988,889.510,948
255.096,454.245,949
270.299,698.281,950
0.000,373.813,951
924.092,641.893,952
317.684,482.593,953
658.929,904.794,954
929.196,812.599,955
664.185,496.005,956
447.431,491.232,957
535.052,993.705,958
661.685,657.624,959
89.761,782.352,960
106.730,202.245,961
875.286,314.033,962
307.288,569.468,963
192.060,216.717,964
859.101,433.970,965
10.114,480.789,966
943.594,172.847,967
788.717,750.129,968
249.649,656.607,969
702.413,325.598,970
908.731,328.712,971
130.829,86.599,972
538.359,763.831,973
455.491,368.680,974
34.146,448.641,975
730.521,59.524,976
158.442,114.404,977
998.346,687.028,978
462.409,709.465,979
98.432,467.338,980
783.787,361.874,981
400.285,17.610,982
549.707,629.866,983
689.459,938.346,984
399.874,347.015,985
199.019,314.535,986
385.944,545.333,987
312.281,312.831,988
448.343,363.002,989
24.998,897.050,990
85.532,555.299,991
757.327,655.466,992
153.284,458.114,993
637.479,983.606,994
788.944,685.119,995
351.045,726.351,996
644.906,994.059,997
602.907,667.193,998
57.760,785.899,999
778.127,483.640,1000
60.504,660.189,1001
201.990,263.849,1002
444.666,484.539,1003
404.787,548.806,1004
891.971,934.859,1005
626.413,485.672,1006
146.317,612.811,1007
633.255,792.813,1008
598.834,996.036,1009
178.183,320.282,1010
829.026,663.241,1011
223.474,869.901,1012
857.462,652.369,1013
743.006,59.565,1014
287.167,938.115,1015
297.192,70.171,1016
87.148,816.376,1017
440.052,920.469,1018
756.392,208.811,1019
972.284,584.829,1020
878.217,362.114,1021
244.497,650.013,1022
256.549,92.181,1023
67.740,999.000,1024
567.019,361.848,1025
423.653,769.771,1026
262.309,979.674,1027
638.831,561.670,1028
402.340,118.332,1029
937.246,152.865,1030
213.019,522.031,1031
961.606,187.737,1032
439.464,531.442,1033
656.229,90.768,1034
517.447,458.959,1035
233.060,219.231,1036
617.793,488.050,1037
99.377,645.083,1038
407.605,658.944,1039
718.915,789.366,1040
389.850,845.391,1041
331.974,853.654,1042
115.830,543.951,1043
979.692,634.712,1044
167.818,42.586,1045
875.982,414.814,1046
71.494,30.000,1047
958.997,175.820,1048
58.779,49.973,1049
487.660,52.652,1050
486.999,514.433,1051
638.814,208.865,1052
804.008,399.158,1053
995.611,30.987,1054
246.910,548.443,1055
651.623,844.087,1056
540.419,917.173,1057
593.509,634.180,1058
922.622,237.684,1059
268.052,596.640,1060
145.831,552.311,1061
906.338,108.370,1062
87.584,383.605,1063
178.364,19.787,1064
959.655,891.086,1065
134.767,798.897,1066
781.801,590.974,1067
850.451,296.667,1068
662.319,577.574,1069
598.487,243.832,1070
100.683,500.012,1071
527.979,947.342,1072
466.082,369.340,1073
148.272,436.704,1074
110.365,993.387,1075
883.663,9.448,1076
947.992,153.665,1077
722.712,183.257,1078
716.805,581.754,1079
695.480,184.547,1080
997.264,270.405,1081
340.865,665.074,1082
746.465,900.970,1083
273.798,330.877,1084
104.388,696.590,1085
536.669,549.979,1086
76.088,702.791,1087
499.621,211.453,1088
18.947,339.422,1089
854.913,868.236,1090
466.967,308.097,1091
401.853,640.250,1092
454.788,649.726,1093
313.623,391.732,1094
140.086,461.940,1095
20.114,448.787,1096
485.599,380.165,1097
873.952,531.532,1098
824.821,288.594,1099
577.758,704.321,1100
203.765,936.444,1101
476.222,21.463,1102
588.571,656.237,1103
776.501,667.636,1104
901.314,371.024,1105
451.651,349.924,1106
259.065,259.430,1107
576.329,771.651,1108
161.676,94.487,1109
395.885,304.378,1110
409.108,837.132,1111
663.409,505.596,1112
374.901,220.190,1113
995.399,340.183,1114
393.687,348.283,1115
635.685,207.949,1116
877.209,948.002,1117
450.529,733.809,1118
197.261,172.059,1119
396.098,183.598,1120
0.194,634.876,1121
171.312,257.925,1122
11.641,848.325,1123
275.849,538.165,1124
493.002,907.818,1125
376.338,649.365,1126
982.389,366.050,1127
673.046,316.563,1128
662.687,358.768,1129
787.456,562.189,1130
623.053,955.642,1131
615.167,666.198,1132
150.941,674.594,1133
484.754,952.958,1134
962.583,474.152,1135
61.822,649.906,1136
260.556,244.697,1137
74.440,538.222,1138
769.977,90.240,1139
772.882,363.052,1140
128.248,242.606,1141
252.488,994.949,1142
980.955,197.271,1143
291.983,184.109,1144
189.150,328.215,1145
858.057,18.546,1146
328.728,277.940,1147
758.994,42.538,1148
764.898,454.345,1149
710.503,453.755,1150
586.620,113.344,1151
444.153,279.731,1152
38.018,708.566,1153
785.820,121.076,1154
11.076,7.200,1155
503.775,772.217,1156
566.671,533.090,1157
607.545,700.380,1158
324.812,127.942,1159
581.590,648.272,1160
106.125,724.175,1161
296.586,323.310,1162
247.893,949.260,1163
790.817,797.057,1164
961.600,162.529,1165
746.247,127.324,1166
679.725,201.813,1167
138.677,969.118,1168
221.088,155.341,1169
498.007,838.757,1170
299.025,274.092,1171
325.534,787.784,1172
396.934,529.021,1173
129.179,608.359,1174
901.995,831.458,1175
989.850,849.581,1176
290.151,957.932,1177
330.495,383.956,1178
692.296,820.756,1179
91.778,271.559,1180
613.424,873.826,1181
117.393,262.372,1182
397.393,776.062,1183
752.098,120.066,1184
862.058,767.893,1185
256.135,361.554,1186
312.088,144.025,1187
398.960,947.686,1188
922.936,845.017,1189
94.753,77.828,1190
158.426,497.673,1191
353.043,781.620,1192
922.005,230.950,1193
126.019,758.310,1194
998.405,105.757,1195
692.056,272.735,1196
191.691,368.032,1197
558.051,869.366,1198
269.287,390.304,1199
153.982,35.120,1200
245.444,269.762,1201
872.104,353.663,1202
649.407,41.404,1203
55.535,20.329,1204
918.925,20.490,1205
741.059,32.738,1206
461.924,658.861,1207
29.347,689.373,1208
662.254,644.083,1209
233.198,45.407,1210
414.853,94.986,1211
585.479,884.741,1212
676.018,630.525,1213
387.214,742.789,1214
515.195,308.222,1215
252.989,510.000,1216
287.600,132.438,1217
809.711,565.359,1218
583.474,127.973,1219
43.337,451.359,1220
437.293,50.218,1221
165.917,462.147,1222
842.839,488.002,1223
907.595,741.151,1224
932.382,867.059,1225
302.543,47.316,1226
158.459,957.828,1227
159.685,749.778,1228
28.323,469.977,1229
947.411,679.385,1230
220.210,458.299,1231
54.567,374.513,1232
151.062,129.391,1233
896.126,391.500,1234
738.648,803.495,1235
133.433,985.054,1236
391.052,420.098,1237
603.271,594.037,1238
227.574,891.385,1239
314.986,271.138,1240
468.887,207.123,1241
788.296,182.582,1242
434.619,916.291,1243
540.065,601.043,1244
910.229,875.915,1245
758.895,973.896,1246
684.063,717.610,1247
644.577,788.473,1248
219.834,970.486,1249
185.417,11.852,1250
814.801,663.578,1251
472.192,692.646,1252
196.616,567.413,1253
746.836,335.507,1254
578.790,936.278,1255
384.178,103.013,1256
393.721,69.536,1257
132.838,661.910,1258
114.904,353.641,1259
689.962,373.744,1260
355.697,555.684,1261
543.010,450.583,1262
290.952,89.835,1263
947.971,460.560,1264
431.104,349.718,1265
768.548,306.225,1266
160.159,599.049,1267
790.347,316.314,1268
215.028,679.342,1269
50.743,410.770,1270
268.690,80.527,1271
474.737,351.917,1272
664.359,502.762,1273
258.660,808.907,1274
306.683,438.287,1275
48.485,902.069,1276
645.445,474.784,1277
469.312,441.318,1278
746.160,692.131,1279
584.579,31.271,1280
259.445,115.733,1281
955.260,834.143,1282
828.749,659.388,1283
256.221,144.166,1284
922.809,282.098,1285
237.403,742.400,1286
837.266,50.767,1287
674.989,337.413,1288
382.497,986.415,1289
990.524,540.422,1290
7.521,957.796,1291
200.443,422.619,1292
544.502,530.869,1293
321.490,856.947,1294
352.316,430.448,1295
470.594,616.154,1296
153.022,910.067,1297
896.168,642.109,1298
360.781,568.349,1299
479.297,699.002,1300
423.868,356.674,1301
132.047,245.809,1302
163.913,284.665,1303
835.952,13.704,1304
431.451,896.481,1305
615.219,523.807,1306
805.144,529.242,1307
598.941,802.818,1308
833.105,476.015,1309
286.315,912.819,1310
489.428,834.362,1311
321.287,965.424,1312
444.646,0.848,1313
120.982,236.382,1314
177.921,428.749,1315
768.869,858.998,1316
311.602,19.989,1317
126.230,246.684,1318
190.046,452.296,1319
65.303,782.934,1320
935.821,240.964,1321
101.598,17.556,1322
868.161,971.048,1323
468.619,742.261,1324
617.637,931.350,1325
435.903,216.106,1326
553.639,954.631,1327
147.106,128.788,1328
939.003,452.614,1329
950.806,835.892,1330
419.246,5.104,1331
984.540,629.950,1332
862.519,177.430,1333
637.160,483.899,1334
909.627,606.683,1335
481.390,910.814,1336
856.741,667.261,1337
175.521,500.344,1338
608.992,582.043,1339
686.530,230.892,1340
875.833,590.246,1341
106.626,584.876,1342
353.881,411.795,1343
64.707,567.631,1344
909.328,176.854,1345
868.776,12.000,1346
293.798,580.927,1347
405.877,336.674,1348
876.390,575.576,1349
506.612,667.550,1350
905.988,607.767,1351
546.768,225.857,1352
376.006,21.159,1353
770.465,104.243,1354
110.308,122.470,1355
704.060,672.504,1356
883.295,277.660,1357
832.338,246.559,1358
90.981,795.291,1359
831.694,912.010,1360
341.857,106.942,1361
699.588,963.266,1362
536.118,708.879,1363
710.586,548.656,1364
924.649,561.507,1365
821.925,941.485,1366
682.330,756.584,1367
362.258,43.147,1368
182.547,460.607,1369
970.658,240.767,1370
206.824,306.509,1371
850.937,135.597,1372
120.514,837.398,1373
926.161,292.084,1374
735.388,801.677,1375
836.155,663.471,1376
483.467,75.696,1377
812.380,49.690,1378
271.786,384.818,1379
504.012,981.082,1380
1.553,390.464,1381
208.635,186.282,1382
716.901,490.938,1383
189.274,39.340,1384
148.551,256.661,1385
63.043,939.247,1386
380.735,578.476,1387
529.163,189.567,1388
465.956,425.555,1389
719.245,50.176,1390
17.715,417.534,1391
439.938,783.452,1392
823.350,961.966,1393
862.505,838.315,1394
500.934,232.541,1395
62.510,575.687,1396
5.454,695.348,1397
638.889,661.816,1398
506.168,368.785,1399
941.481,828.801,1400
169.563,275.214,1401
281.906,460.813,1402
319.736,50.218,1403
980.185,308.515,1404
455.533,202.306,1405
694.556,213.738,1406
501.773,9.830,1407
651.946,847.743,1408
39.348,470.723,1409
785.741,329.471,1410
928.960,790.413,1411
841.600,202.457,1412
391.658,331.611,1413
999.000,51.319,1414
216.445,724.500,1415
32.216,277.433,1416
293.423,35.895,1417
222.096,791.307,1418
679.120,275.554,1419
457.682,695.554,1420
139.322,303.185,1421
553.544,990.138,1422
845.017,277.193,1423
898.194,106.082,1424
52.421,471.649,1425
164.276,100.253,1426
537.299,541.197,1427
891.899,224.637,1428
653.075,433.777,1429
728.551,733.115,1430
312.788,860.057,1431
928.133,933.308,1432
245.266,274.873,1433
50.139,804.358,1434
905.534,796.457,1435
761.623,816.572,1436
881.060,110.249,1437
980.486,943.512,1438
180.390,273.900,1439
569.420,90.424,1440
179.235,556.942,1441
728.436,4.239,1442
563.678,354.954,1443
368.108,116.945,1444
556.792,321.114,1445
95.961,73.717,1446
351.680,552.440,1447
957.618,966.869,1448
96.513,267.300,1449
689.046,793.789,1450
73.893,143.707,1451
180.350,563.862,1452
424.525,100.363,1453
639.098,99.155,1454
940.968,158.325,1455
103.601,880.945,1456
14.097,690.551,1457
896.313,113.470,1458
260.652,569.729,1459
355.021,840.667,1460
731.463,871.443,1461
342.005,570.187,1462
223.382,852.052,1463
796.101,335.736,1464
727.889,214.199,1465
333.150,535.432,1466
881.214,5.317,1467
794.556,431.794,1468
222.588,429.263,1469
953.298,409.301,1470
144.729,18.162,1471
508.971,69.747,1472
371.649,915.002,1473
813.557,208.818,1474
654.727,805.414,1475
686.921,918.373,1476
0.000,669.644,1477
886.685,193.021,1478
257.060,432.875,1479
151.165,210.820,1480
77.509,901.029,1481
423.982,372.139,1482
155.436,575.572,1483
492.658,647.228,1484
635.699,908.781,1485
26.440,617.431,1486
979.357,449.870,1487
7.147,752.484,1488
356.662,849.720,1489
782.057,329.368,1490
278.587,616.164,1491
912.835,575.374,1492
775.038,222.510,1493
959.201,693.835,1494
606.099,605.412,1495
743.668,593.081,1496
666.399,29.081,1497
788.017,297.695,1498
288.880,269.490,1499
910.156,288.137,1500
856.321,824.039,1501
661.650,223.606,1502
566.831,691.830,1503
86.688,868.066,1504
355.144,25.598,1505
679.723,507.787,1506
882.758,259.802,1507
139.379,15.077,1508
656.635,746.818,1509
883.102,245.778,1510
399.408,181.658,1511
346.654,942.436,1512
824.796,965.054,1513
96.315,438.881,1514
231.220,60.546,1515
17.346,104.640,1516
661.889,253.907,1517
326.728,729.307,1518
803.058,766.155,1519
761.020,637.079,1520
94.539,955.226,1521
630.657,776.808,1522
658.043,682.929,1523
537.740,210.422,1524
561.103,302.437,1525
928.809,180.908,1526
107.781,111.114,1527
737.410,880.945,1528
878.256,44.298,1529
117.609,813.714,1530
61.129,549.627,1531
263.424,699.738,1532
54.537,254.602,1533
999.000,384.075,1534
317.874,29.506,1535
125.588,361.116,1536
387.629,596.987,1537
216.743,899.948,1538
490.120,289.353,1539
51.239,122.127,1540
41.522,600.763,1541
628.503,569.534,1542
61.540,216.721,1543
5.272,352.646,1544
511.876,210.419,1545
674.308,227.900,1546
886.401,627.771,1547
340.820,762.543,1548
796.996,819.383,1549
957.062,841.062,1550
22.833,768.189,1551
867.931,223.001,1552
890.060,43.169,1553
787.300,732.313,1554
301.952,548.824,1555
296.264,586.233,1556
833.642,593.774,1557
95.560,582.144,1558
392.469,676.558,1559
133.569,61.974,1560
533.072,798.100,1561
73.720,433.986,1562
456.947,852.653,1563
528.237,650.436,1564
124.978,71.950,1565
675.836,548.533,1566
706.150,870.906,1567
233.971,847.985,1568
793.666,102.198,1569
311.432,691.097,1570
312.225,902.992,1571
557.100,585.439,1572
567.836,384.363,1573
989.712,13.715,1574
988.508,17.466,1575
265.068,923.964,1576
508.114,806.721,1577
642.648,612.093,1578
405.635,94.024,1579
938.372,420.500,1580
909.809,955.515,1581
816.656,276.646,1582
714.036,383.956,1583
64.254,790.789,1584
322.612,467.059,1585
399.231,340.274,1586
838.530,365.581,1587
264.659,558.664,1588
327.687,935.150,1589
301.760,323.619,1590
243.888,869.366,1591
581.377,159.738,1592
391.021,280.738,1593
282.268,876.990,1594
900.847,896.294,1595
792.284,668.957,1596
478.916,638.160,1597
351.381,577.414,1598
777.237,684.112,1599
701.764,301.259,1600
290.847,904.467,1601
840.561,236.048,1602
894.360,821.049,1603
72.275,772.065,1604
693.816,837.226,1605
106.301,967.594,1606
756.536,526.150,1607
538.256,738.580,1608
123.546,282.981,1609
281.104,901.972,1610
828.811,747.695,1611
557.519,522.921,1612
795.403,190.830,1613
126.686,153.281,1614
318.138,209.814,1615
249.614,104.315,1616
621.548,586.792,1617
684.685,997.841,1618
6.487,379.352,1619
216.951,487.336,1620
225.484,371.636,1621
883.331,185.312,1622
91.299,462.618,1623
842.523,779.988,1624
807.568,100.348,1625
727.190,555.479,1626
307.122,961.942,1627
999.000,240.409,1628
924.695,259.676,1629
135.349,89.979,1630
148.641,729.726,1631
245.613,713.931,1632
922.865,78.380,1633
792.553,545.278,1634
924.885,291.176,1635
627.618,35.349,1636
789.122,889.625,1637
101.211,437.306,1638
345.654,263.741,1639
700.095,123.109,1640
665.184,379.477,1641
735.755,860.134,1642
922.909,203.505,1643
138.640,689.784,1644
128.282,522.567,1645
626.888,491.938,1646
412.000,263.087,1647
142.512,841.477,1648
502.892,972.042,1649
847.775,301.956,1650
476.935,896.357,1651
2.870,78.344,1652
603.402,717.129,1653
182.028,764.979,1654
536.270,305.618,1655
948.081,693.629,1656
66.312,805.412,1657
910.403,592.796,1658
289.645,756.220,1659
888.742,860.842,1660
563.888,522.102,1661
713.704,785.001,1662
509.220,620.362,1663
229.477,866.745,1664
784.133,499.245,1665
757.782,280.838,1666
590.526,845.399,1667
925.683,122.377,1668
866.518,295.180,1669
802.092,559.319,1670
79.833,549.267,1671
936.533,254.088,1672
852.432,810.499,1673
92.519,822.115,1674
587.299,85.528,1675
453.721,422.374,1676
266.802,665.771,1677
696.226,270.257,1678
461.535,881.611,1679
105.246,164.644,1680
924.079,557.205,1681
504.425,436.162,1682
219.482,700.795,1683
538.853,30.261,1684
538.761,665.966,1685
253.618,756.058,1686
220.490,131.190,1687
778.698,514.227,1688
506.608,915.634,1689
64.217,675.005,1690
2.125,897.676,1691
365.616,430.882,1692
964.439,824.186,1693
379.181,117.189,1694
734.102,39.354,1695
778.523,556.048,1696
440.908,125.433,1697
406.000,369.469,1698
944.371,628.314,1699
143.156,335.689,1700
536.608,586.858,1701
28.717,522.344,1702
54.136,110.950,1703
297.116,64.640,1704
942.800,346.396,1705
222.517,387.842,1706
66.944,837.165,1707
289.635,100.356,1708
468.453,59.983,1709
830.384,234.220,1710
722.963,41.087,1711
494.360,343.733,1712
351.030,367.658,1713
480.821,407.433,1714
99.795,360.795,1715
540.884,401.638,1716
267.024,223.598,1717
317.656,306.475,1718
544.870,672.604,1719
507.168,677.391,1720
879.019,148.171,1721
423.311,591.653,1722
722.552,159.819,1723
117.427,613.155,1724
119.566,797.953,1725
545.584,253.920,1726
827.768,821.301,1727
377.458,831.489,1728
911.104,482.230,1729
357.367,480.630,1730
287.128,739.164,1731
514.417,39.464,1732
290.964,394.399,1733
392.703,788.563,1734
286.819,614.451,1735
756.097,377.208,1736
673.099,318.578,1737
470.165,649.206,1738
248.527,50.121,1739
315.655,264.109,1740
211.340,856.125,1741
978.481,207.032,1742
138.691,122.236,1743
226.826,837.244,1744
806.351,800.049,1745
257.357,672.494,1746
788.473,633.895,1747
404.599,674.697,1748
221.107,467.012,1749
397.126,589.163,1750
796.189,716.979,1751
288.797,230.597,1752
847.052,661.497,1753
651.057,714.036,1754
858.562,829.553,1755
410.412,549.246,1756
614.640,813.165,1757
667.278,675.318,1758
836.940,819.882,1759
782.641,364.718,1760
840.602,713.351,1761
485.889,666.873,1762
308.421,104.535,1763
935.220,7.988,1764
253.663,972.476,1765
446.032,208.100,1766
858.449,466.819,1767
572.482,564.710,1768
719.022,157.724,1769
745.107,965.153,1770
934.406,880.959,1771
162.141,561.276,1772
950.467,613.028,1773
295.011,830.741,1774
543.687,442.690,1775
215.957,504.918,1776
701.274,860.735,1777
822.214,289.612,1778
919.942,308.527,1779
798.942,535.901,1780
917.079,728.847,1781
587.669,662.480,1782
975.095,141.262,1783
579.829,308.388,1784
327.980,572.908,1785
395.858,984.107,1786
526.350,894.986,1787
258.159,294.454,1788
772.561,99.701,1789
191.751,528.154,1790
235.553,107.884,1791
493.639,912.420,1792
655.325,82.777,1793
231.570,953.869,1794
850.385,558.751,1795
595.405,281.808,1796
361.042,174.149,1797
544.076,254.748,1798
566.673,324.315,1799
656.794,52.461,1800
803.420,296.563,1801
962.845,315.502,1802
434.962,873.058,1803
114.088,563.799,1804
282.428,638.865,1805
106.336,584.086,1806
659.105,945.088,1807
227.938,969.696,1808
167.283,565.196,1809
547.152,452.464,1810
716.000,725.939,1811
375.325,286.325,1812
569.457,450.319,1813
417.285,232.134,1814
857.698,320.418,1815
556.834,478.856,1816
917.579,260.645,1817
600.340,824.806,1818
763.004,818.030,1819
206.618,300.868,1820
833.063,810.474,1821
599.273,437.929,1822
575.113,440.305,1823
322.142,460.964,1824
331.276,599.424,1825
852.128,938.621,1826
979.303,433.054,1827
283.226,57.088,1828
104.922,479.835,1829
123.376,931.826,1830
170.706,872.845,1831
423.459,847.796,1832
722.956,647.368,1833
25.012,86.231,1834
226.027,12.244,1835
890.082,87.132,1836
784.152,923.245,1837
866.077,61.992,1838
358.901,987.177,1839
902.560,927.738,1840
502.654,417.699,1841
98.183,900.626,1842
777.563,429.391,1843
189.184,538.310,1844
449.950,449.109,1845
138.547,960.078,1846
784.366,395.504,1847
500.073,199.309,1848
652.283,588.478,1849
552.106,344.103,1850
730.377,254.958,1851
633.430,514.920,1852
872.493,271.501,1853
575.545,634.028,1854
506.093,290.449,1855
152.773,665.770,1856
646.179,384.383,1857
911.190,721.553,1858
920.069,605.749,1859
577.922,821.630,1860
938.827,959.151,1861
50.421,15.483,1862
636.695,549.667,1863
842.400,10.006,1864
968.083,663.433,1865
827.843,589.685,1866
218.254,217.118,1867
848.591,513.230,1868
591.102,683.252,1869
98.744,913.009,1870
231.910,228.982,1871
772.831,305.417,1872
444.420,970.926,1873
113.172,720.595,1874
117.867,453.438,1875
350.148,139.956,1876
702.500,902.181,1877
159.651,709.454,1878
750.017,369.782,1879
154.889,186.843,1880
233.660,347.351,1881
457.503,754.593,1882
499.544,621.665,1883
29.514,612.225,1884
919.388,479.979,1885
115.263,131.792,1886
954.188,595.853,1887
598.369,729.646,1888
466.073,587.482,1889
782.735,977.779,1890
682.545,246.897,1891
149.213,952.966,1892
115.800,523.901,1893
486.156,705.428,1894
746.926,608.375,1895
973.458,840.489,1896
953.703,19.481,1897
34.834,618.826,1898
950.041,797.650,1899
312.785,17.977,1900
618.090,320.931,1901
170.325,818.070,1902
680.843,143.545,1903
146.700,744.235,1904
996.849,804.055,1905
370.898,757.595,1906
383.706,624.865,1907
654.926,344.460,1908
864.461,624.713,1909
443.349,969.419,1910
821.979,154.249,1911
996.452,452.598,1912
64.418,855.146,1913
650.506,447.990,1914
134.364,518.122,1915
726.108,436.318,1916
690.148,45.457,1917
853.716,285.136,1918
680.436,977.622,1919
421.423,305.328,1920
826.722,67.092,1921
210.751,971.973,1922
897.881,777.474,1923
396.987,779.133,1924
780.492,691.318,1925
649.494,610.753,1926
898.759,131.689,1927
259.368,295.523,1928
687.933,70.807,1929
207.120,832.870,1930
310.617,217.458,1931
234.844,956.647,1932
3.951,200.947,1933
590.265,470.871,1934
569.977,504.485,1935
561.211,701.796,1936
51.815,537.490,1937
725.624,112.535,1938
752.707,165.250,1939
403.947,363.163,1940
659.303,911.941,1941
859.785,203.376,1942
104.889,32.711,1943
275.332,710.554,1944
797.218,512.703,1945
620.608,513.745,1946
77.251,145.014,1947
846.480,984.663,1948
97.278,445.800,1949
393.310,44.583,1950
296.397,592.330,1951
878.070,484.402,1952
929.520,468.900,1953
923.615,558.912,1954
613.662,720.309,1955
172.348,632.166,1956
484.801,899.552,1957
457.362,23.737,1958
710.553,792.456,1959
187.576,968.600,1960
821.200,79.481,1961
793.547,164.519,1962
301.341,935.205,1963
599.214,341.600,1964
95.008,557.197,1965
63.543,220.120,1966
858.322,333.550,1967
547.711,265.136,1968
974.855,234.322,1969
665.755,287.706,1970
81.827,217.727,1971
898.458,140.032,1972
997.845,909.016,1973
847.592,846.481,1974
779.604,985.459,1975
319.426,828.884,1976
308.179,737.321,1977
655.653,631.804,1978
435.439,205.621,1979
489.832,829.767,1980
187.147,5.756,1981
298.111,379.734,1982
939.438,838.586,1983
525.909,796.407,1984
91.353,702.779,1985
633.085,677.861,1986
765.406,226.801,1987
446.416,626.781,1988
472.506,718.419,1989
305.153,404.707,1990
497.319,58.468,1991
216.726,959.475,1992
126.512,511.087,1993
305.477,450.488,1994
426.456,86.781,1995
292.534,276.932,1996
269.249,893.169,1997
60.002,884.790,1998
799.483,7.776,1999
823.757,578.917,2000
443.126,745.444,2001
808.627,38.655,2002
233.152,408.552,2003
519.242,74.683,2004
733.818,867.852,2005
555.993,449.180,2006
711.537,459.641,2007
898.192,73.150,2008
195.664,632.021,2009
419.657,368.950,2010
531.777,411.560,2011
865.559,826.237,2012
504.891,588.974,2013
75.882,19.401,2014
240.102,772.346,2015
941.360,983.660,2016
886.936,666.485,2017
760.217,528.499,2018
454.993,184.820,2019
105.692,948.984,2020
830.252,289.396,2021
533.353,723.338,2022
29.726,759.850,2023
967.726,922.345,2024
104.715,330.503,2025
714.035,43.681,2026
861.695,968.725,2027
956.926,610.961,2028
405.813,531.659,2029
439.978,196.468,2030
656.730,240.160,2031
11.163,423.007,2032
660.023,200.929,2033
393.741,362.363,2034
101.826,676.823,2035
70.274,93.050,2036
11.837,816.784,2037
78.772,122.688,2038
863.410,909.895,2039
567.684,970.057,2040
73.372,439.544,2041
926.266,527.547,2042
712.737,828.551,2043
683.339,696.400,2044
952.510,210.801,2045
574.980,56.557,2046
897.164,805.252,2047
651.480,2.980,2048
781.802,739.458,2049
405.128,26.098,2050
612.879,320.651,2051
969.863,246.578,2052
761.390,668.391,2053
368.216,732.443,2054
966.133,848.087,2055
911.098,513.034,2056
245.809,326.337,2057
811.566,431.166,2058
855.410,532.750,2059
896.120,280.116,2060
946.031,580.436,2061
665.235,686.506,2062
585.433,753.903,2063
445.945,675.455,2064
408.362,377.834,2065
868.254,9.015,2066
422.888,703.510,2067
78.958,589.169,2068
879.262,81.417,2069
421.559,120.208,2070
654.382,570.807,2071
310.780,974.978,2072
632.599,297.530,2073
660.782,958.625,2074
464.247,258.175,2075
883.271,87.176,2076
364.772,454.349,2077
165.368,231.949,2078
128.535,138.021,2079
126.786,840.143,2080
562.090,248.865,2081
930.284,712.273,2082
238.221,395.946,2083
212.324,746.939,2084
808.580,307.696,2085
656.974,213.025,2086
411.534,530.184,2087
114.303,762.877,2088
559.358,684.208,2089
416.366,256.721,2090
902.785,326.766,2091
437.163,165.929,2092
789.775,417.189,2093
448.933,801.066,2094
540.610,459.511,2095
236.623,542.617,2096
536.266,60.163,2097
929.009,183.884,2098
700.869,796.577,2099
24.276,609.342,2100
506.055,398.085,2101
999.000,271.761,2102
389.450,703.150,2103
301.769,909.539,2104
895.942,525.895,2105
842.655,375.129,2106
364.453,965.686,2107
869.049,58.671,2108
276.736,711.344,2109
173.962,820.303,2110
106.054,367.031,2111
852.994,151.148,2112
646.337,874.974,2113
487.020,454.600,2114
841.610,105.938,2115
228.939,830.430,2116
514.701,541.311,2117
768.652,889.720,2118
939.859,364.655,2119
866.127,743.075,2120
231.896,94.157,2121
245.448,546.710,2122
858.179,109.108,2123
434.087,707.750,2124
42.553,16.113,2125
318.791,425.214,2126
300.790,953.423,2127
271.696,640.420,2128
422.632,818.260,2129
386.723,830.083,2130
453.351,255.614,2131
878.294,508.668,2132
499.541,557.295,2133
626.695,959.725,2134
218.499,141.901,2135
254.640,358.929,2136
385.548,725.923,2137
995.557,747.696,2138
659.708,699.562,2139
906.811,591.976,2140
487.348,737.669,2141
497.154,124.115,2142
42.221,867.884,2143
943.460,707.643,2144
565.161,539.676,2145
4.872,274.209,2146
614.838,878.868,2147
828.319,140.885,2148
720.019,443.278,2149
583.251,541.195,2150
684.191,465.802,2151
482.561,453.768,2152
245.283,635.861,2153
210.324,436.862,2154
461.947,852.326,2155
247.867,65.709,2156
820.785,610.307,2157
220.267,203.456,2158
61.569,482.309,2159
171.848,770.615,2160
143.653,524.554,2161
748.597,281.686,2162
111.005,339.695,2163
418.437,348.639,2164
283.484,202.451,2165
451.175,639.863,2166
942.258,954.000,2167
79.544,127.892,2168
753.022,339.046,2169
562.585,403.532,2170
948.051,795.760,2171
515.951,81.796,2172
41.290,289.149,2173
6.093,532.596,2174
342.065,939.252,2175
611.600,726.785,2176
134.113,372.414,2177
426.158,442.248,2178
691.424,283.904,2179
644.277,108.311,2180
911.093,292.897,2181
52.535,633.141,2182
897.634,836.988,2183
453.854,941.820,2184
898.463,464.870,2185
50.921,324.906,2186
677.760,205.316,2187
83.070,751.073,2188
556.978,166.364,2189
802.896,493.114,2190
335.052,985.609,2191
665.893,813.070,2192
329.886,46.234,2193
466.038,860.687,2194
379.230,929.147,2195
736.756,297.081,2196
540.807,449.139,2197
751.200,203.402,2198
959.633,124.586,2199
992.983,327.670,2200
823.299,328.527,2201
729.341,245.825,2202
188.665,644.805,2203
667.297,462.480,2204
620.607,756.540,2205
85.024,980.764,2206
486.384,197.719,2207
25.548,281.309,2208
870.023,241.675,2209
152.430,206.583,2210
0.000,126.339,2211
556.598,285.581,2212
501.660,29.159,2213
535.556,500.114,2214
85.036,852.079,2215
890.113,859.213,2216
50.519,516.828,2217
340.752,582.516,2218
891.949,498.369,2219
393.622,664.988,2220
296.318,467.342,2221
833.322,391.680,2222
56.738,108.547,2223
970.390,873.207,2224
37.746,107.480,2225
126.780,928.609,2226
436.362,367.547,2227
782.314,187.652,2228
337.473,402.362,2229
963.048,915.970,2230
66.399,109.136,2231
221.678,375.394,2232
466.908,643.874,2233
275.007,372.070,2234
716.320,761.782,2235
317.290,649.349,2236
181.375,666.660,2237
740.768,637.177,2238
508.119,876.573,2239
887.321,633.084,2240
373.847,651.329,2241
401.199,913.780,2242
249.349,573.226,2243
84.004,888.710,2244
715.234,128.759,2245
48.126,386.598,2246
24.535,209.544,2247
587.060,58.018,2248
953.558,683.920,2249
364.543,747.989,2250
495.844,318.793,2251
615.537,792.222,2252
99.869,845.045,2253
286.878,1.614,2254
844.681,837.577,2255
499.010,711.887,2256
318.249,210.992,2257
762.480,578.011,2258
959.911,684.868,2259
609.868,719.514,2260
735.830,735.772,2261
552.274,546.439,2262
86.233,995.818,2263
698.760,923.397,2264
644.563,926.262,2265
334.674,339.864,2266
370.968,581.514,2267
885.966,698.737,2268
390.682,93.101,2269
62.765,199.933,2270
719.190,889.499,2271
96.861,34.508,2272
586.048,879.020,2273
689.752,788.094,2274
605.385,807.346,2275
378.799,328.761,2276
662.704,866.065,2277
174.200,473.320,2278
497.956,393.438,2279
326.030,772.733,2280
184.457,141.435,2281
512.014,926.916,2282
180.609,649.729,2283
932.158,74.746,2284
660.756,750.657,2285
401.680,652.860,2286
771.150,703.919,2287
540.543,843.178,2288
100.939,407.316,2289
377.356,355.198,2290
328.350,700.981,2291
749.150,343.298,2292
822.486,340.867,2293
245.386,155.282,2294
539.980,565.359,2295
43.785,691.654,2296
390.601,982.119,2297
955.971,734.644,2298
546.682,928.212,2299
593.389,981.669,2300
161.305,388.757,2301
615.305,2.739,2302
735.681,612.326,2303
722.573,365.077,2304
191.576,936.000,2305
390.181,859.674,2306
263.347,151.751,2307
58.442,640.321,2308
771.241,724.713,2309
789.743,158.272,2310
654.127,540.971,2311
535.198,651.801,2312
652.122,689.871,2313
712.775,811.369,2314
783.209,729.946,2315
469.435,607.104,2316
748.299,702.966,2317
305.487,547.579,2318
314.791,968.521,2319
227.205,166.109,2320
840.765,670.713,2321
996.777,266.516,2322
81.042,649.508,2323
695.316,967.642,2324
660.475,878.906,2325
472.052,181.756,2326
675.259,59.418,2327
163.230,2.623,2328
821.588,31.687,2329
990.168,858.984,2330
165.239,768.860,2331
606.934,357.336,2332
634.541,476.655,2333
32.700,424.406,2334
655.569,772.912,2335
837.683,727.828,2336
946.015,767.744,2337
366.278,154.290,2338
303.200,142.922,2339
798.890,741.514,2340
105.563,258.024,2341
415.387,475.946,2342
726.075,345.502,2343
838.892,331.005,2344
231.077,180.543,2345
683.449,693.409,2346
937.410,63.403,2347
802.150,49.530,2348
511.172,281.850,2349
455.520,915.901,2350
9.809,516.829,2351
894.688,467.952,2352
525.907,931.108,2353
707.309,712.754,2354
66.173,679.009,2355
502.195,816.428,2356
269.055,463.381,2357
200.548,11.064,2358
987.359,63.632,2359
384.680,982.937,2360
490.258,702.681,2361
914.157,326.870,2362
523.366,650.940,2363
536.129,498.936,2364
392.796,602.751,2365
397.437,895.978,2366
629.324,174.235,2367
965.698,204.480,2368
96.603,50.977,2369
947.410,873.401,2370
275.078,234.082,2371
216.288,541.778,2372
60.882,825.312,2373
871.656,105.858,2374
258.031,981.004,2375
305.138,151.044,2376
265.165,957.686,2377
298.203,201.530,2378
789.029,309.837,2379
862.595,577.635,2380
933.065,27.068,2381
189.388,943.237,2382
961.726,260.252,2383
733.844,782.550,2384
318.494,623.963,2385
428.181,954.754,2386
438.095,187.300,2387
505.011,418.088,2388
220.552,348.121,2389
327.329,486.908,2390
50.268,899.453,2391
874.850,430.600,2392
61.626,305.378,2393
636.773,761.865,2394
291.302,221.801,2395
297.370,159.258,2396
163.320,350.926,2397
393.235,843.112,2398
211.135,351.107,2399
298.452,22.837,2400
627.860,936.224,2401
786.879,289.438,2402
471.121,136.888,2403
2.616,883.152,2404
228.007,768.159,2405
351.089,632.709,2406
988.506,769.150,2407
342.630,356.265,2408
350.441,596.096,2409
226.463,768.090,2410
154.386,66.036,2411
452.539,107.362,2412
211.056,444.292,2413
205.555,912.356,2414
991.718,61.251,2415
642.360,617.273,2416
146.959,823.083,2417
267.787,9.104,2418
667.492,304.983,2419
30.827,136.246,2420
274.451,769.800,2421
738.580,801.426,2422
416.608,101.015,2423
333.008,533.604,2424
465.430,425.583,2425
978.764,30.360,2426
41.971,113.997,2427
578.592,119.229,2428
492.609,127.922,2429
277.158,227.420,2430
594.599,765.745,2431
556.876,19.012,2432
666.580,167.818,2433
828.714,297.804,2434
371.491,354.294,2435
147.211,276.500,2436
757.349,858.557,2437
61.171,14.514,2438
159.874,895.596,2439
453.050,339.525,2440
90.054,488.839,2441
33.424,566.243,2442
25.854,494.919,2443
364.904,981.459,2444
914.182,768.904,2445
40.677,904.582,2446
423.017,566.133,2447
291.985,79.916,2448
262.066,509.669,2449
528.174,872.350,2450
720.908,43.968,2451
13.260,451.467,2452
35.827,342.667,2453
65.377,532.941,2454
252.251,611.511,2455
345.207,0.000,2456
553.520,914.697,2457
3.353,224.354,2458
821.033,789.393,2459
56.791,128.162,2460
664.434,203.574,2461
641.585,956.958,2462
798.097,656.673,2463
226.473,479.161,2464
383.585,439.961,2465
379.348,616.113,2466
412.028,896.378,2467
556.407,920.978,2468
923.508,923.838,2469
336.844,370.791,2470
232.363,313.108,2471
490.881,965.792,2472
968.406,835.141,2473
441.815,500.080,2474
238.656,356.672,2475
635.068,364.162,2476
47.244,147.808,2477
445.625,853.226,2478
971.755,72.488,2479
4.741,782.544,2480
110.989,226.094,2481
877.688,550.496,2482
360.465,780.126,2483
220.921,385.359,2484
442.113,815.107,2485
376.994,277.368,2486
961.758,613.602,2487
861.018,832.514,2488
743.570,83.222,2489
816.614,745.673,2490
101.304,266.357,2491
662.618,875.838,2492
981.644,370.108,2493
104.994,646.264,2494
928.043,681.785,2495
959.120,22.510,2496
643.484,451.310,2497
589.133,259.377,2498
412.093,244.180,2499
528.538,765.471,2500
630.490,370.595,2501
608.853,492.146,2502
663.751,123.788,2503
600.159,110.325,2504
305.945,995.769,2505
448.968,364.551,2506
773.985,934.124,2507
867.688,96.607,2508
191.722,43.392,2509
468.931,443.404,2510
799.369,681.803,2511
260.402,801.439,2512
185.621,858.719,2513
678.684,143.092,2514
240.386,227.717,2515
247.882,78.854,2516
154.236,947.563,2517
61.534,64.796,2518
133.491,643.729,2519
410.672,14.478,2520
199.797,544.957,2521
236.048,446.764,2522
267.453,148.488,2523
771.363,389.955,2524
422.007,944.273,2525
951.019,477.096,2526
341.478,181.041,2527
121.531,605.508,2528
972.846,785.834,2529
598.569,754.364,2530
563.585,493.117,2531
9.668,461.786,2532
102.086,208.900,2533
821.054,409.961,2534
14.189,881.012,2535
387.266,418.152,2536
432.293,26.408,2537
64.585,22.386,2538
120.644,533.050,2539
213.673,614.990,2540
968.584,186.705,2541
729.795,236.067,2542
87.882,38.372,2543
70.267,139.525,2544
601.667,876.151,2545
458.884,96.511,2546
79.227,742.199,2547
19.179,938.658,2548
277.235,998.138,2549
75.031,58.389,2550
481.045,936.769,2551
17.346,106.122,2552
216.572,147.325,2553
469.892,643.403,2554
336.488,910.649,2555
107.749,762.418,2556
433.650,670.830,2557
789.546,372.419,2558
258.629,834.668,2559
379.306,361.823,2560
232.883,433.157,2561
309.982,620.990,2562
508.097,897.181,2563
273.276,406.203,2564
912.664,601.468,2565
815.096,741.678,2566
653.627,549.234,2567
274.359,369.074,2568
173.613,175.090,2569
531.292,52.540,2570
925.374,616.823,2571
406.544,494.332,2572
471.405,229.270,2573
869.379,129.896,2574
127.097,160.848,2575
579.278,368.325,2576
369.810,497.357,2577
413.937,910.079,2578
858.075,798.602,2579
60.895,486.747,2580
853.918,740.625,2581
85.265,372.509,2582
610.328,96.246,2583
282.503,701.558,2584
251.881,212.415,2585
672.372,210.553,2586
626.586,45.270,2587
675.671,491.086,2588
763.937,882.856,2589
12.335,606.987,2590
454.623,786.712,2591
878.727,210.979,2592
364.817,72.812,2593
200.721,459.335,2594
336.699,339.550,2595
491.438,287.773,2596
313.276,761.753,2597
241.682,846.224,2598
695.161,280.578,2599
256.949,696.065,2600
427.123,398.874,2601
393.485,317.580,2602
52.440,822.617,2603
113.507,931.908,2604
121.705,577.623,2605
263.284,887.638,2606
495.638,982.547,2607
338.536,653.231,2608
378.686,779.720,2609
133.490,418.052,2610
821.175,743.564,2611
425.906,663.591,2612
529.234,464.549,2613
39.464,433.266,2614
43.003,810.965,2615
953.532,319.885,2616
117.711,735.171,2617
350.365,848.441,2618
828.834,666.370,2619
732.594,957.241,2620
707.935,8.229,2621
297.242,792.857,2622
900.832,266.347,2623
793.060,37.489,2624
96.357,317.901,2625
688.327,609.035,2626
523.817,283.669,2627
324.383,569.782,2628
751.010,584.691,2629
681.699,690.098,2630
64.668,575.709,2631
194.114,889.653,2632
219.441,139.289,2633
803.611,570.311,2634
697.574,804.533,2635
51.654,668.450,2636
995.809,560.928,2637
207.316,155.112,2638
811.478,954.373,2639
572.681,438.064,2640
119.812,57.357,2641
565.695,215.410,2642
440.734,607.194,2643
233.491,199.944,2644
387.156,442.595,2645
160.064,234.237,2646
733.660,831.771,2647
238.927,264.781,2648
363.613,732.863,2649
368.581,821.480,2650
3.542,130.687,2651
331.841,560.605,2652
981.980,67.412,2653
240.295,932.522,2654
173.858,976.746,2655
380.272,315.877,2656
469.852,269.328,2657
352.369,835.525,2658
587.284,861.892,2659
184.640,760.697,2660
709.905,18.267,2661
549.070,468.366,2662
261.628,728.793,2663
314.625,284.635,2664
115.485,977.954,2665
893.986,551.221,2666
314.362,539.669,2667
714.109,963.883,2668
921.476,391.125,2669
997.180,939.156,2670
910.083,625.824,2671
553.978,840.846,2672
249.422,587.989,2673
523.147,904.283,2674
867.089,224.414,2675
900.358,867.523,2676
372.851,740.376,2677
421.293,958.465,2678
431.100,616.942,2679
653.357,946.914,2680
396.601,490.586,2681
333.712,106.913,2682
43.752,795.454,2683
909.791,485.861,2684
912.665,448.314,2685
397.666,250.710,2686
237.910,91.886,2687
848.865,881.130,2688
95.611,299.500,2689
658.788,839.043,2690
185.838,71.194,2691
971.181,963.836,2692
451.753,142.946,2693
700.027,836.833,2694
581.565,838.450,2695
158.158,739.677,2696
542.950,421.650,2697
329.501,56.011,2698
608.638,513.105,2699
645.268,979.671,2700
466.795,470.094,2701
83.864,110.948,2702
897.468,147.182,2703
273.702,455.221,2704
748.800,83.969,2705
574.241,745.886,2706
111.568,312.674,2707
553.669,983.764,2708
696.425,203.396,2709
819.518,261.230,2710
104.129,604.581,2711
794.886,43.894,2712
933.958,206.179,2713
695.784,455.582,2714
769.395,446.458,2715
901.188,164.653,2716
252.876,819.575,2717
789.182,324.563,2718
321.541,698.314,2719
17.683,292.555,2720
888.166,185.307,2721
739.411,235.650,2722
863.327,826.335,2723
405.762,938.463,2724
657.695,462.708,2725
198.458,119.867,2726
258.810,453.735,2727
547.431,956.523,2728
944.661,401.157,2729
939.226,768.120,2730
932.883,396.453,2731
225.265,576.520,2732
365.083,406.367,2733
573.749,56.036,2734
264.927,870.093,2735
200.965,163.531,2736
167.053,447.649,2737
955.547,569.319,2738
775.736,133.726,2739
303.054,406.316,2740
131.610,629.576,2741
872.316,910.804,2742
409.134,264.454,2743
295.741,717.826,2744
990.655,732.477,2745
978.844,126.262,2746
966.743,988.405,2747
990.989,836.176,2748
484.207,322.655,2749
554.540,409.587,2750
40.723,524.094,2751
951.291,38.092,2752
546.432,455.685,2753
732.415,62.884,2754
26.881,616.978,2755
572.461,876.189,2756
672.377,809.343,2757
72.284,515.297,2758
591.549,159.073,2759
973.638,967.916,2760
987.514,15.215,2761
45.655,53.843,2762
367.457,13.400,2763
887.014,72.034,2764
246.783,304.550,2765
652.903,437.953,2766
852.272,952.605,2767
671.846,131.880,2768
886.398,638.812,2769
85.569,69.669,2770
22.547,947.143,2771
453.201,229.824,2772
88.306,346.206,2773
658.122,178.830,2774
540.024,790.277,2775
93.071,957.672,2776
806.294,422.947,2777
226.649,782.375,2778
69.285,621.528,2779
173.999,180.120,2780
248.169,615.594,2781
385.605,756.253,2782
190.955,396.482,2783
762.554,631.228,2784
364.771,769.444,2785
512.966,152.913,2786
748.789,756.479,2787
605.033,789.920,2788
407.859,345.328,2789
625.628,187.119,2790
251.707,189.846,2791
25.970,606.873,2792
816.395,846.659,2793
155.260,163.857,2794
542.585,212.923,2795
999.000,763.769,2796
110.792,237.969,2797
225.011,817.602,2798
866.140,744.702,2799
950.100,144.631,2800
415.441,237.037,2801
984.439,930.513,2802
935.615,859.789,2803
818.359,674.224,2804
313.981,350.686,2805
374.387,923.965,2806
836.810,606.680,2807
685.344,477.499,2808
422.332,837.492,2809
517.055,289.693,2810
394.011,22.151,2811
975.823,807.898,2812
150.531,32.575,2813
496.351,605.550,2814
821.593,215.173,2815
635.836,362.917,2816
224.792,782.651,2817
348.002,795.703,2818
617.364,316.420,2819
501.753,767.785,2820
659.914,635.135,2821
378.410,178.604,2822
93.800,888.501,2823
28.450,192.123,2824
795.420,673.049,2825
163.822,677.622,2826
810.713,929.247,2827
414.825,850.915,2828
499.603,428.697,2829
88.422,290.021,2830
954.054,547.055,2831
196.451,348.743,2832
763.490,571.669,2833
73.441,519.942,2834
491.599,13.384,2835
390.923,616.982,2836
459.042,47.076,2837
85.378,698.235,2838
915.600,179.601,2839
854.647,714.982,2840
247.850,940.829,2841
507.346,371.464,2842
732.391,462.178,2843
786.906,249.416,2844
393.636,754.802,2845
512.730,22.611,2846
644.824,854.061,2847
592.078,905.395,2848
423.627,782.633,2849
38.909,354.920,2850
790.218,704.672,2851
483.978,862.515,2852
202.125,589.080,2853
33.891,128.027,2854
426.284,137.527,2855
331.156,998.823,2856
479.615,44.112,2857
585.012,306.774,2858
345.112,613.834,2859
509.710,111.472,2860
708.688,882.094,2861
19.597,991.665,2862
75.620,964.947,2863
322.295,859.777,2864
902.388,659.927,2865
167.495,34.775,2866
155.066,262.545,2867
794.752,991.203,2868
285.739,487.510,2869
794.724,175.732,2870
364.785,131.867,2871
772.013,0.000,2872
344.673,876.173,2873
271.208,578.315,2874
544.585,495.313,2875
540.855,976.488,2876
164.143,606.353,2877
364.554,182.184,2878
251.882,368.980,2879
221.592,643.586,2880
327.860,831.319,2881
158.252,515.135,2882
593.758,334.695,2883
429.840,652.091,2884
420.808,313.203,2885
919.796,42.560,2886
456.023,29.808,2887
115.767,246.653,2888
44.541,531.269,2889
346.664,890.171,2890
218.040,718.616,2891
562.928,219.771,2892
577.642,351.904,2893
334.631,742.328,2894
750.166,434.219,2895
181.093,563.807,2896
308.613,398.369,2897
292.571,261.352,2898
154.352,14.698,2899
349.439,544.825,2900
748.622,716.955,2901
264.814,531.872,2902
109.834,400.623,2903
96.256,142.642,2904
215.952,826.728,2905
130.721,974.038,2906
963.431,501.433,2907
703.513,294.869,2908
171.397,948.457,2909
607.655,587.782,2910
242.200,210.862,2911
818.404,585.273,2912
832.243,329.417,2913
397.241,817.679,2914
813.501,388.339,2915
516.423,197.874,2916
381.889,731.735,2917
442.817,200.216,2918
406.422,546.393,2919
978.831,909.485,2920
183.634,12.678,2921
79.307,879.765,2922
283.576,956.124,2923
10.914,304.708,2924
121.257,917.520,2925
166.125,905.020,2926
22.385,422.922,2927
842.873,599.148,2928
186.682,367.604,2929
250.361,156.204,2930
156.841,817.921,2931
42.956,90.120,2932
363.572,526.471,2933
222.497,371.944,2934
226.070,385.809,2935
694.686,986.331,2936
193.393,380.273,2937
956.190,804.112,2938
7.742,709.681,2939
976.241,272.998,2940
980.915,605.152,2941
877.356,766.074,2942
762.054,419.582,2943
992.575,939.654,2944
181.645,183.472,2945
240.626,733.375,2946
355.826,211.422,2947
196.972,9.076,2948
972.237,842.037,2949
783.129,146.126,2950
810.427,982.713,2951
304.363,316.014,2952
493.020,990.684,2953
36.026,154.110,2954
7.833,620.653,2955
0.000,716.171,2956
553.389,67.855,2957
479.085,943.002,2958
603.509,459.265,2959
65.732,640.028,2960
758.202,617.890,2961
711.368,532.468,2962
922.347,318.842,2963
931.814,671.364,2964
648.208,118.566,2965
546.034,202.998,2966
210.001,953.534,2967
0.000,501.137,2968
199.355,700.384,2969
129.654,436.218,2970
464.593,647.344,2971
329.612,425.861,2972
968.873,951.932,2973
847.169,986.693,2974
421.383,499.522,2975
934.162,749.926,2976
484.880,606.304,2977
589.311,8.177,2978
631.579,197.031,2979
6.898,853.400,2980
136.183,395.772,2981
930.050,869.797,2982
853.930,200.038,2983
481.266,878.311,2984
324.428,352.373,2985
633.945,724.328,2986
526.619,482.754,2987
156.823,356.578,2988
520.018,215.172,2989
699.063,251.218,2990
78.034,609.907,2991
926.011,316.093,2992
27.345,730.654,2993
903.383,968.124,2994
389.277,319.063,2995
269.716,844.623,2996
515.062,327.256,2997
769.745,919.976,2998
438.730,15.387,2999
190.945,911.159,3000
342.139,642.292,3001
603.646,632.725,3002
52.962,907.992,3003
668.929,262.567,3004
569.622,814.685,3005
768.195,434.358,3006
688.666,776.381,3007
925.065,318.486,3008
254.661,127.184,3009
450.610,417.583,3010
444.567,567.987,3011
794.934,794.547,3012
67.642,677.410,3013
994.578,789.411,3014
372.477,766.687,3015
365.162,938.231,3016
605.375,166.619,3017
786.691,676.562,3018
338.445,704.445,3019
162.367,935.535,3020
590.936,102.461,3021
194.131,986.772,3022
446.151,312.282,3023
526.114,264.038,3024
713.480,64.850,3025
689.131,865.581,3026
18.869,20.060,3027
699.584,202.180,3028
414.822,918.463,3029
969.819,805.465,3030
618.814,881.962,3031
593.290,996.891,3032
291.939,957.716,3033
170.795,425.616,3034
138.542,510.437,3035
388.858,74.229,3036
453.876,794.188,3037
785.794,92.519,3038
532.386,810.699,3039
567.950,884.838,3040
139.709,984.654,3041
768.665,288.233,3042
658.405,398.012,3043
4.864,356.868,3044
446.407,276.084,3045
347.111,91.069,3046
200.027,296.205,3047
12.113,600.553,3048
692.344,451.600,3049
588.163,982.998,3050
625.472,473.657,3051
830.521,182.908,3052
669.883,888.960,3053
441.826,188.497,3054
4.848,724.067,3055
767.488,369.889,3056
569.741,446.700,3057
574.709,58.593,3058
495.377,161.594,3059
173.630,925.215,3060
300.892,503.524,3061
333.742,719.210,3062
629.668,541.141,3063
993.181,738.063,3064
292.318,249.710,3065
422.309,375.061,3066
58.153,79.956,3067
806.497,367.159,3068
56.727,176.346,3069
446.492,995.010,3070
35.207,109.934,3071
311.655,576.648,3072
587.781,513.518,3073
647.700,539.486,3074
122.775,616.538,3075
603.969,969.613,3076
477.332,995.242,3077
869.613,647.391,3078
847.573,870.236,3079
986.597,513.526,3080
102.532,772.627,3081
751.615,760.364,3082
804.617,364.791,3083
57.771,159.790,3084
704.947,838.286,3085
542.778,985.128,3086
608.546,942.020,3087
677.637,785.851,3088
184.529,418.608,3089
295.232,701.119,3090
884.558,873.981,3091
468.086,10.760,3092
742.771,79.174,3093
978.513,123.349,3094
268.083,851.231,3095
154.845,985.808,3096
716.647,383.405,3097
827.691,135.373,3098
120.539,938.387,3099
189.260,371.672,3100
556.156,681.432,3101
689.953,537.829,3102
286.535,43.096,3103
992.926,980.482,3104
285.929,760.766,3105
723.171,260.635,3106
674.860,495.039,3107
499.816,522.327,3108
910.513,920.857,3109
809.610,10.492,3110
919.027,839.590,3111
859.406,986.152,3112
784.306,78.749,3113
680.255,649.781,3114
20.411,810.711,3115
968.356,602.890,3116
352.932,57.112,3117
954.818,419.130,3118
404.751,938.276,3119
854.992,157.733,3120
540.986,717.130,3121
657.646,852.459,3122
313.558,121.582,3123
708.446,667.262,3124
75.439,451.871,3125
394.350,811.303,3126
540.987,508.151,3127
851.499,717.539,3128
140.485,470.091,3129
847.640,732.499,3130
812.397,125.278,3131
788.856,587.376,3132
497.303,789.124,3133
679.001,729.929,3134
678.683,369.559,3135
794.798,833.278,3136
370.485,415.773,3137
26.681,173.847,3138
38.672,63.490,3139
887.307,722.892,3140
48.725,390.014,3141
345.512,691.373,3142
638.321,288.619,3143
538.019,184.559,3144
569.313,802.711,3145
336.808,173.868,3146
233.184,771.803,3147
173.907,218.493,3148
835.083,804.599,3149
1.489,701.547,3150
490.560,518.457,3151
843.990,160.355,3152
881.070,481.236,3153
994.372,355.791,3154
545.367,575.123,3155
581.332,989.389,3156
391.882,144.480,3157
929.240,417.079,3158
906.816,377.532,3159
463.889,569.905,3160
790.794,170.864,3161
189.822,241.017,3162
65.823,221.514,3163
48.704,340.082,3164
194.040,286.177,3165
31.096,883.050,3166
534.080,820.337,3167
461.231,696.788,3168
811.342,275.220,3169
186.102,419.991,3170
958.056,69.572,3171
951.892,189.969,3172
550.397,498.040,3173
71.347,612.422,3174
663.303,792.216,3175
89.816,28.623,3176
403.437,339.939,3177
301.286,111.734,3178
979.273,0.095,3179
607.830,484.025,3180
167.571,739.295,3181
830.768,569.364,3182
820.117,493.797,3183
56.110,356.537,3184
539.582,390.853,3185
306.160,289.852,3186
100.217,685.808,3187
308.391,202.082,3188
306.281,179.285,3189
912.550,355.692,3190
275.143,573.572,3191
342.914,452.001,3192
164.380,714.741,3193
734.336,590.584,3194
411.893,783.312,3195
325.843,119.692,3196
158.544,774.625,3197
343.265,944.773,3198
112.718,751.224,3199
381.773,96.066,3200
260.753,771.757,3201
316.036,853.487,3202
381.779,613.339,3203
167.491,921.270,3204
525.606,603.380,3205
606.224,978.253,3206
191.426,925.805,3207
857.169,979.368,3208
178.622,356.508,3209
139.194,717.016,3210
811.496,282.336,3211
908.026,359.186,3212
138.856,604.193,3213
603.332,343.384,3214
433.713,235.899,3215
872.841,377.148,3216
424.286,223.824,3217
185.603,652.521,3218
371.217,972.335,3219
768.889,197.157,3220
489.419,860.524,3221
46.401,700.206,3222
360.722,753.385,3223
984.990,789.027,3224
83.179,476.075,3225
95.847,557.939,3226
386.421,752.639,3227
771.459,602.002,3228
981.569,985.271,3229
465.556,984.117,3230
474.172,441.017,3231
580.370,177.174,3232
199.956,982.540,3233
695.524,873.850,3234
719.374,352.367,3235
985.424,606.607,3236
426.719,587.988,3237
671.000,636.256,3238
600.035,810.992,3239
838.043,643.996,3240
904.349,319.669,3241
333.270,274.015,3242
288.095,586.239,3243
211.326,438.915,3244
715.298,303.704,3245
66.807,321.365,3246
741.320,716.133,3247
414.689,357.471,3248
301.724,346.929,3249
637.469,55.838,3250
702.535,351.764,3251
172.807,849.623,3252
590.633,227.382,3253
149.940,39.398,3254
790.504,984.818,3255
732.132,247.301,3256
207.845,732.264,3257
102.121,488.828,3258
453.512,333.482,3259
216.127,96.372,3260
804.876,752.939,3261
19.442,872.617,3262
843.338,395.873,3263
310.338,406.989,3264
530.742,546.507,3265
815.377,641.060,3266
776.469,769.080,3267
214.495,992.367,3268
488.271,667.688,3269
405.566,580.965,3270
778.379,868.561,3271
518.667,811.741,3272
606.259,433.431,3273
865.717,914.633,3274
983.126,213.112,3275
367.620,690.875,3276
771.186,37.726,3277
531.092,941.963,3278
930.750,388.719,3279
548.442,303.506,3280
116.372,180.648,3281
17.670,970.844,3282
934.167,95.389,3283
312.184,750.196,3284
840.945,521.519,3285
592.676,430.481,3286
629.220,143.865,3287
211.916,708.633,3288
197.879,997.179,3289
335.773,118.300,3290
598.983,927.771,3291
654.014,681.762,3292
374.107,417.072,3293
973.079,812.834,3294
567.496,494.526,3295
899.668,67.961,3296
716.943,84.685,3297
252.636,32.635,3298
642.670,211.320,3299
679.797,400.270,3300
693.495,956.647,3301
781.242,643.421,3302
333.055,145.200,3303
392.231,571.965,3304
300.823,969.828,3305
887.913,245.959,3306
733.456,181.030,3307
677.703,357.101,3308
79.237,423.829,3309
620.730,375.418,3310
92.252,76.013,3311
860.805,64.594,3312
512.643,387.623,3313
24.389,53.639,3314
231.364,107.974,3315
384.895,97.496,3316
240.157,591.381,3317
268.590,942.817,3318
594.064,27.257,3319
46.379,569.338,3320
812.331,119.240,3321
653.288,656.284,3322
428.196,687.194,3323
568.219,20.677,3324
199.902,183.921,3325
161.380,106.750,3326
879.313,398.042,3327
235.089,892.436,3328
227.629,45.744,3329
23.597,872.549,3330
842.692,267.345,3331
807.299,154.394,3332
320.972,728.941,3333
933.938,655.258,3334
959.626,160.699,3335
949.659,307.051,3336
347.789,130.995,3337
960.988,456.133,3338
422.120,891.857,3339
83.065,308.589,3340
725.274,668.324,3341
455.309,809.413,3342
507.243,194.184,3343
0.988,687.942,3344
669.195,168.850,3345
452.133,172.369,3346
15.013,165.026,3347
929.207,787.184,3348
859.515,464.072,3349
161.518,162.825,3350
467.316,245.160,3351
429.340,720.667,3352
101.285,741.505,3353
533.385,98.386,3354
391.218,942.542,3355
519.341,450.605,3356
800.856,169.886,3357
539.605,685.836,3358
612.283,109.787,3359
24.986,310.233,3360
26.210,666.014,3361
56.829,332.670,3362
476.410,25.506,3363
136.796,375.416,3364
289.494,42.064,3365
99.303,68.124,3366
132.989,367.005,3367
172.313,554.970,3368
719.801,686.047,3369
683.520,765.811,3370
876.646,876.971,3371
741.657,15.651,3372
928.272,821.632,3373
199.208,6.711,3374
811.870,121.476,3375
613.359,267.028,3376
961.218,491.593,3377
603.705,624.201,3378
868.090,599.885,3379
757.216,474.552,3380
456.572,572.854,3381
691.840,596.241,3382
545.280,804.239,3383
17.326,407.506,3384
409.875,549.213,3385
539.551,27.263,3386
413.527,12.370,3387
586.762,22.731,3388
503.928,738.917,3389
587.056,631.275,3390
471.361,254.506,3391
9.734,508.920,3392
2.605,762.398,3393
104.905,178.386,3394
490.160,6.953,3395
828.163,406.091,3396
343.483,78.781,3397
401.617,995.871,3398
309.034,512.850,3399
690.024,98.795,3400
50.023,728.691,3401
182.269,361.588,3402
472.878,523.049,3403
799.424,504.647,3404
540.514,168.765,3405
783.120,848.049,3406
472.687,839.182,3407
135.419,813.741,3408
800.199,420.688,3409
160.640,261.275,3410
285.788,70.628,3411
68.904,583.216,3412
881.503,187.700,3413
614.830,501.403,3414
864.337,474.918,3415
144.928,110.347,3416
412.821,371.191,3417
795.000,351.115,3418
213.643,932.908,3419
696.694,64.389,3420
144.824,208.414,3421
694.000,203.722,3422
523.507,471.815,3423
394.950,334.643,3424
827.709,245.446,3425
359.071,558.727,3426
810.907,719.285,3427
523.843,213.951,3428
269.011,691.300,3429
180.648,100.326,3430
405.004,788.331,3431
110.559,487.124,3432
703.555,868.258,3433
272.239,258.848,3434
866.745,604.283,3435
363.961,278.660,3436
973.969,789.552,3437
601.687,118.293,3438
386.201,101.959,3439
474.766,430.187,3440
182.701,144.158,3441
966.619,763.993,3442
668.825,401.757,3443
481.931,474.449,3444
173.070,103.028,3445
869.271,796.254,3446
752.576,531.396,3447
638.793,869.126,3448
347.172,796.443,3449
781.491,220.696,3450
304.822,222.614,3451
567.614,665.334,3452
589.894,77.938,3453
291.359,900.815,3454
918.263,9.023,3455
452.272,290.604,3456
678.571,55.572,3457
944.979,909.158,3458
558.870,450.698,3459
352.672,461.786,3460
878.834,382.217,3461
305.850,821.830,3462
373.524,900.647,3463
163.278,513.252,3464
854.655,373.393,3465
286.404,228.278,3466
473.494,425.676,3467
847.706,386.641,3468
587.448,566.713,3469
16.295,629.922,3470
422.521,795.796,3471
546.054,183.502,3472
554.766,181.592,3473
613.566,355.353,3474
708.385,117.872,3475
659.524,447.488,3476
69.785,500.841,3477
977.122,684.127,3478
70.171,256.836,3479
5.111,926.327,3480
920.189,225.763,3481
920.215,464.877,3482
865.526,497.412,3483
55.285,841.518,3484
577.486,320.616,3485
891.458,411.515,3486
157.101,101.217,3487
821.216,543.452,3488
784.388,561.743,3489
429.253,229.826,3490
917.071,539.994,3491
61.393,813.100,3492
149.926,909.545,3493
361.256,638.460,3494
664.258,642.903,3495
777.271,569.399,3496
257.950,653.334,3497
247.147,18.541,3498
378.634,798.103,3499
0.389,971.304,3500
203.725,960.717,3501
580.954,992.680,3502
231.712,70.170,3503
595.349,352.581,3504
117.325,691.678,3505
886.102,288.826,3506
909.055,402.375,3507
727.022,939.708,3508
16.912,517.860,3509
567.629,73.437,3510
729.398,997.556,3511
651.499,510.839,3512
301.312,401.578,3513
168.223,287.908,3514
734.607,782.124,3515
153.420,951.282,3516
975.809,133.794,3517
722.958,792.454,3518
190.531,94.947,3519
36.767,851.086,3520
606.859,847.650,3521
421.553,81.482,3522
145.344,305.884,3523
122.298,482.516,3524
427.460,859.837,3525
793.400,897.533,3526
530.870,830.720,3527
214.780,577.266,3528
250.143,989.192,3529
844.365,944.959,3530
705.973,851.180,3531
167.988,779.914,3532
953.272,689.310,3533
68.138,974.823,3534
352.979,83.688,3535
124.807,293.698,3536
638.638,357.321,3537
612.580,768.495,3538
405.865,230.393,3539
548.340,414.748,3540
470.051,293.122,3541
63.898,296.642,3542
402.299,489.475,3543
990.756,716.565,3544
33.524,114.286,3545
783.705,84.689,3546
127.500,909.525,3547
211.219,823.470,3548
329.017,726.538,3549
211.736,132.795,3550
267.757,500.819,3551
242.334,885.127,3552
100.818,653.548,3553
823.882,77.152,3554
669.269,453.472,3555
374.607,758.339,3556
461.257,17.642,3557
872.867,884.814,3558
502.100,286.001,3559
254.036,66.528,3560
905.135,739.393,3561
480.754,199.457,3562
375.686,948.624,3563
877.700,975.984,3564
890.369,192.516,3565
494.577,345.878,3566
642.730,25.578,3567
463.078,338.496,3568
836.516,793.341,3569
339.330,516.345,3570
727.790,558.610,3571
338.916,663.652,3572
118.835,648.726,3573
483.436,546.034,3574
973.350,335.351,3575
171.525,113.953,3576
837.694,490.591,3577
290.439,491.328,3578
625.280,193.664,3579
951.328,155.993,3580
350.089,938.199,3581
851.596,355.670,3582
607.211,157.358,3583
508.087,150.043,3584
620.853,917.662,3585
651.355,299.548,3586
799.975,212.023,3587
581.320,264.389,3588
119.983,48.924,3589
652.498,485.854,3590
160.477,148.813,3591
315.359,559.316,3592
531.511,232.862,3593
674.135,79.485,3594
56.265,633.117,3595
537.448,222.610,3596
620.042,277.362,3597
600.146,547.199,3598
0.848,254.739,3599
825.404,673.167,3600
990.260,711.842,3601
975.078,720.217,3602
8.794,412.026,3603
602.248,983.302,3604
151.392,70.707,3605
702.933,117.811,3606
104.333,298.537,3607
989.588,391.102,3608
383.111,623.887,3609
854.263,732.288,3610
409.627,502.858,3611
82.742,110.924,3612
981.749,138.924,3613
130.495,649.605,3614
600.610,841.511,3615
700.418,2.137,3616
442.506,276.854,3617
227.259,147.781,3618
245.931,152.071,3619
786.488,886.434,3620
784.117,923.983,3621
662.436,327.344,3622
678.132,266.590,3623
183.131,8.077,3624
730.105,475.089,3625
269.701,516.420,3626
72.824,190.406,3627
172.367,60.152,3628
390.717,382.362,3629
582.743,654.999,3630
324.408,98.512,3631
638.251,363.403,3632
67.104,241.223,3633
383.523,781.427,3634
684.979,646.941,3635
78.491,701.882,3636
798.072,146.368,3637
345.399,663.681,3638
272.215,449.772,3639
86.684,999.000,3640
788.669,289.935,3641
198.000,355.996,3642
677.117,609.290,3643
229.925,985.204,3644
989.966,592.929,3645
655.121,732.507,3646
71.330,105.402,3647
790.104,517.810,3648
820.991,378.946,3649
790.053,782.315,3650
331.744,328.915,3651
208.883,250.099,3652
972.321,797.019,3653
861.537,741.761,3654
634.057,747.690,3655
149.672,892.198,3656
804.094,960.668,3657
293.637,111.269,3658
130.353,32.916,3659
413.759,980.078,3660
6.728,561.801,3661
854.467,39.950,3662
397.612,22.999,3663
565.453,438.614,3664
685.148,268.997,3665
742.326,756.287,3666
425.944,377.634,3667
711.698,6.590,3668
415.501,806.498,3669
127.201,308.416,3670
77.786,431.388,3671
735.599,607.324,3672
28.765,5.092,3673
54.919,272.028,3674
704.513,372.666,3675
428.481,487.697,3676
913.474,688.568,3677
634.553,809.603,3678
455.371,488.811,3679
128.318,900.567,3680
98.922,210.069,3681
700.540,958.412,3682
569.054,212.132,3683
978.361,416.424,3684
139.940,489.238,3685
702.802,79.202,3686
36.408,75.148,3687
625.270,283.366,3688
114.278,760.220,3689
368.308,443.381,3690
167.306,913.053,3691
927.736,542.899,3692
147.201,27.357,3693
160.949,698.092,3694
884.742,227.613,3695
229.490,290.967,3696
922.654,438.647,3697
791.532,44.714,3698
563.276,107.025,3699
357.822,703.819,3700
659.397,860.570,3701
240.062,592.007,3702
43.747,308.416,3703
450.296,232.757,3704
228.073,348.972,3705
285.820,162.775,3706
230.370,84.742,3707
20.900,591.404,3708
569.126,38.930,3709
794.022,821.267,3710
466.553,310.862,3711
637.212,898.157,3712
357.110,146.044,3713
753.914,136.397,3714
41.868,741.082,3715
827.627,90.870,3716
450.900,994.324,3717
796.415,909.582,3718
156.048,594.545,3719
464.719,984.610,3720
275.799,950.114,3721
710.637,908.564,3722
400.648,446.608,3723
242.251,9.241,3724
826.431,460.538,3725
579.558,322.479,3726
33.305,244.680,3727
669.397,566.050,3728
134.225,319.582,3729
993.487,709.872,3730
130.149,897.545,3731
970.955,15.857,3732
899.840,4.692,3733
979.701,999.000,3734
589.062,164.859,3735
639.659,524.577,3736
215.804,216.527,3737
384.861,485.495,3738
327.332,233.306,3739
847.832,839.966,3740
919.220,458.679,3741
187.262,174.019,3742
386.798,837.638,3743
870.504,200.484,3744
967.495,429.202,3745
148.022,255.349,3746
236.088,891.286,3747
623.654,386.369,3748
730.845,255.556,3749
190.505,453.994,3750
622.423,800.072,3751
142.681,4.726,3752
737.069,143.996,3753
288.943,455.086,3754
19.186,755.466,3755
376.095,51.490,3756
479.410,756.698,3757
824.849,304.439,3758
834.959,491.656,3759
889.123,203.477,3760
326.112,710.886,3761
672.413,133.049,3762
553.089,925.036,3763
718.158,130.477,3764
395.827,235.925,3765
16.224,507.886,3766
166.182,302.193,3767
96.886,965.404,3768
516.279,854.885,3769
861.224,976.376,3770
524.080,612.500,3771
313.604,904.698,3772
177.796,192.051,3773
810.477,802.425,3774
953.084,897.329,3775
427.097,906.757,3776
233.114,820.902,3777
408.532,174.395,3778
518.519,496.501,3779
433.325,543.098,3780
114.858,846.224,3781
133.808,9.532,3782
406.500,379.529,3783
406.316,229.979,3784
979.386,366.834,3785
79.614,823.904,3786
138.825,332.400,3787
515.402,525.481,3788
151.019,823.861,3789
22.722,396.989,3790
272.136,169.587,3791
161.643,407.488,3792
29.201,718.032,3793
180.002,197.348,3794
429.327,307.241,3795
620.070,523.619,3796
764.969,225.009,3797
414.392,389.095,3798
275.288,341.315,3799
674.088,91.493,3800
3.309,60.579,3801
733.850,246.016,3802
996.482,611.009,3803
978.408,961.863,3804
92.679,665.785,3805
784.461,867.687,3806
1.596,554.622,3807
740.126,382.048,3808
345.307,352.165,3809
451.139,334.086,3810
335.817,752.082,3811
704.186,503.257,3812
694.910,400.751,3813
425.343,325.634,3814
55.067,672.685,3815
814.820,486.132,3816
88.609,706.706,3817
469.761,252.847,3818
620.417,631.322,3819
707.476,564.912,3820
678.727,190.904,3821
437.064,482.110,3822
129.936,532.729,3823
19.794,561.420,3824
889.251,306.506,3825
817.674,718.517,3826
473.515,712.020,3827
314.640,284.818,3828
100.246,234.695,3829
322.823,679.823,3830
692.279,261.110,3831
337.006,586.243,3832
426.600,596.723,3833
853.030,362.132,3834
377.527,204.801,3835
697.438,502.692,3836
918.589,188.782,3837
610.960,383.906,3838
586.054,524.997,3839
292.072,589.293,3840
223.884,883.034,3841
324.029,694.133,3842
707.541,121.927,3843
786.374,750.513,3844
655.474,928.728,3845
668.140,900.162,3846
63.870,448.478,3847
665.316,573.791,3848
962.262,918.048,3849
571.714,778.275,3850
5.103,727.581,3851
456.519,298.282,3852
978.627,712.513,3853
330.293,9.459,3854
479.367,263.432,3855
855.870,267.250,3856
624.659,251.832,3857
734.652,847.097,3858
153.231,995.711,3859
343.473,327.265,3860
815.829,26.378,3861
4.262,84.956,3862
533.285,510.507,3863
212.125,415.368,3864
46.773,538.083,3865
218.456,882.933,3866
228.484,289.678,3867
610.949,905.455,3868
647.011,875.751,3869
822.465,533.209,3870
864.405,39.117,3871
807.033,263.961,3872
461.890,972.698,3873
668.028,968.696,3874
11.185,726.644,3875
60.547,916.037,3876
580.699,159.457,3877
779.158,610.774,3878
390.381,60.503,3879
862.746,635.404,3880
745.731,871.983,3881
424.792,523.684,3882
807.155,660.800,3883
188.957,98.404,3884
806.491,534.879,3885
28.603,774.050,3886
938.171,151.584,3887
744.084,269.316,3888
269.673,654.506,3889
606.766,294.578,3890
818.167,234.503,3891
490.845,981.543,3892
176.512,839.404,3893
4.379,40.007,3894
11.797,412.258,3895
592.131,590.735,3896
395.622,757.614,3897
912.121,493.851,3898
979.385,647.042,3899
635.736,688.214,3900
320.115,676.157,3901
514.674,874.081,3902
862.966,79.296,3903
951.192,595.710,3904
706.045,167.111,3905
999.000,626.442,3906
201.639,932.724,3907
364.026,558.073,3908
952.070,204.077,3909
274.956,999.000,3910
995.218,176.459,3911
739.915,549.752,3912
980.542,886.953,3913
966.807,55.936,3914
106.259,645.288,3915
514.373,433.540,3916
755.890,969.998,3917
803.712,718.506,3918
11.738,824.356,3919
947.902,902.905,3920
989.036,982.386,3921
683.759,683.678,3922
470.256,633.411,3923
754.512,415.276,3924
920.455,377.646,3925
470.444,584.824,3926
111.752,90.226,3927
213.720,390.090,3928
684.212,985.076,3929
309.289,399.203,3930
997.669,199.061,3931
341.988,481.649,3932
770.673,545.757,3933
260.694,387.699,3934
406.693,178.521,3935
873.753,904.809,3936
167.143,398.601,3937
520.962,308.750,3938
35.809,38.342,3939
387.278,303.196,3940
708.535,227.766,3941
854.476,328.875,3942
47.274,698.314,3943
283.118,179.022,3944
370.696,210.358,3945
631.780,970.186,3946
259.499,789.516,3947
443.826,925.768,3948
767.987,245.918,3949
73.616,198.160,3950
805.775,336.926,3951
170.188,206.739,3952
104.230,788.150,3953
431.450,519.869,3954
377.692,945.127,3955
507.443,884.967,3956
969.706,387.120,3957
85.584,251.704,3958
845.418,383.853,3959
886.825,381.594,3960
575.941,484.698,3961
322.831,208.711,3962
990.178,494.572,3963
38.940,934.329,3964
698.020,496.875,3965
495.030,732.424,3966
292.378,119.762,3967
699.862,660.397,3968
17.210,364.130,3969
969.703,789.597,3970
697.474,89.449,3971
551.006,118.564,3972
113.215,66.996,3973
386.382,979.567,3974
118.403,966.347,3975
433.602,756.380,3976
330.611,865.120,3977
611.885,489.525,3978
791.888,389.880,3979
995.015,394.938,3980
886.143,148.740,3981
475.518,702.676,3982
735.028,529.211,3983
441.411,618.948,3984
6.779,233.597,3985
889.537,854.713,3986
489.738,776.123,3987
408.630,985.485,3988
927.355,778.050,3989
823.347,414.314,3990
60.392,244.647,3991
320.000,0.336,3992
670.471,533.335,3993
903.174,960.814,3994
155.770,529.164,3995
36.136,529.654,3996
362.458,869.767,3997
168.283,665.994,3998
680.384,616.541,3999
599.011,402.317,4000
615.795,967.427,4001
534.009,19.827,4002
256.123,707.606,4003
744.226,682.344,4004
151.655,514.483,4005
478.616,650.371,4006
962.052,250.527,4007
355.498,947.213,4008
863.145,580.340,4009
362.512,389.654,4010
958.278,936.434,4011
933.829,278.450,4012
933.337,581.824,4013
876.389,778.908,4014
420.141,582.180,4015
390.697,257.681,4016
708.892,915.678,4017
572.294,639.134,4018
221.417,61.276,4019
542.213,288.531,4020
943.688,514.945,4021
779.895,807.633,4022
965.819,436.565,4023
633.059,803.070,4024
488.052,867.935,4025
653.604,589.673,4026
599.270,474.950,4027
143.985,360.430,4028
881.562,20.145,4029
563.697,841.259,4030
813.229,737.976,4031
738.162,992.418,4032
650.444,64.467,4033
839.682,816.281,4034
680.186,79.375,4035
671.168,272.227,4036
403.541,639.687,4037
395.952,696.999,4038
75.307,379.446,4039
336.263,590.668,4040
179.711,532.355,4041
972.312,94.136,4042
990.457,971.640,4043
331.915,860.190,4044
606.903,975.071,4045
373.704,504.777,4046
121.876,756.638,4047
177.589,470.918,4048
628.279,819.531,4049
636.897,141.792,4050
974.606,99.167,4051
165.685,909.174,4052
457.854,922.811,4053
775.195,397.185,4054
312.023,224.629,4055
694.342,761.562,4056
135.257,701.989,4057
545.676,876.887,4058
581.718,282.635,4059
962.878,611.866,4060
800.231,856.610,4061
14.872,297.695,4062
878.897,616.947,4063
430.521,895.049,4064
166.746,81.763,4065
537.403,566.442,4066
518.150,533.987,4067
700.475,484.567,4068
418.211,328.064,4069
111.536,333.146,4070
542.238,856.589,4071
641.007,477.067,4072
696.971,334.383,4073
885.972,952.308,4074
158.196,946.745,4075
918.490,258.401,4076
975.901,683.642,4077
193.087,916.522,4078
840.977,138.525,4079
358.364,341.153,4080
220.626,664.972,4081
741.546,171.083,4082
51.453,679.673,4083
806.603,293.964,4084
944.342,696.814,4085
369.201,550.286,4086
856.117,817.239,4087
170.818,489.521,4088
396.322,374.619,4089
966.285,782.445,4090
431.977,595.308,4091
390.746,826.994,4092
235.112,725.034,4093
854.588,116.223,4094
984.484,912.630,4095
754.299,712.989,4096
232.990,401.442,4097
357.841,321.612,4098
800.446,930.384,4099
564.137,844.078,4100
534.001,17.941,4101
154.568,462.673,4102
489.804,878.878,4103
943.276,495.766,4104
954.872,819.168,4105
459.378,923.223,4106
876.084,706.981,4107
666.332,217.287,4108
576.736,70.592,4109
115.776,216.305,4110
779.366,723.368,4111
234.968,435.599,4112
108.509,133.201,4113
599.980,824.970,4114
567.200,913.602,4115
268.898,890.095,4116
92.297,35.227,4117
852.337,189.292,4118
710.852,753.218,4119
915.575,445.349,4120
901.365,822.166,4121
251.638,683.722,4122
413.650,921.255,4123
559.095,859.029,4124
798.094,359.560,4125
785.319,697.424,4126
891.305,12.426,4127
677.110,830.250,4128
296.132,724.810,4129
678.094,189.579,4130
883.595,930.359,4131
303.252,213.693,4132
583.169,845.884,4133
226.898,430.742,4134
892.002,431.501,4135
487.701,190.263,4136
522.821,524.886,4137
572.096,10.409,4138
777.820,246.415,4139
47.590,246.658,4140
359.923,298.496,4141
476.651,655.441,4142
455.195,332.072,4143
844.918,65.437,4144
34.491,759.223,4145
957.522,174.849,4146
364.384,528.830,4147
421.773,461.376,4148
796.277,707.966,4149
708.188,551.497,4150
557.265,437.609,4151
931.881,234.602,4152
802.140,990.940,4153
931.844,120.652,4154
146.072,76.701,4155
62.530,452.474,4156
56.435,932.552,4157
357.350,321.973,4158
908.917,914.402,4159
858.208,120.971,4160
447.669,12.851,4161
802.176,367.208,4162
713.089,705.022,4163
467.660,942.372,4164
28.367,993.238,4165
44.358,278.703,4166
537.811,532.913,4167
823.499,529.599,4168
460.030,731.633,4169
675.415,243.699,4170
138.081,462.518,4171
693.106,833.692,4172
213.866,544.491,4173
926.678,329.496,4174
118.212,853.498,4175
660.738,541.438,4176
256.238,692.801,4177
575.396,973.630,4178
532.634,104.556,4179
78.524,37.078,4180
137.895,894.589,4181
544.040,563.445,4182
249.031,309.877,4183
406.429,430.574,4184
641.417,703.919,4185
340.081,443.920,4186
89.319,846.945,4187
55.151,145.697,4188
286.316,418.152,4189
554.701,473.635,4190
592.725,789.503,4191
244.553,195.140,4192
872.312,780.698,4193
711.919,709.252,4194
920.028,853.065,4195
435.464,301.036,4196
45.542,700.056,4197
386.081,568.549,4198
216.385,959.820,4199
596.817,139.763,4200
353.792,529.012,4201
123.411,892.492,4202
100.107,677.455,4203
183.938,167.864,4204
302.488,666.201,4205
431.303,969.464,4206
473.494,650.530,4207
922.395,406.725,4208
287.469,741.937,4209
365.466,227.751,4210
605.922,90.491,4211
640.940,587.816,4212
561.391,448.980,4213
319.262,652.824,4214
786.770,647.288,4215
884.461,829.597,4216
810.009,317.869,4217
364.405,688.474,4218
5.265,668.304,4219
912.598,648.634,4220
381.766,316.315,4221
434.552,425.362,4222
165.327,675.385,4223
541.672,481.935,4224
154.093,451.218,4225
958.559,484.370,4226
593.360,32.453,4227
722.145,600.395,4228
68.734,977.293,4229
65.705,761.286,4230
982.073,352.364,4231
144.094,422.497,4232
763.741,120.920,4233
110.966,312.230,4234
885.000,969.330,4235
785.323,854.012,4236
845.745,521.955,4237
786.488,102.696,4238
906.802,773.538,4239
601.845,980.051,4240
878.583,914.198,4241
473.345,909.486,4242
759.462,94.706,4243
471.170,589.744,4244
160.532,807.495,4245
222.645,144.806,4246
569.456,679.208,4247
699.970,442.355,4248
460.407,724.707,4249
284.000,199.209,4250
821.258,959.288,4251
59.258,345.360,4252
521.521,76.700,4253
562.015,452.472,4254
226.648,882.674,4255
669.533,480.670,4256
193.450,20.525,4257
855.162,874.190,4258
517.610,557.866,4259
931.056,834.303,4260
220.673,979.199,4261
746.758,875.843,4262
257.790,370.367,4263
565.057,557.241,4264
963.777,481.844,4265
989.466,600.659,4266
70.063,126.171,4267
671.378,34.820,4268
829.604,4.609,4269
785.076,392.042,4270
528.343,213.094,4271
951.951,698.334,4272
327.089,566.855,4273
939.579,693.559,4274
873.040,962.079,4275
114.582,250.705,4276
824.071,582.366,4277
817.900,657.516,4278
128.759,206.553,4279
727.740,194.058,4280
724.228,540.763,4281
461.839,902.871,4282
229.267,444.942,4283
450.921,514.768,4284
94.499,811.117,4285
638.835,743.615,4286
229.607,737.287,4287
522.900,611.223,4288
975.739,525.035,4289
60.552,425.097,4290
511.430,833.546,4291
7.970,198.118,4292
249.644,613.183,4293
576.486,73.060,4294
314.065,681.798,4295
190.548,775.162,4296
828.942,560.053,4297
344.084,613.711,4298
48.713,26.111,4299
69.295,28.655,4300
466.328,740.630,4301
799.904,434.003,4302
735.133,340.704,4303
591.942,764.947,4304
243.423,779.739,4305
104.769,698.094,4306
876.325,774.270,4307
350.484,300.596,4308
606.428,861.738,4309
956.883,450.848,4310
145.296,820.520,4311
508.961,91.835,4312
594.174,104.658,4313
869.313,768.657,4314
428.989,241.197,4315
95.943,279.488,4316
443.974,953.477,4317
362.133,953.842,4318
115.161,769.816,4319
90.691,14.351,4320
508.934,285.574,4321
583.587,469.920,4322
516.984,425.411,4323
803.421,553.168,4324
632.452,599.146,4325
187.318,33.696,4326
166.446,80.289,4327
788.119,955.225,4328
980.590,947.458,4329
315.442,56.766,4330
336.921,689.992,4331
126.645,794.596,4332
861.641,813.392,4333
61.239,5.040,4334
225.866,268.127,4335
633.054,611.813,4336
400.132,453.825,4337
573.546,223.679,4338
986.242,430.748,4339
381.222,295.069,4340
868.106,466.146,4341
534.221,875.039,4342
390.847,851.408,4343
610.937,365.272,4344
952.626,146.107,4345
373.066,821.654,4346
588.351,913.385,4347
543.543,128.737,4348
635.120,725.630,4349
700.944,451.058,4350
630.461,104.929,4351
368.208,128.585,4352
922.436,469.131,4353
671.567,465.220,4354
941.545,365.313,4355
298.413,511.577,4356
347.080,472.536,4357
691.669,893.750,4358
398.440,403.671,4359
881.517,280.832,4360
983.399,760.950,4361
262.689,863.052,4362
37.337,762.354,4363
342.313,12.583,4364
999.000,31.533,4365
359.906,796.332,4366
46.846,758.896,4367
985.882,880.739,4368
984.397,58.580,4369
743.986,905.756,4370
336.418,259.035,4371
719.758,846.975,4372
74.429,151.312,4373
586.666,939.594,4374
89.745,349.161,4375
843.353,422.727,4376
165.972,830.581,4377
823.462,483.805,4378
949.394,34.717,4379
994.399,595.761,4380
667.849,751.832,4381
98.959,719.471,4382
365.788,194.565,4383
450.353,302.667,4384
147.439,944.105,4385
56.503,961.487,4386
797.769,153.730,4387
542.075,704.403,4388
540.794,952.516,4389
3.824,636.871,4390
707.575,738.774,4391
396.831,860.853,4392
487.302,395.084,4393
608.913,586.170,4394
356.475,166.554,4395
7.246,262.947,4396
671.815,752.221,4397
904.437,192.928,4398
777.064,763.916,4399
192.239,268.786,4400
184.945,743.953,4401
669.539,577.738,4402
726.043,588.845,4403
636.252,524.625,4404
642.425,836.133,4405
250.669,297.004,4406
496.071,788.859,4407
40.976,615.889,4408
729.594,634.955,4409
426.527,97.593,4410
935.811,273.478,4411
125.415,139.476,4412
979.378,180.158,4413
906.826,105.010,4414
27.161,80.424,4415
466.790,360.167,4416
229.213,336.190,4417
531.625,159.094,4418
912.104,410.288,4419
153.117,255.828,4420
827.869,745.546,4421
635.087,912.458,4422
718.750,435.846,4423
531.909,418.936,4424
575.300,957.689,4425
669.751,312.699,4426
263.092,301.259,4427
123.759,431.122,4428
41.509,636.997,4429
575.163,862.927,4430
886.557,949.674,4431
785.152,978.119,4432
406.487,36.342,4433
555.840,753.061,4434
434.311,393.178,4435
83.793,192.010,4436
62.509,278.029,4437
738.194,133.654,4438
998.298,375.014,4439
195.932,861.910,4440
987.194,875.224,4441
403.229,350.172,4442
818.960,106.017,4443
142.117,229.945,4444
201.237,471.987,4445
851.435,509.192,4446
971.713,361.254,4447
4.905,515.408,4448
395.419,578.742,4449
197.778,353.405,4450
852.837,273.945,4451
764.440,126.406,4452
832.317,742.342,4453
277.272,205.347,4454
697.934,993.083,4455
491.187,936.498,4456
36.112,596.220,4457
630.599,147.037,4458
383.140,529.296,4459
77.610,13.269,4460
890.710,79.345,4461
203.159,407.000,4462
108.043,386.469,4463
366.724,976.753,4464
695.586,466.217,4465
713.776,450.631,4466
149.752,393.366,4467
992.405,853.298,4468
672.494,372.675,4469
412.777,39.313,4470
345.376,453.064,4471
950.705,898.641,4472
289.037,947.669,4473
33.012,30.727,4474
749.789,867.690,4475
748.972,370.805,4476
835.264,536.849,4477
28.480,591.637,4478
682.558,86.491,4479
446.618,542.128,4480
490.673,962.339,4481
712.261,444.523,4482
368.259,571.289,4483
814.608,964.282,4484
995.151,316.917,4485
859.266,269.971,4486
590.686,631.326,4487
449.691,292.809,4488
591.817,600.776,4489
434.193,702.602,4490
470.939,156.379,4491
603.870,450.948,4492
375.600,443.746,4493
770.469,65.438,4494
541.132,322.528,4495
692.000,769.522,4496
168.332,398.547,4497
623.151,353.492,4498
231.587,108.831,4499
323.927,510.470,4500
690.817,694.625,4501
927.685,105.427,4502
900.390,597.251,4503
156.697,271.154,4504
802.065,686.201,4505
201.335,500.371,4506
614.485,850.098,4507
390.412,371.409,4508
852.818,614.609,4509
533.690,490.975,4510
698.624,666.212,4511
283.889,68.005,4512
35.804,278.405,4513
997.495,203.718,4514
451.907,137.779,4515
4.189,656.905,4516
106.466,260.882,4517
40.346,205.895,4518
386.119,251.785,4519
959.223,876.700,4520
884.871,645.584,4521
556.798,665.697,4522
881.257,383.214,4523
569.679,518.659,4524
545.329,61.120,4525
542.133,159.116,4526
605.658,461.994,4527
365.192,874.895,4528
5.427,106.788,4529
371.509,289.194,4530
718.768,563.675,4531
229.111,579.246,4532
388.370,401.481,4533
900.778,268.954,4534
688.750,247.580,4535
312.966,957.542,4536
771.997,856.725,4537
980.064,301.989,4538
123.140,297.156,4539
132.483,719.421,4540
956.783,771.563,4541
746.813,891.273,4542
666.934,325.656,4543
803.029,299.225,4544
160.268,318.425,4545
155.700,730.524,4546
65.726,977.390,4547
642.690,228.959,4548
473.872,903.237,4549
461.672,97.378,4550
50.309,13.565,4551
900.023,775.764,4552
919.061,965.116,4553
677.789,334.379,4554
766.377,23.896,4555
527.851,850.636,4556
944.356,457.023,4557
270.105,746.116,4558
283.135,14.069,4559
133.220,629.578,4560
479.381,856.235,4561
978.953,624.844,4562
309.027,723.281,4563
868.319,953.920,4564
703.282,446.032,4565
12.495,243.045,4566
323.189,558.052,4567
911.946,369.052,4568
288.135,617.412,4569
353.842,181.168,4570
581.920,216.753,4571
966.393,666.577,4572
575.671,893.723,4573
475.341,358.875,4574
125.947,992.372,4575
834.071,757.578,4576
782.086,784.245,4577
321.321,753.795,4578
385.465,518.185,4579
809.126,206.871,4580
250.380,554.601,4581
343.321,992.554,4582
35.606,557.094,4583
338.197,153.902,4584
479.969,234.130,4585
62.779,741.759,4586
569.861,971.439,4587
451.553,21.767,4588
805.826,95.116,4589
649.575,145.138,4590
320.402,783.226,4591
198.849,176.465,4592
984.453,835.976,4593
468.530,894.129,4594
662.274,228.056,4595
903.013,979.194,4596
183.263,900.623,4597
445.959,543.486,4598
41.266,866.085,4599
194.475,512.583,4600
20.314,302.987,4601
842.051,651.628,4602
525.579,548.703,4603
958.436,758.103,4604
439.293,604.661,4605
942.079,891.280,4606
322.841,5.082,4607
566.520,827.441,4608
399.512,516.851,4609
393.023,297.749,4610
254.539,648.235,4611
76.008,381.037,4612
965.673,184.778,4613
393.839,215.298,4614
180.227,31.155,4615
55.430,872.563,4616
920.524,321.386,4617
442.319,913.091,4618
52.666,876.857,4619
375.713,843.451,4620
788.262,175.701,4621
230.126,928.763,4622
240.058,103.351,4623
201.002,819.177,4624
38.702,591.221,4625
306.694,374.409,4626
708.789,475.443,4627
825.014,516.923,4628
999.000,772.121,4629
811.997,385.269,4630
761.979,341.215,4631
899.586,422.274,4632
89.401,988.530,4633
31.236,761.781,4634
591.100,13.239,4635
772.184,855.251,4636
504.891,533.102,4637
821.082,790.067,4638
559.473,983.162,4639
568.819,109.777,4640
364.765,890.122,4641
568.562,772.169,4642
62.087,634.955,4643
421.561,50.771,4644
436.889,709.246,4645
174.677,645.612,4646
301.568,798.669,4647
255.975,718.335,4648
789.107,551.802,4649
448.162,811.954,4650
139.451,604.008,4651
587.870,317.669,4652
201.781,507.004,4653
476.502,40.384,4654
944.345,492.860,4655
620.792,320.335,4656
89.315,920.558,4657
238.059,584.974,4658
826.141,288.031,4659
407.417,149.070,4660
222.312,205.887,4661
675.834,293.727,4662
109.186,780.283,4663
958.891,852.211,4664
919.047,513.683,4665
154.549,357.925,4666
292.549,741.277,4667
582.445,66.625,4668
697.429,484.219,4669
28.541,526.458,4670
90.236,725.349,4671
702.786,529.907,4672
373.696,765.083,4673
232.016,876.193,4674
265.105,999.000,4675
832.058,271.657,4676
320.378,567.732,4677
123.045,773.267,4678
373.927,324.510,4679
318.747,99.925,4680
904.846,848.176,4681
97.151,70.604,4682
884.727,752.247,4683
714.988,435.443,4684
591.831,359.244,4685
692.692,201.675,4686
591.848,637.197,4687
237.931,594.596,4688
588.109,11.404,4689
741.692,837.264,4690
355.267,501.377,4691
482.867,993.028,4692
1.531,532.314,4693
169.639,213.610,4694
76.220,66.357,4695
491.219,988.641,4696
140.398,892.184,4697
807.864,615.291,4698
274.781,368.033,4699
696.020,922.094,4700
206.156,186.188,4701
877.479,718.722,4702
724.449,139.119,4703
65.615,325.565,4704
136.664,90.880,4705
310.127,500.898,4706
162.306,357.757,4707
347.078,167.437,4708
654.004,98.990,4709
314.938,103.335,4710
670.803,167.163,4711
920.501,629.875,4712
262.295,883.406,4713
382.777,585.795,4714
682.127,374.345,4715
363.680,761.260,4716
908.457,405.801,4717
683.665,564.778,4718
670.894,219.104,4719
670.244,781.321,4720
573.086,904.274,4721
511.115,60.760,4722
856.706,232.993,4723
892.826,977.275,4724
694.656,272.257,4725
183.360,421.174,4726
953.752,856.388,4727
415.720,597.467,4728
857.843,861.130,4729
811.633,155.770,4730
739.456,966.283,4731
314.224,5.918,4732
563.965,254.585,4733
256.107,553.491,4734
442.648,473.531,4735
22.380,635.383,4736
600.638,304.499,4737
178.167,320.186,4738
614.100,146.321,4739
77.586,541.196,4740
318.024,727.008,4741
83.576,243.051,4742
521.508,830.901,4743
60.444,178.039,4744
39.108,430.850,4745
14.021,214.493,4746
143.447,680.870,4747
865.099,890.525,4748
754.838,346.587,4749
106.042,567.257,4750
778.215,504.337,4751
337.574,345.445,4752
641.832,494.376,4753
106.511,177.040,4754
419.027,366.601,4755
422.422,893.335,4756
409.961,808.752,4757
533.532,844.904,4758
515.684,318.911,4759
203.196,267.775,4760
812.658,588.315,4761
584.056,455.478,4762
252.025,804.683,4763
648.086,459.492,4764
317.014,242.794,4765
374.550,727.712,4766
340.347,255.000,4767
32.920,0.990,4768
642.216,784.158,4769
466.287,63.587,4770
604.072,101.582,4771
505.539,269.021,4772
806.047,379.963,4773
308.293,520.119,4774
73.206,575.747,4775
248.104,63.563,4776
778.638,842.534,4777
417.661,320.107,4778
297.402,911.135,4779
818.383,383.333,4780
816.811,781.509,4781
732.340,156.974,4782
548.042,95.420,4783
982.076,0.540,4784
829.191,500.600,4785
958.164,126.885,4786
334.014,125.158,4787
527.879,773.032,4788
426.830,4.679,4789
914.502,685.167,4790
747.385,330.357,4791
249.266,478.329,4792
45.071,941.529,4793
159.612,985.566,4794
288.427,851.114,4795
269.433,882.766,4796
934.622,200.221,4797
868.017,294.624,4798
327.176,995.066,4799
487.052,115.903,4800
646.286,813.264,4801
660.464,90.829,4802
808.904,533.408,4803
377.628,573.168,4804
943.566,53.968,4805
366.290,610.318,4806
551.260,435.424,4807
974.442,792.134,4808
532.943,350.226,4809
585.896,583.820,4810
784.116,792.353,4811
239.096,945.152,4812
92.064,943.253,4813
455.303,386.697,4814
304.984,511.563,4815
798.114,654.284,4816
180.425,115.466,4817
255.924,799.316,4818
295.705,880.209,4819
422.638,68.670,4820
736.940,989.578,4821
838.443,415.629,4822
318.665,104.323,4823
354.937,878.101,4824
195.086,574.907,4825
138.030,955.438,4826
548.762,260.773,4827
976.146,56.811,4828
548.297,1.232,4829
406.787,445.267,4830
96.604,526.847,4831
198.821,601.009,4832
99.674,385.738,4833
989.254,732.829,4834
513.437,281.964,4835
738.680,163.332,4836
928.188,788.495,4837
208.556,787.701,4838
65.119,372.335,4839
612.920,766.761,4840
141.928,505.675,4841
386.371,509.843,4842
256.371,522.508,4843
580.054,270.381,4844
273.349,285.763,4845
376.474,153.201,4846
153.493,559.374,4847
614.905,953.671,4848
94.438,140.171,4849
622.885,117.017,4850
994.867,535.677,4851
864.090,452.641,4852
575.707,935.666,4853
991.967,566.469,4854
231.381,272.254,4855
742.871,604.706,4856
609.430,834.876,4857
752.820,30.069,4858
573.960,96.834,4859
869.264,181.384,4860
860.452,918.408,4861
41.414,432.108,4862
650.686,17.327,4863
685.426,158.453,4864
22.558,160.895,4865
374.025,640.076,4866
237.767,83.757,4867
189.677,18.687,4868
60.269,716.718,4869
891.619,424.094,4870
164.852,470.742,4871
724.460,524.479,4872
75.560,223.298,4873
752.707,87.364,4874
254.269,496.408,4875
966.840,63.756,4876
620.693,357.775,4877
476.542,289.987,4878
241.624,180.950,4879
407.881,60.461,4880
520.716,69.186,4881
312.341,209.826,4882
820.812,334.414,4883
122.062,29.977,4884
654.882,756.403,4885
466.244,628.528,4886
239.705,430.059,4887
23.629,957.253,4888
259.306,19.012,4889
861.640,802.611,4890
744.126,780.713,4891
645.839,486.231,4892
633.231,262.950,4893
506.283,198.094,4894
566.432,951.448,4895
964.572,383.900,4896
844.755,771.749,4897
292.104,493.524,4898
411.259,758.832,4899
456.225,502.487,4900
468.639,577.381,4901
92.597,468.270,4902
815.827,750.909,4903
417.952,467.188,4904
154.295,382.873,4905
754.843,787.451,4906
236.842,96.807,4907
593.662,235.900,4908
422.308,379.948,4909
360.363,999.000,4910
692.826,690.882,4911
182.701,0.671,4912
805.050,342.460,4913
897.310,369.452,4914
679.900,152.036,4915
448.578,864.497,4916
300.086,315.568,4917
397.530,761.238,4918
452.863,830.937,4919
138.661,835.301,4920
709.238,746.967,4921
190.856,686.691,4922
6.311,73.148,4923
633.058,863.672,4924
475.383,163.111,4925
232.616,699.983,4926
504.750,818.789,4927
121.948,93.230,4928
297.036,402.053,4929
647.867,634.594,4930
252.972,359.612,4931
524.708,627.106,4932
229.504,999.000,4933
344.633,709.670,4934
39.508,672.101,4935
781.082,543.278,4936
680.598,388.389,4937
373.133,91.386,4938
116.069,270.502,4939
473.949,282.948,4940
870.491,741.276,4941
999.000,118.311,4942
363.371,499.022,4943
312.146,550.691,4944
605.813,675.810,4945
242.276,239.235,4946
11.605,734.832,4947
603.805,866.021,4948
896.967,910.150,4949
298.623,867.426,4950
596.609,979.511,4951
519.561,681.162,4952
304.917,144.234,4953
910.013,968.441,4954
544.902,992.118,4955
472.121,139.520,4956
39.532,82.714,4957
603.629,706.942,4958
530.753,948.412,4959
268.008,999.000,4960
650.558,151.799,4961
547.846,701.472,4962
398.338,161.282,4963
542.869,706.756,4964
464.631,47.401,4965
150.262,446.923,4966
237.594,640.643,4967
443.707,807.205,4968
82.507,990.040,4969
541.734,587.476,4970
981.564,573.861,4971
159.366,427.803,4972
161.459,279.891,4973
93.283,552.846,4974
737.003,231.245,4975
942.352,641.173,4976
815.183,401.294,4977
727.751,651.777,4978
37.115,41.051,4979
901.159,982.062,4980
480.554,885.062,4981
647.568,492.399,4982
969.781,957.122,4983
382.255,905.050,4984
314.440,28.910,4985
784.721,620.518,4986
358.957,312.724,4987
357.055,283.780,4988
710.172,829.351,4989
201.488,469.879,4990
228.640,94.587,4991
150.764,807.727,4992
439.635,553.193,4993
338.087,688.955,4994
868.925,28.437,4995
488.877,905.036,4996
1.772,82.858,4997
98.666,558.526,4998
235.313,268.564,4999
971.350,588.087,5000
638.983,243.986,5001
273.859,858.223,5002
443.557,823.070,5003
936.440,751.044,5004
944.594,925.859,5005
390.392,865.788,5006
605.827,488.198,5007
886.162,442.399,5008
872.653,72.960,5009
495.997,733.885,5010
121.507,548.941,5011
144.221,903.765,5012
901.287,542.711,5013
659.795,648.114,5014
239.939,630.818,5015
812.872,861.073,5016
221.660,780.152,5017
412.986,401.998,5018
426.179,916.618,5019
816.497,945.128,5020
682.636,133.913,5021
260.239,677.681,5022
51.032,241.903,5023
688.864,326.687,5024
235.372,776.864,5025
47.325,709.353,5026
415.675,37.889,5027
116.890,566.636,5028
916.016,127.245,5029
838.079,564.813,5030
903.116,462.068,5031
191.413,584.390,5032
559.604,691.879,5033
412.941,824.281,5034
123.860,156.310,5035
221.013,224.318,5036
447.038,631.245,5037
621.851,213.086,5038
788.160,459.861,5039
275.991,994.496,5040
385.149,815.892,5041
335.322,666.868,5042
620.480,879.605,5043
802.420,972.047,5044
522.025,707.191,5045
638.273,410.093,5046
559.057,688.054,5047
634.098,353.952,5048
450.312,171.524,5049
215.759,908.625,5050
402.943,637.698,5051
719.091,121.811,5052
249.756,94.480,5053
616.408,660.723,5054
422.981,841.951,5055
156.839,621.550,5056
602.758,977.137,5057
885.572,295.372,5058
77.533,94.273,5059
130.068,799.189,5060
348.380,1.221,5061
167.847,548.906,5062
410.227,685.619,5063
413.155,847.577,5064
159.549,401.572,5065
772.700,912.622,5066
899.685,733.338,5067
806.443,948.916,5068
917.911,678.805,5069
910.956,526.985,5070
813.541,602.433,5071
584.466,812.398,5072
810.313,956.761,5073
140.970,981.476,5074
777.522,154.260,5075
588.475,424.770,5076
414.613,99.708,5077
624.837,995.420,5078
749.755,816.243,5079
677.711,288.748,5080
392.239,469.578,5081
480.759,683.268,5082
794.453,355.078,5083
89.235,356.178,5084
555.189,471.274,5085
362.143,119.129,5086
243.738,795.596,5087
572.922,91.172,5088
80.200,131.458,5089
971.013,410.297,5090
295.849,387.071,5091
745.190,116.814,5092
763.454,748.279,5093
593.421,828.745,5094
784.883,144.188,5095
252.304,761.378,5096
471.546,317.362,5097
463.816,112.779,5098
315.446,866.873,5099
427.375,911.466,5100
368.445,333.294,5101
359.328,977.957,5102
573.595,167.032,5103
353.745,867.678,5104
318.857,924.583,5105
839.367,848.881,5106
5.909,623.302,5107
474.201,38.995,5108
538.712,434.493,5109
24.169,971.942,5110
154.704,171.796,5111
214.716,746.314,5112
749.873,993.857,5113
703.341,518.809,5114
749.317,120.780,5115
74.734,324.115,5116
148.920,911.794,5117
622.321,874.403,5118
177.164,182.154,5119
85.324,255.361,5120
305.372,561.825,5121
448.850,11.702,5122
915.452,90.457,5123
400.272,883.113,5124
372.067,425.153,5125
283.341,903.132,5126
650.028,374.085,5127
437.619,281.786,5128
197.295,725.760,5129
456.937,914.629,5130
115.982,685.255,5131
770.081,120.969,5132
957.544,767.798,5133
455.646,86.078,5134
833.885,312.496,5135
759.981,444.829,5136
222.794,227.890,5137
646.778,586.350,5138
283.480,785.008,5139
689.866,86.751,5140
650.614,137.767,5141
484.572,755.142,5142
619.526,279.377,5143
245.613,117.009,5144
247.817,138.820,5145
593.991,603.116,5146
486.450,206.505,5147
45.108,978.605,5148
102.566,932.786,5149
631.040,793.872,5150
295.570,9.878,5151
649.610,958.342,5152
925.570,782.864,5153
941.294,46.297,5154
939.383,559.973,5155
992.303,890.473,5156
593.819,531.049,5157
413.905,94.663,5158
804.723,393.029,5159
819.882,574.533,5160
593.675,147.211,5161
727.722,177.143,5162
584.412,332.948,5163
444.862,680.927,5164
612.394,483.828,5165
156.496,339.278,5166
761.368,524.776,5167
464.897,192.215,5168
927.059,701.025,5169
300.903,986.266,5170
24.794,769.342,5171
401.226,470.562,5172
481.171,257.343,5173
736.215,344.024,5174
701.455,714.284,5175
903.286,296.357,5176
187.660,368.360,5177
649.767,41.682,5178
528.421,756.706,5179
669.134,846.080,5180
916.267,111.251,5181
963.713,36.460,5182
620.108,993.806,5183
294.612,203.609,5184
294.335,781.295,5185
787.801,216.589,5186
572.975,252.689,5187
355.344,207.401,5188
378.477,921.372,5189
188.168,298.633,5190
816.509,213.694,5191
205.117,901.817,5192
855.906,139.207,5193
424.779,791.858,5194
227.873,616.384,5195
97.978,952.650,5196
577.191,139.894,5197
824.643,397.106,5198
598.015,955.669,5199
604.020,965.103,5200
253.235,357.853,5201
917.681,723.721,5202
410.965,129.156,5203
456.234,865.642,5204
0.522,972.980,5205
73.707,474.119,5206
544.804,125.114,5207
567.891,63.039,5208
373.849,595.648,5209
557.947,55.860,5210
337.643,895.563,5211
667.123,934.783,5212
525.100,554.332,5213
755.959,97.922,5214
489.004,331.836,5215
600.863,805.225,5216
170.607,507.854,5217
383.866,306.406,5218
142.404,927.132,5219
681.150,265.665,5220
934.867,207.392,5221
856.474,138.179,5222
853.416,976.757,5223
962.355,423.914,5224
33.792,390.042,5225
153.813,378.179,5226
337.585,752.012,5227
435.228,907.087,5228
66.106,989.316,5229
267.657,820.969,5230
38.747,794.066,5231
899.320,518.147,5232
338.373,827.321,5233
852.325,271.273,5234
674.138,738.781,5235
204.972,443.801,5236
914.011,364.838,5237
143.501,125.785,5238
530.847,28.387,5239
376.517,585.017,5240
873.725,604.508,5241
24.039,880.172,5242
733.912,252.422,5243
112.093,830.103,5244
981.839,392.385,5245
688.464,63.871,5246
620.993,609.277,5247
653.550,260.849,5248
77.033,866.926,5249
158.537,469.407,5250
302.751,844.215,5251
784.318,830.273,5252
51.135,893.236,5253
393.060,697.368,5254
271.941,466.196,5255
79.002,939.314,5256
46.622,385.621,5257
221.596,88.558,5258
977.333,700.336,5259
827.851,973.941,5260
520.861,353.114,5261
290.705,470.503,5262
372.282,112.135,5263
855.531,485.995,5264
146.495,600.173,5265
97.857,245.680,5266
428.383,200.455,5267
85.531,812.818,5268
812.704,866.779,5269
87.876,683.770,5270
693.559,873.928,5271
914.030,276.198,5272
835.820,361.620,5273
504.318,880.306,5274
52.395,564.734,5275
907.763,365.684,5276
480.342,951.404,5277
447.774,189.662,5278
45.827,198.691,5279
898.708,915.747,5280
163.314,179.608,5281
593.444,244.636,5282
307.531,424.771,5283
190.946,929.406,5284
819.260,628.768,5285
727.666,883.796,5286
747.070,273.656,5287
452.067,220.016,5288
366.607,634.700,5289
498.873,81.959,5290
290.738,471.006,5291
462.481,671.446,5292
631.676,624.439,5293
251.242,834.703,5294
377.447,342.200,5295
634.129,507.711,5296
430.050,349.419,5297
427.521,625.790,5298
874.526,114.646,5299
610.401,831.644,5300
478.550,328.221,5301
383.243,187.411,5302
866.571,755.467,5303
971.266,562.685,5304
662.398,248.011,5305
847.092,16.104,5306
967.311,942.724,5307
845.693,352.873,5308
139.789,267.182,5309
439.076,545.917,5310
661.620,830.111,5311
501.703,793.349,5312
19.683,637.570,5313
596.463,771.340,5314
246.826,249.192,5315
430.365,116.914,5316
482.545,22.274,5317
979.513,807.296,5318
505.111,487.725,5319
811.848,571.903,5320
245.753,694.574,5321
339.903,729.041,5322
568.639,156.523,5323
133.999,196.284,5324
459.974,725.555,5325
997.897,717.778,5326
2.462,245.762,5327
360.866,767.081,5328
888.769,714.984,5329
61.080,214.496,5330
934.278,538.322,5331
687.411,919.772,5332
933.920,240.907,5333
242.950,405.051,5334
850.787,777.105,5335
423.952,895.978,5336
609.131,83.699,5337
531.402,267.194,5338
639.280,107.174,5339
88.980,916.627,5340
473.582,147.137,5341
925.659,682.962,5342
395.858,2.222,5343
551.150,578.929,5344
340.016,132.951,5345
872.988,741.748,5346
867.458,71.774,5347
488.347,613.688,5348
892.894,877.963,5349
774.777,709.170,5350
726.801,970.449,5351
52.230,18.141,5352
232.686,548.828,5353
910.294,130.337,5354
606.718,776.839,5355
224.213,793.441,5356
456.017,896.678,5357
90.922,435.557,5358
952.443,557.943,5359
810.026,323.531,5360
49.859,406.288,5361
694.048,714.506,5362
936.085,707.153,5363
395.528,718.468,5364
652.114,759.455,5365
112.656,125.286,5366
625.641,362.104,5367
147.724,150.512,5368
568.405,598.520,5369
526.675,361.519,5370
163.307,799.948,5371
823.285,9.718,5372
367.873,510.331,5373
596.208,271.806,5374
7.272,797.329,5375
438.073,910.841,5376
293.243,107.219,5377
59.515,71.996,5378
558.563,855.506,5379
929.853,880.610,5380
99.459,353.176,5381
703.724,990.741,5382
375.918,810.367,5383
832.093,559.902,5384
904.888,663.469,5385
99.580,772.491,5386
309.256,402.797,5387
888.260,145.236,5388
526.967,13.144,5389
824.138,958.355,5390
306.836,553.075,5391
457.855,20.679,5392
286.356,98.167,5393
984.761,182.147,5394
38.453,270.464,5395
908.979,494.100,5396
777.226,854.284,5397
302.388,173.456,5398
141.027,787.946,5399
903.879,689.709,5400
37.029,736.515,5401
376.114,367.443,5402
285.777,95.035,5403
456.263,529.118,5404
526.396,961.217,5405
961.896,274.324,5406
533.077,857.798,5407
779.290,4.136,5408
315.774,74.191,5409
160.636,455.379,5410
983.051,891.205,5411
743.606,41.639,5412
84.122,904.490,5413
55.783,868.871,5414
44.321,546.366,5415
319.158,592.978,5416
533.945,596.715,5417
527.504,644.673,5418
440.436,541.760,5419
464.465,719.146,5420
925.158,91.654,5421
148.344,297.690,5422
856.675,593.795,5423
165.794,215.730,5424
580.073,651.636,5425
948.141,78.853,5426
884.181,263.481,5427
35.512,989.849,5428
81.207,297.732,5429
399.273,535.547,5430
705.392,525.181,5431
18.616,370.796,5432
168.826,383.699,5433
45.580,91.046,5434
547.318,6.345,5435
388.983,211.633,5436
718.389,986.387,5437
914.746,221.166,5438
326.269,774.363,5439
21.091,502.501,5440
803.183,276.757,5441
614.311,851.308,5442
698.886,988.036,5443
320.343,903.204,5444
228.658,688.997,5445
663.848,870.812,5446
302.871,217.178,5447
343.116,320.516,5448
124.010,302.058,5449
535.905,602.801,5450
706.620,306.498,5451
250.977,518.055,5452
886.055,376.042,5453
340.953,392.979,5454
644.718,654.427,5455
253.166,197.279,5456
6.538,203.869,5457
931.477,818.182,5458
730.245,697.067,5459
27.331,443.934,5460
251.685,547.396,5461
329.458,491.212,5462
363.348,329.750,5463
880.916,524.551,5464
951.856,31.431,5465
609.360,317.532,5466
46.453,97.754,5467
525.808,829.331,5468
739.231,370.891,5469
346.227,917.518,5470
918.027,155.617,5471
528.611,75.944,5472
657.274,225.308,5473
53.839,458.835,5474
67.324,59.358,5475
595.779,28.880,5476
317.272,848.249,5477
48.992,451.787,5478
662.001,409.285,5479
105.046,420.366,5480
670.973,253.623,5481
657.566,304.603,5482
536.694,561.935,5483
682.172,49.468,5484
489.286,632.181,5485
634.572,582.045,5486
502.940,335.682,5487
69.759,33.127,5488
507.913,932.592,5489
357.437,788.536,5490
846.534,245.698,5491
708.777,514.788,5492
829.886,51.460,5493
783.760,513.202,5494
606.921,904.525,5495
349.709,549.320,5496
711.606,802.664,5497
419.761,216.049,5498
398.058,128.234,5499
91.000,782.780,5500
234.273,164.506,5501
640.295,673.531,5502
209.986,647.668,5503
916.207,54.496,5504
663.664,199.623,5505
764.438,853.082,5506
741.359,247.520,5507
268.038,187.780,5508
356.061,539.741,5509
845.128,644.776,5510
103.224,476.031,5511
894.629,718.648,5512
305.076,875.718,5513
124.387,128.959,5514
102.736,649.385,5515
179.025,793.427,5516
487.563,273.660,5517
822.984,416.278,5518
296.998,923.282,5519
757.580,507.986,5520
18.246,447.006,5521
316.718,4.035,5522
82.996,272.518,5523
259.807,367.425,5524
132.179,352.642,5525
416.277,355.501,5526
619.338,258.375,5527
329.946,797.390,5528
670.199,650.552,5529
749.489,790.234,5530
768.285,24.306,5531
76.775,90.567,5532
672.961,994.599,5533
904.934,992.204,5534
213.546,611.949,5535
336.968,749.976,5536
597.724,982.730,5537
227.403,636.635,5538
952.632,103.058,5539
593.332,662.568,5540
170.121,573.483,5541
348.139,341.074,5542
35.474,640.188,5543
826.255,880.584,5544
81.523,821.262,5545
546.818,91.466,5546
994.540,143.396,5547
337.361,137.995,5548
564.489,981.122,5549
281.388,661.614,5550
282.390,209.627,5551
742.594,165.699,5552
554.308,612.109,5553
842.477,472.140,5554
723.122,104.971,5555
175.662,399.476,5556
365.818,591.050,5557
933.599,254.654,5558
378.359,108.083,5559
583.539,622.729,5560
534.115,402.041,5561
689.620,182.522,5562
542.489,463.900,5563
892.550,857.674,5564
143.709,741.695,5565
404.987,871.569,5566
537.336,552.279,5567
749.996,306.192,5568
701.360,424.846,5569
243.463,917.668,5570
978.010,344.475,5571
992.513,512.191,5572
265.132,774.344,5573
955.191,963.877,5574
601.022,463.668,5575
326.450,980.768,5576
492.521,510.928,5577
948.062,656.963,5578
226.275,889.873,5579
12.980,733.400,5580
44.031,787.425,5581
702.616,914.139,5582
590.215,920.149,5583
637.965,293.113,5584
169.684,519.997,5585
47.962,568.470,5586
207.827,169.321,5587
930.514,373.744,5588
872.705,682.463,5589
97.015,682.823,5590
63.169,963.114,5591
48.367,237.404,5592
604.633,532.491,5593
991.287,906.872,5594
809.183,3.005,5595
431.428,503.425,5596
471.473,48.204,5597
959.820,238.389,5598
138.510,809.617,5599
688.274,822.536,5600
450.911,689.297,5601
227.849,8.914,5602
611.995,942.453,5603
677.058,767.365,5604
404.538,397.141,5605
421.273,51.622,5606
993.235,731.618,5607
698.782,197.050,5608
490.874,498.186,5609
223.623,883.085,5610
406.424,39.436,5611
553.542,443.407,5612
758.311,535.018,5613
900.120,538.255,5614
474.804,567.785,5615
514.784,421.919,5616
352.070,548.678,5617
923.678,283.283,5618
918.050,448.499,5619
293.357,588.581,5620
321.978,916.301,5621
378.950,503.768,5622
750.126,372.063,5623
333.878,190.524,5624
14.687,260.774,5625
446.618,468.035,5626
724.566,820.589,5627
458.486,77.108,5628
478.986,68.555,5629
44.445,620.633,5630
274.711,892.550,5631
704.088,855.813,5632
118.744,811.796,5633
128.535,229.818,5634
295.282,864.642,5635
129.511,389.111,5636
947.717,847.729,5637
714.478,268.634,5638
312.004,399.841,5639
143.535,453.862,5640
212.492,870.384,5641
71.888,248.367,5642
901.661,365.472,5643
275.586,119.475,5644
295.888,255.329,5645
204.612,574.143,5646
33.082,348.795,5647
634.237,532.047,5648
166.549,953.481,5649
815.562,831.408,5650
722.820,733.198,5651
339.413,889.390,5652
962.526,617.760,5653
816.198,635.758,5654
262.179,565.767,5655
243.264,153.393,5656
301.928,359.945,5657
839.757,117.108,5658
26.540,367.355,5659
32.456,429.946,5660
289.072,5.215,5661
831.139,949.525,5662
181.762,178.246,5663
552.607,520.820,5664
517.059,341.051,5665
749.622,872.510,5666
455.615,607.120,5667
509.761,961.881,5668
667.388,995.251,5669
296.807,821.159,5670
715.015,537.135,5671
998.249,782.535,5672
674.776,348.878,5673
824.468,301.171,5674
496.529,377.752,5675
302.245,209.335,5676
117.006,897.333,5677
808.497,550.864,5678
414.281,853.241,5679
926.916,759.831,5680
694.590,583.455,5681
452.070,52.712,5682
626.650,290.483,5683
651.208,654.753,5684
693.604,365.405,5685
449.015,81.512,5686
382.341,944.387,5687
868.396,659.859,5688
471.191,808.563,5689
920.759,86.370,5690
951.805,230.571,5691
728.454,395.496,5692
40.610,522.692,5693
233.886,937.904,5694
584.567,719.279,5695
286.784,443.340,5696
250.135,513.168,5697
502.071,458.296,5698
499.006,720.919,5699
85.049,869.492,5700
844.325,195.532,5701
303.216,777.937,5702
863.309,944.113,5703
527.155,15.147,5704
569.840,402.356,5705
376.738,586.511,5706
121.398,447.170,5707
898.371,581.959,5708
57.833,892.705,5709
713.769,831.631,5710
137.146,243.254,5711
716.151,534.696,5712
644.149,125.984,5713
478.886,822.562,5714
104.918,690.098,5715
78.436,728.356,5716
451.359,754.636,5717
979.089,824.865,5718
640.870,240.293,5719
512.039,576.748,5720
355.497,74.433,5721
227.032,530.354,5722
224.637,379.496,5723
863.008,556.639,5724
156.912,300.426,5725
278.243,585.398,5726
596.539,237.833,5727
744.200,454.937,5728
765.276,578.250,5729
442.464,280.602,5730
687.076,697.362,5731
512.020,641.917,5732
427.002,91.240,5733
499.838,372.257,5734
938.895,649.862,5735
273.410,555.203,5736
339.281,533.129,5737
501.807,347.578,5738
847.071,512.937,5739
117.500,691.497,5740
179.421,119.011,5741
400.508,932.768,5742
38.950,837.754,5743
109.103,180.813,5744
429.780,197.441,5745
766.473,471.033,5746
358.251,122.858,5747
501.800,79.625,5748
327.175,330.217,5749
260.396,385.849,5750
604.800,605.353,5751
299.380,744.400,5752
272.398,540.498,5753
492.840,724.114,5754
565.265,869.838,5755
959.513,500.336,5756
231.277,156.338,5757
359.426,894.292,5758
509.297,317.086,5759
679.092,717.395,5760
256.040,969.608,5761
432.699,797.699,5762
627.867,132.483,5763
105.854,575.956,5764
940.735,919.174,5765
462.578,360.768,5766
634.709,443.806,5767
766.726,316.772,5768
88.536,232.411,5769
35.310,465.434,5770
528.567,366.775,5771
412.113,301.255,5772
77.543,50.418,5773
713.062,390.936,5774
318.991,368.132,5775
18.035,814.781,5776
283.711,572.597,5777
57.786,442.977,5778
495.712,480.435,5779
746.331,229.872,5780
313.250,185.352,5781
746.021,52.877,5782
976.068,101.447,5783
755.871,622.991,5784
971.933,127.293,5785
481.669,255.751,5786
920.389,623.484,5787
960.714,446.339,5788
332.115,711.645,5789
694.235,575.647,5790
997.750,751.513,5791
342.539,341.577,5792
954.698,497.648,5793
990.662,686.854,5794
216.769,450.952,5795
60.725,177.018,5796
202.450,381.258,5797
830.648,815.649,5798
779.927,611.370,5799
996.815,870.367,5800
75.809,129.926,5801
641.378,901.263,5802
648.897,185.077,5803
669.618,672.770,5804
625.196,509.788,5805
179.782,432.359,5806
596.636,505.339,5807
970.456,690.170,5808
559.347,29.016,5809
143.369,311.514,5810
726.831,154.081,5811
192.817,914.316,5812
850.683,238.887,5813
748.479,947.163,5814
959.280,171.860,5815
676.777,516.222,5816
577.358,340.480,5817
195.677,139.934,5818
750.948,940.571,5819
44.555,576.659,5820
65.800,938.322,5821
820.806,876.046,5822
507.451,736.389,5823
521.519,722.653,5824
5.435,10.200,5825
367.486,701.260,5826
424.304,777.810,5827
219.758,598.914,5828
615.588,384.079,5829
220.606,158.083,5830
216.784,5.332,5831
347.328,371.532,5832
916.795,621.482,5833
312.756,29.572,5834
664.319,87.843,5835
551.739,40.724,5836
987.822,75.196,5837
862.480,496.106,5838
912.600,754.958,5839
329.282,586.906,5840
406.676,808.255,5841
945.605,160.017,5842
976.374,217.647,5843
442.157,392.370,5844
578.656,512.302,5845
668.668,426.305,5846
672.679,893.415,5847
396.549,51.673,5848
912.663,80.957,5849
640.466,385.937,5850
502.642,954.578,5851
783.581,695.882,5852
621.976,702.305,5853
813.039,369.880,5854
958.422,76.566,5855
609.309,39.388,5856
658.845,263.563,5857
683.438,712.268,5858
101.898,140.577,5859
987.215,503.578,5860
182.230,828.920,5861
115.442,139.473,5862
556.199,833.349,5863
372.917,58.274,5864
127.224,234.736,5865
97.941,307.391,5866
301.369,772.044,5867
316.679,630.811,5868
388.185,212.971,5869
940.152,868.919,5870
783.981,940.633,5871
78.755,908.658,5872
284.255,818.307,5873
175.447,432.399,5874
892.142,907.467,5875
425.325,96.766,5876
427.474,390.909,5877
971.235,539.479,5878
316.032,627.401,5879
557.144,291.011,5880
894.537,445.560,5881
807.741,828.293,5882
147.442,859.970,5883
163.699,254.849,5884
189.535,566.328,5885
233.748,750.582,5886
427.786,64.262,5887
573.163,474.509,5888
909.925,782.713,5889
672.054,217.357,5890
49.836,870.548,5891
750.829,977.323,5892
638.084,526.462,5893
116.824,78.991,5894
957.235,725.963,5895
195.594,675.749,5896
346.126,894.138,5897
459.698,197.756,5898
272.839,219.807,5899
424.952,182.774,5900
580.939,50.211,5901
839.343,487.835,5902
699.434,247.041,5903
82.898,397.699,5904
956.303,419.715,5905
609.412,692.584,5906
741.722,248.461,5907
403.630,336.390,5908
736.289,878.378,5909
140.034,685.068,5910
910.817,130.330,5911
972.345,390.727,5912
619.547,86.654,5913
135.652,896.001,5914
613.224,425.698,5915
305.439,166.020,5916
482.013,500.007,5917
905.429,656.659,5918
163.797,11.042,5919
97.497,690.535,5920
64.713,787.843,5921
202.586,755.438,5922
297.091,464.066,5923
991.595,168.017,5924
203.466,82.919,5925
723.830,345.841,5926
762.292,412.835,5927
232.772,46.947,5928
500.186,821.095,5929
107.363,311.068,5930
323.472,595.194,5931
170.804,10.193,5932
432.735,523.835,5933
627.134,256.446,5934
519.217,128.598,5935
865.991,513.382,5936
919.504,983.757,5937
944.814,309.120,5938
557.680,292.445,5939
832.763,574.133,5940
662.014,335.406,5941
794.194,788.862,5942
46.878,520.162,5943
489.486,47.899,5944
439.970,578.656,5945
628.120,608.171,5946
245.940,190.108,5947
182.726,732.229,5948
309.587,164.029,5949
871.408,639.292,5950
520.725,519.461,5951
519.222,794.247,5952
795.138,209.469,5953
942.825,695.446,5954
645.111,157.893,5955
225.491,78.469,5956
112.136,234.313,5957
726.866,986.499,5958
319.529,154.890,5959
200.709,388.409,5960
392.917,439.303,5961
842.074,64.877,5962
198.920,256.929,5963
794.853,57.755,5964
352.151,599.090,5965
135.499,409.009,5966
56.778,521.392,5967
312.244,690.291,5968
704.341,388.330,5969
869.537,15.032,5970
625.691,647.930,5971
962.374,973.568,5972
751.566,606.120,5973
766.233,329.857,5974
898.147,761.588,5975
912.860,513.990,5976
970.788,68.063,5977
794.579,517.823,5978
854.828,371.093,5979
265.326,888.983,5980
503.165,67.040,5981
304.609,878.318,5982
514.396,885.734,5983
145.363,385.942,5984
570.903,428.323,5985
28.205,978.083,5986
413.209,936.736,5987
850.912,903.360,5988
250.396,179.829,5989
45.728,202.105,5990
17.341,131.410,5991
884.223,473.531,5992
145.956,382.024,5993
628.240,146.143,5994
770.816,423.768,5995
680.623,495.413,5996
328.718,150.650,5997
92.654,818.600,5998
696.942,178.605,5999
283.934,457.464,6000
792.719,204.451,6001
977.958,578.774,6002
663.005,990.895,6003
125.104,389.924,6004
542.878,6.066,6005
88.829,598.415,6006
518.361,412.209,6007
567.173,676.002,6008
415.744,297.213,6009
727.146,212.355,6010
844.808,108.026,6011
421.671,99.864,6012
469.200,606.507,6013
603.247,576.429,6014
904.835,131.898,6015
872.854,581.760,6016
228.365,949.185,6017
54.356,634.427,6018
936.093,312.522,6019
548.487,139.581,6020
535.511,802.968,6021
861.070,535.880,6022
311.379,245.414,6023
404.377,952.294,6024
876.664,595.599,6025
115.086,842.124,6026
429.511,613.893,6027
706.346,272.785,6028
822.058,377.556,6029
549.436,570.293,6030
271.808,523.012,6031
189.709,402.527,6032
259.574,596.353,6033
500.111,414.390,6034
790.527,283.528,6035
858.571,504.683,6036
348.011,857.918,6037
726.862,324.270,6038
150.306,744.921,6039
377.668,878.853,6040
871.834,207.939,6041
477.874,924.642,6042
241.403,843.895,6043
705.557,218.898,6044
281.508,554.547,6045
495.026,920.370,6046
899.575,419.081,6047
641.232,838.737,6048
224.308,641.463,6049
370.242,742.984,6050
618.799,163.215,6051
905.267,470.480,6052
892.473,733.510,6053
173.052,65.378,6054
6.827,561.012,6055
560.053,886.103,6056
983.063,361.813,6057
850.098,990.566,6058
328.307,613.609,6059
237.355,275.327,6060
786.934,857.549,6061
165.341,451.855,6062
913.221,607.844,6063
329.974,448.699,6064
91.670,790.442,6065
585.185,51.500,6066
778.773,990.466,6067
313.489,986.768,6068
714.925,151.823,6069
696.811,556.439,6070
76.522,973.354,6071
996.757,980.272,6072
138.243,987.359,6073
695.166,407.935,6074
351.805,341.231,6075
985.816,600.574,6076
785.012,805.277,6077
773.069,613.021,6078
551.129,158.787,6079
966.462,178.217,6080
138.181,106.805,6081
390.319,782.402,6082
287.228,235.970,6083
259.957,65.408,6084
205.847,660.049,6085
581.292,525.171,6086
68.503,815.398,6087
493.381,950.482,6088
342.261,826.221,6089
978.289,234.551,6090
285.438,619.700,6091
589.287,604.045,6092
601.125,727.128,6093
535.636,215.509,6094
694.870,786.383,6095
509.205,640.909,6096
813.808,669.933,6097
218.292,750.123,6098
122.898,750.482,6099
89.267,630.263,6100
618.546,192.759,6101
400.202,704.517,6102
529.040,977.600,6103
983.432,779.054,6104
398.470,264.586,6105
29.250,886.447,6106
276.930,735.432,6107
232.412,237.609,6108
382.756,632.656,6109
222.823,116.697,6110
345.158,357.318,6111
506.134,363.996,6112
500.243,496.480,6113
301.675,469.749,6114
29.439,99.588,6115
390.970,926.666,6116
312.457,930.190,6117
575.714,184.707,6118
540.757,155.177,6119
539.608,556.351,6120
653.448,845.528,6121
397.467,983.362,6122
380.484,404.979,6123
505.336,735.249,6124
747.183,617.548,6125
308.026,558.879,6126
881.329,943.900,6127
46.529,794.916,6128
526.664,190.799,6129
378.064,417.887,6130
476.402,71.001,6131
441.811,340.025,6132
882.760,930.077,6133
714.982,390.156,6134
304.851,619.339,6135
290.733,891.388,6136
794.817,276.608,6137
800.999,223.320,6138
139.604,121.695,6139
150.691,83.089,6140
640.442,615.652,6141
205.968,10.876,6142
937.459,381.940,6143
489.076,161.090,6144
695.467,645.958,6145
778.073,237.549,6146
303.543,61.506,6147
923.609,290.090,6148
570.756,53.338,6149
41.922,841.284,6150
216.103,508.938,6151
394.595,867.659,6152
92.715,907.452,6153
577.397,841.594,6154
11.565,814.999,6155
959.964,422.563,6156
377.377,92.316,6157
44.274,921.480,6158
856.977,999.000,6159
531.175,285.865,6160
601.290,803.256,6161
633.871,515.261,6162
380.062,415.097,6163
185.207,944.856,6164
132.710,486.496,6165
311.352,563.709,6166
111.457,854.252,6167
158.262,556.701,6168
439.425,427.419,6169
717.501,494.801,6170
187.610,295.676,6171
857.874,439.441,6172
537.026,883.468,6173
285.269,560.466,6174
255.428,953.814,6175
806.190,655.615,6176
466.893,89.208,6177
477.719,928.380,6178
709.090,472.973,6179
392.745,177.621,6180
125.583,433.871,6181
15.430,17.209,6182
520.304,720.514,6183
472.348,690.384,6184
302.719,853.633,6185
508.764,771.894,6186
905.098,101.674,6187
250.644,59.228,6188
438.946,35.077,6189
859.117,27.427,6190
299.446,410.239,6191
219.024,613.697,6192
649.425,904.962,6193
108.842,240.074,6194
451.601,289.357,6195
193.698,367.809,6196
347.383,545.654,6197
845.094,141.714,6198
443.184,891.728,6199
552.164,679.933,6200
627.472,376.550,6201
602.802,923.118,6202
706.079,807.190,6203
363.406,218.936,6204
575.563,351.323,6205
306.917,333.003,6206
195.367,666.896,6207
934.659,909.936,6208
386.103,51.749,6209
277.286,554.258,6210
240.320,196.058,6211
804.910,484.454,6212
281.638,652.601,6213
749.383,695.963,6214
73.206,809.775,6215
959.725,542.079,6216
383.176,715.142,6217
41.020,276.798,6218
283.601,646.605,6219
880.512,271.589,6220
675.042,276.150,6221
764.233,546.886,6222
760.823,401.338,6223
616.418,389.521,6224
185.595,583.841,6225
954.022,505.785,6226
592.825,967.486,6227
458.178,506.197,6228
938.931,286.562,6229
110.554,334.851,6230
69.549,278.748,6231
344.048,225.005,6232
286.344,576.989,6233
192.915,598.954,6234
135.831,25.280,6235
743.652,99.007,6236
344.763,776.401,6237
128.217,643.585,6238
12.029,870.808,6239
968.426,87.107,6240
18.786,626.116,6241
792.549,97.769,6242
371.546,421.301,6243
957.776,814.619,6244
472.901,929.878,6245
140.289,837.816,6246
992.670,79.151,6247
266.864,541.745,6248
457.833,297.398,6249
311.694,554.036,6250
640.868,896.530,6251
497.073,301.279,6252
778.343,785.735,6253
604.831,733.691,6254
0.189,579.142,6255
174.958,52.904,6256
146.916,194.667,6257
52.353,953.175,6258
405.295,459.825,6259
428.551,237.966,6260
428.222,120.705,6261
69.294,191.153,6262
785.356,726.039,6263
667.960,583.561,6264
760.912,862.880,6265
709.268,660.908,6266
576.898,902.327,6267
486.226,242.791,6268
145.356,42.128,6269
224.103,936.635,6270
399.965,735.086,6271
643.689,999.000,6272
798.488,287.280,6273
426.101,225.680,6274
32.377,868.730,6275
413.140,610.805,6276
618.047,324.778,6277
581.301,448.846,6278
320.189,698.770,6279
636.504,728.371,6280
165.719,794.433,6281
953.701,657.064,6282
563.704,128.415,6283
775.075,468.221,6284
424.995,363.508,6285
869.644,571.951,6286
30.622,168.979,6287
125.097,665.334,6288
1.792,833.206,6289
433.744,942.495,6290
884.359,481.384,6291
705.656,805.067,6292
925.678,964.629,6293
522.012,432.117,6294
207.946,110.337,6295
317.840,166.902,6296
176.362,440.449,6297
132.795,587.680,6298
750.360,801.152,6299
901.763,775.345,6300
244.785,811.470,6301
835.275,779.855,6302
231.127,474.370,6303
567.485,985.002,6304
560.016,217.985,6305
102.844,641.057,6306
113.124,234.256,6307
392.667,910.499,6308
739.175,643.812,6309
825.292,801.008,6310
89.360,849.958,6311
634.946,285.185,6312
997.163,910.267,6313
438.922,669.339,6314
561.565,386.344,6315
840.206,288.791,6316
529.794,676.094,6317
498.749,57.905,6318
803.523,889.957,6319
386.651,777.737,6320
582.999,297.683,6321
917.454,92.732,6322
996.919,582.539,6323
753.441,684.446,6324
706.781,763.248,6325
998.188,262.812,6326
701.358,744.742,6327
488.464,721.235,6328
350.354,960.605,6329
13.669,423.592,6330
623.618,863.608,6331
748.073,133.782,6332
683.183,115.348,6333
190.172,398.637,6334
806.095,255.389,6335
793.992,87.605,6336
821.258,539.148,6337
71.849,597.863,6338
579.284,623.649,6339
677.276,21.824,6340
162.993,816.041,6341
236.487,370.063,6342
116.076,134.982,6343
683.303,665.448,6344
358.418,358.065,6345
528.614,386.621,6346
742.390,29.997,6347
47.120,311.779,6348
79.670,475.995,6349
650.796,615.520,6350
393.547,753.485,6351
267.292,715.871,6352
959.747,675.483,6353
867.818,118.404,6354
778.283,104.206,6355
867.373,832.110,6356
727.958,805.807,6357
666.073,113.161,6358
539.115,302.853,6359
997.574,112.033,6360
350.668,80.298,6361
7.046,393.658,6362
368.819,235.638,6363
311.718,273.039,6364
561.579,174.493,6365
622.118,292.461,6366
750.059,341.486,6367
835.880,187.963,6368
36.212,174.248,6369
720.996,624.911,6370
95.863,492.762,6371
751.803,941.353,6372
743.056,162.737,6373
38.892,450.383,6374
431.725,574.419,6375
301.108,888.924,6376
422.792,358.852,6377
164.810,421.777,6378
191.295,613.852,6379
478.498,806.569,6380
480.239,80.436,6381
216.260,690.466,6382
726.231,877.376,6383
893.812,942.058,6384
816.354,87.474,6385
34.239,441.092,6386
93.767,759.704,6387
296.282,758.322,6388
433.370,556.113,6389
700.485,91.802,6390
994.853,955.345,6391
443.077,90.054,6392
903.446,463.428,6393
271.291,81.513,6394
634.787,677.351,6395
415.558,217.067,6396
993.525,627.956,6397
138.703,102.689,6398
68.884,480.726,6399
176.597,688.507,6400
665.628,203.024,6401
395.422,650.876,6402
609.989,72.090,6403
851.760,81.785,6404
573.484,873.559,6405
523.973,619.274,6406
519.734,98.921,6407
216.832,188.210,6408
300.818,602.062,6409
694.541,10.161,6410
739.061,510.082,6411
504.471,212.220,6412
82.022,973.691,6413
143.163,418.828,6414
242.347,984.942,6415
669.143,647.392,6416
606.915,204.793,6417
867.289,358.849,6418
554.417,463.137,6419
297.766,919.036,6420
826.252,522.693,6421
862.761,107.960,6422
793.268,290.946,6423
632.320,93.164,6424
107.795,290.645,6425
577.694,901.214,6426
673.899,289.523,6427
608.374,750.689,6428
525.602,113.287,6429
253.494,936.171,6430
857.899,911.342,6431
870.922,20.206,6432
460.646,448.757,6433
171.193,507.455,6434
69.705,802.005,6435
753.208,464.863,6436
195.503,838.769,6437
931.905,745.466,6438
116.510,747.222,6439
58.630,193.479,6440
484.575,493.984,6441
147.364,830.153,6442
80.941,955.793,6443
762.782,306.992,6444
499.291,450.186,6445
44.418,237.145,6446
731.703,554.545,6447
369.396,770.390,6448
931.164,802.340,6449
419.399,426.872,6450
243.487,778.119,6451
6.588,850.846,6452
188.269,446.543,6453
798.245,335.496,6454
597.921,65.949,6455
239.302,363.287,6456
526.183,716.412,6457
912.498,477.667,6458
507.516,166.288,6459
336.819,734.108,6460
459.015,316.675,6461
901.511,334.040,6462
128.061,406.668,6463
706.297,145.905,6464
147.006,934.664,6465
275.544,562.994,6466
382.072,32.800,6467
861.010,322.813,6468
35.946,67.907,6469
790.890,536.512,6470
643.247,697.998,6471
512.157,385.037,6472
815.728,576.983,6473
695.518,13.989,6474
637.258,609.029,6475
253.975,220.139,6476
78.405,477.437,6477
305.702,457.359,6478
943.588,995.274,6479
962.987,489.202,6480
518.477,701.021,6481
639.756,957.435,6482
832.147,32.765,6483
805.409,578.355,6484
655.305,129.803,6485
572.298,889.706,6486
970.501,371.070,6487
832.389,581.444,6488
721.887,64.657,6489
128.316,923.154,6490
426.217,713.287,6491
553.676,470.593,6492
518.997,784.685,6493
975.050,150.398,6494
962.093,663.863,6495
552.932,50.218,6496
750.852,92.536,6497
50.868,52.215,6498
89.325,333.217,6499
779.003,613.316,6500
85.638,920.961,6501
870.301,630.011,6502
425.440,59.505,6503
997.263,605.384,6504
346.890,546.473,6505
873.940,408.046,6506
596.217,164.097,6507
738.583,466.914,6508
431.642,893.890,6509
346.555,691.830,6510
153.756,509.199,6511
137.685,827.934,6512
326.872,421.818,6513
41.812,466.487,6514
583.849,428.638,6515
231.102,91.508,6516
982.856,254.682,6517
940.407,730.969,6518
297.799,97.872,6519
813.072,557.101,6520
198.379,464.259,6521
301.872,661.245,6522
135.205,586.691,6523
33.141,283.703,6524
64.379,809.158,6525
603.067,952.863,6526
340.095,872.098,6527
702.640,192.944,6528
907.323,193.430,6529
117.275,539.043,6530
338.051,249.654,6531
927.534,824.014,6532
274.786,371.767,6533
78.646,422.733,6534
245.101,898.465,6535
336.511,552.213,6536
542.177,635.562,6537
427.853,47.813,6538
663.341,916.626,6539
417.620,303.857,6540
85.622,276.131,6541
623.624,371.382,6542
449.093,473.809,6543
78.675,643.181,6544
345.899,746.142,6545
593.927,151.668,6546
650.534,687.234,6547
2.579,498.518,6548
715.089,475.406,6549
889.258,858.675,6550
926.010,93.284,6551
195.293,180.506,6552
537.853,711.103,6553
886.102,796.727,6554
466.661,133.288,6555
76.231,919.956,6556
510.836,319.312,6557
204.883,132.684,6558
863.348,139.310,6559
57.785,348.977,6560
26.667,568.179,6561
857.611,519.530,6562
778.997,523.680,6563
569.899,374.389,6564
953.036,829.014,6565
609.676,910.666,6566
218.213,378.909,6567
450.106,171.256,6568
382.949,169.649,6569
628.893,471.922,6570
917.278,78.489,6571
821.686,149.875,6572
614.003,99.791,6573
445.720,795.026,6574
333.822,783.916,6575
279.658,368.946,6576
906.407,951.516,6577
776.205,755.915,6578
569.341,170.463,6579
940.462,893.590,6580
899.709,846.762,6581
374.808,821.740,6582
845.175,900.671,6583
372.927,272.444,6584
8.801,925.427,6585
863.918,930.666,6586
832.070,896.990,6587
357.246,239.860,6588
617.965,527.232,6589
159.137,599.766,6590
896.628,586.598,6591
143.868,786.981,6592
176.200,610.080,6593
258.688,672.125,6594
159.686,169.677,6595
363.377,921.705,6596
476.093,619.548,6597
805.153,454.954,6598
899.676,914.361,6599
931.270,894.167,6600
144.050,600.842,6601
847.597,898.766,6602
103.728,427.929,6603
873.321,219.947,6604
191.425,347.941,6605
771.924,974.273,6606
87.796,962.899,6607
132.243,65.226,6608
905.455,269.160,6609
151.962,886.875,6610
141.091,251.207,6611
893.182,832.283,6612
329.987,693.427,6613
941.646,345.074,6614
537.295,863.125,6615
285.691,189.820,6616
939.713,674.031,6617
379.531,94.989,6618
124.366,986.865,6619
157.299,128.592,6620
769.132,915.984,6621
158.520,34.120,6622
949.391,150.261,6623
938.920,553.690,6624
91.408,166.649,6625
991.969,344.909,6626
135.359,755.760,6627
157.838,107.677,6628
701.447,325.077,6629
385.608,870.550,6630
168.426,110.507,6631
848.045,882.726,6632
626.762,70.253,6633
700.315,954.332,6634
871.558,253.245,6635
602.833,392.236,6636
517.912,414.971,6637
328.691,469.154,6638
128.971,255.815,6639
326.336,24.954,6640
641.514,535.653,6641
867.472,541.198,6642
576.745,618.993,6643
382.483,369.977,6644
409.029,732.296,6645
603.943,96.555,6646
784.397,462.531,6647
777.012,15.794,6648
560.441,70.965,6649
75.644,757.433,6650
242.176,755.048,6651
180.650,236.753,6652
204.189,584.284,6653
710.343,823.768,6654
567.534,373.662,6655
764.925,874.007,6656
217.341,938.431,6657
152.250,804.163,6658
246.128,514.713,6659
442.716,243.072,6660
668.018,216.804,6661
638.795,874.322,6662
519.306,588.286,6663
687.432,976.254,6664
574.350,351.041,6665
863.599,626.585,6666
777.474,23.288,6667
611.782,327.001,6668
947.268,82.248,6669
259.120,595.204,6670
802.162,253.397,6671
510.532,852.406,6672
308.984,242.410,6673
498.378,921.005,6674
294.000,721.944,6675
782.283,502.115,6676
937.256,919.456,6677
619.658,184.589,6678
124.211,349.824,6679
314.346,846.166,6680
775.539,684.286,6681
684.521,249.421,6682
265.254,539.478,6683
465.034,368.465,6684
812.396,436.358,6685
516.165,492.586,6686
201.952,944.072,6687
841.390,816.545,6688
459.373,683.277,6689
268.691,57.338,6690
535.697,698.270,6691
739.456,292.781,6692
845.258,315.783,6693
785.956,702.158,6694
343.671,686.026,6695
130.712,618.259,6696
364.395,378.843,6697
363.752,125.082,6698
503.195,122.677,6699
168.231,49.397,6700
529.943,97.620,6701
482.373,41.358,6702
644.865,275.097,6703
525.736,577.536,6704
262.659,890.992,6705
455.959,300.773,6706
321.396,311.162,6707
633.200,848.940,6708
169.634,843.819,6709
138.294,391.116,6710
811.066,676.242,6711
409.762,506.329,6712
126.695,521.059,6713
829.257,728.306,6714
922.833,805.801,6715
99.931,354.967,6716
61.941,444.773,6717
773.317,362.453,6718
275.089,907.625,6719
9.292,276.879,6720
109.067,506.858,6721
140.707,952.902,6722
220.567,823.182,6723
521.489,839.400,6724
476.969,281.744,6725
523.803,951.299,6726
144.899,332.125,6727
174.682,282.096,6728
559.589,205.591,6729
689.117,926.397,6730
167.758,621.425,6731
208.922,425.014,6732
321.045,492.982,6733
36.796,222.610,6734
956.300,690.337,6735
160.250,911.999,6736
254.299,159.561,6737
720.305,158.849,6738
677.091,196.883,6739
575.023,171.238,6740
651.308,552.934,6741
640.847,210.948,6742
655.579,602.620,6743
743.029,90.106,6744
595.988,183.999,6745
618.369,694.610,6746
633.370,56.409,6747
567.142,578.421,6748
138.837,66.342,6749
306.686,572.208,6750
626.707,835.863,6751
380.419,817.087,6752
117.405,862.117,6753
489.124,915.487,6754
376.116,616.681,6755
331.830,213.039,6756
285.504,399.550,6757
850.988,395.168,6758
958.722,200.776,6759
37.980,330.928,6760
438.964,625.178,6761
829.277,777.838,6762
471.805,132.170,6763
408.473,934.018,6764
869.614,615.303,6765
643.235,142.577,6766
699.687,683.550,6767
267.058,729.300,6768
833.715,372.647,6769
938.290,593.469,6770
151.768,536.165,6771
588.480,540.053,6772
48.097,770.656,6773
862.434,95.688,6774
39.456,568.639,6775
784.438,480.848,6776
663.519,348.399,6777
776.124,658.067,6778
730.063,623.999,6779
350.171,242.458,6780
438.071,412.396,6781
329.778,472.069,6782
76.927,139.488,6783
761.847,132.286,6784
245.188,931.261,6785
443.060,845.580,6786
264.413,302.227,6787
100.448,119.334,6788
222.456,765.358,6789
658.487,669.627,6790
517.763,354.552,6791
102.445,469.547,6792
142.711,743.251,6793
136.784,62.461,6794
268.628,715.455,6795
948.812,768.314,6796
26.327,927.401,6797
642.382,377.319,6798
990.020,638.654,6799
709.719,360.894,6800
630.395,797.537,6801
357.191,860.985,6802
571.436,963.717,6803
927.924,213.221,6804
508.579,183.748,6805
216.360,235.051,6806
591.130,949.858,6807
795.008,952.165,6808
723.881,30.878,6809
81.315,24.933,6810
15.927,510.746,6811
945.016,435.882,6812
345.279,320.365,6813
942.882,250.094,6814
49.068,846.098,6815
630.162,696.044,6816
211.448,565.486,6817
561.153,898.458,6818
899.940,981.671,6819
615.750,172.728,6820
179.697,385.516,6821
950.889,101.569,6822
812.056,828.361,6823
949.056,655.693,6824
636.958,106.042,6825
632.846,149.278,6826
164.641,559.559,6827
119.482,713.814,6828
908.664,738.519,6829
531.892,211.559,6830
746.710,865.896,6831
200.524,886.308,6832
227.568,40.736,6833
978.746,986.388,6834
460.463,701.383,6835
574.501,78.247,6836
497.138,223.459,6837
858.795,936.469,6838
370.773,548.793,6839
874.992,227.001,6840
369.944,624.286,6841
212.272,338.858,6842
958.025,206.955,6843
563.466,953.224,6844
948.320,309.073,6845
220.496,57.627,6846
200.322,403.662,6847
499.230,441.299,6848
363.495,571.250,6849
352.848,492.261,6850
306.164,571.400,6851
851.793,581.578,6852
86.451,592.915,6853
574.336,530.017,6854
178.772,913.500,6855
446.706,429.145,6856
765.331,785.289,6857
167.453,289.544,6858
919.102,673.198,6859
451.473,778.521,6860
60.664,209.618,6861
90.223,502.477,6862
581.600,571.683,6863
813.771,723.298,6864
32.363,644.432,6865
187.160,950.634,6866
183.494,174.833,6867
333.321,320.938,6868
645.313,215.768,6869
764.329,503.615,6870
886.955,8.576,6871
121.681,808.213,6872
661.093,707.016,6873
789.369,325.434,6874
459.382,254.395,6875
42.871,540.859,6876
139.384,100.523,6877
993.330,323.128,6878
581.279,681.910,6879
953.106,704.804,6880
576.862,131.819,6881
514.762,398.371,6882
299.131,607.099,6883
740.010,979.312,6884
52.579,995.212,6885
485.493,684.825,6886
912.667,455.150,6887
144.932,97.306,6888
830.693,567.523,6889
789.212,239.799,6890
113.907,734.766,6891
226.876,579.134,6892
562.366,36.710,6893
459.783,901.595,6894
55.379,546.092,6895
93.994,529.584,6896
238.490,623.405,6897
106.222,591.409,6898
450.449,171.629,6899
739.191,917.077,6900
499.046,413.310,6901
182.589,915.180,6902
68.318,655.791,6903
23.468,448.891,6904
497.218,562.435,6905
506.741,14.252,6906
757.885,288.905,6907
172.641,738.056,6908
517.921,235.475,6909
826.371,268.195,6910
240.175,975.825,6911
292.162,248.294,6912
540.523,278.768,6913
571.333,47.139,6914
722.838,398.738,6915
348.492,155.866,6916
52.390,122.801,6917
835.923,223.490,6918
805.922,695.028,6919
571.342,802.848,6920
257.303,475.913,6921
60.574,281.904,6922
788.481,717.818,6923
787.494,760.844,6924
777.460,416.443,6925
68.703,160.635,6926
407.208,595.255,6927
654.318,730.461,6928
746.925,258.554,6929
677.246,213.206,6930
956.400,980.830,6931
709.477,898.125,6932
74.274,508.433,6933
585.973,730.325,6934
226.978,483.573,6935
346.927,985.343,6936
537.411,225.923,6937
20.870,139.240,6938
86.644,732.672,6939
504.506,348.597,6940
708.337,340.386,6941
496.785,797.606,6942
690.183,188.707,6943
856.562,705.695,6944
172.043,616.376,6945
232.354,682.693,6946
117.484,505.538,6947
206.981,855.513,6948
559.476,700.334,6949
8.059,447.877,6950
422.802,44.771,6951
896.089,191.419,6952
260.715,371.078,6953
448.567,420.389,6954
126.137,908.130,6955
625.034,283.101,6956
301.136,171.458,6957
567.971,504.856,6958
500.887,836.297,6959
191.253,217.285,6960
463.910,855.095,6961
859.318,89.561,6962
279.915,750.382,6963
135.824,947.264,6964
255.775,804.498,6965
325.744,557.761,6966
819.187,137.511,6967
299.821,520.933,6968
47.597,170.380,6969
205.856,694.972,6970
301.428,175.404,6971
139.645,151.565,6972
711.371,61.325,6973
940.204,532.398,6974
886.303,0.000,6975
428.997,976.617,6976
148.843,848.224,6977
834.799,259.467,6978
230.668,847.585,6979
349.224,813.872,6980
690.493,447.493,6981
798.595,750.482,6982
467.476,603.098,6983
455.676,542.117,6984
753.768,119.057,6985
76.332,732.844,6986
280.751,218.316,6987
978.117,772.009,6988
411.143,269.715,6989
194.884,259.602,6990
512.614,717.974,6991
481.268,141.099,6992
9.401,649.288,6993
711.426,385.635,6994
365.540,406.662,6995
962.180,147.110,6996
872.764,610.469,6997
634.072,267.740,6998
508.130,352.126,6999
