x,y,target_id
259.117,191.649,0
850.608,27.285,1
745.739,164.341,2
106.927,491.666,3
47.092,843.724,4
154.747,317.510,5
5.747,82.263,6
888.627,835.558,7
777.227,988.841,8
284.707,341.871,9
471.090,240.923,10
297.746,65.039,11
103.791,53.489,12
698.719,663.173,13
0.191,941.843,14
364.549,692.486,15
66.155,717.577,16
77.288,406.519,17
467.462,947.866,18
878.392,144.754,19
208.620,921.079,20
321.813,718.139,21
10.745,686.214,22
785.434,892.393,23
63.052,761.909,24
718.806,540.738,25
249.633,499.194,26
946.729,277.442,27
457.492,482.701,28
503.849,841.404,29
481.423,151.003,30
460.116,468.959,31
998.596,518.799,32
493.653,125.480,33
746.912,773.230,34
498.317,283.317,35
232.299,613.551,36
443.438,584.912,37
313.846,963.646,38
766.612,335.687,39
329.483,960.146,40
143.021,318.122,41
246.508,258.844,42
948.546,306.182,43
889.343,461.024,44
519.446,567.364,45
509.358,490.084,46
42.499,755.324,47
569.303,235.782,48
330.889,741.813,49
961.942,28.330,50
351.621,449.734,51
852.214,543.082,52
580.996,258.636,53
163.446,707.361,54
563.173,448.613,55
929.733,377.545,56
444.552,639.540,57
477.854,304.167,58
74.651,745.412,59
875.159,671.329,60
499.101,701.055,61
738.304,507.740,62
199.300,206.188,63
773.948,514.189,64
546.043,573.547,65
789.603,701.893,66
208.993,0.160,67
154.476,977.710,68
186.949,361.646,69
757.212,241.215,70
417.743,581.831,71
877.423,845.801,72
859.756,666.018,73
142.612,140.514,74
686.386,776.156,75
389.479,741.320,76
937.438,977.952,77
478.280,611.195,78
686.254,595.162,79
299.687,384.539,80
971.566,314.911,81
887.098,780.244,82
142.920,139.457,83
625.126,504.625,84
780.369,794.118,85
232.063,903.788,86
816.318,933.715,87
25.489,303.777,88
131.605,280.138,89
935.875,640.425,90
53.602,541.649,91
608.746,243.439,92
294.736,985.627,93
130.124,199.408,94
465.089,648.810,95
519.047,391.450,96
518.102,137.793,97
913.018,248.036,98
303.877,751.856,99
629.829,632.368,100
42.152,946.664,101
151.332,511.865,102
178.532,734.995,103
183.439,796.619,104
799.338,685.148,105
185.665,463.130,106
290.398,426.814,107
293.648,416.772,108
698.146,321.800,109
654.605,62.795,110
803.266,88.659,111
788.899,396.330,112
367.839,795.384,113
80.846,403.768,114
408.374,964.705,115
817.993,18.951,116
44.373,265.139,117
332.124,147.170,118
106.343,782.022,119
670.605,367.779,120
607.026,203.853,121
585.769,448.653,122
573.557,10.375,123
841.134,4.899,124
363.087,553.400,125
146.867,448.402,126
940.476,300.155,127
922.365,108.867,128
392.184,694.167,129
431.780,167.734,130
33.214,503.550,131
559.337,988.287,132
165.617,113.655,133
461.917,544.513,134
81.364,948.757,135
471.926,399.766,136
339.537,665.018,137
860.213,375.768,138
191.770,829.523,139
209.293,380.466,140
191.372,841.611,141
836.199,745.920,142
146.364,127.575,143
772.307,121.103,144
892.018,107.636,145
233.202,897.623,146
840.677,224.715,147
994.294,894.034,148
898.168,285.695,149
590.133,345.356,150
661.523,552.192,151
718.526,581.199,152
145.810,160.677,153
880.963,934.669,154
884.526,462.157,155
513.999,439.931,156
638.687,693.103,157
842.308,468.196,158
525.265,355.881,159
718.748,409.621,160
419.676,424.719,161
933.866,623.244,162
737.060,813.446,163
485.943,481.527,164
252.218,573.226,165
439.356,152.700,166
397.821,928.395,167
240.482,788.054,168
175.701,755.931,169
589.912,766.030,170
487.267,582.824,171
526.475,390.442,172
603.752,429.744,173
945.544,906.738,174
145.222,727.332,175
728.013,193.414,176
73.473,241.468,177
771.052,53.450,178
191.781,207.468,179
382.825,520.787,180
194.970,53.393,181
560.699,133.228,182
490.342,609.221,183
317.436,624.748,184
743.461,819.683,185
302.649,822.294,186
664.025,277.355,187
85.469,399.447,188
451.621,944.304,189
814.399,37.784,190
500.648,789.296,191
957.598,641.452,192
971.762,446.369,193
93.988,451.900,194
552.782,716.156,195
681.934,402.138,196
951.717,738.884,197
417.611,929.784,198
897.084,640.469,199
878.202,174.291,200
558.568,392.770,201
567.052,659.006,202
432.649,932.740,203
584.460,358.505,204
673.583,780.274,205
139.776,846.390,206
788.412,68.362,207
228.452,179.477,208
158.311,556.227,209
806.777,800.465,210
396.935,994.017,211
757.797,84.458,212
508.190,79.351,213
162.521,639.349,214
279.802,389.522,215
208.611,99.351,216
951.208,956.610,217
63.752,549.851,218
964.727,258.387,219
786.883,413.708,220
262.357,569.093,221
688.656,714.430,222
509.632,790.541,223
379.758,279.043,224
978.624,120.725,225
97.295,708.057,226
233.922,798.067,227
889.092,53.148,228
268.902,798.495,229
400.464,53.879,230
555.219,69.519,231
266.804,737.219,232
23.579,206.917,233
583.148,51.100,234
880.964,356.079,235
60.462,730.019,236
215.533,722.215,237
341.179,437.681,238
871.502,799.156,239
450.310,999.000,240
882.939,840.192,241
49.340,910.528,242
98.141,428.524,243
786.564,404.834,244
804.221,603.921,245
423.384,612.514,246
345.592,70.658,247
86.264,487.083,248
398.809,908.961,249
501.492,142.769,250
732.692,812.282,251
364.606,128.388,252
103.765,635.337,253
121.286,282.691,254
205.506,371.690,255
892.044,578.321,256
896.667,450.081,257
962.725,135.561,258
417.544,989.202,259
322.109,300.126,260
993.000,336.563,261
908.809,801.107,262
674.230,871.209,263
949.098,127.162,264
315.015,572.372,265
962.127,309.499,266
643.921,420.621,267
34.755,319.728,268
7.289,138.995,269
193.244,60.598,270
499.764,630.379,271
366.144,589.333,272
966.179,251.314,273
975.753,279.088,274
756.496,663.081,275
79.416,863.046,276
18.080,719.947,277
985.478,34.162,278
633.147,69.077,279
892.617,451.358,280
481.671,262.761,281
824.044,594.811,282
902.319,475.601,283
336.642,279.680,284
805.409,314.319,285
667.618,657.766,286
318.148,901.279,287
583.991,999.000,288
601.030,835.463,289
523.391,350.865,290
800.403,938.895,291
743.603,251.527,292
88.924,454.991,293
455.693,178.509,294
316.820,339.648,295
436.675,99.464,296
392.361,462.913,297
197.573,164.997,298
519.271,655.048,299
129.835,628.949,300
262.665,323.266,301
431.952,442.671,302
181.141,201.163,303
156.252,565.509,304
230.195,859.227,305
880.322,778.030,306
831.497,76.218,307
408.625,97.459,308
277.172,100.035,309
444.825,133.057,310
185.446,597.915,311
133.390,198.533,312
804.333,923.962,313
317.049,19.721,314
622.127,649.068,315
801.158,611.518,316
505.640,589.696,317
67.463,591.257,318
309.382,472.695,319
637.022,684.775,320
874.198,832.600,321
982.869,777.976,322
479.671,459.624,323
179.413,309.687,324
921.649,432.435,325
310.902,789.175,326
526.412,281.380,327
34.789,179.417,328
493.301,417.468,329
727.754,138.683,330
607.668,977.463,331
414.357,470.130,332
826.879,853.292,333
14.960,730.459,334
655.005,921.333,335
890.589,442.345,336
175.251,915.596,337
815.363,746.633,338
773.354,22.777,339
972.660,894.285,340
938.981,713.155,341
220.477,469.635,342
589.267,851.270,343
262.632,73.413,344
802.356,915.142,345
354.709,541.279,346
651.092,978.977,347
464.235,883.848,348
792.385,431.786,349
649.877,320.980,350
145.528,367.022,351
633.368,450.566,352
675.525,353.340,353
308.078,170.368,354
531.611,779.677,355
100.938,590.546,356
952.235,918.413,357
157.177,482.181,358
650.274,771.814,359
929.658,830.885,360
463.992,671.351,361
789.756,897.947,362
408.370,555.829,363
595.830,865.676,364
783.325,664.310,365
390.647,70.926,366
764.645,510.446,367
349.886,343.205,368
507.362,213.685,369
708.234,242.080,370
546.101,959.393,371
870.188,667.101,372
124.973,301.733,373
613.809,818.757,374
38.393,371.627,375
858.523,453.645,376
71.250,492.411,377
849.211,640.913,378
590.636,377.222,379
946.076,237.576,380
44.479,395.069,381
203.769,348.394,382
300.604,476.120,383
825.825,120.102,384
113.338,38.320,385
600.344,165.561,386
214.350,723.954,387
770.386,270.772,388
213.044,502.709,389
901.662,246.998,390
148.611,64.675,391
923.984,78.470,392
317.986,515.753,393
138.472,785.623,394
292.701,891.039,395
295.756,65.148,396
746.248,9.389,397
161.308,293.623,398
353.798,913.935,399
810.763,561.257,400
306.894,553.002,401
470.007,275.774,402
524.353,102.773,403
925.029,367.215,404
394.401,970.859,405
827.837,533.969,406
847.029,332.304,407
60.115,700.194,408
430.620,988.355,409
320.111,474.024,410
58.906,700.374,411
39.207,439.350,412
783.645,313.360,413
211.670,833.127,414
996.844,498.221,415
693.850,464.578,416
185.955,478.051,417
114.784,632.779,418
290.270,541.445,419
871.895,225.088,420
955.482,112.296,421
197.133,671.157,422
611.329,161.171,423
170.600,669.072,424
155.859,102.639,425
959.015,974.497,426
805.175,269.556,427
252.660,791.580,428
278.645,251.248,429
620.792,634.918,430
345.518,472.510,431
838.722,402.940,432
316.045,712.133,433
939.006,102.941,434
40.500,283.732,435
573.850,63.715,436
642.741,847.395,437
344.817,982.436,438
565.383,790.284,439
843.929,351.621,440
390.667,21.925,441
930.934,674.752,442
875.286,709.424,443
479.729,315.890,444
625.715,104.087,445
171.581,284.431,446
837.998,727.751,447
959.850,708.621,448
157.508,217.978,449
621.090,360.882,450
133.250,782.835,451
130.242,846.447,452
819.994,833.615,453
474.272,91.632,454
139.488,209.160,455
955.189,496.432,456
536.908,487.596,457
473.220,758.486,458
47.910,223.621,459
557.787,398.138,460
257.036,74.713,461
882.832,297.768,462
550.148,766.297,463
242.683,705.784,464
250.905,164.044,465
851.665,524.355,466
708.381,159.061,467
40.464,752.165,468
78.876,635.589,469
943.876,988.143,470
401.123,56.996,471
123.433,621.753,472
781.277,303.590,473
342.942,361.758,474
209.916,611.177,475
999.000,511.941,476
984.082,101.318,477
297.753,307.302,478
261.141,929.935,479
540.471,798.554,480
898.628,791.698,481
360.614,115.261,482
558.774,664.989,483
194.584,230.767,484
976.294,416.604,485
612.719,923.983,486
454.763,229.409,487
651.995,218.804,488
166.826,170.480,489
198.146,882.818,490
560.597,48.051,491
738.370,555.512,492
210.805,919.957,493
604.473,134.297,494
157.601,323.976,495
777.979,881.660,496
796.769,855.562,497
636.201,228.754,498
427.626,213.471,499
859.293,879.367,500
610.361,717.971,501
177.026,269.468,502
564.598,41.722,503
658.554,773.932,504
256.112,68.136,505
551.247,388.815,506
435.387,80.042,507
769.201,310.787,508
496.353,66.115,509
882.335,981.896,510
408.519,922.160,511
656.834,185.986,512
143.888,709.950,513
118.653,665.716,514
528.929,540.134,515
856.654,35.642,516
606.426,743.069,517
402.348,796.112,518
372.309,713.103,519
300.941,226.927,520
202.846,198.025,521
776.891,927.050,522
831.962,110.434,523
442.953,681.207,524
127.747,991.284,525
515.659,961.799,526
301.777,269.211,527
111.672,795.232,528
94.303,651.165,529
235.860,646.376,530
645.411,204.482,531
278.350,207.653,532
863.516,401.690,533
279.979,306.225,534
524.178,840.391,535
264.795,609.330,536
807.780,924.304,537
907.306,465.979,538
442.475,340.395,539
36.653,642.686,540
957.791,197.375,541
434.533,195.086,542
308.113,302.065,543
104.060,403.492,544
825.959,551.327,545
65.301,691.561,546
89.707,868.503,547
601.133,692.982,548
476.217,953.965,549
159.668,649.565,550
273.000,805.433,551
430.818,355.900,552
355.326,28.613,553
78.477,348.773,554
550.203,744.478,555
511.280,455.002,556
341.060,238.841,557
158.623,649.444,558
569.319,672.382,559
875.124,16.154,560
959.277,565.082,561
333.560,539.605,562
92.644,927.015,563
592.813,928.075,564
813.834,197.642,565
46.920,848.104,566
209.186,356.298,567
723.743,613.101,568
645.683,362.285,569
133.979,553.279,570
459.001,822.292,571
748.467,7.926,572
100.823,324.321,573
464.107,851.931,574
785.608,622.878,575
708.060,979.021,576
991.435,900.785,577
462.013,294.933,578
656.506,181.001,579
511.094,569.658,580
849.175,515.512,581
349.989,273.405,582
656.443,752.633,583
769.267,28.066,584
573.599,758.884,585
591.345,865.667,586
203.112,874.472,587
454.805,858.660,588
151.807,433.036,589
517.289,103.405,590
730.546,954.481,591
781.813,477.137,592
845.056,940.371,593
941.196,696.239,594
589.868,761.214,595
879.667,220.353,596
451.492,917.368,597
805.862,959.048,598
345.692,336.026,599
841.300,225.934,600
542.254,215.924,601
278.461,80.159,602
219.839,249.204,603
582.519,66.813,604
1.919,438.925,605
191.510,761.361,606
237.138,265.303,607
741.391,160.361,608
671.899,983.062,609
39.941,148.293,610
933.903,492.432,611
87.565,384.338,612
798.794,457.431,613
291.124,690.661,614
759.767,123.028,615
780.340,672.583,616
226.857,435.055,617
346.430,289.450,618
901.971,319.363,619
38.949,743.765,620
964.252,197.843,621
316.264,878.671,622
517.771,37.011,623
782.886,994.513,624
572.471,309.335,625
705.948,870.463,626
403.352,955.886,627
942.388,729.534,628
44.412,557.017,629
7.754,385.260,630
629.203,662.220,631
496.720,633.741,632
170.739,213.680,633
943.479,473.282,634
896.967,7.453,635
159.551,510.564,636
406.390,777.104,637
982.189,602.354,638
99.132,924.726,639
53.069,666.522,640
822.781,51.691,641
653.907,345.643,642
75.582,846.936,643
628.014,829.781,644
818.301,771.590,645
335.507,973.685,646
387.736,817.019,647
884.684,77.903,648
249.681,994.271,649
816.252,920.634,650
486.198,563.720,651
809.173,494.023,652
810.661,804.332,653
365.543,407.914,654
538.388,106.258,655
263.460,850.133,656
675.842,297.290,657
885.859,496.029,658
885.563,489.093,659
911.183,845.008,660
961.045,363.769,661
893.589,788.947,662
727.987,231.635,663
393.879,788.603,664
601.967,62.640,665
559.558,641.333,666
173.193,954.580,667
462.576,58.728,668
217.741,465.523,669
294.428,90.862,670
673.501,775.328,671
382.942,956.710,672
960.379,676.745,673
957.199,765.739,674
327.462,378.715,675
746.301,233.718,676
697.264,806.052,677
47.610,368.754,678
618.743,424.219,679
358.048,542.625,680
494.467,151.651,681
307.400,65.974,682
93.710,687.707,683
457.142,376.102,684
60.350,340.421,685
795.699,625.628,686
475.942,590.411,687
206.027,990.362,688
7.500,516.547,689
226.106,784.969,690
849.196,268.390,691
992.827,891.510,692
794.052,891.180,693
884.410,13.135,694
388.646,42.475,695
466.095,854.689,696
204.341,315.412,697
275.264,845.812,698
360.443,712.123,699
369.204,930.784,700
890.820,635.530,701
315.636,883.523,702
586.682,437.139,703
28.173,928.126,704
5.553,620.401,705
86.663,6.101,706
449.924,818.833,707
651.894,362.673,708
653.566,771.085,709
322.564,351.013,710
293.207,214.178,711
530.598,828.727,712
939.822,765.497,713
348.508,276.459,714
610.909,173.784,715
272.559,459.694,716
537.239,849.342,717
861.595,312.664,718
348.205,19.606,719
886.209,83.670,720
591.664,259.381,721
209.774,96.800,722
676.177,504.878,723
89.708,551.973,724
95.408,717.727,725
766.274,308.611,726
399.563,39.634,727
564.528,178.984,728
116.279,154.562,729
829.817,623.066,730
290.509,980.742,731
474.717,632.502,732
437.152,943.388,733
391.350,174.633,734
888.634,471.996,735
751.160,47.727,736
576.431,452.866,737
934.426,91.125,738
11.547,162.817,739
78.527,56.989,740
902.284,623.022,741
8.158,621.419,742
173.551,237.659,743
270.017,579.878,744
748.568,729.636,745
409.303,342.742,746
855.026,168.780,747
218.837,979.030,748
705.820,583.658,749
999.000,612.546,750
939.065,494.035,751
230.990,862.569,752
69.825,124.353,753
643.138,942.857,754
127.891,94.434,755
615.449,525.545,756
776.292,805.920,757
510.139,27.369,758
658.635,778.314,759
10.039,293.680,760
694.630,71.060,761
890.244,293.722,762
314.727,518.556,763
91.148,474.416,764
616.265,831.157,765
377.510,783.214,766
485.433,950.240,767
310.884,387.608,768
449.562,823.662,769
354.080,232.945,770
169.814,70.888,771
638.962,572.235,772
193.852,1.684,773
555.627,749.596,774
180.289,726.380,775
764.890,588.488,776
928.049,784.732,777
688.602,513.243,778
580.294,169.969,779
457.423,821.571,780
624.142,484.514,781
801.583,737.044,782
953.396,593.313,783
122.575,703.628,784
930.895,343.865,785
974.258,710.023,786
223.546,478.247,787
654.316,162.374,788
10.493,990.113,789
843.351,498.011,790
54.643,192.453,791
732.496,814.719,792
680.359,424.232,793
807.123,668.052,794
757.094,341.028,795
124.771,922.447,796
265.792,497.900,797
852.428,850.728,798
258.416,314.193,799
38.567,459.949,800
406.783,926.977,801
269.025,34.977,802
856.830,987.501,803
428.970,816.346,804
244.664,838.597,805
731.810,827.855,806
700.003,169.707,807
91.284,522.164,808
351.361,332.279,809
497.824,721.095,810
476.945,179.190,811
918.797,915.209,812
336.659,38.280,813
506.832,829.658,814
564.314,63.836,815
414.515,832.192,816
820.403,947.253,817
348.003,310.067,818
108.028,939.020,819
777.827,520.422,820
185.590,966.750,821
285.998,318.406,822
151.497,959.231,823
410.462,598.973,824
407.962,220.623,825
635.273,293.605,826
904.023,380.257,827
755.751,844.686,828
513.451,870.508,829
616.671,512.332,830
783.768,298.852,831
474.337,861.424,832
68.023,948.521,833
612.347,275.594,834
684.496,363.084,835
578.867,704.556,836
573.292,625.191,837
507.412,415.522,838
773.756,513.451,839
219.390,401.432,840
217.510,991.957,841
305.648,932.175,842
664.677,246.440,843
863.670,71.711,844
992.870,412.793,845
101.100,111.356,846
759.805,538.302,847
934.063,306.019,848
937.902,474.180,849
923.432,229.846,850
132.611,135.486,851
756.463,756.513,852
734.598,154.699,853
135.643,714.599,854
712.485,490.008,855
590.484,415.290,856
858.293,600.672,857
314.474,463.413,858
538.265,299.103,859
908.277,273.534,860
342.090,429.686,861
56.129,395.220,862
130.089,578.003,863
940.142,101.960,864
34.350,341.174,865
577.354,227.303,866
497.670,821.995,867
273.096,315.540,868
610.341,797.472,869
184.330,804.603,870
160.085,318.659,871
449.425,361.808,872
770.896,820.119,873
313.325,103.801,874
165.776,802.416,875
139.905,17.079,876
457.844,710.686,877
29.820,73.546,878
453.326,601.268,879
713.971,669.603,880
599.214,748.970,881
166.425,166.090,882
497.088,310.701,883
762.032,82.731,884
727.254,494.225,885
463.846,57.100,886
107.595,250.428,887
790.312,891.749,888
229.254,107.194,889
672.565,18.962,890
200.610,185.799,891
872.087,916.692,892
869.355,364.683,893
795.675,890.852,894
655.264,145.970,895
188.680,139.585,896
357.428,897.455,897
238.368,258.683,898
814.599,372.892,899
813.972,67.793,900
524.875,780.738,901
67.523,745.549,902
568.708,459.652,903
968.938,142.853,904
98.927,434.719,905
449.317,445.525,906
741.959,481.376,907
524.641,759.724,908
663.389,284.721,909
800.023,829.482,910
600.752,698.787,911
813.749,919.200,912
479.847,36.390,913
385.064,39.671,914
70.470,193.098,915
127.279,718.210,916
800.543,578.439,917
311.644,795.860,918
793.069,556.688,919
500.784,896.803,920
607.295,476.063,921
118.382,976.567,922
311.552,133.144,923
278.912,817.628,924
339.243,612.867,925
785.034,696.503,926
202.374,691.370,927
259.533,902.126,928
626.348,651.409,929
494.241,953.614,930
380.757,824.057,931
434.428,509.157,932
952.124,565.733,933
46.010,770.265,934
130.023,680.939,935
795.034,775.592,936
621.163,653.755,937
188.435,941.794,938
579.291,505.269,939
209.647,944.945,940
910.329,581.662,941
886.786,175.093,942
626.615,201.557,943
640.957,784.026,944
255.797,274.932,945
527.766,754.542,946
354.518,930.954,947
398.989,887.763,948
253.419,453.030,949
269.282,696.839,950
0.000,373.812,951
924.095,641.889,952
317.686,481.140,953
657.759,904.780,954
928.274,812.593,955
664.188,496.005,956
447.432,490.253,957
535.053,994.964,958
660.788,659.241,959
89.762,781.169,960
105.183,203.246,961
876.616,314.012,962
307.289,569.460,963
191.087,216.710,964
859.103,433.961,965
10.115,480.777,966
942.510,172.833,967
788.718,749.032,968
249.649,658.090,969
703.410,324.272,970
909.877,328.698,971
129.622,87.927,972
538.359,765.437,973
456.841,368.672,974
32.647,448.637,975
730.522,57.794,976
158.442,113.166,977
998.346,688.652,978
462.410,709.465,979
96.711,467.337,980
782.704,360.967,981
401.544,16.404,982
548.012,628.417,983
688.123,937.024,984
399.874,347.984,985
197.358,313.274,986
385.945,546.524,987
312.284,312.817,988
449.889,361.507,989
24.999,895.571,990
83.896,553.878,991
757.327,657.044,992
154.522,456.482,993
636.152,983.585,994
787.688,685.116,995
351.045,727.443,996
644.907,994.992,997
601.492,668.236,998
57.760,785.016,999
778.127,482.218,1000
60.504,661.588,1001
200.613,263.834,1002
444.667,486.215,1003
406.257,548.803,1004
891.972,934.846,1005
626.414,484.244,1006
144.701,612.801,1007
634.436,792.812,1008
600.358,997.089,1009
179.554,319.263,1010
829.026,664.371,1011
224.595,869.898,1012
856.155,653.316,1013
743.006,60.757,1014
287.168,938.113,1015
298.110,69.035,1016
87.150,818.047,1017
440.053,919.523,1018
758.079,207.823,1019
972.286,583.760,1020
878.218,362.101,1021
245.966,650.917,1022
255.544,92.177,1023
69.036,998.746,1024
567.021,361.833,1025
423.654,770.921,1026
263.304,978.476,1027
637.776,562.815,1028
403.277,118.326,1029
938.663,151.611,1030
213.019,522.012,1031
961.606,188.818,1032
439.465,532.924,1033
656.229,89.310,1034
516.037,458.946,1035
231.680,220.656,1036
618.736,488.046,1037
99.379,645.074,1038
407.605,657.227,1039
718.918,790.576,1040
391.095,846.521,1041
331.977,855.159,1042
116.752,543.939,1043
978.229,634.703,1044
167.821,44.097,1045
875.982,416.506,1046
69.908,28.863,1047
958.999,175.810,1048
58.779,48.633,1049
486.635,54.271,1050
487.000,515.742,1051
637.212,208.847,1052
805.256,399.154,1053
996.621,30.983,1054
248.468,550.090,1055
651.623,845.248,1056
541.969,918.453,1057
592.473,635.392,1058
924.151,237.682,1059
269.667,597.546,1060
144.369,553.608,1061
906.339,108.361,1062
87.584,382.329,1063
178.366,21.084,1064
959.656,891.080,1065
133.670,800.209,1066
780.556,590.972,1067
849.299,298.165,1068
663.493,578.877,1069
597.591,242.833,1070
102.400,500.011,1071
529.682,948.524,1072
467.778,369.322,1073
149.861,438.384,1074
111.242,995.101,1075
885.166,8.335,1076
946.469,153.645,1077
724.367,183.247,1078
718.078,583.444,1079
694.008,184.539,1080
996.394,270.397,1081
340.865,664.138,1082
747.979,899.222,1083
273.798,329.133,1084
103.068,696.581,1085
538.339,549.971,1086
76.088,701.698,1087
498.006,210.530,1088
18.948,339.411,1089
853.550,868.221,1090
466.968,306.584,1091
401.854,641.875,1092
453.131,651.280,1093
312.732,390.831,1094
140.089,460.909,1095
18.620,448.776,1096
484.461,380.153,1097
873.952,531.528,1098
824.821,289.809,1099
577.758,703.341,1100
202.755,936.439,1101
477.827,22.734,1102
589.453,657.132,1103
775.335,667.625,1104
900.088,371.015,1105
453.183,349.010,1106
257.430,259.412,1107
575.268,771.639,1108
160.275,93.290,1109
394.669,304.366,1110
408.116,837.120,1111
663.410,506.808,1112
374.904,221.686,1113
995.400,338.549,1114
392.172,347.151,1115
636.648,207.947,1116
877.210,949.279,1117
451.858,732.370,1118
197.262,173.636,1119
396.098,183.589,1120
0.000,633.335,1121
171.312,259.352,1122
11.641,848.313,1123
275.850,536.978,1124
494.301,907.818,1125
374.723,649.353,1126
981.010,366.048,1127
673.046,314.898,1128
662.687,359.780,1129
786.512,563.675,1130
623.054,956.711,1131
613.598,665.281,1132
151.851,674.590,1133
486.419,952.950,1134
962.583,475.429,1135
60.662,648.318,1136
260.556,244.690,1137
75.405,538.217,1138
768.633,89.044,1139
773.846,362.040,1140
128.250,244.333,1141
254.063,993.588,1142
980.955,198.221,1143
291.984,182.494,1144
190.191,329.398,1145
859.227,18.541,1146
328.729,278.804,1147
758.996,41.467,1148
764.898,454.342,1149
712.229,455.252,1150
585.085,114.820,1151
445.589,279.717,1152
39.261,708.557,1153
785.821,119.973,1154
11.076,7.200,1155
502.251,771.321,1156
566.673,534.739,1157
608.623,699.117,1158
323.921,127.929,1159
582.625,648.269,1160
107.312,722.491,1161
296.587,323.306,1162
249.281,949.245,1163
792.307,795.862,1164
959.862,162.518,1165
746.248,126.104,1166
678.083,200.063,1167
137.577,970.697,1168
219.952,154.297,1169
499.265,840.231,1170
299.025,275.789,1171
325.536,789.256,1172
396.936,529.007,1173
127.835,608.356,1174
900.415,830.330,1175
989.852,850.919,1176
288.952,956.491,1177
330.496,383.953,1178
693.913,820.747,1179
91.778,271.555,1180
615.093,873.804,1181
117.394,262.365,1182
398.370,776.055,1183
752.099,120.047,1184
863.199,768.769,1185
256.136,359.972,1186
310.877,142.571,1187
398.961,947.683,1188
922.939,846.192,1189
95.988,78.841,1190
157.522,498.907,1191
353.043,780.152,1192
920.489,232.161,1193
126.020,759.888,1194
999.000,104.830,1195
690.679,272.729,1196
191.692,366.329,1197
558.051,869.365,1198
269.288,392.007,1199
155.168,33.945,1200
245.446,269.752,1201
870.421,355.288,1202
647.707,41.400,1203
54.194,21.277,1204
918.925,20.484,1205
739.553,32.731,1206
462.876,658.855,1207
30.864,687.748,1208
662.255,645.526,1209
233.200,44.374,1210
414.854,93.310,1211
583.965,884.727,1212
677.401,631.907,1213
388.611,742.778,1214
515.195,306.632,1215
253.869,509.993,1216
287.602,132.438,1217
809.713,566.240,1218
583.477,129.035,1219
43.337,450.387,1220
438.719,49.321,1221
165.917,463.496,1222
844.190,489.322,1223
909.158,739.589,1224
933.359,867.045,1225
302.544,46.310,1226
158.459,956.518,1227
157.971,749.778,1228
29.734,469.970,1229
948.769,680.506,1230
221.525,459.909,1231
53.536,374.496,1232
149.342,127.844,1233
894.896,390.458,1234
737.208,803.492,1235
131.979,985.051,1236
391.053,420.086,1237
601.775,592.657,1238
227.576,891.377,1239
313.760,269.515,1240
468.889,207.118,1241
788.296,181.543,1242
434.621,916.282,1243
541.641,601.032,1244
911.581,875.905,1245
758.896,975.442,1246
685.518,716.119,1247
646.214,789.944,1248
219.835,971.379,1249
186.881,11.846,1250
814.802,663.568,1251
472.192,690.941,1252
198.001,568.343,1253
746.837,336.483,1254
578.790,936.257,1255
384.179,104.217,1256
393.722,70.460,1257
132.838,662.975,1258
113.407,353.632,1259
691.607,374.614,1260
355.698,555.680,1261
541.642,449.333,1262
289.407,88.475,1263
946.259,460.560,1264
430.114,349.712,1265
769.749,305.102,1266
160.160,597.881,1267
789.424,314.654,1268
216.122,680.815,1269
50.744,409.195,1270
267.274,78.957,1271
473.063,353.033,1272
664.360,502.757,1273
260.346,809.961,1274
308.036,438.269,1275
49.584,902.055,1276
644.371,476.186,1277
469.312,442.434,1278
747.870,692.111,1279
584.580,31.264,1280
258.123,115.729,1281
955.260,835.710,1282
828.749,660.340,1283
256.221,143.230,1284
921.375,282.083,1285
237.405,743.881,1286
838.525,50.764,1287
673.947,339.046,1288
382.499,984.902,1289
991.618,540.404,1290
7.523,958.672,1291
200.444,422.605,1292
543.009,529.624,1293
321.490,855.297,1294
352.316,430.443,1295
470.594,616.142,1296
153.024,910.055,1297
894.455,640.464,1298
360.782,567.452,1299
480.364,699.971,1300
422.159,355.700,1301
132.048,247.343,1302
163.913,283.247,1303
837.185,13.701,1304
432.896,898.037,1305
616.112,525.467,1306
805.144,529.236,1307
597.307,802.807,1308
834.412,474.771,1309
286.315,914.392,1310
490.674,834.350,1311
321.288,964.218,1312
445.745,0.848,1313
122.524,237.639,1314
176.192,430.114,1315
768.869,857.874,1316
312.985,18.688,1317
127.428,246.678,1318
188.374,453.648,1319
66.309,782.054,1320
934.135,240.953,1321
102.643,17.544,1322
868.163,971.906,1323
468.619,742.255,1324
618.780,932.844,1325
437.382,216.100,1326
552.540,956.070,1327
148.112,128.777,1328
939.004,452.607,1329
950.806,837.492,1330
419.248,3.857,1331
982.961,629.942,1332
861.229,178.649,1333
636.185,483.898,1334
909.630,606.666,1335
479.990,912.516,1336
856.743,665.947,1337
174.069,500.339,1338
608.992,583.243,1339
685.360,231.815,1340
877.218,591.922,1341
104.893,584.872,1342
354.843,412.953,1343
65.795,566.227,1344
909.329,176.847,1345
870.167,10.646,1346
294.849,579.231,1347
407.532,335.103,1348
877.471,574.615,1349
507.520,667.539,1350
905.990,606.871,1351
546.768,226.905,1352
374.675,21.145,1353
770.466,104.241,1354
110.309,123.648,1355
702.548,671.309,1356
881.758,277.640,1357
832.339,246.549,1358
90.982,795.285,1359
830.346,912.002,1360
340.575,107.849,1361
699.588,964.376,1362
536.118,707.566,1363
709.169,548.649,1364
923.253,560.104,1365
823.582,941.485,1366
682.330,757.968,1367
362.258,43.147,1368
184.048,459.686,1369
972.342,239.255,1370
206.824,306.507,1371
852.392,136.764,1372
122.054,836.162,1373
926.163,291.024,1374
735.388,801.669,1375
835.010,664.476,1376
483.469,76.718,1377
812.381,49.687,1378
273.077,383.074,1379
504.012,981.075,1380
1.554,390.459,1381
208.636,187.699,1382
715.527,490.929,1383
190.723,39.330,1384
148.551,256.653,1385
61.748,939.237,1386
380.737,579.626,1387
529.164,190.998,1388
466.863,425.541,1389
719.245,48.897,1390
17.716,418.449,1391
438.264,783.436,1392
821.619,960.778,1393
862.505,838.306,1394
500.934,231.513,1395
62.511,574.750,1396
7.110,695.336,1397
638.890,660.236,1398
504.627,368.774,1399
940.284,828.792,1400
169.564,276.543,1401
283.577,460.807,1402
318.345,51.631,1403
978.543,308.505,1404
455.535,202.301,1405
695.926,213.736,1406
501.776,9.819,1407
650.274,847.738,1408
37.764,469.792,1409
786.712,329.459,1410
928.960,790.402,1411
842.777,202.441,1412
392.803,330.600,1413
999.000,51.305,1414
216.445,722.802,1415
33.866,279.038,1416
293.424,34.683,1417
222.096,789.665,1418
677.417,275.546,1419
456.471,695.552,1420
140.283,303.177,1421
553.545,990.124,1422
845.017,275.865,1423
899.215,104.731,1424
52.422,473.026,1425
162.904,100.249,1426
535.890,541.179,1427
890.522,226.012,1428
652.024,433.764,1429
729.648,733.101,1430
314.408,860.042,1431
927.141,933.305,1432
243.736,274.860,1433
51.405,804.340,1434
905.535,794.908,1435
763.200,816.560,1436
881.060,110.246,1437
981.401,942.304,1438
181.878,273.896,1439
569.420,91.615,1440
178.151,556.931,1441
727.184,4.224,1442
563.680,354.942,1443
368.108,118.010,1444
558.090,321.107,1445
94.468,72.087,1446
351.682,551.330,1447
957.619,967.914,1448
96.513,268.450,1449
687.729,792.236,1450
73.894,142.391,1451
180.351,562.261,1452
422.961,100.349,1453
638.215,100.802,1454
940.968,158.324,1455
105.292,879.438,1456
14.098,692.195,1457
896.313,113.468,1458
262.060,568.572,1459
353.312,840.665,1460
731.465,871.431,1461
340.954,570.174,1462
223.382,853.313,1463
796.102,335.731,1464
727.889,213.236,1465
331.968,536.472,1466
881.215,3.886,1467
794.556,433.346,1468
223.732,430.694,1469
954.887,409.287,1470
146.083,18.153,1471
507.292,69.739,1472
369.991,914.986,1473
813.558,208.808,1474
654.728,805.414,1475
687.844,918.354,1476
0.000,671.152,1477
885.532,191.652,1478
256.145,431.874,1479
149.693,212.204,1480
77.510,900.055,1481
423.983,372.130,1482
154.321,574.066,1483
493.601,647.219,1484
635.701,907.072,1485
28.074,618.829,1486
978.348,448.178,1487
6.195,751.304,1488
358.011,848.420,1489
783.049,327.671,1490
277.249,616.159,1491
913.856,573.797,1492
776.333,224.208,1493
959.201,695.342,1494
604.838,605.401,1495
743.668,593.966,1496
664.677,28.174,1497
786.551,299.007,1498
288.882,268.317,1499
911.330,288.131,1500
855.189,825.301,1501
661.650,222.620,1502
565.956,691.824,1503
88.358,869.453,1504
356.709,24.320,1505
678.032,507.776,1506
882.759,260.693,1507
139.379,15.059,1508
655.059,746.806,1509
884.630,244.101,1510
401.050,183.053,1511
345.083,943.924,1512
824.797,966.569,1513
97.255,437.816,1514
232.802,61.763,1515
17.347,104.635,1516
660.794,255.163,1517
326.729,729.294,1518
804.623,764.823,1519
762.495,637.072,1520
93.356,956.470,1521
629.238,776.805,1522
657.074,681.414,1523
538.765,209.124,1524
560.085,302.425,1525
927.713,182.020,1526
106.413,110.017,1527
736.150,882.621,1528
877.003,42.756,1529
117.610,812.203,1530
61.130,548.293,1531
262.028,699.737,1532
52.976,253.136,1533
999.000,385.151,1534
316.549,28.629,1535
125.588,362.669,1536
386.738,598.465,1537
217.648,899.938,1538
489.131,289.338,1539
51.242,122.112,1540
40.134,599.702,1541
628.504,569.533,1542
59.868,215.220,1543
5.273,351.059,1544
510.149,208.956,1545
674.308,227.897,1546
886.403,627.753,1547
340.820,763.997,1548
796.997,820.938,1549
958.279,842.523,1550
24.224,768.188,1551
867.933,221.942,1552
890.061,43.157,1553
787.300,733.312,1554
303.068,549.860,1555
296.264,587.694,1556
832.241,592.426,1557
96.565,580.599,1558
391.289,676.542,1559
132.426,63.614,1560
533.073,798.093,1561
72.835,433.979,1562
455.235,854.238,1563
529.883,650.421,1564
125.952,73.234,1565
677.271,547.311,1566
707.551,872.182,1567
233.972,847.970,1568
793.667,103.588,1569
311.432,691.094,1570
310.523,904.150,1571
558.460,585.422,1572
567.836,384.359,1573
989.712,12.480,1574
988.509,18.967,1575
263.913,923.963,1576
509.109,805.277,1577
642.648,610.831,1578
406.992,93.133,1579
938.374,419.156,1580
908.299,955.499,1581
818.088,276.626,1582
714.036,383.955,1583
64.254,790.788,1584
322.613,467.042,1585
399.232,341.626,1586
839.431,365.576,1587
264.660,557.359,1588
326.702,935.136,1589
302.695,323.604,1590
245.343,870.517,1591
582.952,159.733,1592
389.645,279.514,1593
282.268,876.980,1594
899.838,896.274,1595
792.285,668.951,1596
478.917,636.758,1597
351.381,577.410,1598
777.237,685.808,1599
700.432,302.751,1600
290.848,904.455,1601
838.935,236.045,1602
895.779,821.035,1603
71.159,772.061,1604
693.817,838.197,1605
107.281,967.583,1606
755.569,526.136,1607
539.740,738.568,1608
123.549,281.500,1609
279.889,903.149,1610
829.795,747.683,1611
557.520,522.902,1612
796.415,189.530,1613
126.689,152.120,1614
318.139,208.335,1615
250.627,104.305,1616
621.550,587.759,1617
683.788,996.908,1618
6.487,380.884,1619
216.952,489.000,1620
226.928,371.621,1621
884.311,186.756,1622
93.027,462.615,1623
842.524,778.478,1624
807.569,100.332,1625
727.191,555.471,1626
307.124,960.209,1627
999.000,242.146,1628
924.697,259.675,1629
135.351,89.977,1630
149.997,730.837,1631
244.686,713.922,1632
922.867,78.369,1633
793.861,546.674,1634
924.885,291.165,1635
625.935,35.335,1636
789.996,889.604,1637
99.693,435.994,1638
344.073,263.733,1639
700.097,123.106,1640
665.184,380.462,1641
734.175,861.571,1642
923.966,203.498,1643
137.677,689.776,1644
128.282,522.565,1645
626.890,491.925,1646
411.129,261.513,1647
143.592,840.276,1648
502.893,970.679,1649
846.136,301.947,1650
478.299,895.329,1651
3.968,78.326,1652
601.730,718.070,1653
183.683,764.964,1654
536.270,307.002,1655
949.286,695.065,1656
67.368,804.188,1657
911.697,592.784,1658
289.646,755.199,1659
888.743,859.878,1660
562.495,522.096,1661
712.209,786.330,1662
507.884,620.355,1663
230.796,866.744,1664
785.025,498.136,1665
758.740,280.832,1666
589.126,844.191,1667
926.918,121.026,1668
867.947,296.552,1669
800.864,560.748,1670
79.835,549.261,1671
936.534,254.082,1672
853.433,809.224,1673
91.596,822.110,1674
586.415,85.515,1675
453.722,423.832,1676
267.773,665.767,1677
695.339,270.254,1678
461.536,881.601,1679
106.726,164.635,1680
925.406,557.191,1681
504.426,434.544,1682
219.483,700.786,1683
537.160,28.582,1684
540.296,664.563,1685
251.991,756.056,1686
219.087,131.177,1687
778.699,514.219,1688
507.511,915.630,1689
62.664,675.002,1690
3.238,899.336,1691
365.616,432.008,1692
964.439,825.817,1693
379.183,116.208,1694
734.104,40.945,1695
779.473,556.041,1696
439.974,124.282,1697
407.594,369.456,1698
942.886,628.312,1699
143.158,336.878,1700
535.441,588.340,1701
30.110,522.340,1702
55.679,110.931,1703
297.116,64.638,1704
944.447,346.389,1705
223.808,387.831,1706
68.294,837.165,1707
288.271,101.788,1708
470.182,59.971,1709
832.103,234.215,1710
722.032,40.014,1711
494.362,345.222,1712
349.577,367.641,1713
480.821,407.431,1714
99.795,362.113,1715
540.885,401.634,1716
265.857,224.687,1717
317.658,305.163,1718
543.981,672.594,1719
507.168,676.130,1720
879.020,147.050,1721
423.311,591.639,1722
721.412,159.816,1723
118.530,611.610,1724
119.566,797.953,1725
546.962,252.873,1726
828.794,821.297,1727
377.459,832.656,1728
910.196,482.222,1729
359.061,480.615,1730
285.415,739.158,1731
513.500,39.455,1732
290.966,396.066,1733
391.788,788.549,1734
286.821,613.038,1735
754.391,377.206,1736
673.099,317.317,1737
468.435,649.195,1738
249.946,50.114,1739
316.948,264.098,1740
211.343,856.109,1741
977.040,207.013,1742
138.693,120.836,1743
227.950,837.235,1744
806.351,800.035,1745
258.468,672.486,1746
787.405,632.971,1747
404.600,676.353,1748
221.107,467.010,1749
395.718,589.160,1750
796.190,716.977,1751
290.528,229.224,1752
848.610,662.557,1753
651.057,712.757,1754
857.655,829.548,1755
409.433,550.144,1756
612.987,811.663,1757
667.279,674.301,1758
835.465,820.910,1759
782.642,366.248,1760
839.090,714.685,1761
485.889,665.964,1762
308.421,106.111,1763
935.221,7.976,1764
253.663,970.821,1765
444.689,208.093,1766
859.508,466.797,1767
571.215,564.695,1768
719.022,156.199,1769
746.431,965.152,1770
934.407,880.947,1771
162.141,562.931,1772
951.621,613.021,1773
295.012,832.000,1774
542.808,442.689,1775
217.459,505.972,1776
701.275,861.720,1777
823.536,289.599,1778
919.942,307.118,1779
798.945,534.726,1780
918.432,728.830,1781
586.431,663.889,1782
973.916,141.254,1783
579.829,310.067,1784
326.386,574.191,1785
397.356,982.912,1786
526.352,893.495,1787
258.160,295.354,1788
771.506,98.206,1789
193.111,526.891,1790
235.554,106.727,1791
495.194,912.405,1792
653.979,82.766,1793
230.637,953.859,1794
852.119,558.740,1795
595.406,280.436,1796
360.076,174.149,1797
545.355,254.738,1798
567.651,325.522,1799
656.795,53.773,1800
803.422,295.641,1801
962.847,313.821,1802
436.160,874.762,1803
112.566,565.511,1804
282.432,639.780,1805
106.336,585.171,1806
657.774,943.676,1807
227.938,969.695,1808
168.733,565.187,1809
547.154,452.446,1810
716.000,724.258,1811
375.326,287.809,1812
569.457,450.311,1813
417.285,231.067,1814
858.893,320.403,1815
555.783,477.130,1816
918.917,261.870,1817
602.031,823.282,1818
763.004,816.770,1819
204.971,302.545,1820
833.063,811.848,1821
600.746,438.857,1822
574.120,438.966,1823
320.621,460.962,1824
331.278,598.133,1825
853.694,938.609,1826
980.784,434.048,1827
284.323,56.009,1828
106.650,480.909,1829
123.378,931.809,1830
170.706,871.457,1831
423.461,847.786,1832
722.957,648.588,1833
23.361,84.550,1834
227.140,13.736,1835
890.083,87.126,1836
782.774,921.541,1837
864.544,60.424,1838
360.221,987.161,1839
901.136,927.733,1840
501.643,417.695,1841
98.184,901.676,1842
778.826,427.983,1843
190.556,536.564,1844
451.488,449.098,1845
136.919,960.065,1846
785.868,394.488,1847
500.073,198.329,1848
653.761,588.474,1849
551.219,342.830,1850
730.377,254.955,1851
632.213,514.899,1852
870.945,269.858,1853
575.546,635.599,1854
505.111,290.446,1855
154.123,665.761,1856
647.259,384.377,1857
909.731,719.828,1858
920.069,605.746,1859
577.923,820.056,1860
937.679,960.336,1861
50.423,16.370,1862
636.695,547.999,1863
842.401,8.337,1864
969.408,664.988,1865
828.742,589.681,1866
218.254,218.546,1867
848.591,514.614,1868
589.861,683.241,1869
97.695,913.008,1870
231.910,230.007,1871
772.833,307.024,1872
445.829,971.897,1873
113.173,720.594,1874
117.869,453.417,1875
350.149,141.326,1876
702.501,902.173,1877
160.584,708.343,1878
751.023,369.765,1879
154.890,185.460,1880
233.661,345.902,1881
458.498,755.845,1882
498.534,623.255,1883
29.515,612.219,1884
919.390,479.969,1885
115.264,131.782,1886
955.792,596.754,1887
597.323,729.635,1888
464.789,589.133,1889
783.964,979.004,1890
684.180,247.973,1891
149.214,952.959,1892
115.800,523.896,1893
486.157,705.421,1894
746.927,608.371,1895
972.257,840.488,1896
952.426,19.462,1897
34.834,620.323,1898
950.041,797.645,1899
312.786,17.973,1900
618.090,322.366,1901
168.958,818.058,1902
679.354,143.537,1903
148.354,744.226,1904
996.851,803.021,1905
369.482,757.587,1906
385.180,624.853,1907
654.926,343.173,1908
864.462,623.238,1909
444.564,969.403,1910
823.674,154.244,1911
997.974,451.397,1912
64.418,853.725,1913
650.507,447.975,1914
134.364,519.212,1915
727.600,434.909,1916
691.476,45.444,1917
852.320,286.738,1918
680.436,976.365,1919
421.424,305.317,1920
825.826,67.078,1921
209.821,971.965,1922
896.367,778.546,1923
398.345,779.126,1924
778.851,690.422,1925
647.823,610.744,1926
897.770,131.667,1927
258.175,297.012,1928
687.933,71.796,1929
208.455,833.828,1930
310.617,218.875,1931
235.754,956.639,1932
5.178,202.395,1933
588.734,469.478,1934
569.979,502.905,1935
562.663,700.416,1936
51.815,538.596,1937
727.023,112.520,1938
754.418,165.239,1939
403.947,363.153,1940
659.306,913.285,1941
860.803,201.676,1942
105.814,32.702,1943
273.876,710.550,1944
797.218,512.689,1945
619.706,512.433,1946
77.252,146.592,1947
844.996,982.989,1948
98.264,444.510,1949
393.310,46.249,1950
296.397,590.824,1951
877.064,485.723,1952
930.597,468.886,1953
922.602,558.015,1954
612.763,720.306,1955
173.831,632.155,1956
485.825,900.622,1957
459.079,24.690,1958
710.554,792.448,1959
188.739,968.586,1960
822.168,80.882,1961
792.610,163.509,1962
302.314,936.374,1963
598.329,341.599,1964
95.905,557.177,1965
65.073,220.107,1966
858.324,333.535,1967
547.712,265.123,1968
976.321,233.228,1969
667.132,287.704,1970
81.828,218.653,1971
900.177,138.476,1972
998.940,910.127,1973
847.592,846.474,1974
779.607,986.691,1975
319.427,828.873,1976
306.997,737.311,1977
655.654,630.125,1978
436.681,204.359,1979
488.671,828.310,1980
187.148,7.068,1981
297.040,378.437,1982
940.953,836.983,1983
524.906,795.168,1984
92.287,701.248,1985
633.086,678.967,1986
766.703,228.437,1987
446.416,626.779,1988
472.508,719.744,1989
306.543,405.795,1990
497.320,58.451,1991
215.332,957.994,1992
127.580,509.988,1993
306.677,450.472,1994
428.047,86.780,1995
290.807,276.917,1996
269.251,892.073,1997
58.346,884.787,1998
800.563,7.775,1999
822.356,578.914,2000
444.355,745.438,2001
808.629,37.540,2002
231.987,408.549,2003
520.552,74.679,2004
735.149,867.847,2005
555.994,449.167,2006
711.537,459.639,2007
898.192,72.270,2008
195.664,632.013,2009
420.871,368.939,2010
530.455,411.550,2011
865.559,826.216,2012
504.892,590.377,2013
74.697,19.388,2014
240.104,774.011,2015
941.362,982.629,2016
888.310,666.485,2017
760.218,530.077,2018
454.995,183.424,2019
106.766,948.981,2020
828.941,289.393,2021
532.443,723.337,2022
29.727,758.214,2023
967.726,921.326,2024
103.590,330.503,2025
715.690,43.680,2026
861.696,968.717,2027
956.927,611.965,2028
405.815,530.638,2029
438.446,195.588,2030
658.030,238.453,2031
11.164,422.995,2032
661.357,199.378,2033
393.742,362.346,2034
101.827,676.812,2035
70.274,94.501,2036
11.838,817.876,2037
77.660,122.677,2038
863.410,908.161,2039
567.685,970.042,2040
73.373,440.499,2041
926.267,528.675,2042
713.750,828.536,2043
684.718,696.395,2044
951.154,212.495,2045
576.092,55.105,2046
898.687,803.991,2047
653.182,2.974,2048
782.805,739.447,2049
403.977,26.088,2050
611.498,322.276,2051
971.412,247.912,2052
763.041,666.754,2053
368.216,731.081,2054
967.451,849.139,2055
909.432,514.200,2056
244.259,326.325,2057
812.960,432.141,2058
857.113,531.352,2059
896.122,278.489,2060
944.318,580.436,2061
665.235,686.502,2062
586.542,755.507,2063
445.945,675.437,2064
410.015,376.094,2065
869.828,9.010,2066
422.890,703.497,2067
77.230,587.896,2068
879.262,82.658,2069
421.559,120.200,2070
654.382,569.741,2071
310.780,974.968,2072
634.220,296.284,2073
659.070,959.548,2074
464.249,259.083,2075
883.272,86.210,2076
363.387,452.828,2077
165.368,230.938,2078
128.536,136.953,2079
126.786,839.032,2080
560.751,248.864,2081
931.700,712.255,2082
239.738,395.946,2083
213.434,746.924,2084
807.468,307.684,2085
656.976,213.004,2086
413.071,530.179,2087
115.891,763.947,2088
558.145,682.917,2089
417.960,258.313,2090
903.967,326.750,2091
437.165,165.918,2092
789.776,418.177,2093
448.934,801.977,2094
542.130,459.497,2095
236.623,540.982,2096
536.267,60.152,2097
927.526,183.883,2098
699.280,798.175,2099
22.827,607.859,2100
504.648,397.208,2101
999.000,270.107,2102
389.451,701.421,2103
301.770,911.042,2104
895.942,525.894,2105
843.945,375.122,2106
366.192,964.761,2107
869.049,58.663,2108
275.370,711.331,2109
172.732,819.212,2110
106.054,368.324,2111
852.994,152.856,2112
645.108,873.682,2113
487.960,454.599,2114
841.611,105.929,2115
228.941,828.975,2116
516.292,541.300,2117
770.024,889.715,2118
938.530,364.650,2119
866.129,744.083,2120
232.859,95.367,2121
244.428,546.699,2122
858.181,110.349,2123
434.089,706.356,2124
41.313,16.111,2125
317.253,423.921,2126
300.790,952.031,2127
273.321,641.934,2128
421.271,817.342,2129
388.458,830.078,2130
454.900,256.767,2131
878.294,510.115,2132
499.541,555.914,2133
628.054,959.722,2134
218.499,142.863,2135
254.642,357.982,2136
384.631,727.124,2137
995.557,747.685,2138
658.510,699.552,2139
905.730,590.430,2140
487.348,736.346,2141
498.672,125.082,2142
42.222,869.469,2143
942.471,706.694,2144
566.873,538.232,2145
4.872,275.349,2146
614.839,878.854,2147
828.320,139.213,2148
718.622,442.193,2149
583.251,542.656,2150
682.740,467.188,2151
482.563,453.755,2152
243.991,635.857,2153
209.040,435.259,2154
461.950,853.575,2155
249.552,65.707,2156
822.501,610.304,2157
218.540,203.455,2158
60.221,482.297,2159
171.849,770.602,2160
143.653,523.375,2161
747.595,280.543,2162
112.606,339.694,2163
419.501,348.633,2164
281.863,201.014,2165
451.175,641.003,2166
943.255,952.481,2167
80.986,127.882,2168
752.141,337.467,2169
561.619,404.623,2170
946.731,797.090,2171
515.951,83.260,2172
42.462,289.147,2173
7.360,531.674,2174
342.066,940.629,2175
613.180,727.752,2176
135.238,372.404,2177
427.483,443.848,2178
691.424,285.472,2179
645.545,108.306,2180
912.308,292.887,2181
52.538,634.697,2182
896.748,836.979,2183
453.855,940.873,2184
897.414,463.785,2185
52.124,323.384,2186
679.362,203.705,2187
83.070,750.024,2188
558.598,164.875,2189
804.061,494.480,2190
333.326,985.599,2191
666.844,811.775,2192
328.228,47.657,2193
466.039,859.111,2194
380.110,927.520,2195
735.113,298.742,2196
539.263,447.986,2197
751.202,203.388,2198
960.987,124.574,2199
992.985,329.210,2200
823.299,326.898,2201
730.887,245.818,2202
188.666,643.629,2203
667.297,463.753,2204
621.569,756.537,2205
83.996,980.760,2206
486.384,196.564,2207
25.549,280.330,2208
868.937,241.674,2209
152.430,208.280,2210
1.531,126.329,2211
556.600,286.884,2212
500.219,30.866,2213
536.916,501.166,2214
84.130,853.738,2215
891.649,860.583,2216
50.521,516.816,2217
340.753,580.865,2218
890.215,498.363,2219
395.247,666.241,2220
296.318,466.402,2221
834.873,393.388,2222
55.168,108.532,2223
968.927,874.107,2224
36.624,107.477,2225
125.155,927.492,2226
436.362,369.002,2227
781.395,186.187,2228
336.519,402.359,2229
963.049,915.970,2230
67.541,109.128,2231
220.221,375.384,2232
465.440,642.373,2233
273.973,372.063,2234
716.320,760.131,2235
318.647,649.343,2236
181.377,668.117,2237
740.768,638.602,2238
509.603,876.565,2239
889.040,634.188,2240
373.847,651.319,2241
401.199,912.604,2242
250.639,574.909,2243
82.563,887.791,2244
716.945,128.758,2245
48.127,388.100,2246
23.286,209.535,2247
588.618,58.005,2248
954.441,683.909,2249
363.005,746.798,2250
495.844,320.011,2251
615.540,792.220,2252
98.351,843.678,2253
285.267,1.609,2254
845.660,836.308,2255
497.376,713.420,2256
316.610,212.110,2257
762.481,577.999,2258
958.796,684.858,2259
609.870,720.645,2260
734.311,737.313,2261
552.275,546.428,2262
84.733,996.837,2263
697.617,921.914,2264
644.564,927.333,2265
334.674,339.863,2266
372.377,581.507,2267
884.273,698.728,2268
392.150,94.528,2269
61.511,199.922,2270
717.463,889.495,2271
96.862,34.501,2272
586.048,879.006,2273
690.770,786.697,2274
606.577,805.595,2275
378.799,330.168,2276
661.723,867.653,2277
175.265,473.312,2278
499.446,391.883,2279
324.960,772.723,2280
184.458,141.430,2281
513.730,926.909,2282
182.130,649.720,2283
933.634,73.648,2284
660.756,750.656,2285
402.853,652.851,2286
771.150,703.916,2287
542.029,843.176,2288
99.430,407.296,2289
375.627,356.761,2290
329.796,700.973,2291
750.253,344.633,2292
820.788,339.936,2293
244.136,156.298,2294
538.473,563.879,2295
42.175,690.068,2296
390.602,982.106,2297
956.978,734.631,2298
545.306,927.238,2299
593.390,981.653,2300
159.601,388.755,2301
615.305,2.733,2302
734.115,613.548,2303
724.103,365.068,2304
192.575,934.989,2305
388.942,858.383,2306
264.696,151.743,2307
58.442,641.636,2308
772.627,724.711,2309
788.475,158.271,2310
652.751,540.954,2311
535.200,650.458,2312
652.123,688.727,2313
711.893,811.352,2314
783.210,728.471,2315
468.349,608.717,2316
748.299,701.278,2317
307.144,547.569,2318
314.792,967.208,2319
225.949,164.727,2320
839.310,670.713,2321
995.077,266.505,2322
81.045,650.820,2323
696.359,967.630,2324
661.411,879.891,2325
473.116,180.497,2326
674.186,57.719,2327
163.231,4.215,2328
821.588,32.833,2329
991.100,857.430,2330
166.564,768.855,2331
606.935,357.317,2332
634.543,477.679,2333
32.700,425.746,2334
655.570,771.850,2335
836.072,727.826,2336
944.725,767.731,2337
366.278,152.705,2338
304.086,144.342,2339
798.891,739.825,2340
105.563,259.272,2341
414.098,474.263,2342
727.706,345.489,2343
838.892,330.992,2344
232.738,179.541,2345
683.451,693.390,2346
937.410,64.410,2347
802.152,49.513,2348
512.064,281.844,2349
454.584,917.026,2350
8.184,516.827,2351
893.624,467.943,2352
525.907,932.684,2353
707.310,711.483,2354
67.293,679.004,2355
502.197,815.155,2356
270.265,463.375,2357
201.582,11.056,2358
986.435,63.628,2359
384.680,982.011,2360
490.259,702.660,2361
913.119,325.294,2362
523.367,652.025,2363
534.559,498.918,2364
394.473,602.748,2365
396.494,894.630,2366
629.324,174.231,2367
966.627,204.469,2368
96.604,52.392,2369
945.728,872.090,2370
276.191,235.689,2371
217.253,540.437,2372
60.882,827.004,2373
870.733,105.852,2374
258.033,981.004,2375
303.633,151.033,2376
263.577,957.682,2377
298.205,202.707,2378
790.685,308.339,2379
862.595,577.632,2380
933.065,28.400,2381
189.388,944.321,2382
960.397,258.612,2383
732.666,782.537,2384
318.496,622.488,2385
428.184,954.743,2386
438.096,185.932,2387
503.579,417.045,2388
220.553,349.202,2389
328.893,485.857,2390
50.270,899.446,2391
874.851,431.747,2392
60.568,306.991,2393
638.455,763.449,2394
291.302,223.515,2395
298.893,159.253,2396
162.181,349.903,2397
393.235,841.426,2398
211.136,351.100,2399
297.399,23.717,2400
627.861,936.218,2401
786.880,289.430,2402
469.790,138.076,2403
2.616,883.152,2404
228.956,768.156,2405
349.594,631.609,2406
988.507,767.974,2407
341.541,356.261,2408
348.901,597.641,2409
225.558,769.394,2410
154.388,66.019,2411
451.230,107.354,2412
209.716,445.974,2413
206.830,913.364,2414
991.720,59.807,2415
643.844,615.731,2416
146.960,823.078,2417
266.465,9.098,2418
667.493,305.877,2419
30.827,137.723,2420
274.451,771.453,2421
738.582,801.424,2422
417.517,100.998,2423
331.926,534.804,2424
465.431,427.166,2425
979.865,31.807,2426
41.972,113.986,2427
578.593,117.595,2428
492.609,127.015,2429
278.279,228.327,2430
593.374,765.737,2431
556.877,19.003,2432
664.888,166.362,2433
828.714,297.803,2434
373.050,353.313,2435
148.601,277.399,2436
758.512,857.434,2437
62.432,13.019,2438
159.874,895.591,2439
454.115,339.518,2440
91.088,489.837,2441
34.372,567.508,2442
25.856,493.465,2443
364.906,982.675,2444
914.182,767.825,2445
40.677,903.267,2446
424.225,564.742,2447
291.986,80.772,2448
260.490,509.669,2449
526.736,873.580,2450
720.908,42.250,2451
13.260,452.643,2452
35.829,342.656,2453
67.005,532.936,2454
252.251,611.510,2455
345.208,0.000,2456
552.107,914.688,2457
4.340,225.630,2458
821.033,788.317,2459
56.791,128.158,2460
664.434,202.661,2461
639.951,956.953,2462
796.890,656.658,2463
227.547,478.189,2464
383.585,441.269,2465
379.351,616.098,2466
412.028,897.465,2467
556.410,919.322,2468
924.621,923.833,2469
336.845,372.336,2470
231.085,314.280,2471
489.239,966.694,2472
967.286,836.355,2473
441.815,500.074,2474
240.280,355.769,2475
636.194,365.140,2476
48.407,147.802,2477
445.627,852.171,2478
970.616,72.482,2479
4.741,782.539,2480
109.454,226.092,2481
876.513,549.312,2482
360.466,781.750,2483
222.503,386.619,2484
441.212,815.101,2485
377.926,278.892,2486
960.132,613.601,2487
861.019,834.151,2488
743.572,83.211,2489
815.251,747.166,2490
101.306,266.338,2491
661.533,875.832,2492
979.931,370.971,2493
105.919,647.708,2494
928.998,681.772,2495
960.854,23.450,2496
642.062,452.872,2497
589.134,260.930,2498
412.094,244.166,2499
526.821,764.038,2500
630.491,372.171,2501
608.854,490.529,2502
664.877,125.418,2503
601.328,111.548,2504
305.947,995.758,2505
447.842,364.540,2506
772.789,935.352,2507
867.690,97.491,2508
191.722,41.873,2509
467.519,443.393,2510
799.370,682.830,2511
260.402,802.786,2512
184.207,858.708,2513
677.003,144.308,2514
241.504,228.739,2515
247.882,78.847,2516
153.080,949.078,2517
60.311,64.787,2518
133.493,643.717,2519
411.588,13.153,2520
198.436,543.552,2521
237.389,446.761,2522
267.454,148.480,2523
769.640,389.941,2524
422.008,945.709,2525
949.505,477.080,2526
341.478,181.026,2527
121.532,606.946,2528
972.847,784.432,2529
597.165,754.356,2530
564.929,491.904,2531
10.955,460.295,2532
103.375,208.898,2533
821.054,409.949,2534
12.532,879.766,2535
387.267,419.424,2536
432.293,25.390,2537
64.585,22.383,2538
122.376,532.145,2539
214.693,616.033,2540
968.584,186.698,2541
731.407,237.460,2542
87.882,37.271,2543
71.663,138.563,2544
601.667,874.959,2545
458.884,95.098,2546
80.315,740.687,2547
18.127,938.647,2548
278.270,999.000,2549
75.033,59.635,2550
479.661,938.398,2551
15.669,106.109,2552
215.524,148.493,2553
468.936,641.867,2554
336.490,912.215,2555
108.723,760.708,2556
432.532,670.828,2557
788.276,371.017,2558
257.312,834.654,2559
377.993,360.682,2560
234.494,433.149,2561
309.983,620.984,2562
508.991,897.173,2563
274.994,407.406,2564
913.959,601.468,2565
813.923,742.717,2566
652.574,550.936,2567
273.079,369.065,2568
172.037,176.579,2569
531.292,52.531,2570
926.288,618.167,2571
406.544,494.323,2572
471.405,229.264,2573
869.379,131.375,2574
127.099,161.815,2575
580.558,369.585,2576
369.810,497.356,2577
412.235,909.060,2578
858.075,797.276,2579
62.164,486.746,2580
853.919,741.579,2581
86.729,372.501,2582
611.884,96.243,2583
283.431,701.551,2584
251.881,210.769,2585
671.478,210.548,2586
626.586,43.650,2587
674.334,492.398,2588
765.133,882.851,2589
13.329,606.975,2590
455.606,785.673,2591
878.728,212.432,2592
363.344,71.429,2593
199.656,458.449,2594
336.700,338.491,2595
492.976,288.758,2596
313.276,760.606,2597
241.682,846.223,2598
694.071,280.568,2599
258.276,697.592,2600
427.124,397.585,2601
393.486,317.578,2602
51.568,822.612,2603
113.508,932.851,2604
120.821,577.618,2605
262.411,886.085,2606
496.892,982.533,2607
339.927,653.219,2608
379.959,779.710,2609
131.754,418.039,2610
822.706,743.562,2611
424.444,662.320,2612
527.941,464.545,2613
39.466,433.249,2614
43.004,812.411,2615
954.850,320.770,2616
116.349,733.425,2617
350.365,849.710,2618
827.558,666.361,2619
733.716,958.405,2620
706.570,8.225,2621
298.710,791.649,2622
900.832,264.757,2623
794.161,37.480,2624
95.378,317.887,2625
687.260,609.032,2626
522.548,284.564,2627
325.646,569.767,2628
752.206,586.152,2629
682.624,690.086,2630
64.668,577.078,2631
195.316,889.646,2632
219.441,137.982,2633
803.611,571.694,2634
697.574,805.589,2635
50.664,668.444,2636
997.173,562.354,2637
207.316,156.246,2638
809.826,955.526,2639
571.139,438.062,2640
119.813,57.341,2641
565.696,216.747,2642
440.734,605.697,2643
233.491,199.009,2644
388.754,442.590,2645
160.065,235.542,2646
731.972,831.764,2647
238.928,264.770,2648
362.362,734.270,2649
370.278,821.475,2650
5.137,129.532,2651
331.841,560.604,2652
983.492,67.402,2653
238.705,934.146,2654
173.859,978.017,2655
381.770,314.478,2656
469.853,268.045,2657
351.375,835.518,2658
585.606,861.887,2659
186.172,759.733,2660
709.905,19.912,2661
549.072,468.347,2662
262.773,728.787,2663
314.625,284.633,2664
115.485,979.133,2665
893.986,549.604,2666
315.808,537.930,2667
714.109,963.867,2668
921.476,389.963,2669
997.180,938.231,2670
910.084,625.819,2671
555.080,840.830,2672
249.425,589.129,2673
524.177,904.277,2674
867.089,222.967,2675
900.359,867.515,2676
372.852,740.374,2677
419.589,957.328,2678
432.180,615.208,2679
652.146,948.233,2680
396.602,491.930,2681
334.709,107.829,2682
43.754,794.380,2683
911.483,484.543,2684
912.666,447.266,2685
399.188,251.703,2686
236.702,91.879,2687
847.748,881.117,2688
96.988,299.487,2689
660.470,839.041,2690
187.131,71.179,2691
969.445,963.822,2692
451.753,142.943,2693
701.321,837.799,2694
581.566,837.185,2695
158.160,740.795,2696
541.278,422.889,2697
330.411,56.926,2698
607.272,513.092,2699
646.607,979.654,2700
467.779,470.086,2701
83.864,109.978,2702
897.468,145.456,2703
273.702,453.663,2704
748.800,85.475,2705
574.244,745.872,2706
111.568,312.673,2707
555.220,983.759,2708
696.428,201.741,2709
819.518,260.303,2710
105.254,602.930,2711
796.403,45.503,2712
933.958,204.456,2713
697.025,455.568,2714
770.304,448.060,2715
901.190,165.751,2716
252.878,820.529,2717
787.729,323.075,2718
320.009,699.258,2719
16.728,292.552,2720
888.167,186.324,2721
738.208,235.634,2722
864.200,825.156,2723
405.764,937.524,2724
658.628,464.159,2725
197.169,118.389,2726
259.983,453.728,2727
546.310,956.513,2728
942.989,401.143,2729
940.857,768.098,2730
933.901,396.449,2731
225.267,578.124,2732
365.084,406.358,2733
572.722,56.032,2734
264.929,871.171,2735
200.966,163.516,2736
167.053,447.643,2737
955.547,567.597,2738
775.738,132.015,2739
304.015,406.308,2740
133.337,627.943,2741
873.459,910.799,2742
410.104,263.224,2743
297.397,717.824,2744
991.805,730.853,2745
979.869,127.616,2746
966.745,988.387,2747
990.989,836.160,2748
484.208,322.641,2749
554.541,408.612,2750
40.723,522.767,2751
951.291,38.090,2752
546.434,456.764,2753
730.921,61.508,2754
25.948,618.246,2755
571.572,876.176,2756
672.378,810.757,2757
71.268,516.471,2758
591.549,160.369,2759
971.985,966.903,2760
988.516,14.100,2761
47.138,52.930,2762
366.295,14.646,2763
886.074,70.708,2764
248.321,304.537,2765
654.487,436.393,2766
852.275,954.274,2767
671.846,133.082,2768
885.212,640.253,2769
85.570,70.756,2770
24.121,947.142,2771
451.968,231.315,2772
89.656,346.192,2773
658.124,177.477,2774
540.025,790.275,2775
93.071,957.671,2776
804.912,421.336,2777
227.773,781.443,2778
70.565,621.510,2779
172.635,180.106,2780
248.169,616.918,2781
387.261,756.243,2782
189.782,394.907,2783
762.555,632.686,2784
365.865,769.444,2785
514.419,152.909,2786
748.790,758.176,2787
605.033,791.272,2788
406.828,345.325,2789
625.630,185.836,2790
250.381,189.845,2791
25.971,608.581,2792
816.395,848.068,2793
155.262,163.843,2794
541.671,211.595,2795
999.000,763.762,2796
112.188,239.555,2797
226.266,817.583,2798
866.141,744.697,2799
951.334,144.619,2800
415.443,237.032,2801
984.439,931.898,2802
936.581,859.784,2803
816.900,672.568,2804
312.774,350.680,2805
375.953,923.958,2806
838.167,607.795,2807
686.348,477.489,2808
423.581,838.745,2809
515.597,288.565,2810
394.011,22.144,2811
975.825,809.140,2812
151.641,30.978,2813
496.353,605.534,2814
820.036,214.119,2815
635.837,364.074,2816
223.222,782.648,2817
346.767,796.582,2818
617.367,314.958,2819
500.868,768.748,2820
660.790,636.278,2821
379.362,180.122,2822
92.513,888.486,2823
29.709,193.623,2824
796.408,674.669,2825
164.752,677.614,2826
810.713,927.575,2827
414.826,849.446,2828
498.164,430.226,2829
89.593,290.010,2830
954.056,545.432,2831
197.393,348.742,2832
763.490,571.666,2833
72.422,519.934,2834
491.600,13.373,2835
390.923,615.821,2836
460.159,47.071,2837
86.485,698.225,2838
917.291,180.613,2839
856.335,714.982,2840
246.527,940.810,2841
507.346,371.461,2842
731.309,463.546,2843
788.405,248.169,2844
392.733,754.796,2845
513.760,22.591,2846
644.826,855.178,2847
593.677,904.414,2848
424.964,782.617,2849
37.177,356.586,2850
789.023,703.429,2851
482.536,862.499,2852
200.581,590.558,2853
33.893,128.014,2854
424.812,138.889,2855
331.156,997.879,2856
477.934,44.099,2857
583.585,308.496,2858
346.471,614.746,2859
509.710,109.752,2860
708.688,883.204,2861
19.597,990.654,2862
77.060,964.945,2863
322.295,860.707,2864
902.388,661.456,2865
166.363,33.717,2866
155.066,261.021,2867
796.351,992.634,2868
286.976,488.900,2869
793.026,175.730,2870
364.785,130.542,2871
770.593,0.000,2872
343.298,876.161,2873
270.130,576.717,2874
544.585,496.712,2875
542.419,975.461,2876
165.516,607.318,2877
366.132,180.745,2878
253.138,368.965,2879
221.594,642.050,2880
327.861,830.433,2881
156.581,513.914,2882
593.758,334.689,2883
429.840,653.658,2884
422.181,314.767,2885
921.334,42.543,2886
456.023,29.806,2887
114.777,246.639,2888
46.198,529.938,2889
347.622,888.560,2890
218.040,718.608,2891
564.219,219.770,2892
576.392,350.629,2893
336.104,742.321,2894
750.168,432.747,2895
181.093,565.370,2896
308.614,397.426,2897
294.203,262.570,2898
156.073,14.686,2899
349.440,543.651,2900
747.675,716.942,2901
263.602,531.860,2902
109.834,399.101,2903
97.692,141.637,2904
217.055,826.725,2905
130.723,972.322,2906
964.491,499.690,2907
702.430,293.333,2908
170.058,949.920,2909
606.668,586.696,2910
242.203,209.524,2911
818.404,584.325,2912
833.286,329.411,2913
398.845,815.976,2914
812.538,388.333,2915
517.384,196.252,2916
381.890,733.105,2917
441.439,201.879,2918
408.110,547.977,2919
979.723,910.919,2920
183.634,11.226,2921
77.735,879.756,2922
284.647,956.120,2923
12.616,303.073,2924
121.257,917.520,2925
167.773,904.109,2926
23.702,421.461,2927
843.836,598.239,2928
186.684,369.200,2929
250.362,156.189,2930
156.842,817.908,2931
42.061,90.113,2932
363.573,526.461,2933
223.378,370.956,2934
226.070,385.803,2935
693.472,987.883,2936
192.369,380.266,2937
957.853,805.332,2938
6.025,708.420,2939
977.566,271.471,2940
980.916,605.141,2941
877.356,767.297,2942
763.027,418.351,2943
991.154,939.653,2944
181.645,182.292,2945
239.124,734.947,2946
354.936,211.415,2947
196.972,8.016,2948
970.769,842.999,2949
784.797,146.121,2950
808.708,982.711,2951
304.363,316.012,2952
493.021,990.668,2953
36.026,152.652,2954
7.834,620.640,2955
0.000,716.171,2956
554.592,66.234,2957
479.088,941.339,2958
601.800,458.048,2959
65.732,638.480,2960
757.173,619.112,2961
709.862,532.463,2962
920.752,318.838,2963
932.996,672.368,2964
647.069,117.181,2965
544.338,201.479,2966
210.001,954.708,2967
0.000,501.122,2968
198.169,701.343,2969
129.654,435.327,2970
463.226,647.337,2971
329.614,424.501,2972
967.826,951.932,2973
848.160,986.690,2974
421.383,499.515,2975
934.163,748.947,2976
483.896,607.218,2977
590.397,8.177,2978
631.581,197.014,2979
8.586,852.431,2980
137.279,396.931,2981
930.052,869.790,2982
852.787,201.061,2983
482.375,878.307,2984
325.496,352.365,2985
633.946,724.312,2986
525.412,482.747,2987
155.360,355.165,2988
518.549,213.434,2989
697.551,251.216,2990
79.605,609.893,2991
927.310,316.092,2992
28.813,728.985,2993
901.657,969.164,2994
388.163,319.058,2995
271.082,845.913,2996
515.062,328.216,2997
769.748,921.669,2998
440.165,13.805,2999
191.881,912.406,3000
341.232,642.279,3001
603.648,634.312,3002
51.637,907.981,3003
668.929,264.289,3004
569.623,816.167,3005
768.197,434.344,3006
687.508,776.372,3007
925.065,317.064,3008
254.664,128.391,3009
450.611,417.570,3010
445.658,569.014,3011
795.910,793.634,3012
68.658,678.299,3013
992.861,790.534,3014
373.462,768.374,3015
365.163,939.378,3016
604.450,166.608,3017
786.691,677.665,3018
339.701,703.243,3019
162.367,936.562,3020
590.938,104.076,3021
194.131,986.768,3022
447.875,313.952,3023
526.115,262.560,3024
715.076,63.789,3025
690.339,864.039,3026
18.869,18.932,3027
699.585,202.175,3028
414.823,918.458,3029
971.373,805.464,3030
617.444,881.958,3031
592.226,996.884,3032
292.983,957.703,3033
172.092,424.257,3034
138.543,508.967,3035
390.337,72.746,3036
452.636,793.191,3037
787.138,93.539,3038
530.728,810.693,3039
569.584,884.828,3040
138.112,984.646,3041
768.666,289.912,3042
658.405,399.353,3043
4.865,355.290,3044
446.408,276.065,3045
348.091,92.680,3046
198.463,296.198,3047
12.115,601.582,3048
690.820,451.587,3049
588.164,981.261,3050
625.473,472.065,3051
831.448,182.905,3052
668.588,888.950,3053
440.519,188.476,3054
6.364,722.541,3055
767.490,370.972,3056
569.742,446.689,3057
575.627,59.896,3058
496.499,161.584,3059
172.555,926.517,3060
299.605,504.495,3061
333.742,719.206,3062
628.510,541.139,3063
991.537,739.677,3064
292.318,248.742,3065
423.212,373.389,3066
58.153,78.916,3067
805.197,365.819,3068
56.729,176.337,3069
447.589,995.008,3070
34.234,109.929,3071
312.854,578.145,3072
589.234,515.148,3073
647.700,539.469,3074
121.185,615.514,3075
603.971,968.168,3076
477.334,996.444,3077
871.132,647.381,3078
847.573,869.259,3079
985.250,512.236,3080
101.563,772.621,3081
751.615,760.359,3082
804.617,366.481,3083
57.772,159.777,3084
703.624,838.274,3085
542.779,985.118,3086
607.520,941.082,3087
676.674,784.287,3088
184.531,417.592,3089
296.399,700.019,3090
885.941,873.091,3091
468.087,12.115,3092
741.436,79.166,3093
977.220,123.339,3094
266.623,852.808,3095
154.847,986.834,3096
716.647,382.471,3097
827.692,134.116,3098
120.539,940.051,3099
190.850,371.664,3100
555.120,680.222,3101
688.967,539.251,3102
285.312,43.076,3103
994.392,982.203,3104
284.780,760.763,3105
723.171,260.631,3106
676.396,495.031,3107
499.816,523.456,3108
911.996,919.197,3109
810.930,10.485,3110
919.027,839.572,3111
859.406,986.148,3112
783.211,77.750,3113
679.126,649.771,3114
20.411,810.707,3115
969.296,602.888,3116
352.934,55.713,3117
956.152,420.752,3118
404.751,938.272,3119
854.993,156.086,3120
540.987,717.124,3121
657.649,852.453,3122
313.560,122.630,3123
709.590,666.371,3124
75.441,453.304,3125
396.047,812.691,3126
539.858,508.135,3127
852.906,717.538,3128
141.751,470.073,3129
846.026,732.480,3130
812.398,126.492,3131
789.796,586.134,3132
497.303,790.593,3133
677.686,729.013,3134
678.683,369.554,3135
793.671,831.614,3136
370.487,415.763,3137
25.619,173.842,3138
37.189,62.055,3139
888.729,724.460,3140
48.727,389.997,3141
346.985,691.370,3142
638.321,288.612,3143
539.016,184.558,3144
568.134,802.707,3145
336.810,173.866,3146
234.322,771.791,3147
175.623,218.491,3148
835.084,802.888,3149
1.490,702.902,3150
489.113,518.449,3151
842.369,158.975,3152
881.070,482.565,3153
994.373,354.676,3154
544.257,575.118,3155
580.396,989.376,3156
390.536,142.770,3157
929.240,418.109,3158
906.816,375.804,3159
462.397,571.021,3160
789.426,172.432,3161
190.914,241.010,3162
67.109,223.202,3163
47.149,340.070,3164
194.041,287.430,3165
31.096,884.633,3166
534.081,820.331,3167
461.233,695.479,3168
811.343,276.108,3169
184.515,419.985,3170
957.152,69.570,3171
950.724,189.961,3172
550.398,499.006,3173
72.937,612.419,3174
664.271,792.208,3175
90.997,27.676,3176
402.325,341.074,3177
299.942,110.413,3178
980.878,0.081,3179
607.830,482.516,3180
166.063,739.292,3181
832.323,568.317,3182
818.679,495.172,3183
56.112,355.562,3184
541.167,389.349,3185
306.160,289.840,3186
98.506,686.921,3187
308.391,203.469,3188
306.283,179.272,3189
911.482,354.476,3190
274.216,572.596,3191
342.915,453.636,3192
163.248,715.877,3193
734.336,591.630,3194
412.765,781.628,3195
325.844,119.683,3196
158.545,773.434,3197
344.281,944.762,3198
111.674,752.116,3199
383.111,96.049,3200
260.754,773.395,3201
316.036,852.503,3202
382.942,614.621,3203
165.818,922.484,3204
525.606,604.370,3205
606.224,978.241,3206
192.315,925.800,3207
858.623,979.356,3208
180.030,356.502,3209
137.992,717.007,3210
811.496,282.324,3211
906.726,357.882,3212
137.481,604.188,3213
603.332,344.520,3214
435.314,235.895,3215
872.842,377.139,3216
424.287,223.814,3217
184.244,653.719,3218
372.899,970.767,3219
768.891,198.720,3220
489.420,860.515,3221
46.403,701.302,3222
359.241,754.478,3223
984.990,788.093,3224
83.180,474.939,3225
94.739,556.603,3226
386.421,752.638,3227
770.446,602.001,3228
983.197,985.258,3229
465.556,984.108,3230
474.172,442.286,3231
580.372,177.165,3232
199.956,982.538,3233
695.525,875.210,3234
719.374,351.183,3235
986.753,606.603,3236
425.418,587.981,3237
671.001,636.249,3238
600.035,812.578,3239
839.028,642.536,3240
903.322,319.654,3241
333.270,275.629,3242
289.633,586.236,3243
210.281,438.904,3244
715.298,303.688,3245
65.113,321.351,3246
742.533,716.132,3247
414.690,357.464,3248
300.028,346.919,3249
638.734,55.828,3250
700.986,352.958,3251
171.643,849.617,3252
592.337,228.313,3253
149.942,38.053,3254
792.214,983.682,3255
730.988,247.299,3256
208.903,733.343,3257
102.122,487.882,3258
452.634,331.996,3259
215.076,98.103,3260
806.260,752.936,3261
17.771,871.597,3262
844.553,397.322,3263
308.765,408.400,3264
530.742,546.504,3265
815.378,639.802,3266
776.471,770.235,3267
215.612,992.356,3268
488.273,667.671,3269
405.568,580.954,3270
777.017,867.201,3271
518.667,810.145,3272
607.333,433.424,3273
865.717,913.658,3274
984.633,214.038,3275
367.621,691.897,3276
770.195,38.708,3277
531.092,940.320,3278
931.921,386.976,3279
548.442,302.292,3280
116.373,179.651,3281
18.675,969.267,3282
935.279,95.387,3283
313.631,751.202,3284
839.715,519.792,3285
594.392,429.102,3286
630.209,143.854,3287
211.918,709.604,3288
199.339,998.111,3289
337.402,117.014,3290
597.797,926.308,3291
652.583,681.754,3292
372.646,418.311,3293
971.359,813.811,3294
568.477,494.518,3295
899.669,69.054,3296
715.562,83.571,3297
253.560,31.289,3298
641.099,211.309,3299
679.797,400.266,3300
693.495,958.043,3301
781.244,643.408,3302
334.262,145.191,3303
392.232,570.558,3304
301.765,971.551,3305
889.144,246.871,3306
733.457,181.018,3307
677.704,358.609,3308
78.083,425.067,3309
619.448,376.638,3310
92.252,77.480,3311
860.805,63.238,3312
511.065,387.613,3313
23.510,53.624,3314
231.365,108.936,3315
384.896,96.282,3316
240.158,592.905,3317
268.591,941.109,3318
594.065,27.246,3319
44.691,569.330,3320
812.331,117.670,3321
653.291,658.018,3322
429.697,687.188,3323
568.219,22.353,3324
198.271,182.200,3325
160.493,108.274,3326
879.315,396.548,3327
235.089,892.427,3328
227.629,45.743,3329
22.470,873.748,3330
843.814,267.335,3331
807.300,154.379,3332
319.481,728.927,3333
932.421,655.238,3334
958.459,160.698,3335
951.044,308.112,3336
347.789,132.186,3337
961.898,455.043,3338
420.696,893.267,3339
83.066,308.584,3340
726.964,667.268,3341
456.623,810.735,3342
507.243,192.864,3343
0.989,689.168,3344
669.195,170.155,3345
452.134,171.293,3346
13.296,166.488,3347
927.857,787.170,3348
860.477,462.681,3349
161.518,162.819,3350
468.209,243.791,3351
430.465,722.071,3352
101.285,742.812,3353
533.387,96.976,3354
391.220,941.340,3355
519.342,450.603,3356
800.856,171.081,3357
540.558,684.210,3358
611.055,109.784,3359
24.988,311.778,3360
26.210,665.061,3361
58.180,334.233,3362
477.740,25.492,3363
138.225,375.400,3364
290.874,42.990,3365
100.492,66.562,3366
134.666,367.001,3367
172.315,556.260,3368
718.371,686.035,3369
683.522,764.520,3370
875.340,876.969,3371
741.657,16.566,3372
929.763,820.061,3373
200.805,7.898,3374
811.871,121.464,3375
611.885,267.024,3376
960.256,491.581,3377
603.706,622.548,3378
868.992,601.268,3379
757.218,472.856,3380
455.171,572.848,3381
690.402,596.221,3382
546.917,805.511,3383
18.797,407.493,3384
410.993,549.207,3385
539.551,28.321,3386
412.396,10.842,3387
585.378,22.717,3388
503.929,738.909,3389
587.056,629.980,3390
473.035,255.912,3391
8.103,508.916,3392
1.267,763.904,3393
106.624,178.380,3394
490.161,5.625,3395
829.896,407.140,3396
343.483,79.862,3397
401.617,997.469,3398
309.034,513.848,3399
691.612,98.786,3400
50.024,730.324,3401
182.270,363.097,3402
472.879,522.114,3403
801.003,504.634,3404
539.513,167.506,3405
783.121,849.595,3406
471.668,840.100,3407
135.419,815.318,3408
800.200,418.984,3409
160.643,261.271,3410
285.788,71.673,3411
68.907,583.208,3412
882.859,187.693,3413
616.062,501.402,3414
863.343,476.348,3415
146.464,109.464,3416
413.864,371.181,3417
796.414,351.113,3418
215.004,934.338,3419
695.097,65.365,3420
144.826,208.400,3421
694.001,205.078,3422
523.507,470.120,3423
395.868,333.103,3424
826.724,245.443,3425
360.212,557.697,3426
809.903,720.880,3427
523.843,212.345,3428
269.012,692.259,3429
179.727,100.315,3430
406.356,788.325,3431
110.560,487.113,3432
701.917,869.738,3433
272.239,260.132,3434
866.746,605.316,3435
363.963,278.657,3436
972.526,787.999,3437
600.263,118.288,3438
386.201,101.953,3439
474.766,428.894,3440
181.589,143.077,3441
966.621,765.612,3442
668.825,401.738,3443
483.042,474.432,3444
173.071,101.824,3445
870.447,797.448,3446
752.577,530.390,3447
637.429,869.117,3448
347.173,795.494,3449
781.491,221.732,3450
304.823,224.329,3451
566.113,665.324,3452
591.189,77.932,3453
292.454,902.392,3454
916.654,10.501,3455
453.175,291.661,3456
677.176,55.561,3457
943.579,908.002,3458
557.313,450.688,3459
350.983,461.774,3460
880.243,382.201,3461
305.851,823.017,3462
372.200,900.637,3463
161.932,513.245,3464
854.655,372.497,3465
287.630,227.131,3466
472.313,427.383,3467
846.337,386.632,3468
587.449,567.618,3469
17.814,629.911,3470
421.458,796.697,3471
546.055,184.951,3472
555.985,180.088,3473
612.487,356.687,3474
707.060,117.859,3475
659.526,447.472,3476
70.739,499.091,3477
977.122,685.204,3478
69.021,256.823,3479
5.111,926.324,3480
919.211,226.761,3481
921.442,463.950,3482
866.970,495.919,3483
56.298,841.513,3484
575.923,320.611,3485
891.459,410.090,3486
155.440,101.215,3487
822.833,543.436,3488
784.388,561.734,3489
427.521,228.579,3490
915.394,540.889,3491
61.394,813.095,3492
149.926,909.541,3493
361.257,636.854,3494
664.258,642.896,3495
775.772,569.386,3496
256.420,653.324,3497
247.147,18.540,3498
378.635,796.749,3499
0.389,969.745,3500
203.726,960.714,3501
580.956,991.446,3502
231.714,70.155,3503
595.349,353.503,3504
118.500,692.741,3505
886.103,290.349,3506
909.057,402.359,3507
728.118,938.748,3508
15.994,516.482,3509
567.630,73.430,3510
729.399,996.475,3511
651.499,510.836,3512
301.312,401.574,3513
167.318,288.985,3514
734.610,781.213,3515
152.422,952.299,3516
974.204,133.773,3517
721.360,793.732,3518
191.996,96.078,3519
36.767,850.159,3520
606.860,847.640,3521
421.553,83.003,3522
145.345,307.361,3523
123.267,481.487,3524
429.186,858.227,3525
793.401,898.506,3526
530.871,832.415,3527
215.926,578.699,3528
251.098,987.730,3529
843.181,945.859,3530
705.973,851.163,3531
167.990,781.090,3532
951.953,689.307,3533
68.138,976.396,3534
352.980,82.736,3535
126.012,293.696,3536
640.097,357.317,3537
612.580,767.074,3538
405.866,231.452,3539
546.751,415.775,3540
470.051,294.676,3541
63.898,297.925,3542
401.288,489.474,3543
989.474,717.437,3544
32.434,115.859,3545
784.662,83.487,3546
128.459,910.723,3547
210.232,823.455,3548
327.506,725.469,3549
211.736,134.518,3550
266.699,499.415,3551
242.334,886.593,3552
99.552,653.536,3553
823.882,76.096,3554
670.172,454.596,3555
375.898,758.327,3556
460.234,17.637,3557
872.867,886.013,3558
502.100,287.288,3559
254.036,66.523,3560
905.136,738.146,3561
479.557,198.491,3562
376.726,948.611,3563
876.784,975.978,3564
890.370,192.507,3565
493.185,344.476,3566
643.992,24.185,3567
463.079,337.310,3568
836.516,792.221,3569
338.181,516.330,3570
726.190,556.935,3571
337.308,665.007,3572
120.007,648.718,3573
481.974,547.626,3574
972.341,334.335,3575
170.251,115.644,3576
839.031,490.581,3577
290.440,489.590,3578
626.249,193.663,3579
952.234,154.832,3580
348.578,936.583,3581
851.597,355.659,3582
607.211,155.901,3583
508.088,148.886,3584
620.855,917.648,3585
650.288,298.578,3586
801.022,212.012,3587
580.060,264.381,3588
119.984,47.331,3589
653.432,485.850,3590
159.584,150.026,3591
315.360,559.308,3592
533.203,232.850,3593
675.464,78.232,3594
54.706,634.345,3595
537.450,222.597,3596
620.042,279.017,3597
601.414,547.194,3598
0.848,254.737,3599
826.624,673.165,3600
989.282,711.836,3601
975.078,721.311,3602
9.892,412.025,3603
600.584,981.821,3604
150.453,71.902,3605
704.550,119.126,3606
104.334,296.968,3607
989.588,391.099,3608
383.111,625.504,3609
854.264,732.286,3610
409.627,502.855,3611
82.742,112.223,3612
981.752,140.233,3613
130.496,648.066,3614
600.610,841.505,3615
701.470,2.136,3616
442.506,275.852,3617
227.261,148.819,3618
245.931,150.493,3619
788.182,887.709,3620
783.027,923.973,3621
663.812,326.058,3622
679.773,266.589,3623
183.132,6.649,3624
728.823,475.075,3625
271.419,516.409,3626
72.825,189.376,3627
173.667,59.093,3628
391.901,381.036,3629
581.506,654.985,3630
324.409,96.774,3631
636.988,363.401,3632
66.077,241.213,3633
383.524,781.412,3634
686.464,646.936,3635
78.492,700.194,3636
796.983,146.352,3637
344.173,664.656,3638
273.618,449.766,3639
88.000,999.000,3640
789.936,289.932,3641
198.002,355.979,3642
677.117,610.322,3643
229.925,983.696,3644
988.912,594.219,3645
656.690,733.621,3646
69.972,105.395,3647
791.669,517.803,3648
820.007,378.934,3649
788.956,783.468,3650
331.745,330.186,3651
210.448,249.206,3652
972.322,797.010,3653
861.540,740.499,3654
635.385,746.670,3655
149.673,893.800,3656
805.648,960.661,3657
294.594,111.263,3658
131.444,32.900,3659
413.759,979.167,3660
6.730,561.792,3661
856.179,41.507,3662
399.281,22.994,3663
565.454,437.411,3664
685.150,267.955,3665
742.326,755.205,3666
424.321,379.095,3667
713.192,6.590,3668
414.356,805.192,3669
127.201,307.304,3670
78.781,431.374,3671
735.599,606.060,3672
28.765,3.371,3673
54.919,272.923,3674
703.054,372.665,3675
428.481,489.044,3676
914.948,688.552,3677
635.821,809.599,3678
455.372,489.777,3679
128.318,900.564,3680
98.923,211.293,3681
700.541,958.397,3682
568.163,212.131,3683
976.985,416.417,3684
139.940,490.231,3685
704.474,79.196,3686
37.417,76.741,3687
625.272,282.338,3688
115.343,760.216,3689
369.503,444.906,3690
167.308,914.401,3691
926.308,542.889,3692
147.201,27.354,3693
160.950,698.088,3694
886.006,227.597,3695
230.780,292.354,3696
922.655,438.631,3697
791.533,45.913,3698
564.765,107.022,3699
356.691,702.833,3700
661.112,860.564,3701
238.494,591.997,3702
45.012,308.405,3703
450.297,232.749,3704
228.074,350.267,3705
284.261,162.773,3706
231.921,84.741,3707
19.455,590.473,3708
567.559,38.914,3709
795.456,819.601,3710
466.555,309.383,3711
636.146,898.145,3712
357.112,146.032,3713
753.915,136.385,3714
40.363,742.301,3715
827.627,90.868,3716
450.903,994.308,3717
795.338,909.569,3718
156.049,596.140,3719
463.211,984.592,3720
275.800,949.074,3721
712.258,907.662,3722
402.340,445.475,3723
242.251,9.238,3724
826.431,461.685,3725
578.190,322.471,3726
34.901,245.802,3727
670.289,567.474,3728
134.226,319.575,3729
994.434,708.884,3730
131.091,896.087,3731
969.566,14.325,3732
899.842,6.028,3733
979.703,999.000,3734
590.571,164.844,3735
639.659,524.575,3736
214.374,217.430,3737
384.861,486.854,3738
327.333,234.562,3739
847.832,841.017,3740
919.220,459.687,3741
186.062,175.385,3742
385.267,839.154,3743
869.593,200.472,3744
966.053,427.595,3745
148.023,255.338,3746
236.090,892.918,3747
623.655,385.196,3748
730.846,254.493,3749
189.165,455.545,3750
622.424,801.543,3751
144.395,4.715,3752
738.259,143.993,3753
288.943,455.084,3754
19.188,756.731,3755
377.609,51.476,3756
479.411,757.621,3757
823.934,305.568,3758
834.959,490.716,3759
889.123,201.741,3760
325.029,709.769,3761
673.474,133.045,3762
554.667,926.318,3763
718.158,132.111,3764
394.470,237.559,3765
15.304,509.575,3766
166.182,302.180,3767
98.411,965.401,3768
514.679,853.584,3769
862.691,977.818,3770
524.081,612.499,3771
313.604,904.694,3772
179.532,191.115,3773
809.376,802.423,3774
953.084,898.972,3775
427.098,905.586,3776
234.585,820.898,3777
409.976,174.395,3778
518.522,495.252,3779
431.685,543.084,3780
114.861,847.473,3781
133.810,8.131,3782
405.168,379.516,3783
404.932,229.977,3784
980.696,365.937,3785
79.615,822.524,3786
138.826,330.737,3787
517.039,525.474,3788
151.020,825.496,3789
21.158,398.429,3790
271.163,169.582,3791
162.774,406.407,3792
27.632,718.021,3793
180.963,197.345,3794
428.004,308.963,3795
618.596,523.613,3796
765.998,225.006,3797
414.393,389.085,3798
276.213,341.305,3799
674.090,91.475,3800
3.310,59.666,3801
732.157,246.011,3802
995.228,610.999,3803
979.774,961.863,3804
92.681,665.770,3805
782.859,867.680,3806
1.597,555.542,3807
740.127,382.042,3808
343.818,353.117,3809
451.139,334.991,3810
335.818,752.071,3811
704.186,501.563,3812
694.910,399.696,3813
427.000,325.628,3814
54.109,671.160,3815
814.821,486.124,3816
87.371,705.118,3817
471.026,251.235,3818
620.417,631.309,3819
705.772,563.929,3820
678.728,189.544,3821
438.139,480.674,3822
128.431,532.728,3823
18.211,561.403,3824
887.994,307.766,3825
817.675,717.625,3826
475.132,710.337,3827
314.641,286.177,3828
101.555,234.688,3829
321.409,679.812,3830
690.852,261.101,3831
337.006,587.384,3832
428.060,595.779,3833
854.380,362.120,3834
377.528,203.806,3835
698.930,501.374,3836
918.589,188.775,3837
612.190,382.245,3838
586.055,524.988,3839
292.073,589.286,3840
223.884,882.131,3841
324.029,692.739,3842
705.982,121.921,3843
787.655,750.510,3844
654.490,928.719,3845
666.901,900.155,3846
62.604,448.462,3847
665.317,572.685,3848
961.273,919.151,3849
571.714,778.269,3850
5.103,727.577,3851
458.164,298.274,3852
979.788,712.505,3853
328.766,9.453,3854
480.530,262.468,3855
855.871,267.247,3856
624.662,251.812,3857
736.347,845.454,3858
151.931,995.698,3859
343.473,328.632,3860
817.268,25.219,3861
5.226,84.955,3862
532.393,510.501,3863
213.454,415.348,3864
48.345,536.896,3865
217.048,882.917,3866
228.486,291.382,3867
609.373,905.449,3868
645.421,875.750,3869
823.570,534.274,3870
864.406,39.106,3871
807.034,263.958,3872
461.890,972.679,3873
668.029,969.591,3874
12.567,726.639,3875
61.602,917.419,3876
580.699,159.446,3877
777.654,610.771,3878
391.326,60.492,3879
864.255,637.116,3880
744.064,871.982,3881
426.324,523.674,3882
807.157,659.832,3883
187.968,98.391,3884
806.492,536.171,3885
28.603,775.629,3886
937.235,150.053,3887
744.085,270.382,3888
269.673,655.736,3889
606.767,294.574,3890
819.149,232.949,3891
490.845,982.438,3892
175.121,839.389,3893
3.235,41.424,3894
11.797,411.012,3895
592.133,589.150,3896
396.787,757.597,3897
913.687,492.298,3898
979.386,648.306,3899
634.728,688.205,3900
319.073,676.145,3901
515.616,872.889,3902
864.330,79.276,3903
951.194,594.343,3904
704.358,167.102,3905
999.000,625.066,3906
202.572,932.713,3907
362.557,558.062,3908
952.070,205.228,3909
273.588,999.000,3910
996.419,176.455,3911
739.915,551.070,3912
981.697,886.934,3913
966.808,54.349,3914
107.326,643.820,3915
515.615,435.132,3916
754.720,971.479,3917
803.712,718.502,3918
11.738,825.573,3919
946.598,902.904,3920
989.921,981.098,3921
685.351,683.675,3922
470.256,634.341,3923
754.513,416.648,3924
920.455,377.636,3925
472.065,584.819,3926
112.896,90.223,3927
215.109,390.078,3928
682.774,985.074,3929
309.291,400.121,3930
996.746,199.042,3931
341.990,480.267,3932
770.673,547.172,3933
259.143,389.371,3934
406.693,179.439,3935
873.753,906.212,3936
166.110,397.603,3937
519.717,308.750,3938
37.003,37.291,3939
387.279,302.033,3940
708.536,226.823,3941
853.410,328.865,3942
46.056,696.882,3943
281.859,179.011,3944
369.695,209.151,3945
633.379,970.178,3946
260.989,788.255,3947
443.827,924.194,3948
767.990,245.902,3949
72.344,198.156,3950
804.205,336.909,3951
169.107,206.720,3952
105.737,788.146,3953
432.487,519.855,3954
377.692,943.579,3955
507.443,886.648,3956
968.112,387.113,3957
83.946,250.449,3958
844.491,383.843,3959
888.503,383.033,3960
574.255,486.150,3961
324.242,208.707,3962
991.540,492.973,3963
38.941,934.328,3964
698.022,495.924,3965
496.598,732.405,3966
291.040,121.291,3967
699.863,660.390,3968
17.212,365.111,3969
968.826,789.581,3970
697.475,87.862,3971
551.006,120.058,3972
112.019,66.995,3973
387.666,979.545,3974
119.386,964.824,3975
434.995,755.186,3976
330.612,863.815,3977
613.573,489.504,3978
790.300,388.253,3979
996.043,394.937,3980
886.144,148.736,3981
473.989,702.659,3982
733.885,529.199,3983
441.413,617.505,3984
7.940,233.597,3985
888.327,855.907,3986
488.426,774.386,3987
408.631,987.073,3988
927.355,776.938,3989
825.073,415.341,3990
61.657,244.632,3991
320.001,0.335,3992
669.198,533.332,3993
901.469,960.803,3994
155.772,529.146,3995
36.136,528.729,3996
362.458,869.766,3997
168.286,667.467,3998
681.945,616.540,3999
597.386,402.307,4000
614.856,966.182,4001
534.011,18.101,4002
255.058,707.602,4003
744.228,682.331,4004
151.656,514.467,4005
478.618,651.770,4006
960.838,248.975,4007
355.499,948.606,4008
861.464,578.703,4009
362.512,389.646,4010
959.532,935.131,4011
935.226,278.445,4012
931.807,580.783,4013
876.390,780.181,4014
420.142,581.104,4015
390.697,257.677,4016
707.325,916.603,4017
572.294,637.826,4018
221.417,61.275,4019
543.567,288.525,4020
943.689,514.033,4021
778.631,807.620,4022
967.341,435.595,4023
633.059,804.594,4024
488.052,868.937,4025
653.606,587.932,4026
599.271,474.944,4027
145.128,360.421,4028
880.659,21.844,4029
562.580,841.257,4030
811.668,739.112,4031
739.593,990.847,4032
651.605,64.454,4033
838.301,817.147,4034
681.302,79.361,4035
671.168,270.713,4036
403.542,639.679,4037
394.217,696.090,4038
74.065,381.164,4039
336.263,592.047,4040
181.180,532.351,4041
972.312,95.131,4042
990.458,973.235,4043
330.316,860.181,4044
607.965,975.958,4045
374.815,504.771,4046
123.071,755.291,4047
176.650,469.349,4048
627.234,821.011,4049
636.897,143.460,4050
974.606,100.538,4051
164.654,909.155,4052
459.216,922.802,4053
775.195,397.177,4054
311.097,224.618,4055
692.709,761.557,4056
135.258,701.979,4057
544.143,876.871,4058
580.679,282.616,4059
961.462,612.971,4060
800.233,856.597,4061
13.348,297.681,4062
877.520,616.945,4063
431.716,893.429,4064
165.043,83.267,4065
536.154,566.432,4066
517.271,533.035,4067
700.476,483.440,4068
416.885,326.697,4069
112.573,333.142,4070
541.224,856.587,4071
641.008,475.618,4072
695.450,334.383,4073
886.925,952.301,4074
156.475,946.732,4075
918.491,259.618,4076
976.814,682.705,4077
193.087,916.512,4078
839.432,138.515,4079
359.935,342.754,4080
221.673,664.961,4081
741.547,171.077,4082
53.132,679.673,4083
807.867,293.955,4084
944.342,696.805,4085
369.203,550.277,4086
857.760,816.245,4087
170.820,490.468,4088
394.991,374.607,4089
966.286,783.506,4090
431.978,595.299,4091
389.178,826.993,4092
236.444,724.052,4093
853.217,116.219,4094
983.381,914.325,4095
755.961,712.980,4096
232.990,402.515,4097
359.409,322.951,4098
801.652,930.379,4099
564.138,844.973,4100
532.575,17.933,4101
155.714,461.050,4102
491.293,878.874,4103
943.276,494.224,4104
953.928,819.158,4105
459.378,923.213,4106
877.245,706.969,4107
664.875,218.520,4108
576.736,72.193,4109
114.385,216.283,4110
779.367,722.206,4111
233.496,435.587,4112
110.104,133.185,4113
599.980,824.962,4114
568.706,914.512,4115
267.809,888.950,4116
93.248,35.222,4117
851.068,187.816,4118
709.328,753.203,4119
915.575,444.087,4120
900.243,820.482,4121
250.195,682.169,4122
414.998,921.242,4123
557.456,859.020,4124
798.094,359.557,4125
785.321,699.091,4126
890.289,10.709,4127
677.111,831.806,4128
296.132,724.806,4129
678.096,189.565,4130
882.327,930.345,4131
303.253,212.502,4132
583.170,845.868,4133
225.849,430.741,4134
892.900,431.499,4135
486.731,190.256,4136
521.344,525.906,4137
572.098,11.282,4138
777.820,247.832,4139
46.095,247.833,4140
359.924,298.483,4141
477.877,655.420,4142
453.653,332.064,4143
844.918,65.422,4144
35.573,759.210,4145
958.567,174.848,4146
363.020,528.828,4147
423.488,459.759,4148
794.645,708.980,4149
708.189,552.703,4150
557.268,437.595,4151
931.881,234.587,4152
800.563,990.007,4153
933.571,119.334,4154
145.163,76.698,4155
62.531,453.522,4156
55.192,933.820,4157
357.352,321.962,4158
908.918,914.395,4159
857.311,120.963,4160
447.671,12.836,4161
802.176,367.199,4162
714.444,706.071,4163
468.926,942.371,4164
26.861,994.589,4165
43.482,278.684,4166
537.814,531.241,4167
823.499,528.108,4168
461.278,729.986,4169
676.498,244.685,4170
139.632,462.512,4171
693.107,832.463,4172
213.868,544.482,4173
927.916,329.487,4174
117.032,853.495,4175
659.741,541.435,4176
256.239,692.798,4177
575.398,972.538,4178
531.738,104.546,4179
80.125,36.122,4180
139.458,894.580,4181
543.161,565.113,4182
249.031,311.248,4183
406.429,431.978,4184
641.417,702.712,4185
340.081,444.830,4186
90.735,848.079,4187
55.151,145.688,4188
287.813,416.575,4189
555.931,472.504,4190
592.725,789.487,4191
246.046,195.136,4192
871.224,779.629,4193
712.929,709.243,4194
920.028,851.921,4195
435.466,300.069,4196
46.952,698.408,4197
386.081,569.813,4198
216.386,959.803,4199
596.818,141.134,4200
353.795,527.439,4201
123.413,894.014,4202
101.370,677.439,4203
183.940,167.844,4204
302.489,665.153,4205
431.304,969.459,4206
474.692,650.527,4207
921.286,408.441,4208
288.844,742.954,4209
365.466,226.324,4210
604.521,90.480,4211
642.264,587.815,4212
560.066,447.617,4213
318.314,651.857,4214
788.159,648.585,4215
885.797,828.453,4216
810.010,317.856,4217
365.561,688.457,4218
5.265,667.058,4219
910.961,649.544,4220
381.766,315.071,4221
433.234,426.774,4222
166.892,674.346,4223
541.673,481.923,4224
155.109,451.212,4225
959.711,484.361,4226
592.187,34.004,4227
722.147,600.382,4228
67.216,977.279,4229
66.842,760.357,4230
983.176,352.354,4231
142.688,422.496,4232
764.831,120.906,4233
110.967,312.217,4234
885.001,969.319,4235
783.809,853.997,4236
844.450,521.942,4237
786.490,102.677,4238
906.802,775.203,4239
602.869,981.749,4240
878.583,914.191,4241
474.982,909.479,4242
759.463,94.693,4243
469.547,589.731,4244
160.533,806.554,4245
222.647,146.261,4246
569.457,679.198,4247
698.354,442.344,4248
460.407,724.702,4249
282.350,198.120,4250
820.170,959.284,4251
59.258,345.347,4252
520.364,76.692,4253
562.916,451.351,4254
226.648,884.304,4255
669.534,479.794,4256
193.453,20.517,4257
855.163,874.181,4258
519.032,556.805,4259
931.056,835.333,4260
220.676,980.335,4261
747.652,875.841,4262
259.207,370.347,4263
563.956,557.239,4264
963.777,481.841,4265
990.505,601.630,4266
70.063,126.166,4267
670.476,35.820,4268
827.979,4.608,4269
785.076,392.042,4270
526.974,214.763,4271
951.951,697.321,4272
325.709,566.835,4273
939.579,693.549,4274
871.902,963.180,4275
114.582,249.427,4276
824.071,580.748,4277
817.902,656.138,4278
128.761,208.090,4279
727.742,194.054,4280
722.987,539.502,4281
461.839,904.538,4282
230.955,443.615,4283
450.921,516.389,4284
94.501,809.964,4285
638.836,743.607,4286
231.209,738.911,4287
522.901,612.842,4288
974.193,525.021,4289
61.708,425.080,4290
512.510,833.540,4291
7.971,196.406,4292
249.644,613.175,4293
576.487,73.048,4294
315.719,683.304,4295
188.814,775.153,4296
828.942,560.052,4297
345.369,615.218,4298
47.368,26.103,4299
69.295,30.101,4300
467.431,742.357,4301
799.904,435.115,4302
734.008,339.283,4303
591.062,764.935,4304
244.601,779.733,4305
106.504,698.090,4306
877.540,774.255,4307
351.798,300.594,4308
606.429,860.304,4309
955.654,452.419,4310
145.298,820.504,4311
509.949,92.939,4312
595.714,103.593,4313
870.843,769.996,4314
428.990,241.196,4315
95.944,278.413,4316
443.976,954.438,4317
362.133,952.273,4318
116.498,769.813,4319
90.692,15.591,4320
508.936,285.572,4321
582.524,469.904,4322
516.984,427.126,4323
803.423,553.147,4324
631.028,600.195,4325
187.319,35.000,4326
166.447,81.182,4327
786.921,955.220,4328
979.618,947.444,4329
313.819,56.756,4330
335.305,690.947,4331
126.647,793.609,4332
861.641,812.169,4333
61.242,3.483,4334
224.870,268.113,4335
633.054,611.801,4336
398.712,453.818,4337
572.187,223.678,4338
987.635,430.732,4339
381.224,295.055,4340
866.696,465.268,4341
534.222,873.819,4342
390.849,850.216,4343
612.484,366.863,4344
953.547,146.102,4345
373.066,823.096,4346
587.031,913.377,4347
545.136,127.369,4348
635.121,724.040,4349
700.946,451.040,4350
630.463,106.482,4351
368.208,130.084,4352
924.029,467.602,4353
671.568,464.146,4354
941.547,365.306,4355
298.414,511.565,4356
348.497,473.524,4357
689.942,894.918,4358
399.540,402.557,4359
881.519,280.820,4360
983.400,760.950,4361
261.198,863.050,4362
38.795,760.615,4363
343.367,14.098,4364
999.000,31.518,4365
358.923,796.323,4366
45.816,758.892,4367
985.883,879.015,4368
985.744,57.262,4369
743.036,905.749,4370
336.421,259.015,4371
719.759,846.969,4372
74.431,152.528,4373
586.669,939.576,4374
88.550,350.493,4375
843.354,422.714,4376
164.475,830.561,4377
822.233,483.791,4378
948.019,33.665,4379
995.657,595.760,4380
666.436,750.640,4381
97.301,717.909,4382
364.201,192.992,4383
448.773,303.876,4384
147.440,945.803,4385
57.572,961.476,4386
799.483,152.070,4387
543.264,704.388,4388
540.794,951.155,4389
3.824,637.758,4390
707.575,737.520,4391
396.832,860.842,4392
487.303,393.868,4393
610.310,586.150,4394
356.476,166.543,4395
8.618,262.943,4396
671.816,753.180,4397
904.438,194.623,4398
775.547,763.913,4399
193.217,267.700,4400
183.248,743.940,4401
670.687,576.811,4402
726.043,589.791,4403
635.366,524.622,4404
642.425,837.297,4405
250.669,295.832,4406
494.861,788.850,4407
40.978,614.878,4408
728.294,633.595,4409
425.329,98.497,4410
937.068,273.462,4411
125.416,139.472,4412
979.378,178.714,4413
906.827,106.365,4414
27.161,79.076,4415
466.790,360.159,4416
230.591,334.769,4417
530.113,159.088,4418
910.880,408.737,4419
154.077,256.915,4420
826.211,745.536,4421
633.666,912.451,4422
717.139,437.394,4423
531.038,418.922,4424
574.364,957.678,4425
669.752,314.368,4426
264.589,301.254,4427
123.762,431.985,4428
43.092,636.988,4429
573.881,863.849,4430
886.558,949.665,4431
785.153,978.119,4432
406.488,36.333,4433
557.520,751.337,4434
434.312,394.329,4435
85.065,191.999,4436
62.509,278.028,4437
736.597,135.148,4438
998.299,376.366,4439
194.754,861.893,4440
988.593,875.224,4441
403.229,349.122,4442
818.960,106.007,4443
142.118,228.470,4444
200.202,471.982,4445
851.435,510.277,4446
970.165,361.246,4447
4.905,516.682,4448
394.025,577.294,4449
196.535,353.404,4450
854.356,272.855,4451
764.440,126.389,4452
832.317,743.973,4453
278.661,206.707,4454
697.936,993.067,4455
492.486,937.873,4456
36.112,597.326,4457
632.077,147.021,4458
383.140,527.734,4459
77.612,12.146,4460
891.593,79.338,4461
203.160,408.438,4462
106.590,385.253,4463
366.724,975.700,4464
696.999,466.207,4465
713.776,448.891,4466
148.544,393.356,4467
992.405,854.696,4468
672.497,373.845,4469
412.778,37.971,4470
346.721,453.051,4471
952.134,897.628,4472
289.037,948.566,4473
31.677,30.716,4474
749.791,866.323,4475
748.973,370.789,4476
833.774,536.845,4477
29.465,593.185,4478
682.558,85.257,4479
445.306,542.127,4480
490.675,963.661,4481
712.261,444.522,4482
369.765,572.471,4483
814.610,965.990,4484
995.151,316.913,4485
859.267,271.673,4486
592.028,632.834,4487
450.988,292.798,4488
591.818,600.766,4489
435.538,702.598,4490
469.865,156.379,4491
602.541,449.204,4492
375.601,442.361,4493
771.737,65.424,4494
542.243,322.522,4495
692.001,770.617,4496
169.330,398.546,4497
624.656,353.477,4498
231.587,107.571,4499
325.349,510.462,4500
689.686,694.612,4501
926.615,103.878,4502
901.991,598.622,4503
157.664,272.597,4504
800.518,686.189,4505
201.336,501.902,4506
615.676,851.771,4507
388.745,372.739,4508
852.819,612.861,4509
532.107,490.960,4510
699.968,667.762,4511
282.426,67.993,4512
37.319,278.393,4513
996.531,204.587,4514
450.908,136.793,4515
4.192,655.901,4516
106.466,262.364,4517
41.910,205.894,4518
384.509,253.302,4519
960.505,876.694,4520
886.377,644.665,4521
556.799,667.279,4522
881.257,383.205,4523
571.061,517.512,4524
546.237,59.757,4525
542.133,160.813,4526
604.236,463.248,4527
365.192,873.302,4528
7.154,106.780,4529
369.845,288.009,4530
720.240,565.313,4531
228.150,579.236,4532
388.370,403.060,4533
900.778,267.325,4534
687.051,247.571,4535
312.967,957.536,4536
771.997,856.723,4537
981.730,303.404,4538
123.141,297.142,4539
132.485,720.612,4540
955.369,772.940,4541
746.813,889.946,4542
668.217,325.644,4543
803.030,300.793,4544
161.733,318.423,4545
155.700,731.848,4546
64.660,976.233,4547
641.310,228.937,4548
475.418,901.756,4549
461.673,99.031,4550
50.310,12.430,4551
900.023,774.446,4552
920.596,965.098,4553
678.994,334.377,4554
766.378,22.659,4555
529.281,850.630,4556
944.357,458.138,4557
270.107,746.107,4558
283.136,15.086,4559
134.379,629.573,4560
479.382,854.748,4561
978.954,624.833,4562
307.524,724.261,4563
868.321,953.906,4564
704.466,447.347,4565
12.495,241.422,4566
324.387,558.036,4567
913.106,370.139,4568
289.020,617.402,4569
353.845,182.086,4570
583.013,216.750,4571
965.481,666.555,4572
576.689,893.714,4573
476.822,357.791,4574
127.043,992.366,4575
834.072,758.848,4576
780.691,784.238,4577
321.323,755.279,4578
384.429,518.172,4579
807.842,206.865,4580
251.702,553.267,4581
342.408,992.553,4582
34.377,555.967,4583
339.519,155.043,4584
479.969,232.682,4585
63.864,740.675,4586
568.674,971.438,4587
451.553,21.762,4588
805.828,93.499,4589
647.869,145.117,4590
319.178,782.160,4591
197.767,176.456,4592
984.453,837.609,4593
470.071,892.683,4594
663.145,228.050,4595
904.239,979.190,4596
182.048,900.618,4597
444.394,542.310,4598
41.266,867.532,4599
195.941,511.405,4600
19.194,301.779,4601
840.842,650.569,4602
527.253,549.781,4603
957.197,758.093,4604
439.294,604.656,4605
942.082,891.277,4606
322.841,6.561,4607
567.925,828.986,4608
400.974,515.455,4609
393.024,297.736,4610
255.433,649.875,4611
76.009,382.044,4612
967.113,184.765,4613
392.233,214.143,4614
178.911,31.154,4615
56.499,871.629,4616
922.032,321.373,4617
442.320,913.085,4618
53.651,876.844,4619
375.714,843.439,4620
786.980,175.697,4621
229.004,927.195,4622
238.868,103.342,4623
199.523,817.788,4624
38.705,591.203,4625
306.696,373.000,4626
707.394,474.095,4627
825.014,515.607,4628
999.000,772.117,4629
813.448,385.263,4630
760.578,340.110,4631
898.523,422.267,4632
88.225,990.038,4633
31.236,762.691,4634
590.010,14.795,4635
772.185,855.237,4636
503.693,531.555,4637
820.005,790.059,4638
557.766,983.153,4639
567.585,109.765,4640
364.765,891.861,4641
568.562,772.165,4642
60.808,634.952,4643
421.561,52.401,4644
435.836,710.570,4645
174.677,644.124,4646
302.570,799.753,4647
257.308,719.268,4648
787.911,551.791,4649
448.162,811.944,4650
141.156,603.999,4651
586.628,316.284,4652
201.783,505.827,4653
475.051,40.370,4654
944.345,492.857,4655
621.667,321.463,4656
89.315,921.860,4657
236.857,586.654,4658
826.142,288.018,4659
408.975,148.006,4660
221.409,207.003,4661
675.834,293.724,4662
109.188,782.010,4663
957.507,852.211,4664
919.047,514.607,4665
152.981,359.444,4666
292.550,740.118,4667
582.445,65.169,4668
697.430,483.035,4669
28.541,527.467,4670
90.239,725.340,4671
702.787,528.726,4672
373.696,765.073,4673
230.926,876.183,4674
266.786,999.000,4675
830.629,273.154,4676
320.381,567.720,4677
124.753,773.258,4678
373.927,325.912,4679
320.369,98.954,4680
904.846,849.741,4681
97.151,69.033,4682
886.128,752.241,4683
716.159,436.382,4684
591.832,359.229,4685
694.112,203.168,4686
593.361,636.285,4687
236.773,595.879,4688
588.110,10.043,4689
741.693,837.256,4690
355.268,502.860,4691
484.598,993.022,4692
1.531,531.145,4693
169.640,213.597,4694
77.955,67.426,4695
490.201,988.630,4696
138.695,892.183,4697
806.304,615.273,4698
275.797,369.102,4699
696.022,923.138,4700
204.755,184.867,4701
879.205,718.703,4702
725.359,139.118,4703
64.532,325.556,4704
135.018,90.860,4705
309.005,502.601,4706
160.703,358.703,4707
347.078,166.185,4708
652.719,98.973,4709
314.941,102.233,4710
669.567,166.285,4711
918.770,629.873,4712
260.823,883.389,4713
382.777,587.399,4714
682.128,374.328,4715
363.680,762.229,4716
908.457,404.275,4717
683.666,565.988,4718
670.894,220.516,4719
670.246,782.987,4720
574.627,902.780,4721
509.410,59.704,4722
855.748,234.243,4723
894.319,977.265,4724
693.335,271.003,4725
184.620,421.168,4726
955.433,855.223,4727
416.873,597.449,4728
858.960,861.110,4729
809.950,156.916,4730
740.350,966.278,4731
312.844,5.916,4732
565.443,254.564,4733
254.583,552.347,4734
443.949,472.124,4735
20.915,636.419,4736
600.639,303.271,4737
178.167,318.898,4738
615.719,147.807,4739
78.486,541.194,4740
318.024,726.994,4741
84.957,244.614,4742
520.063,830.898,4743
60.444,178.028,4744
37.991,429.488,4745
12.523,214.482,4746
143.447,681.756,4747
865.100,889.038,4748
753.238,346.579,4749
107.619,568.377,4750
779.776,504.332,4751
339.001,345.437,4752
640.787,494.371,4753
106.513,178.676,4754
417.981,365.723,4755
424.109,892.346,4756
411.172,808.742,4757
533.533,844.896,4758
514.452,317.787,4759
203.197,269.255,4760
813.765,588.311,4761
584.058,456.817,4762
250.477,804.671,4763
648.086,460.438,4764
317.014,241.298,4765
375.974,727.700,4766
338.821,254.999,4767
31.287,0.980,4768
642.216,784.156,4769
466.288,62.486,4770
602.413,102.691,4771
506.774,270.301,4772
804.980,381.316,4773
307.322,521.420,4774
73.206,575.746,4775
249.809,65.041,4776
779.559,842.531,4777
417.662,318.637,4778
297.402,912.783,4779
817.211,383.325,4780
815.392,782.698,4781
733.683,156.965,4782
548.042,96.690,4783
982.078,0.000,4784
829.194,499.256,4785
957.031,126.866,4786
335.195,125.157,4787
526.423,773.025,4788
426.830,5.998,4789
914.503,685.152,4790
745.810,330.349,4791
248.365,478.323,4792
46.659,941.527,4793
161.320,985.562,4794
290.084,852.390,4795
270.610,884.465,4796
935.915,200.215,4797
866.339,296.084,4798
325.709,995.934,4799
487.052,115.890,4800
648.009,813.262,4801
660.464,89.797,4802
807.679,535.132,4803
377.629,571.741,4804
942.376,53.966,4805
366.290,609.051,4806
551.260,435.419,4807
975.619,790.944,4808
531.969,350.220,4809
587.056,583.799,4810
785.373,792.336,4811
237.998,946.288,4812
92.065,941.632,4813
456.932,385.581,4814
304.985,511.561,4815
796.721,654.283,4816
180.425,115.452,4817
256.918,799.305,4818
294.389,880.208,4819
423.837,67.538,4820
736.940,989.576,4821
838.444,416.789,4822
317.649,102.977,4823
354.937,878.095,4824
193.850,574.891,4825
139.237,954.132,4826
549.718,260.762,4827
976.147,56.801,4828
549.293,0.226,4829
406.788,446.551,4830
96.605,528.530,4831
198.822,599.954,4832
98.195,385.728,4833
990.484,732.823,4834
513.438,281.957,4835
737.430,163.321,4836
926.990,788.489,4837
208.556,787.698,4838
66.278,372.328,4839
612.920,767.816,4840
143.666,506.560,4841
386.373,508.639,4842
256.371,523.802,4843
580.962,271.969,4844
273.350,285.753,4845
377.688,153.191,4846
155.018,559.354,4847
614.906,953.663,4848
94.438,140.170,4849
621.503,118.108,4850
993.814,535.675,4851
862.505,452.630,4852
575.708,935.656,4853
990.536,566.461,4854
230.116,272.246,4855
742.872,603.081,4856
609.430,833.991,4857
751.671,28.467,4858
573.960,98.157,4859
870.933,182.434,4860
860.453,918.401,4861
41.414,433.366,4862
650.687,18.958,4863
686.898,158.440,4864
22.559,160.884,4865
374.027,638.658,4866
236.782,83.752,4867
190.549,20.419,4868
60.270,715.150,4869
892.572,422.700,4870
164.854,472.379,4871
725.586,524.477,4872
75.561,223.286,4873
753.615,88.881,4874
252.802,496.396,4875
965.753,63.743,4876
621.907,359.039,4877
476.544,288.377,4878
241.624,182.264,4879
409.214,58.865,4880
520.716,69.180,4881
313.347,211.515,4882
820.814,334.403,4883
120.764,28.306,4884
653.369,756.400,4885
466.247,629.915,4886
238.089,428.988,4887
24.743,956.312,4888
257.645,17.871,4889
862.712,804.321,4890
744.128,782.347,4891
645.839,484.762,4892
633.232,264.320,4893
504.726,196.741,4894
564.729,951.431,4895
964.574,383.894,4896
844.755,773.186,4897
292.104,493.519,4898
411.260,757.235,4899
455.272,503.764,4900
468.640,578.314,4901
92.599,467.124,4902
814.322,749.984,4903
419.124,468.255,4904
154.295,384.576,4905
753.547,788.967,4906
236.844,96.797,4907
593.663,237.105,4908
421.046,380.963,4909
360.365,999.000,4910
692.827,690.877,4911
181.411,0.668,4912
806.732,341.099,4913
897.312,368.118,4914
679.901,150.629,4915
447.092,864.485,4916
298.643,315.556,4917
398.793,759.513,4918
452.865,829.497,4919
138.662,836.451,4920
709.238,748.248,4921
190.856,686.681,4922
6.313,72.200,4923
632.028,863.653,4924
473.806,163.098,4925
231.560,701.482,4926
503.765,818.785,4927
123.137,92.262,4928
297.036,400.718,4929
647.869,634.588,4930
251.973,360.742,4931
526.119,625.841,4932
231.245,999.000,4933
344.635,709.663,4934
38.001,670.540,4935
779.449,544.596,4936
680.600,389.336,4937
374.773,91.375,4938
114.713,271.507,4939
472.844,281.329,4940
872.025,739.719,4941
999.000,118.302,4942
362.230,499.006,4943
312.148,550.683,4944
607.029,677.049,4945
241.197,237.719,4946
11.605,733.550,4947
603.806,867.058,4948
895.611,910.146,4949
298.624,867.420,4950
597.596,980.948,4951
519.563,680.031,4952
304.917,143.105,4953
908.571,968.437,4954
546.035,992.114,4955
472.121,140.952,4956
39.532,82.706,4957
603.630,708.126,4958
531.626,949.795,4959
266.357,999.000,4960
651.702,150.837,4961
549.005,702.503,4962
399.976,161.280,4963
544.056,706.742,4964
464.631,48.449,4965
150.263,448.416,4966
236.023,639.535,4967
442.203,807.184,4968
82.508,990.031,4969
540.705,586.058,4970
981.565,573.858,4971
159.366,426.561,4972
161.461,281.203,4973
93.284,551.272,4974
737.004,231.242,4975
942.353,639.784,4976
816.254,399.625,4977
727.753,653.017,4978
37.117,41.045,4979
899.570,980.455,4980
479.000,886.287,4981
645.841,492.396,4982
968.554,957.111,4983
383.362,904.167,4984
312.781,28.008,4985
786.045,620.509,4986
359.833,313.790,4987
358.609,283.776,4988
708.887,829.341,4989
201.490,469.864,4990
228.641,95.520,4991
150.765,806.569,4992
439.636,553.187,4993
337.097,688.954,4994
868.927,29.333,4995
487.205,903.627,4996
0.130,81.828,4997
98.667,558.514,4998
235.313,268.551,4999
971.350,589.102,5000
640.077,242.612,5001
272.781,857.331,5002
445.084,821.602,5003
937.981,751.043,5004
944.596,924.189,5005
388.730,864.067,5006
607.087,488.187,5007
887.291,441.392,5008
871.461,72.938,5009
495.999,732.986,5010
121.507,548.941,5011
144.222,903.746,5012
902.475,542.698,5013
661.315,646.614,5014
240.954,631.969,5015
814.530,862.409,5016
221.661,778.831,5017
414.387,403.456,5018
427.890,916.599,5019
815.354,946.297,5020
681.284,135.078,5021
259.000,679.350,5022
52.631,242.851,5023
687.683,325.672,5024
236.915,775.626,5025
48.616,709.339,5026
416.984,39.240,5027
116.890,565.283,5028
916.016,128.282,5029
838.081,564.800,5030
902.147,462.056,5031
191.414,586.013,5032
557.907,690.182,5033
414.546,823.060,5034
123.860,157.904,5035
221.013,225.620,5036
447.039,629.959,5037
620.737,213.083,5038
788.161,458.451,5039
274.495,994.494,5040
384.048,817.171,5041
335.322,668.220,5042
619.120,879.589,5043
802.422,973.007,5044
522.025,706.006,5045
638.273,411.071,5046
558.129,689.380,5047
634.098,355.227,5048
451.514,171.513,5049
216.784,906.998,5050
402.945,637.683,5051
720.222,120.455,5052
248.291,94.476,5053
614.674,660.717,5054
422.982,840.850,5055
156.840,621.534,5056
602.758,978.164,5057
885.575,294.306,5058
78.752,92.895,5059
130.068,798.292,5060
346.720,0.000,5061
167.849,549.872,5062
410.228,685.605,5063
414.546,847.572,5064
159.549,399.873,5065
774.328,912.612,5066
899.688,734.974,5067
805.348,947.466,5068
919.175,678.794,5069
910.956,526.977,5070
813.541,604.017,5071
585.718,812.378,5072
811.392,955.718,5073
139.318,980.158,5074
778.613,154.251,5075
590.196,424.766,5076
414.614,98.130,5077
623.386,995.408,5078
750.782,816.226,5079
677.712,288.745,5080
392.239,469.566,5081
482.394,683.268,5082
793.019,355.074,5083
89.235,357.263,5084
556.460,470.055,5085
363.784,119.117,5086
242.601,795.595,5087
572.923,92.752,5088
78.898,131.455,5089
972.085,409.266,5090
295.849,386.067,5091
744.022,116.804,5092
765.011,748.271,5093
594.505,828.736,5094
783.470,144.186,5095
252.304,762.977,5096
472.458,316.344,5097
463.816,114.465,5098
314.450,868.158,5099
427.377,912.477,5100
370.158,333.279,5101
360.475,976.937,5102
575.058,165.976,5103
353.745,867.677,5104
317.732,923.678,5105
840.847,848.871,5106
7.195,623.284,5107
474.203,38.980,5108
537.071,434.475,5109
25.657,972.951,5110
154.705,173.354,5111
213.468,746.311,5112
749.874,993.853,5113
703.341,517.365,5114
747.965,122.145,5115
75.666,324.107,5116
149.906,910.546,5117
622.322,875.293,5118
175.731,183.289,5119
83.743,256.760,5120
307.107,563.483,5121
448.851,13.028,5122
914.431,90.446,5123
399.139,884.542,5124
371.038,426.065,5125
284.910,903.114,5126
651.168,374.075,5127
437.621,281.767,5128
197.296,724.319,5129
456.938,914.613,5130
115.982,686.851,5131
769.003,122.468,5132
957.545,767.791,5133
455.647,84.986,5134
834.879,311.534,5135
759.982,443.128,5136
222.795,228.926,5137
645.327,586.335,5138
282.003,786.114,5139
689.866,87.711,5140
652.019,139.019,5141
485.750,755.136,5142
619.526,278.180,5143
245.614,115.790,5144
246.264,137.605,5145
592.914,603.105,5146
485.179,207.843,5147
46.812,980.124,5148
104.183,931.121,5149
632.073,793.863,5150
295.571,10.916,5151
650.719,958.336,5152
924.630,782.863,5153
941.296,46.292,5154
939.383,559.972,5155
992.305,888.948,5156
593.820,529.563,5157
415.197,96.165,5158
805.851,394.148,5159
819.883,574.525,5160
592.768,148.141,5161
726.827,177.131,5162
585.583,331.748,5163
443.787,680.917,5164
614.038,483.826,5165
156.497,339.274,5166
761.369,526.265,5167
463.575,190.587,5168
928.627,699.691,5169
302.064,986.246,5170
24.794,770.830,5171
399.752,469.297,5172
479.570,257.339,5173
736.217,342.506,5174
701.455,714.279,5175
902.391,295.133,5176
188.947,366.644,5177
648.684,41.681,5178
526.797,755.805,5179
669.135,847.697,5180
916.267,112.218,5181
963.715,35.037,5182
620.108,995.195,5183
294.612,202.322,5184
292.762,781.293,5185
786.276,215.070,5186
572.976,251.778,5187
354.365,207.387,5188
378.477,919.880,5189
188.170,300.289,5190
816.510,212.089,5191
205.117,901.811,5192
855.906,137.915,5193
423.683,792.776,5194
229.199,614.842,5195
97.979,954.010,5196
575.522,139.883,5197
824.644,398.749,5198
599.555,955.654,5199
604.020,966.687,5200
254.623,357.848,5201
919.318,722.277,5202
411.868,127.836,5203
456.234,866.660,5204
0.522,974.611,5205
74.717,474.101,5206
543.579,125.098,5207
568.800,63.031,5208
373.851,595.637,5209
556.405,57.355,5210
338.970,895.559,5211
668.213,934.778,5212
525.101,554.325,5213
754.690,98.883,5214
487.391,330.498,5215
602.076,806.717,5216
170.609,509.168,5217
382.550,306.393,5218
143.704,928.808,5219
681.151,265.653,5220
933.880,207.381,5221
858.012,138.177,5222
854.983,977.714,5223
961.432,425.636,5224
33.792,390.038,5225
152.671,378.177,5226
338.980,752.011,5227
433.899,905.970,5228
67.031,989.316,5229
267.657,819.317,5230
39.810,794.054,5231
897.772,518.132,5232
339.341,829.014,5233
852.326,271.258,5234
672.658,739.943,5235
204.972,442.609,5236
914.011,366.027,5237
141.929,127.386,5238
531.801,28.379,5239
374.830,585.010,5240
873.726,604.505,5241
24.040,881.503,5242
733.912,251.482,5243
113.539,828.664,5244
982.960,391.048,5245
689.436,63.869,5246
620.993,610.929,5247
653.551,259.311,5248
75.682,866.922,5249
159.549,470.338,5250
302.753,842.984,5251
784.318,831.699,5252
51.137,893.230,5253
393.060,698.425,5254
270.917,466.195,5255
77.271,939.304,5256
45.575,385.614,5257
221.597,90.000,5258
977.335,701.650,5259
827.852,972.206,5260
520.862,351.926,5261
292.367,470.491,5262
373.959,113.857,5263
855.532,487.143,5264
146.496,601.463,5265
99.412,247.223,5266
428.384,200.438,5267
84.322,812.810,5268
812.704,866.779,5269
88.799,683.766,5270
694.973,873.927,5271
914.030,277.497,5272
835.822,360.255,5273
503.396,880.292,5274
52.396,564.725,5275
906.746,367.283,5276
481.654,951.399,5277
449.120,189.647,5278
47.274,198.678,5279
900.112,916.939,5280
163.314,180.852,5281
594.981,243.311,5282
307.531,424.763,5283
190.946,930.682,5284
820.717,627.131,5285
727.666,885.149,5286
748.249,273.653,5287
453.223,221.705,5288
367.933,633.230,5289
497.357,81.941,5290
291.925,469.884,5291
462.483,672.329,5292
631.677,623.483,5293
251.242,836.202,5294
377.448,342.190,5295
635.384,506.180,5296
429.123,348.450,5297
426.394,625.778,5298
875.933,112.894,5299
610.401,830.650,5300
478.550,329.197,5301
383.244,186.022,5302
866.572,756.495,5303
972.833,562.673,5304
663.975,246.271,5305
847.092,16.975,5306
966.197,942.721,5307
845.693,351.244,5308
138.058,267.173,5309
440.558,547.239,5310
662.997,830.985,5311
503.273,792.394,5312
18.641,637.568,5313
594.947,771.334,5314
245.156,249.184,5315
431.254,118.042,5316
481.531,20.633,5317
978.342,807.292,5318
505.113,486.058,5319
810.955,571.902,5320
245.753,696.160,5321
339.903,730.341,5322
568.639,155.155,5323
132.862,194.853,5324
459.974,724.292,5325
999.000,717.756,5326
2.462,247.365,5327
359.457,765.785,5328
889.666,716.647,5329
61.081,214.481,5330
934.279,539.937,5331
686.074,921.166,5332
933.921,239.806,5333
242.950,405.050,5334
850.789,778.651,5335
422.244,894.557,5336
608.105,82.410,5337
529.667,266.084,5338
639.280,107.160,5339
88.982,915.725,5340
473.582,146.103,5341
925.661,682.956,5342
395.858,0.846,5343
550.038,578.918,5344
340.016,134.417,5345
874.010,741.738,5346
867.458,70.370,5347
488.348,613.673,5348
892.897,879.080,5349
776.195,709.157,5350
726.801,971.726,5351
53.658,18.136,5352
232.688,549.902,5353
909.172,130.327,5354
606.719,777.858,5355
225.188,791.869,5356
456.018,895.362,5357
89.821,436.493,5358
951.311,556.427,5359
811.308,322.317,5360
48.698,406.279,5361
692.660,714.498,5362
936.087,705.746,5363
397.061,718.450,5364
651.031,759.450,5365
112.656,126.820,5366
626.757,362.102,5367
149.411,148.816,5368
568.407,598.517,5369
528.039,359.878,5370
164.289,798.522,5371
821.879,8.147,5372
369.179,509.363,5373
594.838,271.795,5374
5.560,797.327,5375
438.074,909.480,5376
293.246,106.213,5377
59.517,71.976,5378
557.346,855.490,5379
929.854,879.064,5380
99.459,351.896,5381
702.197,990.740,5382
375.918,810.354,5383
833.354,558.459,5384
903.832,663.465,5385
100.496,773.900,5386
310.294,401.861,5387
886.871,146.344,5388
526.968,13.133,5389
824.138,959.488,5390
308.369,554.461,5391
457.855,20.670,5392
287.807,98.160,5393
984.761,180.853,5394
38.453,269.046,5395
908.980,493.155,5396
775.933,855.672,5397
303.913,173.445,5398
139.379,789.009,5399
903.880,689.696,5400
36.052,737.990,5401
374.645,366.008,5402
287.162,95.028,5403
456.266,527.572,5404
527.403,961.213,5405
961.898,275.508,5406
532.154,857.792,5407
779.291,4.121,5408
314.820,72.977,5409
159.200,456.282,5410
984.778,891.204,5411
743.606,41.636,5412
85.267,905.913,5413
55.783,870.245,5414
43.106,546.363,5415
319.158,591.239,5416
533.946,595.704,5417
529.111,645.697,5418
441.565,543.439,5419
463.259,720.756,5420
925.158,92.539,5421
148.344,297.688,5422
855.023,592.834,5423
164.684,215.729,5424
581.812,650.390,5425
948.142,80.423,5426
884.181,263.476,5427
35.512,989.845,5428
82.081,297.725,5429
398.250,534.083,5430
705.394,525.172,5431
18.616,370.794,5432
170.072,383.695,5433
44.674,91.029,5434
547.319,7.366,5435
388.984,213.331,5436
717.189,986.380,5437
913.061,221.153,5438
326.269,774.362,5439
21.092,502.496,5440
804.069,276.747,5441
612.940,849.887,5442
698.887,986.771,5443
320.345,903.189,5444
228.659,690.082,5445
663.848,872.494,5446
302.871,216.171,5447
344.617,319.558,5448
124.010,300.934,5449
535.906,604.362,5450
706.620,307.885,5451
250.977,519.102,5452
885.070,376.039,5453
341.945,392.978,5454
643.836,655.655,5455
253.167,198.574,5456
5.618,202.905,5457
931.478,819.806,5458
731.541,697.063,5459
28.400,442.756,5460
253.333,546.232,5461
329.460,492.949,5462
363.349,330.661,5463
879.955,525.479,5464
952.821,31.429,5465
609.361,317.515,5466
47.546,96.599,5467
525.808,829.323,5468
739.232,370.884,5469
346.228,917.510,5470
916.552,157.087,5471
528.612,75.938,5472
658.412,225.308,5473
53.841,459.975,5474
67.325,57.834,5475
595.782,28.862,5476
318.739,846.778,5477
50.161,450.417,5478
662.002,409.276,5479
105.046,418.901,5480
669.571,253.622,5481
657.567,305.704,5482
536.694,560.380,5483
680.973,49.463,5484
489.289,632.166,5485
635.516,582.030,5486
502.940,335.682,5487
70.637,34.821,5488
506.582,932.588,5489
355.700,788.535,5490
846.534,246.966,5491
707.527,514.777,5492
828.383,53.113,5493
783.762,514.831,5494
605.395,905.769,5495
350.791,550.650,5496
711.606,801.088,5497
418.345,217.616,5498
398.058,129.526,5499
92.551,783.798,5500
234.275,165.388,5501
639.214,675.022,5502
209.986,647.665,5503
916.210,53.193,5504
662.152,199.615,5505
764.440,854.728,5506
742.894,247.499,5507
268.038,187.778,5508
357.294,539.727,5509
844.136,643.719,5510
101.924,474.949,5511
894.630,716.924,5512
303.921,874.577,5513
124.389,130.539,5514
102.737,650.264,5515
179.951,793.415,5516
487.563,273.653,5517
822.985,415.258,5518
297.916,922.166,5519
757.580,506.987,5520
18.249,445.429,5521
318.069,4.035,5522
82.997,270.918,5523
258.195,367.415,5524
132.180,353.535,5525
414.674,355.499,5526
619.338,259.410,5527
330.896,797.380,5528
669.114,652.146,5529
748.024,790.213,5530
768.286,25.384,5531
76.776,88.865,5532
671.838,996.057,5533
906.131,992.193,5534
213.547,611.943,5535
336.968,751.237,5536
598.938,984.237,5537
227.403,634.994,5538
953.976,101.316,5539
592.001,663.788,5540
168.991,574.831,5541
348.141,341.052,5542
34.302,641.195,5543
827.523,879.020,5544
80.107,821.252,5545
545.859,91.456,5546
994.541,143.387,5547
337.361,137.985,5548
564.489,982.201,5549
282.643,660.588,5550
283.353,209.609,5551
743.647,165.678,5552
555.254,613.254,5553
843.953,471.150,5554
724.371,103.786,5555
174.014,399.471,5556
365.819,590.053,5557
932.695,254.644,5558
379.313,109.228,5559
582.499,622.726,5560
534.117,403.198,5561
688.716,182.511,5562
542.489,462.663,5563
890.921,856.375,5564
143.711,740.498,5565
406.450,872.867,5566
538.244,552.261,5567
749.997,305.244,5568
701.360,424.844,5569
245.166,919.214,5570
978.010,342.784,5571
994.165,512.175,5572
265.132,775.218,5573
955.193,963.863,5574
601.024,462.331,5575
326.451,982.119,5576
494.192,512.194,5577
948.063,656.961,5578
225.373,889.871,5579
14.401,733.396,5580
42.536,787.412,5581
701.707,915.602,5582
590.216,919.127,5583
638.874,293.099,5584
170.964,519.992,5585
46.888,569.763,5586
207.828,167.577,5587
930.515,372.312,5588
872.705,681.407,5589
98.561,682.820,5590
64.639,963.104,5591
48.367,238.743,5592
602.955,531.223,5593
989.648,908.333,5594
809.183,3.004,5595
432.660,503.417,5596
471.475,49.905,5597
959.822,239.587,5598
137.260,809.600,5599
686.824,821.324,5600
450.912,690.492,5601
229.226,8.906,5602
610.875,940.956,5603
678.678,766.428,5604
405.475,395.508,5605
420.119,51.616,5606
993.236,730.582,5607
697.402,197.037,5608
490.874,496.983,5609
223.625,882.114,5610
407.702,38.316,5611
554.763,441.689,5612
758.311,535.012,5613
900.120,538.255,5614
473.510,567.779,5615
513.090,423.213,5616
352.071,549.944,5617
924.900,283.280,5618
919.710,448.499,5619
293.357,587.516,5620
323.596,914.977,5621
380.531,503.764,5622
751.593,372.061,5623
335.539,189.040,5624
13.105,259.609,5625
446.618,466.949,5626
725.503,820.584,5627
458.486,77.107,5628
480.010,67.115,5629
45.820,622.321,5630
274.712,891.257,5631
702.985,854.802,5632
120.401,811.786,5633
130.015,231.321,5634
295.284,866.325,5635
130.906,387.807,5636
947.717,846.013,5637
715.386,268.625,5638
312.004,399.825,5639
143.536,453.856,5640
213.983,870.375,5641
71.890,247.047,5642
901.661,365.463,5643
274.347,119.474,5644
294.640,255.317,5645
203.138,572.669,5646
31.876,347.714,5647
634.239,532.035,5648
168.210,953.477,5649
816.601,832.966,5650
722.821,733.194,5651
338.490,889.388,5652
962.527,619.169,5653
814.759,637.413,5654
262.179,565.765,5655
243.266,152.073,5656
303.499,359.937,5657
839.757,117.107,5658
24.897,368.590,5659
32.457,429.938,5660
289.073,6.176,5661
830.212,950.490,5662
182.938,178.238,5663
554.300,520.816,5664
517.060,339.789,5665
751.071,871.379,5666
454.581,605.552,5667
509.761,962.761,5668
668.719,996.260,5669
295.810,820.118,5670
713.633,537.130,5671
998.249,782.520,5672
673.821,348.871,5673
826.039,301.162,5674
497.665,379.169,5675
302.245,209.327,5676
118.250,897.330,5677
806.800,550.859,5678
414.282,853.227,5679
928.452,758.171,5680
695.896,582.456,5681
452.071,53.977,5682
628.090,289.473,5683
652.572,655.671,5684
693.605,366.422,5685
449.016,79.979,5686
382.342,945.664,5687
870.015,659.845,5688
472.422,808.559,5689
922.003,86.363,5690
953.329,232.219,5691
728.454,394.146,5692
39.427,521.098,5693
234.827,937.897,5694
584.568,719.271,5695
288.476,442.284,5696
248.517,513.157,5697
500.489,458.287,5698
500.422,721.822,5699
83.816,869.490,5700
844.325,196.414,5701
303.217,776.782,5702
863.312,945.196,5703
525.760,13.703,5704
569.840,401.183,5705
375.498,586.489,5706
121.398,445.936,5707
899.250,581.957,5708
57.833,892.704,5709
715.230,831.615,5710
137.148,243.238,5711
715.105,534.685,5712
645.854,125.982,5713
478.886,820.935,5714
106.527,690.950,5715
76.726,726.872,5716
450.094,756.232,5717
977.451,824.856,5718
640.871,241.392,5719
510.336,577.713,5720
354.228,76.014,5721
227.994,530.348,5722
224.637,379.495,5723
861.834,556.636,5724
158.280,300.415,5725
277.077,585.392,5726
596.540,236.166,5727
744.201,456.541,5728
766.819,576.824,5729
440.787,280.601,5730
687.077,696.030,5731
510.332,640.786,5732
425.787,92.757,5733
499.838,371.083,5734
938.896,648.564,5735
273.412,556.353,5736
339.282,534.469,5737
501.807,345.886,5738
848.148,514.369,5739
118.467,690.554,5740
179.423,118.990,5741
400.509,931.152,5742
38.951,837.739,5743
110.726,179.459,5744
431.201,197.428,5745
766.473,469.598,5746
359.761,122.848,5747
500.530,80.702,5748
328.714,329.118,5749
261.928,385.831,5750
604.800,605.352,5751
298.028,744.395,5752
270.994,540.485,5753
494.118,724.103,5754
566.871,871.451,5755
960.955,500.330,5756
232.417,156.338,5757
361.037,894.286,5758
508.293,317.081,5759
679.094,718.800,5760
254.580,968.270,5761
432.702,796.779,5762
629.418,130.807,5763
106.810,575.943,5764
940.736,920.845,5765
460.853,359.302,5766
635.943,443.800,5767
766.727,318.039,5768
87.216,232.410,5769
33.732,465.428,5770
529.964,368.214,5771
410.686,302.192,5772
79.078,50.411,5773
714.216,390.916,5774
318.991,369.093,5775
18.036,814.777,5776
283.711,571.713,5777
57.786,441.474,5778
494.119,482.030,5779
747.608,228.642,5780
313.250,187.076,5781
746.022,51.964,5782
976.069,101.436,5783
755.871,622.987,5784
972.877,127.279,5785
481.671,255.738,5786
921.751,623.476,5787
960.714,445.138,5788
331.237,710.501,5789
692.949,575.634,5790
997.750,751.511,5791
344.022,341.572,5792
954.698,499.160,5793
990.662,686.852,5794
216.770,450.945,5795
60.725,177.930,5796
202.450,380.045,5797
829.028,815.636,5798
779.029,611.364,5799
995.913,868.703,5800
76.859,129.919,5801
641.378,899.746,5802
650.614,183.839,5803
669.618,672.767,5804
625.198,509.787,5805
179.783,433.365,5806
596.636,505.332,5807
969.513,690.165,5808
558.170,29.006,5809
143.369,311.502,5810
728.315,154.079,5811
192.817,914.311,5812
851.754,237.641,5813
748.479,948.240,5814
959.281,172.862,5815
678.306,516.215,5816
577.358,340.473,5817
196.811,139.924,5818
750.950,940.557,5819
44.557,576.649,5820
64.073,938.315,5821
820.806,874.737,5822
507.452,735.381,5823
520.271,722.635,5824
6.486,10.192,5825
368.389,701.254,5826
423.371,777.796,5827
219.760,600.037,5828
613.949,385.610,5829
220.608,158.065,5830
216.787,3.931,5831
347.328,370.489,5832
916.796,620.548,5833
313.642,29.556,5834
663.391,89.436,5835
551.739,41.745,5836
986.951,75.185,5837
861.010,496.106,5838
911.672,754.956,5839
330.367,587.936,5840
408.082,809.257,5841
944.675,161.472,5842
977.339,215.919,5843
440.546,391.087,5844
577.412,512.293,5845
668.669,427.514,5846
671.072,893.404,5847
395.465,53.161,5848
912.665,80.941,5849
641.804,384.771,5850
503.589,954.561,5851
784.811,697.395,5852
623.639,701.197,5853
814.172,368.211,5854
958.423,76.555,5855
608.130,39.384,5856
658.845,262.212,5857
681.887,710.878,5858
101.899,139.142,5859
986.321,502.004,5860
182.233,830.024,5861
115.443,137.870,5862
556.200,831.648,5863
373.819,59.669,5864
127.224,233.409,5865
98.861,306.378,5866
300.436,770.507,5867
316.680,630.804,5868
388.185,214.355,5869
940.152,870.452,5870
783.981,938.957,5871
78.758,909.670,5872
284.255,818.305,5873
177.107,433.537,5874
892.142,908.839,5875
426.515,95.238,5876
429.151,390.900,5877
972.560,541.013,5878
316.032,628.543,5879
555.784,289.379,5880
892.998,445.555,5881
807.741,828.290,5882
146.437,859.965,5883
162.476,254.837,5884
188.655,566.318,5885
234.995,749.212,5886
427.787,64.256,5887
574.360,474.492,5888
908.855,783.781,5889
670.745,218.643,5890
49.837,869.380,5891
749.683,976.125,5892
638.085,526.445,5893
116.825,78.981,5894
955.724,725.961,5895
194.567,675.734,5896
344.461,894.133,5897
459.699,196.118,5898
274.425,219.799,5899
423.494,183.671,5900
580.940,50.204,5901
840.881,487.819,5902
699.435,247.030,5903
82.898,397.692,5904
956.304,420.655,5905
610.443,693.804,5906
741.723,249.690,5907
405.084,334.852,5908
736.289,878.375,5909
141.300,685.057,5910
909.449,129.038,5911
970.678,390.721,5912
618.599,87.623,5913
135.653,894.808,5914
613.224,426.812,5915
305.442,167.103,5916
482.014,499.994,5917
905.430,656.658,5918
165.109,12.268,5919
97.498,692.038,5920
64.713,787.838,5921
203.894,755.419,5922
297.092,462.899,5923
990.268,168.013,5924
203.466,81.682,5925
723.831,347.213,5926
763.600,413.831,5927
231.841,45.333,5928
500.189,819.747,5929
108.368,311.055,5930
324.725,595.182,5931
170.804,10.189,5932
432.735,523.831,5933
627.135,254.753,5934
519.219,129.930,5935
867.548,514.558,5936
919.506,985.081,5937
944.815,310.115,5938
557.680,290.974,5939
831.747,574.125,5940
662.016,335.390,5941
794.195,788.853,5942
48.442,520.152,5943
489.486,46.977,5944
438.985,578.656,5945
628.121,606.720,5946
246.814,190.107,5947
181.466,731.236,5948
309.589,164.919,5949
871.410,640.971,5950
519.745,519.459,5951
517.924,793.194,5952
795.138,207.742,5953
942.826,694.445,5954
646.172,157.892,5955
225.491,79.831,5956
113.519,232.942,5957
727.885,985.312,5958
319.530,154.888,5959
201.627,388.397,5960
392.917,437.926,5961
842.076,64.872,5962
198.039,257.983,5963
793.483,58.948,5964
352.151,599.088,5965
137.137,408.991,5966
56.780,519.684,5967
312.244,688.726,5968
703.364,389.840,5969
867.917,15.025,5970
627.233,647.045,5971
963.597,973.567,5972
751.567,607.386,5973
767.502,328.213,5974
898.149,762.955,5975
914.569,515.654,5976
970.790,66.850,5977
795.734,517.814,5978
853.790,371.993,5979
264.029,889.851,5980
503.166,68.473,5981
303.397,877.430,5982
514.396,884.037,5983
146.280,385.930,5984
572.401,428.305,5985
28.207,978.081,5986
413.210,938.368,5987
851.950,902.078,5988
249.457,179.814,5989
46.994,202.100,5990
19.051,131.403,5991
885.727,472.643,5992
145.956,382.021,5993
628.240,147.016,5994
770.816,422.886,5995
678.912,496.448,5996
328.719,152.045,5997
92.656,819.564,5998
696.943,179.753,5999
283.934,457.458,6000
791.840,204.451,6001
977.959,580.468,6002
661.492,990.893,6003
124.005,391.370,6004
541.391,4.433,6005
88.831,598.394,6006
519.448,412.193,6007
568.688,674.995,6008
416.908,297.206,6009
727.147,214.072,6010
845.703,106.869,6011
422.856,101.157,6012
469.201,604.853,6013
603.247,578.039,6014
904.836,131.891,6015
871.166,581.751,6016
228.365,950.576,6017
54.357,635.701,6018
936.093,313.535,6019
546.834,140.715,6020
535.511,802.963,6021
859.756,534.979,6022
311.379,246.641,6023
402.869,952.285,6024
878.009,596.824,6025
115.086,842.116,6026
429.513,613.883,6027
706.346,272.782,6028
820.329,377.553,6029
549.438,568.785,6030
270.693,523.905,6031
188.131,402.519,6032
258.246,597.992,6033
501.285,414.374,6034
792.203,284.793,6035
857.507,505.761,6036
346.989,856.816,6037
728.599,324.258,6038
148.795,746.040,6039
378.973,880.201,6040
871.834,207.930,6041
476.775,922.999,6042
239.957,845.350,6043
707.036,218.897,6044
279.961,554.541,6045
495.027,920.370,6046
900.463,419.072,6047
639.668,837.701,6048
226.033,641.451,6049
369.060,742.973,6050
617.543,162.085,6051
905.267,469.290,6052
893.598,733.500,6053
174.212,65.365,6054
7.857,561.001,6055
558.890,887.432,6056
984.253,360.428,6057
851.243,989.331,6058
328.307,612.103,6059
236.384,276.450,6060
786.935,856.118,6061
165.341,453.538,6062
914.680,607.832,6063
329.975,447.431,6064
90.275,792.104,6065
585.186,51.485,6066
778.773,988.836,6067
313.492,985.224,6068
716.108,151.818,6069
695.123,556.434,6070
76.522,974.335,6071
995.815,981.267,6072
139.921,986.010,6073
693.662,406.893,6074
351.805,340.194,6075
984.874,602.245,6076
785.015,805.256,6077
774.445,614.231,6078
551.129,157.654,6079
966.465,177.300,6080
136.494,106.805,6081
388.589,782.400,6082
286.267,235.965,6083
258.695,65.402,6084
205.850,661.275,6085
581.292,526.827,6086
68.505,815.392,6087
491.760,950.466,6088
342.262,826.221,6089
978.290,236.197,6090
284.093,619.690,6091
590.342,604.036,6092
600.219,728.369,6093
535.636,215.503,6094
694.870,784.687,6095
508.304,640.905,6096
813.808,671.034,6097
219.493,750.112,6098
121.795,750.469,6099
89.267,631.645,6100
618.547,194.011,6101
401.634,703.128,6102
530.071,977.593,6103
981.860,779.041,6104
398.471,263.000,6105
27.678,886.434,6106
276.930,736.588,6107
231.543,236.017,6108
381.286,631.768,6109
222.823,116.686,6110
343.518,356.386,6111
506.134,362.375,6112
501.562,494.731,6113
299.951,468.381,6114
29.440,98.085,6115
392.583,928.072,6116
312.459,929.063,6117
576.822,184.686,6118
542.119,155.160,6119
539.609,558.008,6120
654.729,843.899,6121
396.361,983.349,6122
382.047,404.968,6123
505.339,736.325,6124
747.184,617.535,6125
309.219,558.869,6126
880.343,943.888,6127
45.247,793.738,6128
525.761,190.791,6129
378.064,416.875,6130
475.345,70.997,6131
441.812,340.016,6132
881.045,928.782,6133
714.983,391.388,6134
304.853,620.554,6135
291.620,891.379,6136
796.073,276.597,6137
800.999,224.941,6138
139.604,120.571,6139
149.478,81.562,6140
640.442,615.646,6141
204.375,12.248,6142
938.740,383.536,6143
490.757,161.083,6144
697.196,644.465,6145
778.073,238.486,6146
303.545,61.504,6147
922.147,290.077,6148
569.454,53.329,6149
41.923,839.970,6150
214.508,510.580,6151
393.250,867.647,6152
93.721,906.480,6153
578.816,841.580,6154
13.222,814.991,6155
958.882,423.646,6156
377.377,92.314,6157
45.856,921.467,6158
856.978,999.000,6159
531.175,284.665,6160
602.259,803.244,6161
633.871,514.009,6162
378.727,415.085,6163
186.396,944.855,6164
130.992,486.483,6165
311.352,564.710,6166
112.912,855.630,6167
158.264,555.341,6168
439.426,427.404,6169
716.194,495.911,6170
186.091,294.031,6171
859.078,440.404,6172
537.026,882.285,6173
284.005,560.455,6174
256.825,952.752,6175
804.604,655.611,6176
467.843,90.575,6177
477.720,928.372,6178
710.367,472.958,6179
394.188,177.620,6180
124.559,432.655,6181
14.073,17.200,6182
520.304,721.897,6183
473.410,691.873,6184
303.857,853.616,6185
508.765,773.438,6186
906.644,101.663,6187
250.645,58.231,6188
437.303,36.322,6189
860.283,27.409,6190
298.016,410.238,6191
219.027,612.279,6192
648.143,906.650,6193
107.298,241.206,6194
450.083,289.345,6195
193.698,369.120,6196
346.461,544.420,6197
846.076,140.753,6198
441.448,891.724,6199
553.557,679.933,6200
626.578,377.705,6201
601.065,924.673,6202
706.079,805.606,6203
362.377,218.933,6204
575.564,351.314,6205
308.346,332.996,6206
193.988,668.445,6207
933.516,911.040,6208
386.106,51.735,6209
278.331,554.248,6210
238.786,197.096,6211
803.618,483.505,6212
281.638,652.598,6213
748.287,697.228,6214
74.164,808.869,6215
959.726,540.972,6216
381.839,715.141,6217
41.020,275.353,6218
282.290,648.191,6219
879.210,271.569,6220
673.772,274.959,6221
765.732,546.880,6222
760.823,401.334,6223
615.358,387.993,6224
184.008,583.830,6225
952.605,504.214,6226
594.514,967.475,6227
456.875,506.184,6228
937.505,286.559,6229
109.542,334.833,6230
69.549,278.745,6231
345.626,223.605,6232
287.966,576.984,6233
194.222,598.936,6234
136.852,25.263,6235
744.634,99.000,6236
345.950,776.399,6237
129.464,643.578,6238
12.029,870.806,6239
969.479,88.507,6240
17.830,625.105,6241
792.550,99.026,6242
372.947,421.286,6243
956.330,816.333,6244
471.843,929.861,6245
140.289,839.071,6246
992.672,80.827,6247
266.865,540.396,6248
458.802,296.408,6249
313.405,552.621,6250
640.868,898.106,6251
497.074,301.270,6252
778.345,787.363,6253
604.832,735.248,6254
0.191,578.264,6255
174.960,54.254,6256
148.593,194.654,6257
51.130,954.298,6258
405.296,459.823,6259
429.706,239.399,6260
428.222,119.242,6261
69.294,191.150,6262
785.357,727.398,6263
667.960,583.557,6264
760.912,861.389,6265
710.378,660.905,6266
577.971,900.975,6267
485.060,241.815,6268
144.238,42.125,6269
224.105,937.820,6270
398.307,735.070,6271
643.690,999.000,6272
798.491,286.188,6273
426.104,227.117,6274
33.289,867.439,6275
413.141,610.803,6276
618.049,324.763,6277
581.301,450.131,6278
319.307,699.790,6279
637.492,728.369,6280
165.720,792.831,6281
954.739,657.054,6282
562.737,128.408,6283
775.076,466.983,6284
424.995,364.937,6285
869.645,570.405,6286
31.576,168.974,6287
126.762,665.319,6288
0.633,833.190,6289
432.645,941.462,6290
884.359,481.377,6291
705.659,804.110,6292
927.339,966.089,6293
520.566,433.195,6294
207.949,110.318,6295
317.841,168.371,6296
177.856,441.697,6297
132.796,587.666,6298
751.579,801.145,6299
902.833,773.992,6300
245.757,813.104,6301
834.232,779.839,6302
231.129,475.846,6303
567.486,983.774,6304
560.019,217.968,6305
104.083,641.051,6306
114.639,234.246,6307
391.118,909.083,6308
739.177,645.071,6309
825.292,802.175,6310
89.360,849.954,6311
634.948,284.168,6312
995.521,910.254,6313
440.547,669.322,6314
560.248,386.333,6315
841.431,287.553,6316
529.794,677.609,6317
500.231,56.495,6318
804.570,888.443,6319
386.651,777.735,6320
583.001,296.756,6321
917.456,92.726,6322
996.919,584.198,6323
754.822,684.437,6324
706.782,764.477,6325
998.190,261.127,6326
701.359,744.731,6327
486.823,721.224,6328
350.355,959.641,6329
14.903,423.592,6330
623.621,864.855,6331
746.644,132.263,6332
683.183,116.875,6333
189.164,398.631,6334
807.704,255.383,6335
795.635,86.347,6336
819.545,537.766,6337
70.915,599.018,6338
577.836,624.972,6339
677.276,20.225,6340
164.102,815.062,6341
236.488,368.382,6342
116.076,136.474,6343
683.304,665.436,6344
357.182,358.063,6345
529.663,385.152,6346
743.624,29.988,6347
47.123,310.748,6348
78.248,475.981,6349
649.166,615.519,6350
395.079,752.097,6351
267.294,715.849,6352
961.097,676.903,6353
866.358,119.729,6354
778.284,104.195,6355
868.373,833.222,6356
727.958,805.800,6357
666.073,113.157,6358
539.115,302.845,6359
997.574,113.093,6360
350.669,81.939,6361
8.076,392.588,6362
367.301,234.765,6363
311.718,273.935,6364
561.579,172.913,6365
623.851,291.496,6366
750.059,340.505,6367
834.379,186.589,6368
36.212,175.735,6369
722.072,623.976,6370
94.980,492.751,6371
751.803,942.713,6372
743.057,163.999,6373
38.892,450.381,6374
430.252,573.515,6375
299.400,889.856,6376
424.348,359.946,6377
164.810,420.198,6378
192.689,615.152,6379
479.577,806.554,6380
478.573,80.431,6381
216.260,689.123,6382
727.774,876.137,6383
895.432,942.052,6384
817.581,85.891,6385
34.240,442.738,6386
93.769,760.690,6387
296.282,758.316,6388
434.470,554.380,6389
699.495,91.796,6390
996.255,954.128,6391
443.078,90.048,6392
904.994,463.420,6393
271.293,81.493,6394
633.365,678.491,6395
415.559,218.682,6396
991.994,627.951,6397
137.326,101.687,6398
70.216,480.712,6399
176.598,689.631,6400
664.282,203.023,6401
394.308,652.414,6402
611.507,73.387,6403
851.762,83.493,6404
573.486,872.561,6405
522.509,619.266,6406
521.451,98.913,6407
217.952,188.201,6408
299.488,600.983,6409
692.817,11.763,6410
740.748,510.071,6411
504.471,213.428,6412
83.038,971.990,6413
141.536,418.824,6414
242.347,983.909,6415
669.143,648.367,6416
606.918,203.784,6417
866.056,357.525,6418
554.418,463.119,6419
297.766,919.035,6420
827.345,521.546,6421
861.103,109.160,6422
793.270,289.920,6423
632.322,93.162,6424
109.144,290.633,6425
578.867,900.122,6426
672.513,290.394,6427
609.811,752.314,6428
527.161,113.272,6429
253.494,934.716,6430
859.525,912.763,6431
872.559,20.198,6432
459.236,448.746,6433
169.886,507.454,6434
70.933,803.673,6435
754.809,463.549,6436
196.576,837.802,6437
933.350,744.512,6438
115.466,747.211,6439
59.874,193.478,6440
483.134,493.978,6441
147.366,831.024,6442
80.942,957.384,6443
761.093,306.981,6444
497.824,450.183,6445
45.995,238.636,6446
732.652,553.623,6447
369.397,770.375,6448
931.164,803.967,6449
419.400,425.350,6450
242.413,779.104,6451
6.589,849.423,6452
188.272,446.533,6453
799.422,335.480,6454
599.344,64.733,6455
240.418,362.121,6456
524.691,716.394,6457
912.499,479.074,6458
506.156,166.278,6459
337.971,732.486,6460
457.738,315.051,6461
900.588,334.039,6462
128.061,408.224,6463
708.028,145.897,6464
147.008,933.022,6465
275.544,562.977,6466
383.287,32.797,6467
861.010,322.794,6468
37.442,66.801,6469
789.200,536.509,6470
643.247,699.711,6471
512.158,383.486,6472
815.729,578.454,6473
694.037,15.075,6474
637.259,609.897,6475
254.927,218.862,6476
77.261,477.435,6477
307.046,455.932,6478
943.590,996.537,6479
962.987,489.199,6480
519.872,701.015,6481
641.334,959.139,6482
832.148,31.155,6483
804.453,578.343,6484
655.307,131.174,6485
570.648,889.705,6486
969.512,372.440,6487
830.940,581.431,6488
720.203,65.787,6489
128.316,922.257,6490
427.694,711.864,6491
552.421,470.588,6492
518.039,783.199,6493
975.051,150.394,6494
963.375,663.848,6495
551.811,50.207,6496
750.855,92.525,6497
50.871,52.212,6498
88.405,334.747,6499
779.003,614.300,6500
85.639,921.927,6501
870.302,629.999,6502
426.499,58.007,6503
995.533,603.720,6504
347.835,545.529,6505
872.295,408.043,6506
594.535,163.082,6507
739.712,467.875,6508
431.643,892.962,6509
348.127,691.830,6510
154.999,509.198,6511
137.685,827.924,6512
326.873,422.817,6513
41.813,466.486,6514
584.788,428.621,6515
231.102,91.507,6516
982.856,255.718,6517
941.369,730.968,6518
297.800,97.869,6519
813.072,558.508,6520
198.379,464.252,6521
300.733,661.244,6522
135.207,585.265,6523
34.039,283.701,6524
63.138,809.146,6525
603.069,952.846,6526
338.923,872.091,6527
701.082,192.930,6528
907.324,192.086,6529
117.275,537.479,6530
337.152,249.647,6531
928.421,824.006,6532
276.518,373.226,6533
80.364,421.244,6534
245.101,897.189,6535
336.512,553.280,6536
540.647,635.555,6537
426.187,46.457,6538
663.343,914.906,6539
418.693,303.857,6540
85.624,277.204,6541
622.392,371.374,6542
448.086,473.806,6543
77.224,643.174,6544
345.899,747.412,6545
594.864,151.658,6546
649.617,687.223,6547
2.581,498.499,6548
715.975,476.605,6549
889.260,860.112,6550
927.524,94.524,6551
196.793,181.742,6552
536.853,709.995,6553
887.727,795.685,6554
466.661,133.276,6555
75.272,918.703,6556
510.836,317.654,6557
204.884,132.674,6558
863.349,139.305,6559
56.779,350.061,6560
26.668,568.163,6561
857.612,518.444,6562
780.129,522.613,6563
568.672,374.378,6564
954.596,827.482,6565
609.676,912.355,6566
218.215,380.548,6567
450.106,170.042,6568
381.769,169.648,6569
628.893,472.975,6570
916.283,78.482,6571
821.688,149.857,6572
612.359,101.195,6573
445.722,793.661,6574
333.822,782.872,6575
279.660,367.683,6576
905.464,952.834,6577
777.812,755.904,6578
569.341,171.989,6579
942.195,893.589,6580
899.711,845.199,6581
374.808,823.106,6582
845.178,900.659,6583
372.929,273.443,6584
7.716,924.144,6585
863.918,930.649,6586
832.071,898.721,6587
356.108,238.359,6588
617.965,527.228,6589
158.074,599.765,6590
895.203,586.596,6591
144.997,786.970,6592
177.736,610.074,6593
257.569,673.083,6594
160.931,169.667,6595
363.379,920.657,6596
476.095,618.331,6597
806.707,453.848,6598
899.676,912.879,6599
929.533,894.154,6600
142.709,599.862,6601
848.824,897.685,6602
105.249,427.916,6603
871.874,221.069,6604
191.428,346.232,6605
770.302,972.568,6606
88.920,961.335,6607
133.175,63.628,6608
904.062,269.154,6609
151.963,886.862,6610
142.157,251.204,6611
894.226,834.006,6612
328.793,694.650,6613
941.646,343.412,6614
538.932,863.124,6615
285.691,190.828,6616
939.713,673.102,6617
381.002,94.981,6618
122.975,986.855,6619
158.323,128.581,6620
770.091,917.578,6621
157.532,34.106,6622
947.821,150.257,6623
938.920,554.909,6624
89.848,166.642,6625
990.324,346.615,6626
135.359,755.750,6627
159.099,107.672,6628
702.752,323.638,6629
386.838,870.536,6630
166.953,112.107,6631
848.046,882.714,6632
625.891,70.252,6633
699.003,954.330,6634
870.161,251.898,6635
602.834,393.474,6636
517.915,414.951,6637
327.539,468.045,6638
128.971,256.774,6639
324.798,24.939,6640
641.515,536.729,6641
867.472,540.013,6642
576.746,617.550,6643
384.030,369.975,6644
407.621,733.488,6645
605.150,94.817,6646
784.397,463.641,6647
778.237,15.779,6648
560.442,69.351,6649
75.646,755.976,6650
242.176,755.040,6651
179.152,235.218,6652
205.726,583.092,6653
710.343,822.555,6654
567.534,372.141,6655
763.703,872.371,6656
216.332,938.426,6657
152.250,803.263,6658
246.129,514.705,6659
442.716,243.067,6660
668.018,215.232,6661
638.795,872.596,6662
519.307,589.682,6663
687.433,977.589,6664
572.837,351.041,6665
864.831,626.582,6666
775.897,22.227,6667
611.783,326.997,6668
945.675,83.876,6669
259.121,594.233,6670
803.296,253.396,6671
509.089,853.990,6672
307.512,242.406,6673
498.380,920.990,6674
292.970,723.637,6675
780.987,502.112,6676
937.256,921.096,6677
619.659,184.582,6678
123.319,349.813,6679
314.346,847.637,6680
775.541,684.271,6681
685.532,250.502,6682
265.255,538.422,6683
466.741,368.464,6684
813.286,435.376,6685
517.699,493.777,6686
203.666,944.062,6687
841.392,814.965,6688
459.374,683.269,6689
268.691,55.695,6690
535.697,698.259,6691
740.359,292.778,6692
846.467,314.809,6693
785.958,701.212,6694
342.684,687.092,6695
132.014,618.256,6696
364.395,380.205,6697
363.752,126.502,6698
504.605,124.326,6699
169.108,49.384,6700
531.130,96.101,6701
482.373,42.755,6702
646.135,275.092,6703
525.736,578.612,6704
262.662,889.533,6705
455.959,302.089,6706
321.397,312.511,6707
634.824,848.929,6708
168.657,843.811,6709
138.295,392.507,6710
811.066,677.533,6711
409.763,508.015,6712
127.719,522.263,6713
830.653,728.299,6714
924.454,805.798,6715
98.324,353.712,6716
63.214,444.762,6717
774.814,362.446,6718
275.090,906.522,6719
8.368,276.868,6720
109.069,508.343,6721
140.707,954.103,6722
219.575,824.232,6723
521.490,839.395,6724
478.633,283.444,6725
524.700,951.295,6726
143.941,332.115,6727
173.706,283.313,6728
558.238,203.978,6729
687.737,926.384,6730
166.497,621.421,6731
208.922,426.700,6732
322.362,492.082,6733
36.798,222.599,6734
956.302,688.877,6735
160.250,911.996,6736
254.299,159.560,6737
720.305,158.849,6738
677.091,197.942,6739
575.025,172.549,6740
649.578,554.546,6741
640.847,210.940,6742
654.592,601.634,6743
741.732,90.096,6744
595.988,183.998,6745
619.302,695.667,6746
634.664,56.391,6747
566.095,578.418,6748
137.390,65.158,6749
306.687,573.143,6750
628.198,835.850,6751
380.421,815.411,6752
117.405,862.103,6753
487.693,915.467,6754
375.151,617.578,6755
331.831,211.491,6756
284.227,398.085,6757
849.981,393.685,6758
957.099,202.312,6759
38.949,329.763,6760
438.964,626.065,6761
830.163,777.823,6762
471.805,133.249,6763
409.679,932.778,6764
868.595,615.303,6765
641.797,142.565,6766
698.648,684.530,6767
268.128,730.560,6768
834.899,374.032,6769
936.581,592.359,6770
151.768,534.427,6771
588.481,539.053,6772
49.067,769.105,6773
862.434,96.737,6774
41.106,567.035,6775
784.440,481.805,6776
662.002,348.391,6777
777.749,659.170,6778
730.064,625.643,6779
348.749,243.586,6780
438.072,412.392,6781
329.780,470.527,6782
78.437,141.069,6783
760.367,130.981,6784
243.743,931.253,6785
443.061,844.347,6786
264.415,300.568,6787
99.233,119.326,6788
222.458,764.430,6789
658.489,670.667,6790
516.704,356.038,6791
103.490,471.107,6792
144.291,743.240,6793
136.784,62.450,6794
270.241,714.447,6795
950.241,769.600,6796
27.725,927.388,6797
640.731,375.740,6798
991.320,638.639,6799
711.305,362.038,6800
629.444,797.528,6801
358.698,860.979,6802
569.943,964.672,6803
928.852,213.220,6804
507.391,184.820,6805
216.360,235.049,6806
592.344,948.644,6807
793.934,952.161,6808
723.882,30.869,6809
79.845,24.920,6810
14.789,510.731,6811
946.647,435.869,6812
346.772,318.653,6813
942.883,250.086,6814
47.619,847.643,6815
631.857,697.539,6816
212.761,566.882,6817
561.154,898.453,6818
901.341,980.424,6819
616.677,171.791,6820
179.697,386.553,6821
950.890,101.560,6822
810.389,829.231,6823
949.057,655.691,6824
635.467,106.028,6825
632.846,151.005,6826
164.641,560.802,6827
120.765,712.635,6828
910.269,737.332,6829
531.892,212.628,6830
746.712,865.884,6831
201.644,886.292,6832
227.568,39.166,6833
977.313,987.802,6834
460.464,701.373,6835
574.502,79.339,6836
496.166,221.890,6837
858.795,936.468,6838
369.631,547.510,6839
874.994,226.988,6840
371.180,624.280,6841
211.099,338.842,6842
959.135,207.825,6843
563.466,951.799,6844
949.862,309.070,6845
221.628,59.296,6846
200.323,405.380,6847
497.877,439.766,6848
363.497,572.568,6849
353.787,492.259,6850
305.178,571.384,6851
852.758,579.943,6852
86.451,591.779,6853
574.337,528.945,6854
178.774,914.977,6855
446.706,428.054,6856
766.514,785.281,6857
167.453,289.534,6858
917.371,673.197,6859
451.474,778.507,6860
60.664,210.505,6861
90.223,502.465,6862
581.602,570.051,6863
812.313,723.289,6864
30.995,645.549,6865
187.160,951.683,6866
185.058,174.824,6867
333.321,321.889,6868
646.542,215.765,6869
765.870,504.902,6870
886.955,8.569,6871
123.119,809.235,6872
659.944,706.994,6873
789.371,327.001,6874
459.382,253.274,6875
42.872,539.304,6876
139.384,101.811,6877
992.129,323.122,6878
581.281,681.898,6879
951.412,706.322,6880
575.709,130.820,6881
514.763,399.541,6882
299.131,607.091,6883
740.011,980.830,6884
53.981,995.211,6885
485.495,684.812,6886
912.669,455.134,6887
145.936,95.812,6888
829.382,569.079,6889
787.751,240.679,6890
113.907,736.346,6891
225.830,579.127,6892
560.938,36.710,6893
461.208,900.062,6894
56.292,547.133,6895
95.627,529.578,6896
237.485,623.383,6897
107.905,591.402,6898
451.441,171.612,6899
739.192,918.443,6900
499.047,413.303,6901
182.590,916.632,6902
69.331,655.776,6903
22.245,450.605,6904
498.231,564.070,6905
505.236,15.765,6906
758.914,290.091,6907
171.717,738.041,6908
517.922,233.913,6909
826.372,269.868,6910
239.118,974.364,6911
290.878,248.277,6912
541.564,278.765,6913
571.333,45.615,6914
723.816,398.730,6915
349.758,155.862,6916
53.662,124.028,6917
835.926,224.931,6918
805.922,693.938,6919
572.354,802.838,6920
255.989,474.456,6921
60.576,280.171,6922
789.829,717.815,6923
788.578,760.835,6924
778.454,417.395,6925
70.177,159.321,6926
406.252,596.288,6927
655.898,729.364,6928
746.926,259.961,6929
677.248,213.191,6930
956.400,980.819,6931
709.478,897.127,6932
72.544,509.730,6933
585.974,729.412,6934
225.809,484.996,6935
346.927,984.093,6936
537.412,227.238,6937
19.218,139.236,6938
88.354,731.497,6939
504.506,350.183,6940
708.338,340.381,6941
496.786,796.686,6942
690.185,190.225,6943
856.562,705.685,6944
170.425,617.438,6945
232.356,681.676,6946
115.908,505.525,6947
206.982,856.656,6948
558.299,701.462,6949
6.533,449.612,6950
422.803,43.175,6951
897.808,191.403,6952
259.162,369.636,6953
447.196,420.377,6954
124.763,908.127,6955
623.533,281.833,6956
300.167,169.804,6957
567.973,506.053,6958
502.023,836.295,6959
190.344,217.274,6960
463.910,856.521,6961
859.318,89.547,6962
279.916,750.371,6963
135.826,945.720,6964
254.195,805.680,6965
325.744,557.759,6966
820.309,138.547,6967
301.309,522.050,6968
46.172,168.813,6969
205.859,693.779,6970
301.429,176.844,6971
138.279,151.557,6972
711.373,59.795,6973
939.210,532.397,6974
886.303,0.000,6975
428.997,975.550,6976
148.844,846.728,6977
833.479,259.456,6978
232.340,846.001,6979
350.139,815.596,6980
691.514,447.489,6981
797.118,751.668,6982
467.476,603.095,6983
456.855,542.101,6984
752.555,119.042,6985
76.332,731.794,6986
282.392,217.013,6987
979.736,772.007,6988
412.596,269.711,6989
194.885,261.325,6990
512.614,716.930,6991
482.274,142.731,6992
9.403,648.233,6993
712.590,385.618,6994
364.066,406.654,6995
963.083,147.102,6996
872.766,611.861,6997
635.032,267.739,6998
507.106,353.347,6999
