x,y,target_id
255.002,191.685,0
850.605,31.198,1
745.739,164.345,2
106.924,495.593,3
42.911,840.826,4
159.307,317.544,5
0.988,78.080,6
888.626,832.966,7
777.210,993.631,8
288.380,346.975,9
466.337,237.926,10
297.746,65.046,11
103.787,53.506,12
702.679,660.164,13
5.028,941.864,14
369.563,696.698,15
62.174,717.585,16
77.280,403.174,17
472.492,947.893,18
875.719,147.934,19
211.996,916.806,20
324.891,718.147,21
10.739,686.224,22
785.414,889.554,23
63.046,758.459,24
718.799,543.377,25
249.631,494.334,26
942.734,273.296,27
454.368,477.733,28
507.123,838.122,29
481.419,154.658,30
462.981,465.786,31
998.589,522.281,32
493.649,125.498,33
743.269,773.240,34
501.322,283.339,35
232.283,613.581,36
443.438,588.349,37
313.833,967.781,38
762.356,335.701,39
329.473,960.193,40
143.016,320.761,41
251.409,255.141,42
951.208,303.281,43
889.337,461.037,44
519.440,562.664,45
509.343,494.110,46
39.481,755.351,47
572.527,235.813,48
330.889,741.817,49
961.942,23.872,50
351.603,449.775,51
848.880,546.197,52
577.547,258.661,53
163.421,710.011,54
567.662,444.113,55
926.076,377.551,56
441.183,639.566,57
477.854,304.175,58
74.647,740.731,59
875.145,671.351,60
495.435,701.069,61
741.190,507.770,62
199.300,208.891,63
773.931,518.693,64
548.658,569.283,65
785.742,701.922,66
211.650,3.562,67
151.107,981.236,68
183.963,356.855,69
753.320,241.219,70
417.726,577.353,71
881.880,845.830,72
855.108,666.041,73
142.607,145.292,74
681.389,780.265,75
386.870,738.515,76
937.434,980.833,77
478.270,607.055,78
686.237,595.213,79
299.686,388.757,80
976.219,319.886,81
883.006,785.143,82
138.955,139.486,83
625.124,504.656,84
784.128,797.979,85
232.063,906.515,86
811.378,933.735,87
25.480,306.961,88
134.872,284.995,89
935.873,645.337,90
56.803,546.748,91
608.745,239.570,92
294.711,981.469,93
130.122,199.427,94
460.604,645.138,95
519.044,394.166,96
514.336,137.839,97
916.027,248.062,98
308.752,751.860,99
629.828,635.663,100
42.151,946.678,101
155.281,515.739,102
178.524,735.039,103
183.438,796.631,104
799.334,688.132,105
181.474,458.248,106
293.149,431.042,107
293.648,421.010,108
698.142,321.814,109
657.161,62.819,110
803.261,85.491,111
792.906,399.133,112
367.839,795.412,113
83.628,399.941,114
408.368,960.550,115
817.987,13.946,116
47.058,265.160,117
332.120,147.194,118
101.500,777.340,119
670.604,372.437,120
610.291,199.284,121
582.309,452.223,122
573.557,6.068,123
841.133,4.911,124
358.624,556.347,125
150.184,451.896,126
940.466,300.187,127
926.777,106.158,128
392.178,689.820,129
427.098,172.441,130
33.210,503.574,131
559.337,984.878,132
162.153,117.327,133
458.941,548.806,134
81.364,944.600,135
471.921,399.795,136
343.877,665.051,137
856.521,375.781,138
188.265,829.551,139
209.286,383.845,140
191.363,845.403,141
836.189,745.938,142
146.355,131.960,143
772.300,118.099,144
896.185,103.407,145
236.274,894.189,146
840.672,224.732,147
990.604,896.920,148
900.942,285.722,149
585.309,345.399,150
658.735,552.195,151
718.525,578.045,152
143.140,160.695,153
886.048,931.175,154
884.525,462.189,155
508.898,444.551,156
638.681,698.147,157
842.308,472.766,158
525.265,355.904,159
718.743,405.429,160
419.659,428.550,161
936.992,623.269,162
737.049,810.730,163
485.942,476.710,164
252.208,570.213,165
436.279,157.294,166
402.458,928.426,167
240.473,783.158,168
171.775,755.954,169
594.679,766.052,170
487.251,578.284,171
523.119,394.170,172
603.752,425.785,173
940.641,906.746,174
148.237,727.351,175
731.195,193.458,176
73.461,238.963,177
771.044,50.249,178
191.781,207.490,179
382.821,517.297,180
194.950,48.514,181
560.693,138.014,182
485.770,606.265,183
320.158,621.810,184
740.304,819.708,185
300.025,822.303,186
669.002,277.369,187
82.237,399.473,188
447.256,944.306,189
817.037,35.084,190
496.027,789.310,191
961.550,637.806,192
975.094,450.008,193
93.985,451.946,194
549.201,720.172,195
678.456,406.611,196
948.665,734.118,197
413.890,926.945,198
897.084,640.483,199
878.190,174.326,200
558.568,387.843,201
563.149,659.046,202
432.647,935.831,203
584.451,355.492,204
678.346,776.743,205
135.396,846.429,206
785.425,65.457,207
224.719,182.396,208
158.310,559.380,209
802.211,796.631,210
391.944,989.586,211
762.791,84.501,212
508.188,79.356,213
166.906,634.372,214
283.729,389.553,215
208.605,96.576,216
955.893,956.645,217
63.749,553.982,218
967.958,261.428,219
790.169,413.750,220
266.820,569.135,221
693.173,718.804,222
506.786,794.923,223
379.756,279.060,224
978.617,125.383,225
92.414,708.077,226
229.291,794.401,227
885.634,53.190,228
266.028,802.603,229
396.108,53.915,230
550.350,69.554,231
263.491,734.505,232
19.630,206.944,233
580.149,51.116,234
885.375,360.448,235
60.459,734.902,236
210.847,718.040,237
337.084,437.712,238
876.575,796.253,239
446.786,997.931,240
887.200,843.383,241
52.209,913.978,242
93.338,428.525,243
781.945,404.843,244
804.204,603.950,245
427.427,608.670,246
350.214,67.365,247
86.246,487.117,248
398.806,912.118,249
501.485,138.918,250
737.148,816.517,251
364.601,132.949,252
100.367,635.344,253
121.286,280.019,254
208.180,375.806,255
892.042,575.060,256
900.392,445.988,257
967.119,135.613,258
417.541,994.209,259
322.098,296.412,260
989.594,336.567,261
905.208,797.150,262
678.554,871.240,263
945.425,127.168,264
311.580,576.959,265
962.121,309.533,266
647.637,416.137,267
34.752,324.844,268
3.558,134.419,269
193.240,64.034,270
499.760,626.256,271
366.120,592.883,272
963.244,251.346,273
980.773,283.139,274
756.495,663.124,275
82.792,859.458,276
22.237,719.994,277
980.630,34.216,278
636.142,69.084,279
892.610,456.081,280
481.665,262.804,281
828.356,591.991,282
902.315,478.349,283
336.634,284.774,284
805.392,318.609,285
667.618,661.581,286
323.090,901.298,287
579.643,999.000,288
601.026,839.828,289
523.390,346.606,290
800.401,934.343,291
739.146,254.315,292
88.908,459.086,293
451.776,178.522,294
319.868,342.460,295
441.664,99.489,296
392.359,462.962,297
200.624,159.977,298
519.248,658.768,299
133.303,626.173,300
262.656,327.278,301
431.942,445.858,302
176.313,201.178,303
156.252,569.559,304
230.193,859.254,305
880.314,773.510,306
831.479,76.261,307
412.244,97.499,308
277.169,100.049,309
440.695,133.082,310
185.436,595.133,311
137.505,194.687,312
807.700,921.313,313
317.033,22.582,314
622.111,649.096,315
801.158,607.271,316
510.333,592.279,317
62.495,587.498,318
306.082,476.593,319
632.426,684.812,320
878.636,832.616,321
979.879,778.032,322
476.503,459.637,323
182.477,309.746,324
921.645,432.456,325
310.890,785.909,326
526.411,281.388,327
39.404,183.614,328
490.625,417.478,329
731.902,133.634,330
607.656,980.201,331
416.983,474.447,332
826.879,857.213,333
19.044,734.124,334
654.992,924.312,335
886.109,442.361,336
175.248,920.494,337
818.531,746.663,338
773.350,20.220,339
972.660,894.286,340
941.851,713.196,341
220.473,465.998,342
591.887,851.283,343
258.548,69.008,344
797.873,912.300,345
354.707,538.319,346
651.085,982.385,347
466.824,886.425,348
795.508,431.802,349
649.876,317.240,350
150.357,367.064,351
633.366,446.080,352
671.151,355.957,353
304.554,170.424,354
531.604,776.431,355
98.010,590.586,356
956.613,918.458,357
154.373,479.616,358
650.262,771.846,359
926.697,827.314,360
466.984,671.392,361
792.924,897.958,362
408.359,552.468,363
595.819,862.870,364
783.320,664.327,365
390.644,73.631,366
764.632,514.386,367
345.894,343.220,368
507.352,218.520,369
711.470,246.169,370
546.094,964.438,371
866.375,667.122,372
121.423,306.395,373
609.080,818.795,374
38.386,376.130,375
858.523,453.655,376
71.250,488.237,377
849.211,640.918,378
590.635,377.232,379
946.057,237.591,380
40.971,395.095,381
203.759,345.371,382
305.480,476.133,383
829.933,120.117,384
118.152,41.055,385
596.294,168.744,386
217.944,720.118,387
766.594,270.773,388
213.043,507.733,389
901.656,250.562,390
152.845,64.720,391
928.043,75.780,392
321.970,515.777,393
138.466,785.653,394
287.636,891.049,395
292.046,65.180,396
750.504,4.860,397
157.771,293.658,398
349.953,913.982,399
813.574,561.297,400
306.892,549.032,401
467.206,278.811,402
529.058,105.439,403
929.180,367.229,404
394.398,975.642,405
823.390,538.750,406
841.967,332.316,407
62.688,702.812,408
425.853,993.074,409
317.159,474.050,410
58.891,703.145,411
35.769,439.351,412
788.104,313.400,413
208.363,833.166,414
999.000,498.223,415
690.049,464.603,416
190.428,478.066,417
118.722,632.787,418
290.266,538.100,419
871.880,220.833,420
952.571,112.308,421
197.125,666.537,422
614.733,158.585,423
173.783,669.097,424
155.855,99.909,425
961.822,974.534,426
808.884,269.595,427
252.645,795.640,428
282.924,254.183,429
620.782,630.081,430
345.508,468.227,431
835.424,402.969,432
316.030,716.504,433
934.165,99.350,434
40.488,281.003,435
573.849,68.811,436
638.305,847.441,437
349.914,982.437,438
568.845,787.283,439
843.915,351.650,440
394.175,21.943,441
930.932,674.759,442
879.120,704.826,443
479.724,312.424,444
630.242,104.094,445
174.146,281.609,446
833.830,724.362,447
955.899,708.627,448
153.890,218.005,449
625.217,364.986,450
133.250,779.739,451
130.229,842.601,452
819.992,838.402,453
478.858,94.952,454
139.476,209.208,455
951.890,500.735,456
532.644,492.406,457
468.772,755.728,458
51.820,227.580,459
557.771,398.165,460
257.019,79.388,461
879.313,297.771,462
546.566,766.324,463
238.025,705.804,464
250.904,167.508,465
855.587,519.604,466
708.379,156.292,467
40.463,756.892,468
76.287,635.634,469
939.657,983.350,470
401.117,60.343,471
126.728,624.598,472
776.199,303.609,473
347.573,365.173,474
213.536,607.509,475
999.000,508.512,476
988.544,98.440,477
297.736,307.345,478
261.140,929.986,479
540.471,802.599,480
898.627,788.500,481
360.608,120.024,482
563.020,668.070,483
190.225,234.192,484
976.294,412.717,485
617.642,929.011,486
458.265,232.614,487
651.993,222.014,488
166.823,175.056,489
198.145,887.875,490
555.911,51.824,491
734.937,560.398,492
215.895,919.969,493
608.939,134.330,494
157.599,327.736,495
777.968,881.688,496
796.766,853.034,497
636.190,228.783,498
427.614,217.114,499
855.020,879.372,500
607.580,720.661,501
177.026,269.472,502
564.584,41.764,503
663.112,778.795,504
252.225,65.445,505
551.247,383.993,506
435.367,84.197,507
771.849,310.811,508
492.951,66.136,509
882.334,981.908,510
404.443,925.903,511
656.828,182.999,512
140.102,713.441,513
121.279,665.746,514
528.916,544.448,515
859.515,38.273,516
606.426,745.701,517
397.742,792.508,518
372.308,709.514,519
297.898,226.964,520
205.893,195.325,521
772.799,927.064,522
836.726,110.453,523
446.447,685.188,524
132.120,991.309,525
512.340,961.804,526
299.157,273.079,527
111.668,792.308,528
90.592,646.170,529
235.853,651.391,530
648.054,209.503,531
281.797,210.683,532
860.424,401.717,533
283.831,306.252,534
524.166,835.741,535
260.133,609.355,536
807.780,929.036,537
907.301,469.016,538
446.695,340.450,539
32.011,642.721,540
957.773,197.398,541
434.533,200.048,542
303.303,304.770,543
99.700,406.853,544
825.958,547.884,545
65.301,691.569,546
85.384,873.530,547
598.500,690.409,548
481.134,957.647,549
155.329,649.609,550
267.935,805.466,551
430.808,351.534,552
352.173,25.180,553
78.466,351.889,554
554.150,744.493,555
511.269,450.630,556
341.053,238.872,557
158.613,646.082,558
564.634,672.391,559
875.121,16.201,560
954.184,568.799,561
333.549,542.295,562
92.644,931.162,563
596.799,932.026,564
810.726,197.659,565
46.905,844.918,566
213.630,351.274,567
726.473,613.112,568
645.683,359.363,569
133.966,549.366,570
463.155,827.184,571
748.449,12.619,572
100.822,324.330,573
460.986,851.952,574
789.842,622.899,575
703.826,979.028,576
991.424,900.829,577
462.007,298.155,578
656.487,181.041,579
513.865,572.393,580
852.003,515.512,581
346.657,268.898,582
660.299,755.335,583
769.264,30.946,584
577.594,758.895,585
588.259,869.019,586
203.093,879.361,587
454.780,858.690,588
147.307,428.314,589
521.764,103.415,590
734.313,954.527,591
779.038,477.139,592
845.048,943.984,593
945.118,696.272,594
593.866,761.218,595
879.658,220.379,596
455.320,917.392,597
801.480,959.058,598
350.220,336.035,599
837.114,229.359,600
542.254,220.079,601
282.613,77.540,602
219.839,252.327,603
582.516,63.889,604
1.916,443.820,605
191.492,766.273,606
234.117,260.584,607
738.305,160.392,608
666.931,983.091,609
36.010,148.294,610
936.726,497.549,611
87.562,384.382,612
794.113,457.466,613
291.122,686.391,614
759.766,128.071,615
785.017,677.473,616
230.060,435.101,617
350.412,289.496,618
897.755,314.314,619
34.462,743.804,620
959.685,194.293,621
321.294,878.698,622
517.771,33.420,623
787.013,994.541,624
569.675,309.367,625
708.608,870.507,626
399.753,959.779,627
947.255,724.596,628
44.411,557.024,629
7.754,385.278,630
632.460,658.902,631
496.704,633.780,632
170.732,213.708,633
943.473,473.303,634
894.102,11.160,635
155.153,515.130,636
411.090,777.126,637
982.180,597.392,638
103.655,924.747,639
53.052,666.551,640
827.350,46.844,641
658.371,342.588,642
75.568,851.902,643
628.013,833.633,644
822.309,774.511,645
335.505,969.485,646
387.736,817.057,647
887.315,75.374,648
249.677,994.309,649
820.964,916.080,650
486.172,561.022,651
804.822,494.057,652
810.650,799.549,653
362.766,407.933,654
535.224,106.288,655
258.911,850.164,656
678.818,294.441,657
882.255,491.584,658
890.125,489.137,659
911.183,848.750,660
961.043,360.707,661
893.584,793.278,662
724.526,226.892,663
393.879,784.358,664
606.824,62.673,665
559.555,645.706,666
169.983,954.601,667
462.572,54.601,668
217.741,470.046,669
294.428,86.935,670
669.531,775.339,671
382.941,953.662,672
960.378,676.779,673
957.183,765.786,674
327.460,375.103,675
742.155,233.720,676
692.870,809.050,677
43.618,373.385,678
622.857,424.223,679
358.041,542.655,680
494.464,155.517,681
303.628,70.173,682
97.464,684.925,683
460.492,376.115,684
60.347,340.443,685
795.688,622.056,686
478.624,590.457,687
209.263,990.381,688
7.490,520.489,689
226.098,787.772,690
849.196,263.960,691
996.678,891.546,692
794.031,888.509,693
887.280,13.149,694
388.627,42.516,695
466.088,859.088,696
206.970,315.431,697
275.261,850.645,698
356.335,716.025,699
366.237,935.882,700
890.818,635.560,701
320.240,887.469,702
590.381,432.475,703
32.196,928.155,704
10.183,620.408,705
89.338,9.523,706
453.115,822.026,707
648.429,362.684,708
657.408,771.109,709
322.558,348.461,710
288.475,209.259,711
528.017,828.742,712
942.832,761.007,713
348.506,276.481,714
610.906,173.825,715
272.559,463.314,716
537.229,846.200,717
861.584,312.685,718
348.203,19.637,719
886.200,86.406,720
591.650,259.395,721
207.078,96.824,722
676.177,509.384,723
89.708,551.977,724
91.091,717.752,725
762.488,308.612,726
403.038,36.666,727
568.713,182.941,728
116.274,158.001,729
829.809,623.091,730
294.632,980.756,731
474.702,632.504,732
437.152,939.696,733
391.338,170.484,734
888.634,475.985,735
746.236,44.478,736
580.341,452.897,737
937.488,88.332,738
11.546,167.908,739
83.056,52.156,740
905.692,625.814,741
3.690,618.005,742
177.745,237.697,743
265.275,579.908,744
748.568,733.108,745
409.302,338.190,746
855.019,168.809,747
218.818,979.045,748
702.751,583.667,749
999.000,616.779,750
942.957,497.462,751
230.982,867.270,752
65.920,129.122,753
647.658,942.865,754
123.667,89.425,755
619.252,525.573,756
776.290,810.740,757
506.540,27.414,758
663.564,781.233,759
10.036,290.727,760
694.628,68.510,761
887.654,293.768,762
319.156,523.617,763
86.900,474.449,764
621.063,835.587,765
374.812,787.160,766
481.148,950.249,767
306.225,391.586,768
445.426,819.098,769
358.610,232.947,770
169.803,73.657,771
634.387,572.271,772
193.852,0.000,773
555.616,754.721,774
180.284,730.039,775
760.849,588.510,776
928.042,784.757,777
683.563,516.294,778
580.294,173.492,779
453.971,817.810,780
626.959,488.982,781
806.170,734.422,782
953.396,596.634,783
122.575,708.184,784
927.986,348.027,785
969.389,710.050,786
223.535,481.255,787
649.758,166.718,788
13.232,990.136,789
838.896,498.026,790
54.642,192.466,791
728.775,819.673,792
680.347,420.644,793
812.058,668.058,794
757.094,345.673,795
129.772,922.447,796
270.241,497.938,797
852.425,850.759,798
258.414,314.202,799
34.573,459.991,800
406.774,930.414,801
269.024,31.135,802
854.099,983.989,803
432.276,819.971,804
240.978,838.606,805
728.793,832.939,806
697.432,173.315,807
86.999,526.319,808
356.346,332.287,809
497.809,721.117,810
473.434,183.878,811
918.797,915.221,812
336.659,35.483,813
502.456,825.106,814
564.309,63.866,815
418.705,828.715,816
823.742,947.267,817
348.003,310.094,818
103.418,943.135,819
773.269,520.453,820
189.558,966.803,821
285.998,315.683,822
155.420,959.276,823
407.617,594.777,824
404.367,224.480,825
638.037,298.068,826
908.492,380.296,827
760.431,840.594,828
508.557,873.918,829
613.874,512.335,830
783.762,295.448,831
478.141,858.887,832
68.022,948.530,833
616.135,271.901,834
681.247,363.130,835
583.425,708.240,836
570.560,622.136,837
507.390,419.765,838
778.393,513.474,839
215.550,405.857,840
220.900,996.051,841
305.648,928.843,842
669.689,246.452,843
863.669,66.877,844
996.878,416.852,845
97.626,111.366,846
756.430,538.313,847
934.058,301.316,848
942.875,474.185,849
920.137,229.860,850
128.591,130.941,851
760.950,759.699,852
729.602,154.700,853
131.439,714.627,854
715.421,494.245,855
593.418,415.333,856
863.166,595.657,857
311.330,466.502,858
538.244,303.620,859
908.272,269.508,860
338.363,429.704,861
52.242,398.067,862
133.297,574.034,863
943.447,102.006,864
34.337,344.867,865
580.844,231.258,866
501.145,822.021,867
273.093,318.948,868
610.319,802.401,869
184.317,804.632,870
155.487,318.670,871
454.303,361.844,872
770.888,824.507,873
313.300,103.857,874
165.762,805.336,875
136.385,17.087,876
455.007,707.663,877
25.866,70.355,878
448.805,601.282,879
713.962,665.478,880
599.214,753.367,881
166.412,166.091,882
497.076,306.378,883
762.030,85.487,884
729.858,498.669,885
466.545,57.111,886
107.594,246.982,887
790.304,887.933,888
224.928,107.218,889
677.002,18.962,890
200.593,190.416,891
875.538,912.629,892
865.839,368.972,893
799.808,890.855,894
655.262,142.652,895
184.803,136.465,896
354.606,892.707,897
238.366,258.705,898
814.597,377.557,899
809.527,71.559,900
529.088,780.739,901
67.522,745.555,902
565.400,456.336,903
968.931,147.226,904
101.748,434.741,905
449.316,441.234,906
741.959,486.438,907
524.638,759.743,908
658.875,284.741,909
805.021,829.516,910
595.758,695.965,911
813.749,919.209,912
476.388,36.427,913
389.496,39.704,914
70.445,190.165,915
127.260,718.218,916
795.949,574.722,917
308.025,799.886,918
789.514,559.348,919
504.818,893.782,920
602.837,478.672,921
121.115,976.574,922
311.550,138.113,923
278.910,814.121,924
335.027,612.893,925
785.030,693.263,926
205.675,691.404,927
259.519,897.744,928
626.334,651.439,929
490.811,953.651,930
384.781,824.063,931
434.414,513.140,932
955.891,570.325,933
43.011,765.346,934
130.018,684.142,935
799.131,772.185,936
624.466,653.793,937
188.433,945.204,938
574.645,505.287,939
212.216,944.977,940
915.085,585.886,941
882.391,175.124,942
629.264,201.580,943
640.947,780.035,944
259.707,271.416,945
530.793,750.439,946
350.615,926.862,947
398.982,892.884,948
258.331,456.590,949
272.261,701.065,950
3.278,373.816,951
924.076,641.901,952
317.667,485.396,953
661.182,904.819,954
930.971,812.609,955
664.169,496.005,956
447.424,493.121,957
535.041,991.274,958
663.404,654.498,959
89.759,784.635,960
109.704,200.310,961
872.707,314.069,962
307.285,569.483,963
193.926,216.731,964
859.088,433.986,965
10.106,480.812,966
945.684,172.871,967
788.713,752.247,968
249.642,653.744,969
700.489,328.159,970
906.512,328.735,971
133.160,84.034,972
538.358,760.730,973
452.883,368.695,974
37.040,448.648,975
730.518,62.863,976
158.440,116.793,977
998.345,683.892,978
462.400,709.465,979
101.755,467.340,980
785.875,363.626,981
397.854,19.938,982
552.974,632.661,983
692.033,940.898,984
399.873,345.142,985
202.224,316.966,986
385.938,543.030,987
312.262,312.856,988
445.350,365.886,989
24.993,899.906,990
88.686,558.038,991
757.324,652.413,992
150.888,461.265,993
640.038,983.640,994
791.365,685.124,995
351.044,724.239,996
644.893,992.255,997
605.629,665.176,998
57.755,787.602,999
778.127,486.385,1000
60.502,657.488,1001
204.641,263.876,1002
444.661,481.301,1003
401.949,548.813,1004
891.963,934.882,1005
626.409,488.431,1006
149.431,612.828,1007
630.964,792.816,1008
595.886,994.002,1009
175.522,322.244,1010
829.023,661.060,1011
221.309,869.906,1012
859.983,650.539,1013
743.005,57.263,1014
287.167,938.118,1015
295.407,72.360,1016
87.140,813.148,1017
440.042,922.295,1018
753.126,210.715,1019
972.275,586.891,1020
878.205,362.137,1021
241.655,648.266,1022
258.480,92.189,1023
65.229,999.000,1024
567.006,361.875,1025
423.647,767.550,1026
260.374,981.987,1027
640.868,559.460,1028
400.516,118.342,1029
934.511,155.285,1030
213.015,522.062,1031
961.605,185.648,1032
439.459,528.577,1033
656.228,93.583,1034
520.167,458.984,1035
235.715,216.473,1036
615.971,488.058,1037
99.365,645.098,1038
407.601,662.259,1039
718.898,787.030,1040
387.444,843.207,1041
331.957,850.748,1042
114.043,543.973,1043
982.513,634.728,1044
167.796,39.662,1045
875.982,411.546,1046
74.556,32.195,1047
958.983,175.838,1048
58.776,52.560,1049
489.628,49.523,1050
486.991,511.903,1051
641.899,208.896,1052
801.595,399.165,1053
993.660,30.994,1054
243.902,545.262,1055
651.623,841.845,1056
537.423,914.700,1057
595.500,631.837,1058
919.669,237.688,1059
264.933,594.891,1060
148.652,549.807,1061
906.337,108.386,1062
87.582,386.067,1063
178.351,17.280,1064
959.645,891.097,1065
136.886,796.361,1066
784.200,590.978,1067
852.676,293.774,1068
660.041,575.055,1069
600.210,245.760,1070
97.361,500.014,1071
524.690,945.059,1072
462.796,369.370,1073
145.194,433.457,1074
108.673,990.075,1075
880.760,11.597,1076
950.934,153.699,1077
719.514,183.276,1078
714.344,578.491,1079
698.318,184.561,1080
998.944,270.419,1081
340.862,666.882,1082
743.534,904.344,1083
273.798,334.245,1084
106.932,696.606,1085
533.443,549.993,1086
76.086,704.902,1087
502.741,213.235,1088
18.936,339.442,1089
857.536,868.260,1090
466.958,311.015,1091
401.847,637.111,1092
457.983,646.720,1093
315.334,393.469,1094
140.064,463.931,1095
22.997,448.806,1096
487.785,380.187,1097
873.951,531.540,1098
824.820,286.246,1099
577.757,706.212,1100
205.716,936.452,1101
473.113,19.003,1102
586.868,654.510,1103
778.743,667.656,1104
903.679,371.041,1105
448.692,351.690,1106
262.215,259.460,1107
578.372,771.672,1108
164.380,96.800,1109
398.226,304.399,1110
411.017,837.152,1111
663.407,503.257,1112
374.884,217.298,1113
995.391,343.332,1114
396.606,350.466,1115
633.826,207.955,1116
877.205,945.529,1117
447.956,736.587,1118
197.257,169.012,1119
396.098,183.615,1120
3.479,637.851,1121
171.311,255.168,1122
11.641,848.348,1123
275.837,540.453,1124
490.488,907.818,1125
379.453,649.386,1126
985.051,366.054,1127
673.046,319.778,1128
662.686,356.815,1129
789.279,559.314,1130
623.046,953.575,1131
618.194,667.967,1132
149.177,674.601,1133
481.536,952.971,1134
962.582,471.686,1135
64.063,652.971,1136
260.549,244.710,1137
72.566,538.231,1138
772.571,92.547,1139
771.019,365.004,1140
128.234,239.270,1141
249.439,997.572,1142
980.953,195.436,1143
291.976,187.226,1144
187.138,325.932,1145
855.788,18.557,1146
328.723,276.271,1147
758.981,44.602,1148
764.898,454.351,1149
707.163,450.863,1150
589.586,110.495,1151
441.380,279.755,1152
35.614,708.584,1153
785.814,123.203,1154
11.076,7.200,1155
506.712,773.948,1156
566.659,529.906,1157
605.456,702.814,1158
326.525,127.965,1159
579.584,648.277,1160
103.828,727.428,1161
296.585,323.317,1162
245.202,949.286,1163
787.941,799.361,1164
964.954,162.551,1165
746.240,129.677,1166
682.890,205.189,1167
140.794,966.066,1168
223.274,157.357,1169
495.565,835.906,1170
299.023,270.815,1171
325.520,784.943,1172
396.926,529.045,1173
131.772,608.365,1174
905.036,833.631,1175
989.836,846.994,1176
292.455,960.713,1177
330.486,383.962,1178
689.170,820.773,1179
91.776,271.568,1180
610.193,873.861,1181
117.384,262.386,1182
395.502,776.077,1183
752.088,120.098,1184
859.847,766.197,1185
256.134,364.609,1186
314.425,146.833,1187
398.956,947.691,1188
922.914,842.743,1189
92.362,75.872,1190
160.168,495.288,1191
353.043,784.457,1192
924.930,228.612,1193
126.017,755.262,1194
996.509,107.546,1195
694.713,272.746,1196
191.686,371.320,1197
558.050,869.368,1198
269.276,387.016,1199
151.687,37.387,1200
245.432,269.779,1201
875.347,350.522,1202
652.689,41.410,1203
58.116,18.499,1204
918.922,20.501,1205
743.962,32.750,1206
460.086,658.871,1207
26.414,692.509,1208
662.246,641.295,1209
233.185,47.400,1210
414.843,98.222,1211
588.401,884.766,1212
673.348,627.852,1213
384.507,742.808,1214
515.190,311.289,1215
251.286,510.013,1216
287.586,132.439,1217
809.701,563.657,1218
583.459,125.917,1219
43.334,453.236,1220
434.537,51.947,1221
165.915,459.543,1222
840.223,485.451,1223
904.576,744.168,1224
930.483,867.081,1225
302.536,49.259,1226
158.457,960.359,1227
162.983,749.779,1228
25.596,469.990,1229
944.775,677.220,1230
217.655,455.185,1231
56.558,374.542,1232
154.375,132.378,1233
898.499,393.512,1234
741.427,803.501,1235
136.239,985.059,1236
391.043,420.118,1237
606.154,596.698,1238
227.558,891.400,1239
317.341,274.266,1240
468.876,207.134,1241
788.294,184.589,1242
434.607,916.307,1243
537.018,601.065,1244
907.614,875.933,1245
758.888,970.910,1246
681.246,720.485,1247
641.416,785.632,1248
219.833,968.761,1249
182.589,11.865,1250
814.791,663.597,1251
472.191,695.939,1252
193.938,565.616,1253
746.823,333.622,1254
578.789,936.311,1255
384.174,100.685,1256
393.710,67.754,1257
132.837,659.854,1258
117.792,353.657,1259
686.778,372.065,1260
355.692,555.692,1261
545.638,452.991,1262
293.936,92.460,1263
951.277,460.561,1264
433.014,349.731,1265
766.218,308.390,1266
160.155,601.304,1267
792.119,319.516,1268
212.909,676.495,1269
50.736,413.810,1270
271.417,83.560,1271
477.970,349.762,1272
664.358,502.772,1273
255.402,806.868,1274
304.059,438.317,1275
46.363,902.092,1276
647.508,472.075,1277
469.305,439.161,1278
742.851,692.164,1279
584.573,31.284,1280
261.988,115.739,1281
955.259,831.118,1282
828.749,657.548,1283
256.221,145.974,1284
925.565,282.125,1285
237.392,739.538,1286
834.835,50.774,1287
677.002,334.259,1288
382.480,989.334,1289
988.404,540.454,1290
7.502,956.101,1291
200.434,422.644,1292
547.384,533.274,1293
321.485,860.131,1294
352.312,430.456,1295
470.591,616.174,1296
153.010,910.088,1297
899.473,645.284,1298
360.781,570.081,1299
477.229,697.132,1300
427.166,358.551,1301
132.042,242.845,1302
163.910,287.404,1303
833.572,13.710,1304
428.661,893.476,1305
613.486,520.599,1306
805.144,529.253,1307
602.091,802.837,1308
830.580,478.417,1309
286.314,909.781,1310
487.022,834.382,1311
321.282,967.751,1312
442.522,0.848,1313
118.006,233.954,1314
181.247,426.113,1315
768.869,861.168,1316
308.928,22.500,1317
123.915,246.697,1318
193.270,449.682,1319
63.359,784.634,1320
939.072,240.984,1321
99.569,17.576,1322
868.149,969.389,1323
468.616,742.273,1324
615.429,928.465,1325
433.045,216.116,1326
555.756,951.852,1327
145.162,128.807,1328
938.992,452.625,1329
950.803,832.802,1330
419.231,7.513,1331
987.589,629.965,1332
865.003,175.072,1333
639.043,483.902,1334
909.611,606.710,1335
484.086,907.520,1336
856.730,669.794,1337
178.325,500.353,1338
608.992,579.722,1339
688.788,229.109,1340
873.154,587.006,1341
109.966,584.884,1342
352.020,409.559,1343
62.601,570.338,1344
909.319,176.866,1345
866.090,14.615,1346
291.768,584.198,1347
402.673,339.705,1348
874.299,577.430,1349
504.852,667.570,1350
905.979,609.496,1351
546.761,223.833,1352
378.576,21.184,1353
770.456,104.246,1354
110.300,120.193,1355
706.981,674.811,1356
886.254,277.694,1357
832.334,246.577,1358
90.981,795.302,1359
834.297,912.025,1360
344.319,105.184,1361
699.588,961.122,1362
536.117,711.415,1363
713.320,548.667,1364
927.345,564.212,1365
818.719,941.486,1366
682.330,753.912,1367
362.257,43.149,1368
179.638,462.382,1369
967.406,243.684,1370
206.823,306.514,1371
848.123,133.342,1372
117.528,839.784,1373
926.145,294.128,1374
735.388,801.690,1375
838.353,661.532,1376
483.450,73.718,1377
812.380,49.695,1378
269.288,388.185,1379
504.008,981.095,1380
1.552,390.474,1381
208.624,183.541,1382
719.554,490.953,1383
186.469,39.358,1384
148.549,256.677,1385
65.542,939.266,1386
380.727,576.253,1387
529.149,186.800,1388
464.193,425.581,1389
719.243,52.646,1390
17.708,415.768,1391
443.162,783.481,1392
826.690,964.260,1393
862.499,838.332,1394
500.933,234.524,1395
62.504,577.496,1396
2.245,695.367,1397
638.879,664.866,1398
509.131,368.804,1399
943.791,828.816,1400
169.555,272.647,1401
278.678,460.825,1402
322.422,47.489,1403
983.355,308.533,1404
455.521,202.315,1405
691.910,213.744,1406
501.751,9.849,1407
655.174,847.754,1408
42.400,472.520,1409
783.859,329.492,1410
928.959,790.431,1411
839.329,202.484,1412
389.443,333.563,1413
997.569,51.344,1414
216.444,727.778,1415
29.023,274.333,1416
293.412,38.235,1417
222.094,794.476,1418
682.408,275.570,1419
460.014,695.558,1420
137.462,303.198,1421
553.537,990.162,1422
845.016,279.758,1423
896.206,108.690,1424
52.416,468.988,1425
166.926,100.262,1426
540.012,541.228,1427
894.558,221.982,1428
655.095,433.800,1429
726.427,733.138,1430
309.652,860.084,1431
930.045,933.313,1432
248.208,274.895,1433
47.684,804.389,1434
905.529,799.446,1435
758.571,816.592,1436
881.059,110.254,1437
978.718,945.845,1438
177.516,273.908,1439
569.417,88.125,1440
181.328,556.962,1441
730.844,4.265,1442
563.666,354.976,1443
368.105,114.887,1444
554.285,321.127,1445
98.845,76.863,1446
351.670,554.581,1447
957.618,964.850,1448
96.513,265.080,1449
691.581,796.789,1450
73.886,146.248,1451
180.347,566.955,1452
427.544,100.389,1453
640.795,95.970,1454
940.967,158.326,1455
100.334,883.855,1456
14.088,687.376,1457
896.313,113.474,1458
257.930,571.960,1459
358.320,840.672,1460
731.444,871.463,1461
344.026,570.210,1462
223.379,849.617,1463
796.089,335.745,1464
727.889,216.059,1465
335.423,533.421,1466
881.211,8.079,1467
794.554,428.795,1468
220.368,426.499,1469
950.220,409.324,1470
142.114,18.179,1471
512.212,69.761,1472
374.839,915.029,1473
813.549,208.836,1474
654.722,805.414,1475
685.137,918.405,1476
1.967,666.728,1477
888.911,195.665,1478
258.826,434.808,1479
154.005,208.147,1480
77.505,902.908,1481
423.976,372.157,1482
157.582,578.477,1483
490.834,647.244,1484
635.687,912.077,1485
23.280,614.732,1486
981.305,453.138,1487
8.986,754.762,1488
354.052,852.223,1489
780.138,332.644,1490
281.166,616.172,1491
910.863,578.418,1492
772.536,219.232,1493
959.201,690.923,1494
608.530,605.433,1495
743.668,591.373,1496
669.711,30.832,1497
790.848,295.162,1498
288.864,271.752,1499
907.889,288.148,1500
858.501,821.600,1501
661.649,225.511,1502
568.518,691.843,1503
83.464,865.386,1504
352.122,28.063,1505
682.984,507.805,1506
882.757,258.080,1507
139.377,15.108,1508
659.669,746.838,1509
880.142,249.014,1510
396.232,178.962,1511
349.681,939.560,1512
824.790,962.128,1513
94.501,440.937,1514
228.166,58.195,1515
17.345,104.650,1516
664.002,251.482,1517
326.717,729.330,1518
800.035,768.724,1519
758.170,637.091,1520
96.810,952.819,1521
633.398,776.812,1522
659.910,685.853,1523
535.757,212.928,1524
563.059,302.459,1525
930.924,178.760,1526
110.423,113.231,1527
739.843,877.708,1528
880.670,47.275,1529
117.601,816.631,1530
61.123,552.200,1531
266.120,699.739,1532
57.548,257.429,1533
997.355,381.997,1534
320.430,31.200,1535
125.586,358.117,1536
389.346,594.134,1537
214.991,899.967,1538
492.023,289.380,1539
51.219,122.152,1540
44.199,602.810,1541
628.498,569.535,1542
64.762,219.615,1543
5.263,355.709,1544
515.211,213.244,1545
674.308,227.908,1546
886.392,627.801,1547
340.818,759.733,1548
796.990,816.376,1549
954.700,838.234,1550
20.136,768.190,1551
867.920,225.042,1552
890.053,43.189,1553
787.295,730.384,1554
299.782,546.819,1555
296.261,583.411,1556
836.346,596.376,1557
93.616,585.128,1558
394.736,676.584,1559
135.772,58.807,1560
533.068,798.112,1561
75.429,433.998,1562
460.243,849.591,1563
525.051,650.463,1564
123.090,69.469,1565
673.057,550.894,1566
703.439,868.440,1567
233.961,848.012,1568
793.653,99.512,1569
311.432,691.103,1570
315.513,900.756,1571
554.473,585.467,1572
567.836,384.369,1573
989.705,16.099,1574
988.503,14.567,1575
267.298,923.965,1576
506.186,809.510,1577
642.648,614.529,1578
403.003,95.742,1579
938.356,423.091,1580
912.717,955.542,1581
813.879,276.678,1582
714.036,383.959,1583
64.254,790.791,1584
322.604,467.089,1585
399.225,337.662,1586
836.788,365.592,1587
264.658,561.185,1588
329.590,935.173,1589
299.946,323.644,1590
241.078,867.143,1591
578.334,159.748,1592
393.676,283.098,1593
282.266,877.008,1594
902.784,896.328,1595
792.272,668.969,1596
478.915,640.868,1597
351.381,577.423,1598
777.237,680.836,1599
704.335,298.378,1600
290.838,904.487,1601
843.700,236.055,1602
891.616,821.074,1603
74.426,772.072,1604
693.812,835.351,1605
104.407,967.613,1606
758.393,526.175,1607
535.383,738.603,1608
123.524,285.837,1609
283.450,899.698,1610
826.909,747.715,1611
557.513,522.953,1612
793.442,193.337,1613
126.671,155.516,1614
318.134,212.670,1615
247.655,104.333,1616
621.534,584.923,1617
686.413,999.000,1618
6.485,376.395,1619
216.948,484.122,1620
222.696,371.661,1621
881.432,182.525,1622
87.962,462.622,1623
842.517,782.900,1624
807.561,100.374,1625
727.185,555.494,1626
307.102,965.287,1627
999.000,237.054,1628
924.682,259.677,1629
135.335,89.983,1630
146.014,727.579,1631
247.400,713.948,1632
922.852,78.401,1633
790.015,542.574,1634
924.880,291.197,1635
630.865,35.373,1636
787.419,889.658,1637
104.140,439.840,1638
348.706,263.757,1639
700.081,123.115,1640
665.182,377.576,1641
738.797,857.357,1642
920.864,203.517,1643
140.497,689.800,1644
128.282,522.570,1645
626.872,491.960,1646
413.680,266.125,1647
140.422,843.793,1648
502.886,974.671,1649
850.936,301.972,1650
474.300,898.344,1651
0.749,78.373,1652
606.626,715.311,1653
178.830,765.004,1654
536.270,302.947,1655
945.740,690.854,1656
64.269,807.776,1657
907.900,592.818,1658
289.638,758.189,1659
888.742,862.704,1660
566.573,522.114,1661
716.587,782.434,1662
511.788,620.376,1663
226.921,866.747,1664
782.396,501.385,1665
755.928,280.849,1666
593.227,847.733,1667
923.294,124.984,1668
863.758,292.532,1669
804.454,556.558,1670
79.814,549.278,1671
936.527,254.099,1672
850.491,812.958,1673
94.299,822.124,1674
588.998,85.551,1675
453.709,419.556,1676
264.926,665.780,1677
697.940,270.262,1678
461.525,881.630,1679
102.384,164.661,1680
921.507,557.229,1681
504.419,439.283,1682
219.480,700.813,1683
542.123,33.503,1684
535.783,668.674,1685
256.761,756.062,1686
223.199,131.214,1687
778.695,514.241,1688
504.856,915.640,1689
67.216,675.009,1690
0.000,894.470,1691
365.614,428.708,1692
964.438,821.033,1693
379.168,119.080,1694
734.087,36.276,1695
776.680,556.061,1696
442.709,127.657,1697
402.917,369.491,1698
947.239,628.319,1699
143.146,333.391,1700
538.860,583.993,1701
26.025,522.353,1702
51.146,110.982,1703
297.116,64.643,1704
939.617,346.409,1705
220.018,387.861,1706
64.337,837.166,1707
292.265,97.591,1708
465.104,60.003,1709
827.063,234.230,1710
724.759,43.159,1711
494.348,340.855,1712
353.830,367.688,1713
480.821,407.437,1714
99.795,358.249,1715
540.884,401.645,1716
269.267,221.489,1717
317.638,309.010,1718
546.579,672.621,1719
507.167,679.828,1720
879.010,150.334,1721
423.308,591.677,1722
724.751,159.827,1723
115.293,616.137,1724
119.564,797.954,1725
542.922,255.943,1726
825.786,821.308,1727
377.451,829.233,1728
912.854,482.244,1729
354.085,480.656,1730
290.434,739.176,1731
516.186,39.480,1732
290.949,391.176,1733
394.468,788.587,1734
286.810,617.178,1735
759.389,377.212,1736
673.098,321.014,1737
473.499,649.226,1738
245.786,50.134,1739
313.150,264.128,1740
211.318,856.152,1741
981.250,207.065,1742
138.674,124.933,1743
224.657,837.260,1744
806.351,800.075,1745
255.208,672.509,1746
790.527,635.678,1747
404.587,671.497,1748
221.107,467.017,1749
399.839,589.171,1750
796.178,716.983,1751
285.452,233.248,1752
844.042,659.449,1753
651.057,716.505,1754
860.307,829.563,1755
412.298,547.512,1756
617.832,816.064,1757
667.274,677.280,1758
839.777,817.893,1759
782.640,361.762,1760
843.521,710.777,1761
485.889,668.623,1762
308.420,101.490,1763
935.211,8.009,1764
253.662,975.671,1765
448.624,208.113,1766
856.392,466.856,1767
574.921,564.735,1768
719.022,160.668,1769
742.545,965.154,1770
934.394,880.978,1771
162.139,558.081,1772
948.239,613.041,1773
295.004,828.308,1774
545.378,442.690,1775
213.050,502.882,1776
701.267,858.834,1777
819.651,289.635,1778
919.942,311.247,1779
798.926,538.167,1780
914.454,728.875,1781
590.053,659.758,1782
977.366,141.277,1783
579.828,305.145,1784
331.053,570.431,1785
392.959,986.413,1786
526.340,897.860,1787
258.149,292.714,1788
774.595,102.583,1789
189.124,530.593,1790
235.544,110.115,1791
490.631,912.445,1792
657.918,82.795,1793
233.369,953.886,1794
847.032,558.772,1795
595.394,284.454,1796
362.906,174.150,1797
541.605,254.766,1798
564.779,321.984,1799
656.784,49.927,1800
803.411,298.342,1801
962.832,318.744,1802
432.641,869.766,1803
117.024,560.493,1804
282.406,637.094,1805
106.335,581.991,1806
661.663,947.812,1807
227.938,969.699,1808
164.481,565.212,1809
547.136,452.495,1810
715.999,729.186,1811
375.313,283.456,1812
569.451,450.335,1813
417.285,234.191,1814
855.391,320.442,1815
558.861,482.190,1816
914.994,258.281,1817
597.075,827.748,1818
763.004,820.463,1819
209.797,297.629,1820
833.063,807.821,1821
596.427,436.136,1822
577.029,442.889,1823
325.077,460.969,1824
331.262,601.917,1825
849.091,938.643,1826
976.439,431.135,1827
281.092,59.171,1828
101.585,477.762,1829
123.361,931.854,1830
170.705,875.525,1831
423.441,847.814,1832
722.947,645.005,1833
28.193,89.472,1834
223.878,9.361,1835
890.080,87.145,1836
786.809,926.532,1837
869.028,65.019,1838
356.348,987.204,1839
905.303,927.747,1840
504.593,417.706,1841
98.182,898.599,1842
775.115,432.105,1843
186.532,541.679,1844
446.969,449.130,1845
141.682,960.098,1846
781.464,397.465,1847
500.072,201.203,1848
649.426,588.486,1849
553.818,346.560,1850
730.376,254.965,1851
635.773,514.954,1852
875.469,274.674,1853
575.538,630.994,1854
507.988,290.454,1855
150.161,665.786,1856
644.091,384.395,1857
914.002,724.884,1858
920.068,605.756,1859
577.919,824.670,1860
941.044,956.864,1861
50.403,13.769,1862
636.689,552.886,1863
842.398,13.228,1864
965.520,660.431,1865
826.108,589.693,1866
218.253,214.362,1867
848.591,510.558,1868
593.497,683.272,1869
100.770,913.011,1870
231.910,226.999,1871
772.817,302.311,1872
441.681,969.046,1873
113.162,720.598,1874
117.854,453.472,1875
350.146,137.309,1876
702.495,902.196,1877
157.849,711.598,1878
748.059,369.810,1879
154.876,189.512,1880
233.652,350.145,1881
455.576,752.175,1882
501.492,618.594,1883
29.506,612.237,1884
919.368,479.998,1885
115.255,131.811,1886
951.090,594.112,1887
600.383,729.666,1888
468.551,584.295,1889
780.350,975.413,1890
679.386,244.820,1891
149.208,952.980,1892
115.800,523.912,1893
486.155,705.442,1894
746.923,608.382,1895
975.778,840.490,1896
956.167,19.512,1897
34.834,615.935,1898
950.040,797.659,1899
312.778,17.986,1900
618.088,318.159,1901
172.951,818.092,1902
683.716,143.559,1903
143.504,744.251,1904
996.836,806.050,1905
373.632,757.611,1906
380.854,624.886,1907
654.926,346.944,1908
864.456,627.561,1909
440.995,969.447,1910
818.707,154.257,1911
993.502,454.917,1912
64.415,857.891,1913
650.496,448.014,1914
134.364,516.018,1915
723.226,439.040,1916
687.571,45.481,1917
856.405,282.040,1918
680.436,980.045,1919
421.415,305.346,1920
828.449,67.115,1921
212.543,971.988,1922
900.802,775.399,1923
394.351,779.148,1924
783.648,693.045,1925
652.709,610.768,1926
900.655,131.725,1927
261.670,292.648,1928
687.933,68.899,1929
204.541,831.020,1930
310.613,214.722,1931
233.085,956.662,1932
1.579,198.151,1933
593.217,473.561,1934
569.969,507.537,1935
558.404,704.458,1936
51.812,535.354,1937
722.914,112.561,1938
749.399,165.270,1939
403.941,363.182,1940
659.286,909.345,1941
857.821,206.660,1942
103.102,32.729,1943
278.141,710.562,1944
797.218,512.729,1945
622.347,516.277,1946
77.246,141.965,1947
849.340,987.895,1948
95.367,448.289,1949
393.307,41.366,1950
296.397,595.238,1951
880.005,481.850,1952
927.430,468.922,1953
925.563,560.642,1954
615.396,720.314,1955
169.480,632.185,1956
482.813,897.484,1957
454.040,21.894,1958
710.545,792.471,1959
185.317,968.623,1960
819.326,76.776,1961
795.354,166.469,1962
299.456,932.947,1963
600.916,341.603,1964
93.260,557.229,1965
60.583,220.141,1966
858.305,333.575,1967
547.704,265.158,1968
972.018,236.433,1969
663.096,287.709,1970
81.816,215.938,1971
895.128,143.035,1972
995.729,906.869,1973
847.587,846.494,1974
779.585,983.077,1975
319.415,828.903,1976
310.455,737.339,1977
655.640,635.048,1978
433.033,208.055,1979
492.066,832.578,1980
187.146,3.223,1981
300.168,382.239,1982
936.504,841.682,1983
527.838,798.799,1984
89.547,705.730,1985
633.077,675.724,1986
762.901,223.643,1987
446.415,626.785,1988
472.494,715.859,1989
302.469,402.606,1990
497.309,58.497,1991
219.413,962.335,1992
124.441,513.210,1993
303.156,450.515,1994
423.382,86.783,1995
295.856,276.959,1996
269.234,895.282,1997
63.196,884.796,1998
797.397,7.778,1999
826.461,578.921,2000
440.745,745.456,2001
808.614,40.809,2002
235.400,408.558,2003
516.708,74.691,2004
731.245,867.861,2005
555.989,449.203,2006
711.536,459.646,2007
898.187,74.849,2008
195.661,632.034,2009
417.300,368.970,2010
534.325,411.577,2011
865.553,826.272,2012
504.889,586.263,2013
78.170,19.424,2014
240.088,769.129,2015
941.348,985.648,2016
884.275,666.486,2017
760.209,525.447,2018
454.974,187.509,2019
103.616,948.991,2020
832.784,289.402,2021
535.099,723.339,2022
29.716,763.006,2023
967.725,924.313,2024
106.878,330.504,2025
710.840,43.684,2026
861.686,968.741,2027
956.924,609.023,2028
405.801,533.627,2029
442.935,198.169,2030
654.220,243.452,2031
11.153,423.028,2032
657.444,203.924,2033
393.737,362.391,2034
101.819,676.842,2035
70.271,90.246,2036
11.835,814.676,2037
80.915,122.706,2038
863.409,913.241,2039
567.675,970.081,2040
73.365,437.698,2041
926.257,525.365,2042
710.772,828.578,2043
680.676,696.409,2044
955.129,207.531,2045
572.831,59.361,2046
894.222,807.685,2047
648.191,2.991,2048
779.860,739.477,2049
407.343,26.116,2050
615.546,317.512,2051
966.864,243.998,2052
758.198,671.549,2053
368.216,735.074,2054
963.580,846.055,2055
914.308,510.783,2056
248.799,326.358,2057
808.874,429.282,2058
852.115,535.450,2059
896.102,283.258,2060
949.338,580.438,2061
665.235,686.513,2062
583.291,750.806,2063
445.942,675.487,2064
405.167,381.192,2065
865.209,9.025,2066
422.878,703.535,2067
82.293,591.627,2068
879.259,79.021,2069
421.555,120.225,2070
654.381,572.862,2071
310.778,974.995,2072
629.469,299.935,2073
664.086,956.844,2074
464.228,256.422,2075
883.262,89.039,2076
367.440,457.284,2077
165.365,233.901,2078
128.534,140.085,2079
126.784,842.288,2080
564.676,248.867,2081
927.543,712.302,2082
235.292,395.946,2083
210.170,746.964,2084
810.719,307.717,2085
656.958,213.060,2086
408.566,530.193,2087
111.231,760.811,2088
561.693,686.702,2089
413.288,253.648,2090
900.496,326.793,2091
437.153,165.950,2092
789.773,415.283,2093
448.929,799.303,2094
537.670,459.534,2095
236.621,545.775,2096
536.258,60.183,2097
931.873,183.886,2098
703.937,793.492,2099
27.072,612.205,2100
508.768,399.778,2101
997.354,274.954,2102
389.437,706.487,2103
301.765,906.638,2104
895.942,525.896,2105
840.162,375.143,2106
361.088,967.471,2107
869.049,58.688,2108
279.363,711.367,2109
176.327,822.409,2110
106.054,364.535,2111
852.994,147.851,2112
648.705,877.468,2113
485.201,454.602,2114
841.606,105.955,2115
228.924,833.239,2116
511.621,541.330,2117
766.003,889.729,2118
942.418,364.665,2119
866.108,741.123,2120
230.035,91.819,2121
247.408,546.729,2122
858.163,106.711,2123
434.076,710.439,2124
44.942,16.118,2125
321.759,427.709,2126
300.790,956.112,2127
268.557,637.495,2128
425.258,820.034,2129
383.372,830.092,2130
450.353,253.385,2131
878.293,505.876,2132
499.540,559.960,2133
624.068,959.732,2134
218.497,140.043,2135
254.630,360.759,2136
387.317,723.603,2137
995.556,747.715,2138
662.011,699.580,2139
908.886,594.962,2140
487.347,740.224,2141
494.223,122.248,2142
42.215,864.823,2143
945.367,709.477,2144
561.843,542.461,2145
4.871,272.005,2146
614.831,878.893,2147
828.313,144.110,2148
722.715,445.372,2149
583.248,538.373,2150
686.992,463.126,2151
482.543,453.789,2152
247.778,635.869,2153
212.794,439.957,2154
461.932,849.914,2155
244.613,65.713,2156
817.470,610.314,2157
223.601,203.457,2158
64.173,482.331,2159
171.840,770.639,2160
143.650,526.830,2161
750.526,283.892,2162
107.913,339.697,2163
416.382,348.650,2164
286.608,205.224,2165
451.175,637.662,2166
940.333,956.931,2167
76.757,127.910,2168
754.723,342.096,2169
564.449,401.424,2170
950.590,793.189,2171
515.951,78.968,2172
39.025,289.153,2173
3.643,534.376,2174
342.056,936.592,2175
608.543,724.915,2176
131.940,372.433,2177
423.593,439.157,2178
691.423,280.875,2179
641.828,108.321,2180
908.745,292.914,2181
52.514,630.131,2182
899.340,837.004,2183
453.854,943.649,2184
900.489,466.965,2185
48.594,327.846,2186
674.658,208.426,2187
83.069,753.096,2188
553.834,169.236,2189
800.645,490.478,2190
338.386,985.626,2191
664.056,815.571,2192
333.086,43.486,2193
466.034,863.730,2194
377.530,932.288,2195
739.926,293.869,2196
543.781,451.361,2197
751.184,203.426,2198
957.007,124.607,2199
992.969,324.694,2200
823.294,331.670,2201
726.350,245.838,2202
188.664,647.074,2203
667.296,460.021,2204
618.747,756.547,2205
86.998,980.774,2206
486.384,199.949,2207
25.543,283.199,2208
872.120,241.676,2209
152.430,203.306,2210
0.000,126.355,2211
556.585,283.060,2212
504.444,25.862,2213
532.931,498.083,2214
86.782,848.873,2215
887.139,856.564,2216
50.501,516.847,2217
340.750,585.703,2218
895.297,498.381,2219
390.483,662.567,2220
296.318,469.153,2221
830.326,388.383,2222
59.758,108.574,2223
973.205,871.468,2224
39.914,107.487,2225
129.914,930.766,2226
436.362,364.737,2227
784.080,190.479,2228
339.314,402.368,2229
963.040,915.970,2230
64.188,109.149,2231
224.487,375.413,2232
469.743,646.773,2233
276.995,372.083,2234
716.320,764.969,2235
314.669,649.359,2236
181.360,663.847,2237
740.768,634.424,2238
505.243,876.590,2239
884.001,630.953,2240
373.842,651.348,2241
401.198,916.053,2242
246.858,569.976,2243
86.789,890.485,2244
711.921,128.763,2245
48.117,383.699,2246
26.945,209.562,2247
584.041,58.043,2248
951.850,683.939,2249
367.504,750.290,2250
495.843,316.440,2251
615.519,792.226,2252
102.793,847.681,2253
289.987,1.622,2254
842.776,840.023,2255
502.165,708.927,2256
321.409,208.833,2257
762.474,578.034,2258
962.061,684.886,2259
609.854,717.324,2260
738.761,732.797,2261
552.266,546.459,2262
89.129,993.850,2263
700.965,926.261,2264
644.559,924.191,2265
334.674,339.867,2266
368.245,581.526,2267
889.218,698.752,2268
387.843,90.347,2269
65.178,199.951,2270
722.523,889.507,2271
96.854,34.520,2272
586.046,879.044,2273
687.778,790.791,2274
603.079,810.727,2275
378.799,326.043,2276
664.595,862.997,2277
172.139,473.335,2278
495.077,396.439,2279
328.089,772.750,2280
184.457,141.445,2281
508.695,926.931,2282
177.670,649.746,2283
929.291,76.867,2284
660.756,750.660,2285
399.410,652.877,2286
771.149,703.925,2287
537.674,843.180,2288
103.848,407.350,2289
380.691,352.178,2290
325.554,700.997,2291
747.016,340.720,2292
825.753,342.663,2293
247.796,153.320,2294
542.890,568.214,2295
46.892,694.717,2296
390.592,982.141,2297
954.018,734.666,2298
549.340,930.092,2299
593.376,981.695,2300
164.590,388.760,2301
615.301,2.751,2302
738.705,609.965,2303
719.617,365.095,2304
189.643,937.952,2305
392.565,862.166,2306
260.739,151.767,2307
58.441,637.779,2308
768.560,724.719,2309
792.191,158.273,2310
656.778,541.001,2311
535.186,654.394,2312
652.110,692.079,2313
714.476,811.399,2314
783.205,732.793,2315
471.532,603.989,2316
748.298,706.225,2317
302.282,547.599,2318
314.783,971.055,2319
229.615,168.778,2320
843.575,670.714,2321
999.000,266.535,2322
81.026,646.972,2323
693.299,967.664,2324
658.658,877.002,2325
469.997,184.187,2326
677.316,62.699,2327
163.223,0.000,2328
821.585,29.473,2329
988.363,861.983,2330
162.680,768.870,2331
606.928,357.368,2332
634.531,474.677,2333
32.696,421.819,2334
655.556,774.959,2335
840.793,727.833,2336
948.488,767.767,2337
366.275,157.349,2338
301.481,140.177,2339
798.880,744.774,2340
105.561,255.612,2341
417.868,479.193,2342
722.926,345.524,2343
838.887,331.028,2344
227.865,182.478,2345
683.434,693.441,2346
937.410,61.454,2347
802.140,49.559,2348
509.447,281.862,2349
457.320,913.727,2350
12.948,516.833,2351
896.729,467.968,2352
525.907,928.066,2353
707.303,715.206,2354
64.010,679.017,2355
502.186,818.883,2356
266.714,463.394,2357
198.546,11.080,2358
989.137,63.641,2359
384.678,984.725,2360
490.252,702.715,2361
916.158,329.915,2362
523.365,648.846,2363
539.163,498.965,2364
389.558,602.756,2365
399.257,898.581,2366
629.323,174.243,2367
963.904,204.499,2368
96.596,48.245,2369
950.656,875.933,2370
272.923,230.978,2371
214.419,544.366,2372
60.877,822.043,2373
873.437,105.870,2374
258.021,981.004,2375
308.034,151.065,2376
268.218,957.693,2377
298.190,199.257,2378
785.824,312.726,2379
862.594,577.641,2380
933.064,24.495,2381
189.384,941.145,2382
964.288,263.415,2383
736.112,782.572,2384
318.483,626.806,2385
428.164,954.772,2386
438.091,189.943,2387
507.775,420.098,2388
220.551,346.033,2389
324.306,488.939,2390
50.255,899.467,2391
874.850,428.386,2392
63.660,302.258,2393
633.517,758.804,2394
291.300,218.491,2395
294.424,159.266,2396
165.507,352.899,2397
393.231,846.367,2398
211.132,351.121,2399
300.484,21.136,2400
627.856,936.235,2401
786.874,289.452,2402
473.686,134.593,2403
2.616,883.152,2404
226.175,768.163,2405
353.977,634.833,2406
988.499,771.422,2407
344.733,356.272,2408
353.411,593.112,2409
228.210,765.571,2410
154.369,66.065,2411
455.064,107.375,2412
213.642,441.044,2413
203.084,910.408,2414
991.704,64.037,2415
639.491,620.251,2416
146.957,823.093,2417
270.338,9.114,2418
667.482,303.256,2419
30.824,133.396,2420
274.447,766.609,2421
738.571,801.429,2422
414.841,101.044,2423
335.092,531.287,2424
465.422,422.524,2425
976.637,27.565,2426
41.962,114.018,2427
578.585,122.383,2428
492.607,129.673,2429
274.988,225.664,2430
596.962,765.760,2431
556.869,19.027,2432
669.846,170.626,2433
828.714,297.808,2434
368.477,356.187,2435
144.522,274.763,2436
755.101,860.725,2437
58.734,17.401,2438
159.872,895.605,2439
450.986,339.540,2440
88.058,486.912,2441
31.589,563.798,2442
25.840,497.722,2443
364.890,979.110,2444
914.181,770.986,2445
40.676,907.120,2446
420.685,568.820,2447
291.976,78.261,2448
265.108,509.669,2449
530.948,869.973,2450
720.908,47.284,2451
13.260,449.196,2452
35.811,342.686,2453
62.230,532.951,2454
252.251,611.514,2455
345.202,1.607,2456
556.248,914.715,2457
1.444,221.889,2458
821.032,791.471,2459
56.790,128.169,2460
664.434,205.335,2461
644.732,956.966,2462
800.426,656.699,2463
224.390,481.034,2464
383.584,437.434,2465
379.330,616.138,2466
412.022,894.277,2467
556.390,924.175,2468
921.356,923.846,2469
336.837,367.807,2470
234.831,310.846,2471
494.042,964.048,2472
970.561,832.796,2473
441.811,500.091,2474
235.517,358.415,2475
632.895,362.273,2476
44.988,147.819,2477
445.609,855.262,2478
973.950,72.498,2479
4.739,782.555,2480
113.953,226.099,2481
879.957,552.783,2482
360.456,776.989,2483
217.858,382.925,2484
443.844,815.117,2485
375.184,274.425,2486
964.896,613.605,2487
861.015,829.353,2488
743.558,83.242,2489
819.235,742.785,2490
101.295,266.390,2491
664.709,875.849,2492
984.951,368.441,2493
103.204,643.475,2494
926.192,681.809,2495
955.769,20.696,2496
646.217,448.290,2497
589.128,256.377,2498
412.088,244.203,2499
531.854,768.237,2500
630.485,367.551,2501
608.846,495.266,2502
661.576,120.639,2503
597.894,107.962,2504
305.928,995.789,2505
451.140,364.572,2506
776.278,931.752,2507
867.674,94.899,2508
191.722,46.326,2509
471.648,443.423,2510
799.367,679.820,2511
260.402,798.839,2512
188.348,858.738,2513
681.929,140.742,2514
238.219,225.742,2515
247.882,78.866,2516
156.464,944.638,2517
63.892,64.811,2518
133.477,643.749,2519
408.900,17.038,2520
202.416,547.669,2521
233.459,446.770,2522
267.447,148.504,2523
774.684,389.979,2524
422.005,941.499,2525
953.935,477.126,2526
341.477,181.066,2527
121.524,602.732,2528
972.843,788.538,2529
601.276,754.378,2530
560.987,495.459,2531
7.183,464.665,2532
99.598,208.903,2533
821.051,409.982,2534
17.388,883.419,2535
387.263,415.695,2536
432.293,28.374,2537
64.584,22.392,2538
117.294,534.795,2539
211.700,612.975,2540
968.581,186.719,2541
726.676,233.377,2542
87.881,40.497,2543
67.572,141.382,2544
601.662,878.453,2545
458.884,99.242,2546
77.112,745.118,2547
21.207,938.677,2548
275.222,996.003,2549
75.020,55.981,2550
483.718,933.624,2551
20.581,106.145,2552
218.594,145.071,2553
471.731,646.366,2554
336.480,907.623,2555
105.867,765.717,2556
435.810,670.833,2557
791.990,375.124,2558
261.157,834.691,2559
381.835,364.025,2560
229.772,433.173,2561
309.975,621.000,2562
506.370,897.196,2563
269.954,403.878,2564
910.155,601.468,2565
817.358,739.669,2566
655.656,545.944,2567
276.822,369.089,2568
176.657,172.214,2569
531.291,52.557,2570
923.600,614.225,2571
406.542,494.349,2572
471.403,229.281,2573
869.379,127.041,2574
127.081,158.978,2575
576.805,365.893,2576
369.810,497.357,2577
417.213,912.044,2578
858.074,801.163,2579
58.440,486.748,2580
853.906,738.783,2581
82.437,372.524,2582
607.324,96.252,2583
280.709,701.570,2584
251.878,215.592,2585
674.087,210.562,2586
626.586,48.398,2587
678.248,488.549,2588
761.628,882.865,2589
10.400,607.009,2590
452.724,788.714,2591
878.721,208.173,2592
367.661,75.481,2593
202.780,461.046,2594
336.691,341.594,2595
488.465,285.870,2596
313.275,763.966,2597
241.682,846.228,2598
697.265,280.597,2599
254.375,693.114,2600
427.113,401.362,2601
393.484,317.584,2602
54.122,822.625,2603
113.504,930.088,2604
123.397,577.633,2605
264.968,890.636,2606
493.217,982.571,2607
335.841,653.252,2608
376.220,779.737,2609
136.843,418.074,2610
818.214,743.567,2611
428.727,666.044,2612
531.731,464.555,2613
39.452,433.296,2614
43.002,808.173,2615
950.979,318.170,2616
120.338,738.542,2617
350.364,845.991,2618
831.291,666.386,2619
730.420,954.991,2620
710.559,8.237,2621
294.398,795.188,2622
900.831,269.417,2623
790.932,37.507,2624
98.249,317.924,2625
690.387,609.039,2626
526.262,281.937,2627
321.938,569.810,2628
748.701,581.869,2629
679.905,690.118,2630
64.667,573.064,2631
191.787,889.667,2632
219.438,141.807,2633
803.610,567.640,2634
697.574,802.494,2635
53.567,668.462,2636
993.176,558.175,2637
207.315,152.922,2638
814.661,952.148,2639
575.661,438.067,2640
119.803,57.384,2641
565.685,212.824,2642
440.729,610.084,2643
233.491,201.750,2644
384.065,442.606,2645
160.058,231.716,2646
736.917,831.783,2647
238.920,264.800,2648
366.030,730.145,2649
365.298,821.488,2650
0.463,132.918,2651
331.841,560.608,2652
979.052,67.429,2653
243.358,929.383,2654
173.849,974.289,2655
377.374,318.577,2656
469.851,271.807,2657
354.287,835.538,2658
590.522,861.900,2659
181.673,762.561,2660
709.904,15.090,2661
549.054,468.397,2662
259.415,728.805,2663
314.625,284.640,2664
115.480,975.678,2665
893.983,554.343,2666
311.570,543.025,2667
714.109,963.912,2668
921.476,393.367,2669
997.180,940.941,2670
910.081,625.833,2671
551.840,840.874,2672
249.406,585.789,2673
521.150,904.295,2674
867.085,227.206,2675
900.352,867.538,2676
372.844,740.378,2677
424.574,960.657,2678
429.008,620.290,2679
655.694,944.365,2680
396.596,487.989,2681
331.777,105.143,2682
43.740,797.527,2683
906.523,488.405,2684
912.660,450.337,2685
394.718,248.793,2686
240.241,91.898,2687
851.014,881.152,2688
92.945,299.523,2689
655.539,839.048,2690
183.340,71.220,2691
974.523,963.861,2692
451.752,142.951,2693
697.527,834.968,2694
581.560,840.894,2695
158.150,737.515,2696
546.178,419.257,2697
327.741,54.244,2698
611.268,513.127,2699
642.673,979.700,2700
464.891,470.110,2701
83.862,112.823,2702
897.464,150.515,2703
273.695,458.227,2704
748.799,81.058,2705
574.221,745.909,2706
111.567,312.675,2707
550.675,983.773,2708
696.404,206.586,2709
819.514,263.022,2710
101.955,607.767,2711
791.957,40.786,2712
933.957,209.507,2713
693.377,455.608,2714
767.640,443.363,2715
901.173,162.532,2716
252.868,817.732,2717
791.989,327.435,2718
324.491,696.492,2719
19.526,292.560,2720
888.155,183.340,2721
741.725,235.677,2722
861.630,828.612,2723
405.748,940.273,2724
655.891,459.904,2725
200.945,122.721,2726
256.537,453.749,2727
549.594,956.540,2728
947.882,401.182,2729
936.064,768.156,2730
930.916,396.460,2731
225.250,573.421,2732
365.074,406.384,2733
575.730,56.043,2734
264.910,868.011,2735
200.963,163.557,2736
167.052,447.660,2737
955.546,572.642,2738
775.726,137.031,2739
301.188,406.332,2740
128.277,632.728,2741
870.107,910.813,2742
407.261,266.831,2743
292.539,717.831,2744
988.418,735.606,2745
976.859,123.645,2746
966.732,988.436,2747
990.989,836.202,2748
484.197,322.679,2749
554.529,411.469,2750
40.716,526.656,2751
951.291,38.096,2752
546.421,453.595,2753
735.291,65.542,2754
28.682,614.529,2755
574.169,876.211,2756
672.365,806.611,2757
74.245,513.026,2758
591.549,156.572,2759
976.828,969.870,2760
985.578,17.368,2761
42.782,55.604,2762
369.699,10.992,2763
888.824,74.593,2764
243.803,304.573,2765
649.844,440.967,2766
852.253,949.382,2767
671.846,129.559,2768
888.690,636.030,2769
85.561,67.571,2770
19.509,947.145,2771
455.579,226.945,2772
85.695,346.230,2773
658.115,181.441,2774
540.015,790.283,2775
93.071,957.674,2776
808.962,426.057,2777
224.472,784.174,2778
66.805,621.559,2779
176.621,180.145,2780
248.168,613.038,2781
382.405,756.271,2782
193.220,399.523,2783
762.545,628.408,2784
362.657,769.446,2785
510.159,152.920,2786
748.784,753.199,2787
605.033,787.309,2788
409.849,345.334,2789
625.610,189.591,2790
254.268,189.848,2791
25.958,603.576,2792
816.395,843.938,2793
155.248,163.881,2794
544.351,215.488,2795
996.555,763.782,2796
108.097,234.906,2797
222.571,817.635,2798
866.139,744.710,2799
947.710,144.654,2800
415.431,237.046,2801
984.438,927.838,2802
933.734,859.800,2803
821.166,677.418,2804
316.309,350.698,2805
371.359,923.978,2806
834.183,604.522,2807
683.401,477.517,2808
419.919,835.072,2809
519.862,291.866,2810
394.008,22.163,2811
975.808,805.500,2812
148.385,35.658,2813
496.334,605.576,2814
824.596,217.208,2815
635.825,360.680,2816
227.824,782.656,2817
350.381,794.002,2818
617.344,319.244,2819
503.461,765.924,2820
658.212,632.927,2821
376.569,175.673,2822
96.279,888.526,2823
26.017,189.228,2824
793.506,669.916,2825
162.024,677.636,2826
810.709,932.472,2827
414.814,853.750,2828
502.380,425.745,2829
86.153,290.040,2830
954.040,550.184,2831
194.631,348.746,2832
763.489,571.674,2833
75.402,519.958,2834
491.589,13.403,2835
390.923,619.224,2836
456.873,47.084,2837
83.240,698.252,2838
912.332,177.640,2839
851.387,714.982,2840
250.394,940.861,2841
507.345,371.471,2842
734.473,459.533,2843
784.011,251.822,2844
395.378,754.814,2845
510.736,22.644,2846
644.807,851.899,2847
588.989,907.290,2848
421.035,782.660,2849
42.247,351.703,2850
792.520,707.071,2851
486.761,862.543,2852
205.104,586.226,2853
33.875,128.048,2854
429.125,134.898,2855
331.151,999.000,2856
482.856,44.135,2857
587.759,303.448,2858
342.477,612.072,2859
509.708,114.793,2860
708.687,879.951,2861
19.593,993.618,2862
72.840,964.952,2863
322.291,857.979,2864
902.385,656.974,2865
169.680,36.818,2866
155.066,265.481,2867
791.656,988.439,2868
283.345,484.827,2869
798.000,175.736,2870
364.785,134.426,2871
774.745,1.871,2872
347.322,876.194,2873
273.285,581.402,2874
544.583,492.610,2875
537.827,978.470,2876
161.491,604.488,2877
361.506,184.962,2878
249.450,369.006,2879
221.571,646.545,2880
327.857,833.031,2881
161.470,517.493,2882
593.757,334.707,2883
429.837,649.066,2884
418.156,310.182,2885
916.815,42.590,2886
456.023,29.810,2887
117.678,246.676,2888
41.342,533.840,2889
344.813,893.283,2890
218.037,718.630,2891
560.436,219.775,2892
580.040,354.360,2893
331.784,742.342,2894
750.148,437.058,2895
181.093,560.790,2896
308.606,400.188,2897
289.417,258.999,2898
151.023,14.719,2899
349.434,547.092,2900
750.447,716.976,2901
267.153,531.893,2902
109.834,403.560,2903
93.481,144.582,2904
213.822,826.735,2905
130.701,977.348,2906
961.380,504.797,2907
705.589,297.835,2908
173.973,945.629,2909
609.560,589.877,2910
242.178,213.443,2911
818.402,587.103,2912
830.225,329.430,2913
394.142,820.965,2914
815.359,388.349,2915
514.564,201.005,2916
381.879,729.087,2917
445.478,197.004,2918
403.158,543.333,2919
977.109,906.716,2920
183.634,15.482,2921
82.339,879.783,2922
281.504,956.132,2923
7.622,307.864,2924
121.257,917.521,2925
162.943,906.777,2926
19.832,425.745,2927
841.013,600.905,2928
186.671,364.520,2929
250.349,156.230,2930
156.831,817.943,2931
44.668,90.134,2932
363.561,526.491,2933
220.795,373.853,2934
226.070,385.820,2935
697.018,983.331,2936
195.357,380.287,2937
952.977,801.754,2938
11.053,712.115,2939
973.680,275.946,2940
980.909,605.171,2941
877.352,763.713,2942
760.172,421.959,2943
995.319,939.656,2944
181.644,185.752,2945
243.525,730.337,2946
357.543,211.434,2947
196.972,11.125,2948
975.065,840.177,2949
779.909,146.135,2950
813.743,982.716,2951
304.363,316.016,2952
493.015,990.711,2953
36.024,156.926,2954
7.825,620.677,2955
1.949,716.172,2956
551.058,70.980,2957
479.066,946.208,2958
606.808,461.614,2959
65.730,643.016,2960
760.181,615.528,2961
714.277,532.479,2962
925.423,318.851,2963
929.530,669.426,2964
650.405,121.240,2965
549.297,205.926,2966
209.997,951.265,2967
0.882,501.162,2968
201.635,698.534,2969
129.654,437.940,2970
467.232,647.358,2971
329.599,428.483,2972
970.890,951.933,2973
845.254,986.701,2974
421.381,499.535,2975
934.157,751.811,2976
486.777,604.537,2977
587.212,8.178,2978
631.569,197.061,2979
3.637,855.268,2980
134.064,393.534,2981
930.042,869.811,2982
856.136,198.061,2983
479.112,878.320,2984
322.365,352.389,2985
633.933,724.356,2986
528.945,482.768,2987
159.634,359.303,2988
522.855,218.529,2989
701.982,251.222,2990
74.995,609.932,2991
923.502,316.095,2992
24.503,733.876,2993
906.704,966.116,2994
391.425,319.072,2995
267.080,842.133,2996
515.060,325.403,2997
769.725,916.702,2998
435.951,18.439,2999
189.136,908.751,3000
343.874,642.314,3001
603.636,629.660,3002
55.512,908.012,3003
668.928,259.242,3004
569.609,811.819,3005
768.184,434.383,3006
690.896,776.396,3007
925.062,321.233,3008
254.643,124.851,3009
450.601,417.606,3010
442.447,566.003,3011
793.050,796.306,3012
65.678,675.693,3013
997.882,787.239,3014
370.573,763.427,3015
365.153,936.015,3016
607.155,166.641,3017
786.691,674.428,3018
336.009,706.766,3019
162.360,933.550,3020
590.925,99.342,3021
194.130,986.778,3022
442.819,309.055,3023
526.105,266.890,3024
710.398,66.897,3025
686.799,868.561,3026
18.869,22.239,3027
699.580,202.188,3028
414.820,918.473,3029
966.813,805.468,3030
621.459,881.971,3031
595.335,996.903,3032
289.914,957.736,3033
168.283,428.237,3034
138.535,513.275,3035
385.987,77.091,3036
456.266,796.113,3037
783.192,90.546,3038
535.586,810.711,3039
564.789,884.855,3040
142.792,984.669,3041
768.659,284.991,3042
658.405,395.423,3043
4.858,359.913,3044
446.398,276.116,3045
345.211,87.956,3046
203.046,296.216,3047
12.101,598.564,3048
695.282,451.623,3049
588.156,986.350,3050
625.459,476.728,3051
828.727,182.913,3052
672.379,888.980,3053
444.333,188.531,3054
1.915,727.011,3055
767.475,367.795,3056
569.735,446.721,3057
572.929,56.075,3058
493.204,161.612,3059
175.694,922.699,3060
303.376,501.650,3061
333.737,719.217,3062
631.903,541.143,3063
996.353,734.946,3064
292.316,251.573,3065
420.565,378.289,3066
58.151,81.965,3067
809.007,369.746,3068
56.715,176.364,3069
444.374,995.013,3070
37.087,109.944,3071
309.339,573.759,3072
584.967,510.369,3073
647.700,539.515,3074
125.843,618.515,3075
603.955,972.403,3076
477.319,992.916,3077
866.679,647.408,3078
847.567,872.122,3079
989.198,516.013,3080
104.391,772.640,3081
751.612,760.374,3082
804.614,361.527,3083
57.765,159.814,3084
707.497,838.308,3085
542.773,985.147,3086
610.517,943.832,3087
679.483,788.872,3088
184.515,420.568,3089
292.971,703.241,3090
881.879,875.700,3091
468.082,8.142,3092
745.348,79.189,3093
981.002,123.367,3094
270.903,848.186,3095
154.833,983.822,3096
716.644,385.209,3097
827.682,137.798,3098
120.539,935.169,3099
186.179,371.689,3100
558.153,683.765,3101
691.858,535.079,3102
288.883,43.130,3103
990.094,977.158,3104
288.137,760.771,3105
723.165,260.644,3106
671.891,495.054,3107
499.816,520.147,3108
907.642,924.062,3109
807.056,10.505,3110
919.026,839.622,3111
859.405,986.160,3112
786.420,80.676,3113
682.423,649.799,3114
20.404,810.718,3115
966.539,602.893,3116
352.924,59.814,3117
952.240,415.997,3118
404.748,938.285,3119
854.987,160.912,3120
540.983,717.141,3121
657.626,852.471,3122
313.541,119.558,3123
706.232,668.980,3124
75.431,449.104,3125
391.072,808.622,3126
543.165,508.178,3127
848.782,717.541,3128
138.029,470.121,3129
850.751,732.532,3130
812.391,122.933,3131
787.042,589.774,3132
497.302,786.284,3133
681.539,731.696,3134
678.683,369.568,3135
796.972,836.490,3136
370.472,415.791,3137
28.729,173.858,3138
41.535,66.261,3139
884.562,719.866,3140
48.711,390.042,3141
342.652,691.379,3142
638.319,288.634,3143
536.093,184.562,3144
571.584,802.718,3145
336.794,173.872,3146
230.985,771.825,3147
170.586,218.498,3148
835.074,807.903,3149
1.480,698.927,3150
493.351,518.471,3151
847.117,163.019,3152
881.070,478.667,3153
994.363,357.940,3154
547.497,575.131,3155
583.130,989.410,3156
394.479,147.779,3157
929.239,415.090,3158
906.813,380.863,3159
466.768,567.748,3160
793.422,167.832,3161
187.712,241.030,3162
63.340,218.253,3163
51.705,340.105,3164
194.038,283.759,3165
31.092,879.991,3166
534.077,820.349,3167
461.217,699.314,3168
811.333,273.502,3169
189.153,420.003,3170
959.801,69.575,3171
954.145,189.984,3172
550.389,496.176,3173
68.276,612.427,3174
661.431,792.231,3175
87.530,30.451,3176
405.579,337.747,3177
303.873,114.285,3178
976.168,0.119,3179
607.828,486.940,3180
170.481,739.303,3181
827.765,571.385,3182
822.877,491.138,3183
56.095,358.415,3184
536.519,393.757,3185
306.159,289.872,3186
103.521,683.658,3187
308.391,199.401,3188
306.267,179.308,3189
914.605,358.036,3190
276.921,575.455,3191
342.912,448.843,3192
166.563,712.547,3193
734.335,588.563,3194
410.210,786.563,3195
325.837,119.707,3196
158.537,776.924,3197
341.299,944.792,3198
114.722,749.501,3199
379.179,96.096,3200
260.753,768.590,3201
316.035,855.387,3202
379.531,610.862,3203
170.716,918.926,3204
525.606,601.467,3205
606.223,978.276,3206
189.708,925.815,3207
854.351,979.390,3208
175.903,356.520,3209
141.514,717.032,3210
811.494,282.358,3211
910.528,361.703,3212
141.510,604.203,3213
603.329,341.190,3214
430.623,235.907,3215
872.833,377.165,3216
424.282,223.841,3217
188.227,650.208,3218
367.968,975.360,3219
768.870,194.133,3220
489.411,860.540,3221
46.384,698.086,3222
363.575,751.274,3223
984.989,790.831,3224
83.175,478.269,3225
97.979,560.518,3226
386.421,752.641,3227
773.416,602.005,3228
978.420,985.292,3229
465.556,984.135,3230
474.172,438.564,3231
580.360,177.190,3232
199.956,982.544,3233
695.516,871.219,3234
719.370,354.654,3235
982.858,606.615,3236
429.222,588.001,3237
670.996,636.269,3238
600.034,807.930,3239
836.140,646.813,3240
906.322,319.694,3241
333.270,270.896,3242
285.122,586.245,3243
213.339,438.935,3244
715.297,303.731,3245
70.075,321.389,3246
738.976,716.136,3247
414.685,357.484,3248
304.997,346.947,3249
635.024,55.855,3250
705.512,349.455,3251
175.054,849.634,3252
587.341,225.583,3253
149.929,41.992,3254
787.198,987.012,3255
734.340,247.305,3256
205.799,730.179,3257
102.117,490.654,3258
455.203,336.348,3259
218.155,93.030,3260
802.201,752.946,3261
22.665,874.586,3262
840.992,393.073,3263
313.374,404.264,3264
530.740,546.513,3265
815.366,643.488,3266
776.456,766.847,3267
212.330,992.386,3268
488.255,667.717,3269
405.551,580.985,3270
781.010,871.186,3271
518.663,814.822,3272
604.183,433.443,3273
865.716,916.513,3274
980.216,211.322,3275
367.615,688.900,3276
773.093,35.826,3277
531.091,945.133,3278
928.473,392.081,3279
548.438,305.851,3280
116.362,182.571,3281
15.730,973.890,3282
932.015,95.394,3283
309.387,748.253,3284
843.320,524.853,3285
589.360,433.144,3286
627.305,143.884,3287
211.907,706.758,3288
195.053,995.377,3289
332.621,120.783,3290
601.270,930.595,3291
656.772,681.775,3292
376.918,414.676,3293
976.397,810.945,3294
565.600,494.541,3295
899.658,65.848,3296
719.599,86.836,3297
250.848,35.232,3298
645.702,211.340,3299
679.796,400.278,3300
693.495,953.952,3301
781.230,643.444,3302
330.721,145.217,3303
392.230,574.682,3304
298.997,966.498,3305
885.534,244.196,3306
733.449,181.052,3307
677.701,354.188,3308
81.460,421.437,3309
623.205,373.063,3310
92.251,73.179,3311
860.805,67.211,3312
515.681,387.642,3313
26.084,53.663,3314
231.356,106.116,3315
384.892,99.841,3316
240.156,588.438,3317
268.583,946.114,3318
594.056,27.276,3319
49.635,569.351,3320
812.331,122.269,3321
653.268,652.935,3322
425.289,687.206,3323
568.219,17.439,3324
203.049,187.243,3325
163.086,103.808,3326
879.297,400.923,3327
235.089,892.455,3328
227.629,45.746,3329
25.767,870.228,3330
840.524,267.362,3331
807.289,154.419,3332
323.842,728.965,3333
936.862,655.291,3334
961.879,160.701,3335
946.983,305.002,3336
347.785,128.689,3337
959.217,458.231,3338
424.867,889.133,3339
83.064,308.600,3340
722.010,670.361,3341
452.772,806.861,3342
507.243,196.732,3343
0.977,685.573,3344
669.194,166.329,3345
452.126,174.444,3346
18.315,162.202,3347
931.812,787.209,3348
857.646,466.755,3349
161.516,162.838,3350
465.583,247.803,3351
427.168,717.955,3352
101.285,738.977,3353
533.374,101.104,3354
391.208,944.862,3355
519.332,450.610,3356
800.856,167.580,3357
537.765,688.976,3358
614.645,109.793,3359
24.973,307.247,3360
26.205,667.852,3361
54.207,329.651,3362
473.834,25.530,3363
134.028,375.443,3364
286.819,40.272,3365
97.005,71.139,3366
129.751,367.013,3367
172.298,552.477,3368
722.558,686.069,3369
683.506,768.298,3370
879.167,876.973,3371
741.653,13.883,3372
925.390,824.666,3373
196.125,4.412,3374
811.865,121.496,3375
616.198,267.037,3376
963.068,491.613,3377
603.695,627.392,3378
866.341,597.210,3379
757.198,477.826,3380
459.275,572.866,3381
694.616,596.275,3382
542.118,801.784,3383
14.473,407.529,3384
407.712,549.225,3385
539.549,25.217,3386
415.699,15.320,3387
589.428,22.757,3388
503.920,738.932,3389
587.052,633.776,3390
468.127,251.789,3391
12.877,508.928,3392
5.186,759.491,3393
101.583,178.396,3394
490.148,9.517,3395
824.810,404.065,3396
343.480,76.694,3397
401.617,992.783,3398
309.028,510.923,3399
686.950,98.812,3400
50.018,725.538,3401
182.265,358.674,3402
472.866,524.851,3403
796.363,504.670,3404
542.441,171.191,3405
783.119,845.063,3406
474.652,837.410,3407
135.417,810.696,3408
800.191,423.977,3409
160.623,261.283,3410
285.787,68.611,3411
68.884,583.231,3412
878.885,187.713,3413
612.450,501.403,3414
866.252,472.156,3415
141.956,112.050,3416
410.802,371.210,3417
792.268,351.120,3418
211.010,930.147,3419
699.766,62.503,3420
144.810,208.438,3421
693.996,201.099,3422
523.506,475.088,3423
393.174,337.615,3424
829.610,245.453,3425
356.863,560.715,3426
812.847,716.205,3427
523.837,217.053,3428
269.004,689.448,3429
182.417,100.344,3430
402.393,788.341,3431
110.556,487.144,3432
706.710,865.396,3433
272.238,256.369,3434
866.741,602.288,3435
363.945,278.667,3436
976.752,792.550,3437
604.428,118.302,3438
386.195,101.971,3439
474.764,432.685,3440
184.845,146.245,3441
966.607,760.865,3442
668.823,401.788,3443
479.776,474.476,3444
173.063,105.352,3445
866.985,793.949,3446
752.570,533.337,3447
641.425,869.142,3448
347.167,798.275,3449
781.491,218.696,3450
304.814,219.304,3451
570.508,665.353,3452
587.388,77.949,3453
289.246,897.771,3454
921.355,6.166,3455
450.521,288.564,3456
681.262,55.592,3457
947.674,911.389,3458
561.873,450.715,3459
355.934,461.808,3460
876.100,382.245,3461
305.838,819.536,3462
376.071,900.665,3463
165.874,513.264,3464
854.650,375.122,3465
284.033,230.494,3466
475.758,422.380,3467
850.345,386.656,3468
587.448,564.966,3469
13.358,629.942,3470
424.572,794.057,3471
546.047,180.704,3472
552.404,184.494,3473
615.645,352.776,3474
710.943,117.893,3475
659.505,447.516,3476
67.937,504.217,3477
977.117,682.045,3478
72.378,256.861,3479
5.110,926.333,3480
922.061,223.830,3481
917.844,466.667,3482
862.726,500.297,3483
53.328,841.528,3484
580.502,320.626,3485
891.454,414.266,3486
160.309,101.220,3487
818.081,543.480,3488
784.387,561.761,3489
432.583,232.231,3490
920.306,538.264,3491
61.380,813.108,3492
149.926,909.551,3493
361.249,641.558,3494
664.254,642.916,3495
780.155,569.422,3496
260.899,653.350,3497
247.145,18.541,3498
378.627,800.715,3499
0.388,974.313,3500
203.724,960.723,3501
580.942,995.062,3502
231.698,70.195,3503
595.347,350.802,3504
115.049,689.624,3505
886.101,285.885,3506
909.037,402.403,3507
724.903,941.560,3508
18.675,520.520,3509
567.627,73.449,3510
729.390,999.000,3511
651.498,510.843,3512
301.311,401.585,3513
169.964,285.827,3514
734.588,783.883,3515
155.341,949.317,3516
978.900,133.828,3517
726.041,789.988,3518
187.702,92.762,3519
36.765,852.876,3520
606.854,847.669,3521
421.549,78.546,3522
145.336,303.031,3523
120.415,484.500,3524
424.116,862.944,3525
793.396,895.653,3526
530.859,827.443,3527
212.568,574.494,3528
248.297,992.015,3529
846.650,943.222,3530
705.972,851.209,3531
167.975,777.640,3532
955.815,689.314,3533
68.136,971.786,3534
352.972,85.525,3535
122.475,293.702,3536
635.816,357.329,3537
612.577,771.239,3538
405.856,228.345,3539
551.401,412.762,3540
470.050,290.120,3541
63.895,294.163,3542
404.253,489.477,3543
993.233,714.883,3544
35.619,111.244,3545
781.856,87.011,3546
125.646,907.208,3547
213.117,823.495,3548
331.936,728.603,3549
211.732,129.469,3550
269.791,503.529,3551
242.332,882.297,3552
103.250,653.569,3553
823.880,79.191,3554
667.522,451.301,3555
372.101,758.359,3556
463.230,17.653,3557
872.866,882.499,3558
502.097,283.516,3559
254.032,66.539,3560
905.130,741.798,3561
483.061,201.321,3562
373.679,948.648,3563
879.470,975.995,3564
890.366,192.533,3565
497.251,348.581,3566
640.290,28.268,3567
463.072,340.787,3568
836.511,795.503,3569
341.542,516.371,3570
730.869,561.845,3571
342.014,661.034,3572
116.570,648.742,3573
486.243,542.959,3574
975.297,337.310,3575
173.976,110.684,3576
835.111,490.610,3577
290.430,494.683,3578
623.408,193.664,3579
949.576,158.230,3580
353.005,941.316,3581
851.593,355.688,3582
607.209,160.168,3583
508.083,152.275,3584
620.842,917.686,3585
653.412,301.421,3586
797.947,212.042,3587
583.739,264.403,3588
119.982,52.001,3589
650.695,485.861,3590
162.200,146.469,3591
315.353,559.330,3592
528.240,232.882,3593
671.561,81.903,3594
59.266,630.743,3595
537.429,222.633,3596
620.040,274.168,3597
597.695,547.208,3598
0.848,254.744,3599
823.043,673.171,3600
992.134,711.854,3601
975.077,718.103,3602
6.673,412.026,3603
605.453,986.160,3604
153.201,68.398,3605
699.808,115.270,3606
104.325,301.565,3607
989.587,391.108,3608
383.106,620.764,3609
854.255,732.292,3610
409.627,502.864,3611
82.739,108.415,3612
981.729,136.395,3613
130.489,652.572,3614
600.603,841.524,3615
698.386,2.139,3616
442.506,278.789,3617
227.242,145.771,3618
245.931,155.120,3619
783.216,883.970,3620
786.220,924.001,3621
659.774,329.825,3622
674.963,266.591,3623
183.130,10.835,3624
732.566,475.113,3625
266.376,516.441,3626
72.823,192.393,3627
169.843,62.197,3628
388.430,384.922,3629
585.123,655.024,3630
324.395,101.866,3631
640.690,363.408,3632
69.083,241.243,3633
383.517,781.454,3634
682.111,646.950,3635
78.480,705.139,3636
800.169,146.396,3637
347.767,661.799,3638
269.506,449.782,3639
84.136,997.477,3640
786.223,289.941,3641
197.983,356.024,3642
677.117,607.296,3643
229.925,988.118,3644
991.997,590.433,3645
652.081,730.355,3646
73.948,105.416,3647
787.078,517.824,3648
822.879,378.966,3649
792.161,780.084,3650
331.739,326.461,3651
205.854,251.822,3652
972.312,797.036,3653
861.521,744.195,3654
631.485,749.659,3655
149.662,889.102,3656
801.088,960.682,3657
291.787,111.281,3658
128.247,32.944,3659
413.752,981.836,3660
6.714,561.818,3661
851.158,36.942,3662
394.380,23.011,3663
565.448,440.935,3664
685.136,271.004,3665
742.326,758.378,3666
429.072,374.811,3667
708.811,6.591,3668
417.703,809.018,3669
127.198,310.562,3670
75.856,431.412,3671
735.593,609.765,3672
28.759,8.413,3673
54.914,270.300,3674
707.331,372.670,3675
428.475,485.092,3676
910.627,688.594,3677
632.099,809.610,3678
455.367,486.945,3679
128.317,900.574,3680
98.917,207.706,3681
700.527,958.439,3682
570.773,212.133,3683
981.016,416.436,3684
139.939,487.321,3685
699.572,79.214,3686
34.455,72.073,3687
625.253,285.345,3688
112.222,760.228,3689
365.993,440.436,3690
167.289,910.448,3691
930.490,542.917,3692
147.201,27.361,3693
160.944,698.099,3694
882.301,227.640,3695
226.984,288.287,3696
922.640,438.673,3697
791.521,42.395,3698
560.402,107.030,3699
359.998,705.722,3700
656.085,860.581,3701
243.078,592.026,3702
41.298,308.435,3703
450.296,232.772,3704
228.072,346.471,3705
288.830,162.780,3706
227.374,84.744,3707
23.685,593.201,3708
572.141,38.958,3709
791.252,824.485,3710
466.541,313.717,3711
639.270,898.179,3712
357.097,146.064,3713
753.905,136.419,3714
44.771,738.727,3715
827.625,90.874,3716
450.879,994.351,3717
798.477,909.605,3718
156.046,591.465,3719
467.622,984.641,3720
275.791,952.115,3721
707.503,910.303,3722
397.380,448.796,3723
242.250,9.245,3724
826.430,458.324,3725
582.194,322.493,3726
30.222,242.514,3727
667.672,563.301,3728
134.224,319.596,3729
991.651,711.776,3730
128.322,900.357,3731
973.632,18.815,3732
899.824,2.110,3733
979.683,999.000,3734
586.148,164.885,3735
639.658,524.579,3736
218.562,214.783,3737
384.861,482.864,3738
327.323,230.881,3739
847.829,837.937,3740
919.219,456.733,3741
189.572,171.380,3742
389.745,834.707,3743
872.253,200.504,3744
970.276,432.305,3745
148.009,255.367,3746
236.078,888.132,3747
623.643,388.630,3748
730.839,257.608,3749
193.081,450.996,3750
622.416,797.229,3751
139.363,4.746,3752
734.760,144.002,3753
288.942,455.092,3754
19.171,753.019,3755
373.170,51.513,3756
479.406,754.913,3757
826.613,302.259,3758
834.959,493.472,3759
889.123,206.830,3760
328.201,713.041,3761
670.356,133.057,3762
550.026,922.556,3763
718.158,127.321,3764
398.432,232.769,3765
18.000,504.623,3766
166.176,302.217,3767
93.930,965.409,3768
519.368,857.399,3769
858.389,973.591,3770
524.079,612.501,3771
313.603,904.707,3772
174.439,193.856,3773
812.602,802.428,3774
953.084,894.157,3775
427.092,909.017,3776
230.273,820.908,3777
405.730,174.396,3778
518.501,498.911,3779
436.491,543.122,3780
114.841,843.812,3781
133.793,12.235,3782
409.068,379.552,3783
408.984,229.984,3784
976.857,368.567,3785
79.605,826.565,3786
138.822,335.610,3787
512.238,525.494,3788
151.014,820.703,3789
25.739,394.209,3790
274.015,169.596,3791
159.444,409.572,3792
32.226,718.051,3793
178.147,197.354,3794
431.872,303.913,3795
622.915,523.629,3796
762.981,225.016,3797
414.389,389.114,3798
273.497,341.335,3799
674.073,91.523,3800
3.298,62.341,3801
737.117,246.023,3802
998.896,611.029,3803
975.770,961.864,3804
92.668,665.810,3805
787.548,867.700,3806
1.582,552.841,3807
740.119,382.058,3808
348.180,350.328,3809
451.139,332.338,3810
335.813,752.101,3811
704.185,506.528,3812
694.908,402.788,3813
422.139,325.647,3814
56.903,675.626,3815
814.813,486.147,3816
90.997,709.772,3817
467.312,255.959,3818
620.417,631.347,3819
710.763,566.810,3820
678.717,193.528,3821
434.981,484.880,3822
132.840,532.733,3823
22.840,561.450,3824
891.673,304.073,3825
817.663,720.237,3826
470.386,715.269,3827
314.631,282.192,3828
97.715,234.707,3829
325.546,679.844,3830
695.032,261.125,3831
337.006,584.038,3832
423.771,598.542,3833
850.417,362.155,3834
377.522,206.720,3835
694.556,505.237,3836
918.585,188.797,3837
608.574,387.113,3838
586.047,525.012,3839
292.065,589.306,3840
223.882,884.773,3841
324.026,696.825,3842
710.552,121.937,3843
783.899,750.519,3844
657.370,928.743,3845
670.521,900.173,3846
66.308,448.505,3847
665.301,575.923,3848
964.170,915.918,3849
571.711,778.288,3850
5.102,727.588,3851
453.336,298.298,3852
976.384,712.530,3853
333.242,9.472,3854
477.113,265.292,3855
855.869,267.256,3856
624.640,251.864,3857
731.372,850.267,3858
155.733,995.732,3859
343.471,324.625,3860
813.050,28.617,3861
2.398,84.958,3862
535.007,510.518,3863
209.558,415.402,3864
43.729,540.375,3865
221.169,882.959,3866
228.468,286.386,3867
613.987,905.467,3868
650.082,875.752,3869
820.330,531.152,3870
864.399,39.137,3871
807.033,263.967,3872
461.889,972.730,3873
668.020,966.966,3874
8.513,726.652,3875
58.505,913.365,3876
580.696,159.475,3877
782.063,610.779,3878
388.553,60.522,3879
859.833,632.096,3880
748.951,871.984,3881
421.827,523.704,3882
807.145,662.666,3883
190.862,98.428,3884
806.482,532.383,3885
28.602,770.998,3886
939.967,154.537,3887
744.079,267.256,3888
269.673,652.127,3889
606.757,294.585,3890
816.270,237.506,3891
490.844,979.812,3892
179.193,839.430,3893
6.585,37.267,3894
11.793,414.665,3895
592.117,593.797,3896
393.366,757.642,3897
909.096,496.850,3898
979.377,644.602,3899
637.681,688.230,3900
322.121,676.179,3901
512.853,876.381,3902
860.322,79.329,3903
951.175,598.346,3904
709.291,167.126,3905
999.000,629.099,3906
199.835,932.744,3907
366.855,558.091,3908
952.067,201.853,3909
277.596,999.000,3910
992.885,176.468,3911
739.915,547.206,3912
978.299,886.984,3913
966.799,59.001,3914
104.188,648.116,3915
511.975,430.464,3916
758.149,967.140,3917
803.711,718.514,3918
11.737,822.005,3919
950.406,902.908,3920
987.325,984.873,3921
680.669,683.684,3922
470.253,631.611,3923
754.501,412.623,3924
920.450,377.666,3925
467.311,584.833,3926
109.542,90.233,3927
211.025,390.111,3928
686.978,985.079,3929
309.278,397.426,3930
999.000,199.091,3931
341.977,484.316,3932
770.671,543.024,3933
263.687,384.469,3934
406.693,176.748,3935
873.750,902.098,3936
169.124,400.523,3937
523.367,308.751,3938
33.502,40.369,3939
387.268,305.439,3940
708.527,229.588,3941
856.526,328.894,3942
49.618,701.078,3943
285.542,179.041,3944
372.617,212.683,3945
628.686,970.202,3946
256.619,791.949,3947
443.823,928.805,3948
767.972,245.946,3949
76.074,198.168,3950
808.806,336.955,3951
172.265,206.770,3952
101.317,788.158,3953
429.445,519.893,3954
377.687,948.117,3955
507.442,881.719,3956
972.774,387.133,3957
88.740,254.124,3958
847.206,383.871,3959
883.575,378.811,3960
579.193,481.893,3961
320.107,208.718,3962
987.544,497.657,3963
38.931,934.330,3964
698.008,498.706,3965
491.988,732.455,3966
294.963,116.809,3967
699.861,660.410,3968
17.198,362.229,3969
971.385,789.624,3970
697.468,92.512,3971
551.002,115.676,3972
115.509,66.996,3973
383.891,979.603,3974
116.493,969.285,3975
430.911,758.686,3976
330.603,867.640,3977
608.617,489.561,3978
794.949,393.021,3979
993.031,394.941,3980
886.141,148.749,3981
478.471,702.704,3982
737.226,529.231,3983
441.397,621.731,3984
4.538,233.597,3985
891.875,852.407,3986
492.271,779.476,3987
408.623,982.417,3988
927.353,780.194,3989
820.011,412.330,3990
57.946,244.674,3991
319.989,0.339,3992
672.928,533.340,3993
906.466,960.833,3994
155.756,529.195,3995
36.136,531.440,3996
362.458,869.770,3997
168.267,663.150,3998
677.365,616.543,3999
602.150,402.334,4000
617.603,969.830,4001
534.000,23.158,4002
258.173,707.614,4003
744.215,682.366,4004
151.646,514.510,4005
478.603,647.667,4006
964.391,253.526,4007
355.495,944.524,4008
866.382,583.500,4009
362.511,389.668,4010
955.856,938.949,4011
931.129,278.460,4012
936.280,583.832,4013
876.386,776.450,4014
420.130,584.255,4015
390.697,257.689,4016
711.920,913.892,4017
572.293,641.658,4018
221.416,61.280,4019
539.597,288.543,4020
943.687,516.702,4021
782.327,807.656,4022
962.873,438.437,4023
633.059,800.127,4024
488.052,865.998,4025
653.593,593.034,4026
599.262,474.961,4027
141.769,360.446,4028
883.305,16.864,4029
565.854,841.261,4030
816.243,735.784,4031
735.389,995.451,4032
648.196,64.491,4033
842.343,814.604,4034
678.031,79.400,4035
671.167,275.150,4036
403.532,639.702,4037
399.298,698.754,4038
77.695,376.124,4039
336.261,588.005,4040
176.873,532.364,4041
972.312,92.214,4042
990.448,968.559,4043
334.998,860.207,4044
604.841,973.356,4045
371.555,504.788,4046
119.558,759.237,4047
179.397,473.944,4048
630.292,816.673,4049
636.894,138.570,4050
974.606,96.520,4051
167.668,909.206,4052
455.223,922.828,4053
775.189,397.201,4054
313.797,224.646,4055
697.495,761.571,4056
135.251,702.006,4057
548.626,876.913,4058
583.722,282.665,4059
965.608,609.732,4060
800.216,856.633,4061
17.813,297.718,4062
881.554,616.951,4063
428.203,898.172,4064
170.026,78.858,4065
539.814,566.459,4066
519.848,535.822,4067
700.468,486.744,4068
420.772,330.703,4069
109.531,333.156,4070
544.194,856.591,4071
641.003,479.865,4072
699.907,334.384,4073
884.132,952.322,4074
161.510,946.770,4075
918.480,256.048,4076
974.131,685.450,4077
193.085,916.540,4078
843.956,138.545,4079
355.328,338.060,4080
218.589,664.991,4081
741.538,171.093,4082
48.211,679.673,4083
804.162,293.981,4084
944.338,696.832,4085
369.185,550.302,4086
852.940,819.157,4087
170.809,487.692,4088
398.892,374.638,4089
966.282,780.395,4090
431.971,595.324,4091
393.773,826.996,4092
232.535,726.928,4093
857.226,116.230,4094
986.612,909.357,4095
751.077,713.005,4096
232.990,399.370,4097
354.808,319.025,4098
798.117,930.392,4099
564.127,842.346,4100
536.750,17.955,4101
152.355,465.807,4102
486.923,878.884,4103
943.274,498.744,4104
956.693,819.186,4105
459.374,923.240,4106
873.837,707.004,4107
669.134,214.906,4108
576.732,67.501,4109
118.456,216.341,4110
779.361,725.611,4111
237.804,435.622,4112
105.424,133.229,4113
599.979,824.985,4114
564.292,911.845,4115
270.996,892.304,4116
90.460,35.237,4117
854.779,192.143,4118
713.792,753.243,4119
915.574,447.783,4120
903.527,825.414,4121
254.422,686.721,4122
411.041,921.277,4123
562.252,859.044,4124
798.094,359.565,4125
785.306,694.202,4126
893.258,15.738,4127
677.102,827.245,4128
296.131,724.819,4129
678.080,189.605,4130
886.038,930.383,4131
303.244,215.992,4132
583.161,845.913,4133
228.910,430.744,4134
890.263,431.504,4135
489.572,190.275,4136
525.672,522.916,4137
572.079,8.725,4138
777.819,243.678,4139
50.474,244.389,4140
359.916,298.520,4141
474.272,655.475,4142
458.170,332.088,4143
844.918,65.463,4144
32.396,759.247,4145
955.489,174.852,4146
367.017,528.835,4147
418.460,464.498,4148
799.427,706.008,4149
708.184,549.168,4150
557.243,437.632,4151
931.880,234.629,4152
805.181,992.740,4153
928.505,123.197,4154
147.825,76.708,4155
62.519,450.449,4156
58.831,930.104,4157
357.333,321.994,4158
908.913,914.416,4159
859.935,120.986,4160
447.659,12.878,4161
802.173,367.227,4162
710.471,702.996,4163
465.217,942.374,4164
31.275,990.629,4165
46.040,278.734,4166
537.788,536.135,4167
823.493,532.477,4168
457.617,734.814,4169
673.324,241.796,4170
135.085,462.529,4171
693.104,836.066,4172
213.850,544.509,4173
924.286,329.513,4174
120.489,853.504,4175
662.661,541.445,4176
256.234,692.806,4177
575.387,975.735,4178
534.361,104.576,4179
75.431,38.925,4180
134.875,894.605,4181
545.732,560.222,4182
249.028,307.231,4183
406.425,427.863,4184
641.417,706.248,4185
340.081,442.162,4186
86.577,844.751,4187
55.150,145.715,4188
283.416,421.199,4189
552.327,475.818,4190
592.724,789.532,4191
241.669,195.146,4192
874.415,782.755,4193
709.963,709.267,4194
920.026,855.275,4195
435.448,302.902,4196
42.814,703.238,4197
386.080,566.103,4198
216.380,959.850,4199
596.811,137.115,4200
353.770,532.049,4201
123.400,889.549,4202
97.661,677.481,4203
183.929,167.897,4204
302.486,668.225,4205
431.302,969.473,4206
471.181,650.536,4207
924.537,403.410,4208
284.812,739.973,4209
365.462,230.505,4210
608.622,90.511,4211
638.384,587.819,4212
563.942,451.610,4213
321.085,654.690,4214
784.079,644.783,4215
881.879,831.804,4216
810.000,317.892,4217
362.161,688.502,4218
5.265,670.711,4219
915.751,646.872,4220
381.762,318.716,4221
437.086,422.633,4222
162.304,677.391,4223
541.666,481.956,4224
152.122,451.228,4225
956.328,484.386,4226
595.625,29.457,4227
722.137,600.420,4228
71.665,977.318,4229
63.510,763.080,4230
979.934,352.381,4231
146.811,422.499,4232
761.630,120.945,4233
110.958,312.252,4234
884.992,969.350,4235
788.240,854.038,4236
848.243,521.979,4237
786.470,102.726,4238
906.802,770.321,4239
599.865,976.772,4240
878.582,914.210,4241
470.170,909.499,4242
759.454,94.731,4243
474.300,589.767,4244
160.523,809.312,4245
222.633,141.997,4246
569.449,679.228,4247
703.083,442.374,4248
460.404,724.717,4249
287.187,201.310,4250
823.355,959.296,4251
59.258,345.382,4252
523.752,76.716,4253
560.277,454.633,4254
226.648,879.527,4255
669.523,482.361,4256
193.430,20.540,4257
855.152,874.207,4258
514.865,559.915,4259
931.051,832.313,4260
220.654,977.000,4261
745.033,875.845,4262
255.051,370.399,4263
567.182,557.244,4264
963.776,481.850,4265
987.451,598.780,4266
70.058,126.182,4267
673.118,32.889,4268
832.731,4.613,4269
785.076,392.044,4270
530.983,209.871,4271
951.948,700.289,4272
329.755,566.889,4273
939.578,693.576,4274
875.237,959.952,4275
114.581,253.173,4276
824.068,585.490,4277
817.888,660.173,4278
128.747,203.584,4279
727.725,194.066,4280
726.626,543.197,4281
461.839,899.652,4282
226.008,447.505,4283
450.917,511.633,4284
94.486,813.343,4285
638.827,743.630,4286
226.514,734.153,4287
522.895,608.095,4288
978.716,525.058,4289
58.315,425.125,4290
509.340,833.559,4291
7.960,201.421,4292
249.644,613.198,4293
576.479,73.080,4294
310.869,678.890,4295
193.895,775.179,4296
828.942,560.055,4297
341.597,610.800,4298
51.307,26.128,4299
69.295,25.862,4300
464.192,737.292,4301
799.904,431.855,4302
737.300,343.448,4303
593.642,764.970,4304
241.141,779.751,4305
101.412,698.101,4306
873.979,774.296,4307
347.938,300.599,4308
606.423,864.505,4309
959.254,447.814,4310
145.289,820.547,4311
507.048,89.702,4312
591.197,106.713,4313
866.352,766.070,4314
428.984,241.198,4315
95.937,281.563,4316
443.963,951.620,4317
362.133,956.868,4318
112.577,769.823,4319
90.681,11.954,4320
508.922,285.577,4321
585.628,469.946,4322
516.983,422.100,4323
803.406,553.202,4324
635.198,597.121,4325
187.314,31.177,4326
166.442,78.564,4327
790.431,955.233,4328
982.462,947.483,4329
318.572,56.784,4330
340.040,688.147,4331
126.634,796.503,4332
861.640,815.754,4333
61.221,8.041,4334
227.778,268.152,4335
633.053,611.834,4336
402.870,453.839,4337
576.170,223.681,4338
983.544,430.776,4339
381.206,295.093,4340
870.829,467.843,4341
534.211,877.393,4342
390.837,853.705,4343
607.937,362.196,4344
950.846,146.115,4345
373.062,818.868,4346
590.899,913.399,4347
540.455,131.373,4348
635.109,728.699,4349
700.935,451.089,4350
630.446,101.925,4351
368.202,125.690,4352
919.356,472.082,4353
671.567,467.292,4354
941.533,365.325,4355
298.404,511.598,4356
344.333,470.625,4357
694.999,891.493,4358
396.315,405.819,4359
881.506,280.853,4360
983.397,760.951,4361
265.563,863.056,4362
34.518,765.712,4363
340.268,9.656,4364
997.906,31.558,4365
361.800,796.348,4366
48.835,758.905,4367
985.875,884.063,4368
981.794,61.122,4369
745.819,905.771,4370
336.396,259.067,4371
719.753,846.987,4372
74.416,148.961,4373
586.647,939.624,4374
92.046,346.588,4375
843.346,422.750,4376
168.851,830.615,4377
825.832,483.831,4378
952.051,36.747,4379
991.970,595.764,4380
670.564,754.129,4381
102.158,722.488,4382
368.854,197.602,4383
453.399,300.335,4384
147.434,940.825,4385
54.435,961.507,4386
794.456,156.936,4387
539.774,704.430,4388
540.790,955.145,4389
3.821,635.159,4390
707.573,741.196,4391
396.822,860.874,4392
487.290,397.431,4393
606.206,586.205,4394
356.469,166.573,4395
4.592,262.956,4396
671.811,750.370,4397
904.435,189.657,4398
779.987,763.923,4399
190.349,270.883,4400
188.222,743.976,4401
667.307,579.527,4402
726.041,587.018,4403
637.958,524.632,4404
642.423,833.885,4405
250.668,299.262,4406
498.406,788.875,4407
40.957,617.842,4408
732.096,637.583,4409
428.841,95.846,4410
933.375,273.505,4411
125.410,139.485,4412
979.377,182.948,4413
906.823,102.393,4414
27.158,83.027,4415
466.788,360.182,4416
226.551,338.930,4417
534.542,159.106,4418
914.467,413.285,4419
151.254,253.727,4420
831.066,745.562,4421
637.827,912.471,4422
721.860,432.855,4423
533.584,418.959,4424
577.101,957.707,4425
669.743,309.473,4426
260.200,301.268,4427
123.739,429.451,4428
38.449,637.014,4429
577.631,861.145,4430
886.552,949.691,4431
785.140,978.119,4432
406.477,36.358,4433
552.593,756.390,4434
434.298,390.955,4435
81.336,192.031,4436
62.509,278.029,4437
741.279,130.768,4438
998.288,372.403,4439
198.207,861.938,4440
984.491,875.225,4441
403.229,352.199,4442
818.956,106.034,4443
142.111,232.791,4444
203.236,471.996,4445
851.434,507.095,4446
974.697,361.269,4447
4.903,512.949,4448
398.109,581.538,4449
200.173,353.408,4450
849.895,276.049,4451
764.440,126.435,4452
832.317,739.193,4453
274.589,202.721,4454
697.919,993.109,4455
488.677,933.842,4456
36.105,594.082,4457
627.740,147.064,4458
383.140,532.314,4459
77.594,15.435,4460
889.005,79.359,4461
203.148,404.218,4462
110.846,388.815,4463
366.721,978.783,4464
692.846,466.235,4465
713.775,453.992,4466
152.076,393.385,4467
992.405,850.599,4468
672.477,370.415,4469
412.768,41.902,4470
342.766,453.085,4471
947.934,900.597,4472
289.037,945.936,4473
35.589,30.746,4474
749.778,870.328,4475
748.966,370.832,4476
838.140,536.857,4477
26.571,588.644,4478
682.550,88.873,4479
449.148,542.130,4480
490.657,959.785,4481
712.261,444.525,4482
365.350,569.005,4483
814.594,960.982,4484
995.150,316.924,4485
859.262,266.684,4486
588.091,628.413,4487
447.171,292.829,4488
591.803,600.793,4489
431.591,702.610,4490
473.012,156.379,4491
606.435,454.315,4492
375.596,446.421,4493
768.012,65.464,4494
538.984,322.540,4495
691.994,767.407,4496
166.403,398.550,4497
620.241,353.519,4498
231.585,111.261,4499
321.179,510.484,4500
692.996,694.649,4501
929.750,108.417,4502
897.297,594.603,4503
154.831,268.365,4504
805.041,686.223,4505
201.330,497.414,4506
612.184,846.866,4507
393.629,368.840,4508
852.813,617.983,4509
536.733,490.999,4510
696.015,663.215,4511
286.712,68.027,4512
32.878,278.428,4513
999.000,202.040,4514
453.838,139.683,4515
4.169,658.843,4516
106.466,258.022,4517
37.324,205.895,4518
389.222,248.854,4519
956.748,876.710,4520
881.958,647.357,4521
556.789,662.639,4522
881.254,383.230,4523
567.009,520.875,4524
543.570,63.749,4525
542.132,155.840,4526
608.404,459.572,4527
365.189,877.971,4528
2.082,106.803,4529
374.721,291.482,4530
715.925,560.513,4531
230.963,579.266,4532
388.369,398.432,4533
900.777,272.099,4534
692.032,247.597,4535
312.959,957.553,4536
771.996,856.729,4537
976.838,299.257,4538
123.128,297.182,4539
132.474,717.119,4540
959.512,768.904,4541
746.812,893.834,4542
664.457,325.678,4543
803.028,296.195,4544
157.437,318.429,4545
155.700,727.968,4546
67.784,979.620,4547
645.344,228.994,4548
470.880,906.095,4549
461.669,94.186,4550
50.297,15.758,4551
900.019,778.308,4552
916.085,965.146,4553
675.462,334.382,4554
766.369,26.283,4555
525.089,850.648,4556
944.345,454.868,4557
270.093,746.132,4558
283.132,12.104,4559
130.973,629.588,4560
479.373,859.104,4561
978.942,624.862,4562
311.925,721.388,4563
868.309,953.944,4564
700.992,443.492,4565
12.495,246.179,4566
320.870,558.081,4567
909.703,366.952,4568
286.424,617.431,4569
353.821,179.389,4570
579.804,216.760,4571
968.144,666.613,4572
573.697,893.738,4573
472.481,360.965,4574
123.830,992.384,4575
834.067,755.123,4576
784.775,784.257,4577
321.305,750.926,4578
387.462,518.209,4579
811.603,206.883,4580
247.825,557.178,4581
345.083,992.556,4582
37.974,559.267,4583
335.635,151.696,4584
479.969,236.925,4585
60.684,743.851,4586
572.140,971.442,4587
451.551,21.777,4588
805.814,98.236,4589
652.871,145.173,4590
322.763,785.285,4591
200.937,176.481,4592
984.453,832.823,4593
465.540,896.916,4594
660.591,228.066,4595
900.638,979.203,4596
185.607,900.632,4597
448.981,545.754,4598
41.264,863.289,4599
191.643,514.857,4600
22.474,305.315,4601
844.383,653.673,4602
522.335,546.620,4603
960.821,758.119,4604
439.285,604.669,4605
942.063,891.286,4606
322.838,2.227,4607
563.802,824.456,4608
396.688,519.547,4609
393.013,297.773,4610
252.809,645.067,4611
76.006,379.091,4612
962.892,184.800,4613
396.940,217.529,4614
182.762,31.158,4615
53.358,874.366,4616
917.606,321.410,4617
442.316,913.103,4618
50.761,876.882,4619
375.700,843.472,4620
790.738,175.709,4621
232.280,931.791,4622
242.352,103.367,4623
203.860,821.855,4624
38.684,591.253,4625
306.682,377.126,4626
711.481,478.047,4627
825.014,519.466,4628
999.000,772.128,4629
809.196,385.280,4630
764.683,343.349,4631
901.637,422.285,4632
91.669,985.618,4633
31.233,760.022,4634
593.204,10.235,4635
772.178,855.274,4636
507.203,536.089,4637
823.147,790.083,4638
562.768,983.179,4639
571.196,109.797,4640
364.765,886.764,4641
568.560,772.176,4642
64.556,634.961,4643
421.560,47.625,4644
438.923,706.686,4645
174.676,648.481,4646
299.632,796.576,4647
253.400,716.533,4648
791.412,551.821,4649
448.159,811.973,4650
136.157,604.026,4651
590.269,320.343,4652
201.765,509.275,4653
479.295,40.406,4654
944.345,492.865,4655
619.097,318.155,4656
89.315,918.045,4657
240.380,581.729,4658
826.134,288.055,4659
404.401,151.123,4660
224.054,203.730,4661
675.833,293.735,4662
109.177,776.948,4663
961.565,852.212,4664
919.044,511.899,4665
157.574,354.992,4666
292.547,743.516,4667
582.444,69.437,4668
697.420,486.500,4669
28.541,524.508,4670
90.217,725.365,4671
702.775,532.181,4672
373.695,765.100,4673
234.111,876.212,4674
261.858,998.991,4675
834.812,268.763,4676
320.355,567.752,4677
119.743,773.285,4678
373.926,321.799,4679
315.605,101.800,4680
904.843,845.155,4681
97.149,73.637,4682
882.021,752.258,4683
712.726,433.628,4684
591.819,359.272,4685
689.948,198.790,4686
588.925,638.953,4687
240.165,592.119,4688
588.106,14.028,4689
741.689,837.278,4690
355.262,498.512,4691
479.520,993.039,4692
1.530,534.568,4693
169.634,213.633,4694
72.864,64.291,4695
493.182,988.660,4696
143.687,892.185,4697
810.875,615.319,4698
272.805,365.968,4699
696.012,920.079,4700
208.861,188.740,4701
874.132,718.754,4702
722.690,139.120,4703
67.701,325.581,4704
139.843,90.914,4705
312.293,497.609,4706
165.390,355.927,4707
347.077,169.852,4708
656.483,99.020,4709
314.919,105.459,4710
673.189,168.858,4711
923.842,629.879,4712
265.134,883.433,4713
382.776,582.697,4714
682.115,374.373,4715
363.675,759.387,4716
908.453,408.748,4717
683.661,562.440,4718
670.893,216.376,4719
670.233,778.103,4720
570.110,907.160,4721
514.393,62.795,4722
858.556,230.578,4723
889.937,977.293,4724
697.205,274.679,4725
180.921,421.184,4726
950.500,858.636,4727
413.492,597.499,4728
855.673,861.163,4729
814.879,153.553,4730
737.720,966.294,4731
316.882,5.923,4732
561.099,254.618,4733
259.040,555.697,4734
440.133,476.249,4735
25.202,633.380,4736
600.626,306.869,4737
178.167,322.674,4738
610.969,143.448,4739
75.849,541.199,4740
318.023,727.032,4741
80.904,240.032,4742
524.292,830.908,4743
60.444,178.058,4744
41.263,433.478,4745
16.914,214.513,4746
143.446,679.158,4747
865.088,893.391,4748
757.924,346.601,4749
102.995,565.093,4750
775.198,504.347,4751
334.813,345.461,4752
643.847,494.387,4753
106.500,173.879,4754
421.045,368.295,4755
419.165,895.245,4756
407.616,808.769,4757
533.519,844.918,4758
518.063,321.083,4759
203.188,264.917,4760
810.518,588.324,4761
584.041,452.885,4762
255.008,804.705,4763
648.086,457.663,4764
317.013,245.678,4765
371.792,727.732,4766
343.292,255.002,4767
36.065,1.009,4768
642.212,784.162,4769
466.280,65.711,4770
607.273,99.440,4771
503.155,266.551,4772
808.107,377.351,4773
310.167,517.605,4774
73.205,575.750,4775
244.802,60.707,4776
776.854,842.539,4777
417.651,322.946,4778
297.398,907.948,4779
820.641,383.347,4780
819.550,779.214,4781
729.739,156.991,4782
548.041,92.968,4783
982.059,3.775,4784
829.170,503.189,4785
960.351,126.919,4786
331.732,125.158,4787
530.688,773.045,4788
426.830,2.129,4789
914.493,685.195,4790
750.422,330.372,4791
251.004,478.341,4792
42.006,941.533,4793
156.312,985.575,4794
285.225,848.650,4795
267.155,879.487,4796
932.124,200.231,4797
871.252,291.805,4798
330.009,993.389,4799
487.047,115.924,4800
642.959,813.269,4801
660.460,92.820,4802
811.272,530.081,4803
377.623,575.921,4804
945.862,53.972,4805
366.289,612.763,4806
551.258,435.434,4807
972.166,794.433,4808
534.824,350.238,4809
583.651,583.855,4810
781.678,792.382,4811
241.215,942.959,4812
92.060,946.382,4813
452.153,388.848,4814
304.978,511.569,4815
800.805,654.287,4816
180.423,115.489,4817
253.991,799.335,4818
298.245,880.210,4819
420.321,70.855,4820
736.938,989.582,4821
838.433,413.386,4822
320.619,106.920,4823
354.936,878.112,4824
197.466,574.933,4825
135.684,957.959,4826
546.904,260.792,4827
976.138,56.831,4828
546.363,3.174,4829
406.783,442.788,4830
96.600,523.596,4831
198.814,603.045,4832
102.525,385.756,4833
986.877,732.841,4834
513.435,281.978,4835
741.085,163.350,4836
930.501,788.504,4837
208.556,787.708,4838
62.873,372.349,4839
612.918,764.724,4840
138.561,503.961,4841
386.356,512.164,4842
256.371,520.008,4843
578.294,267.313,4844
273.344,285.780,4845
374.128,153.219,4846
150.540,559.409,4847
614.894,953.686,4848
94.438,140.171,4849
625.555,114.904,4850
996.899,535.682,4851
867.146,452.662,4852
575.703,935.686,4853
994.726,566.485,4854
233.821,272.268,4855
742.864,607.843,4856
609.429,836.584,4857
755.039,33.160,4858
573.960,94.278,4859
866.040,179.354,4860
860.450,918.420,4861
41.411,429.678,4862
650.678,14.177,4863
682.577,158.475,4864
22.553,160.914,4865
374.007,642.812,4866
239.668,83.767,4867
187.994,15.342,4868
60.265,719.746,4869
889.780,426.786,4870
164.840,467.580,4871
722.283,524.484,4872
75.554,223.319,4873
750.945,84.436,4874
257.093,496.431,4875
968.934,63.779,4876
618.349,355.333,4877
476.528,293.093,4878
241.618,178.413,4879
405.299,63.538,4880
520.713,69.198,4881
310.397,206.565,4882
820.798,334.432,4883
124.565,33.202,4884
657.803,756.410,4885
466.227,625.850,4886
242.813,432.127,4887
21.471,959.067,4888
262.512,21.215,4889
859.568,799.304,4890
744.113,777.552,4891
645.837,489.068,4892
633.223,260.303,4893
509.289,200.706,4894
569.721,951.477,4895
964.556,383.913,4896
844.755,768.974,4897
292.102,493.535,4898
411.256,761.916,4899
458.053,500.020,4900
468.636,575.579,4901
92.582,470.480,4902
818.729,752.694,4903
415.688,465.129,4904
154.295,379.582,4905
757.346,784.524,4906
236.831,96.825,4907
593.651,233.569,4908
424.744,377.987,4909
360.351,998.795,4910
692.824,690.890,4911
185.191,0.679,4912
801.799,345.083,4913
897.302,372.028,4914
679.897,154.751,4915
451.446,864.518,4916
302.866,315.590,4917
395.082,764.563,4918
452.849,833.717,4919
138.658,833.080,4920
709.235,744.492,4921
190.851,686.708,4922
6.291,74.975,4923
635.040,863.704,4924
478.419,163.133,4925
234.654,697.088,4926
506.652,818.796,4927
119.648,95.098,4928
297.030,404.625,4929
647.857,634.606,4930
254.893,357.430,4931
521.979,629.548,4932
226.129,999.000,4933
344.622,709.682,4934
42.418,675.114,4935
784.232,540.729,4936
680.584,386.558,4937
369.958,91.406,4938
118.684,268.560,4939
476.081,286.074,4940
867.529,744.283,4941
997.422,118.328,4942
365.569,499.049,4943
312.135,550.706,4944
603.465,673.413,4945
244.357,242.162,4946
11.605,737.307,4947
603.797,864.019,4948
899.580,910.159,4949
298.613,867.437,4950
594.687,976.736,4951
519.545,683.348,4952
304.917,146.413,4953
912.796,968.450,4954
542.714,992.125,4955
472.120,136.750,4956
39.526,82.728,4957
603.625,704.654,4958
529.066,945.737,4959
271.187,999.000,4960
648.348,153.657,4961
545.605,699.481,4962
395.174,161.287,4963
540.572,706.782,4964
464.630,45.377,4965
150.253,444.036,4966
240.623,642.781,4967
446.612,807.239,4968
82.494,990.056,4969
543.715,590.212,4970
981.555,573.865,4971
159.366,430.201,4972
161.445,277.357,4973
93.271,555.880,4974
737.001,231.250,4975
942.342,643.852,4976
813.115,404.517,4977
727.735,649.378,4978
37.100,41.064,4979
904.215,985.167,4980
483.555,882.696,4981
650.890,492.404,4982
972.150,957.142,4983
380.115,906.756,4984
317.641,30.652,4985
782.149,620.535,4986
357.257,310.664,4987
354.051,283.787,4988
712.647,829.368,4989
201.479,469.907,4990
228.632,92.784,4991
150.754,809.961,4992
439.625,553.206,4993
339.998,688.956,4994
868.910,26.706,4995
492.101,907.756,4996
4.940,84.845,4997
98.660,558.546,4998
235.312,268.587,4999
971.346,586.126,5000
636.869,246.635,5001
275.934,859.944,5002
440.607,825.904,5003
933.460,751.045,5004
944.581,929.083,5005
393.598,869.111,5006
603.392,488.217,5007
883.969,444.343,5008
874.953,72.997,5009
495.981,735.620,5010
121.507,548.942,5011
144.215,903.796,5012
898.986,542.731,5013
656.861,651.010,5014
237.978,628.595,5015
809.664,858.494,5016
221.657,782.699,5017
410.280,399.179,5018
422.874,916.650,5019
818.697,942.869,5020
685.245,131.664,5021
262.624,674.460,5022
47.945,240.071,5023
691.138,328.644,5024
232.382,779.249,5025
44.821,709.377,5026
413.141,35.278,5027
116.890,569.249,5028
916.010,125.240,5029
838.066,564.835,5030
904.983,462.091,5031
191.411,581.256,5032
562.880,695.154,5033
409.840,826.634,5034
123.859,153.232,5035
221.007,221.804,5036
447.031,633.726,5037
624.001,213.092,5038
788.149,462.581,5039
278.881,994.502,5040
387.272,813.421,5041
335.321,664.257,5042
623.098,879.632,5043
802.407,970.193,5044
522.025,709.476,5045
638.273,408.205,5046
560.849,685.494,5047
634.095,351.491,5048
447.987,171.545,5049
213.778,911.766,5050
402.935,637.724,5051
716.908,124.429,5052
252.583,94.486,5053
619.753,660.734,5054
422.972,844.077,5055
156.830,621.578,5056
602.758,975.152,5057
885.552,297.427,5058
75.173,96.933,5059
130.068,800.921,5060
351.583,4.378,5061
167.835,547.035,5062
410.226,685.641,5063
410.468,847.587,5064
159.549,404.853,5065
769.554,912.641,5066
899.667,730.175,5067
808.553,951.714,5068
915.456,678.823,5069
910.954,527.000,5070
813.541,599.374,5071
582.037,812.432,5072
808.219,958.770,5073
144.149,984.018,5074
775.412,154.276,5075
585.146,424.778,5076
414.602,102.755,5077
627.634,995.442,5078
747.764,816.270,5079
677.711,288.752,5080
392.236,469.598,5081
477.600,683.268,5082
797.222,355.086,5083
89.234,354.085,5084
552.727,473.623,5085
358.965,119.150,5086
245.936,795.599,5087
572.912,88.120,5088
82.713,131.464,5089
968.927,412.287,5090
295.848,389.009,5091
747.442,116.834,5092
760.446,748.293,5093
591.317,828.761,5094
787.600,144.194,5095
252.304,758.289,5096
469.782,319.328,5097
463.816,109.524,5098
317.369,864.394,5099
427.360,909.509,5100
365.129,333.318,5101
357.109,979.924,5102
570.770,169.070,5103
353.744,867.681,5104
321.028,926.331,5105
836.506,848.899,5106
3.419,623.333,5107
474.186,39.020,5108
541.875,434.524,5109
21.286,969.993,5110
154.693,168.788,5111
217.124,746.319,5112
749.871,993.865,5113
703.340,521.597,5114
751.919,118.144,5115
72.933,324.131,5116
147.011,914.203,5117
622.312,872.678,5118
179.920,179.962,5119
88.367,252.659,5120
302.022,558.623,5121
448.844,9.140,5122
917.416,90.476,5123
402.458,880.352,5124
374.049,423.389,5125
280.295,903.161,5126
647.821,374.105,5127
437.603,281.817,5128
197.287,728.543,5129
456.928,914.656,5130
115.981,682.173,5131
772.162,118.075,5132
957.541,767.810,5133
455.640,88.185,5134
831.958,314.351,5135
759.974,448.112,5136
222.790,225.888,5137
649.581,586.376,5138
286.325,782.868,5139
689.863,84.898,5140
647.899,135.349,5141
482.295,755.153,5142
619.523,281.687,5143
245.601,119.364,5144
250.811,141.164,5145
596.062,603.136,5146
488.890,203.919,5147
41.818,975.671,5148
99.441,935.998,5149
629.041,793.888,5150
295.563,7.871,5151
647.453,958.354,5152
927.386,782.866,5153
941.285,46.306,5154
939.383,559.976,5155
992.287,893.418,5156
593.812,533.917,5157
411.409,91.762,5158
802.539,390.868,5159
819.877,574.546,5160
595.422,145.411,5161
729.446,177.164,5162
582.148,335.263,5163
446.929,680.945,5164
609.219,483.833,5165
156.487,339.287,5166
761.361,521.900,5167
467.450,195.358,5168
924.024,703.600,5169
298.651,986.299,5170
24.794,766.468,5171
404.068,473.003,5172
484.254,257.351,5173
736.206,346.950,5174
701.455,714.292,5175
905.015,298.717,5176
185.175,371.671,5177
651.859,41.683,5178
531.554,758.446,5179
669.127,842.956,5180
916.265,109.383,5181
963.695,39.207,5182
620.106,991.125,5183
294.608,206.095,5184
297.373,781.299,5185
790.727,219.517,5186
572.971,254.447,5187
357.223,207.424,5188
378.477,924.252,5189
188.157,295.433,5190
816.504,216.793,5191
205.115,901.827,5192
855.906,141.700,5193
426.896,790.083,5194
225.310,619.360,5195
97.972,950.023,5196
580.405,139.914,5197
824.633,393.931,5198
595.040,955.695,5199
604.018,962.045,5200
250.552,357.862,5201
914.510,726.510,5202
409.221,131.704,5203
456.234,863.670,5204
0.520,969.828,5205
71.747,474.150,5206
547.162,125.141,5207
566.128,63.053,5208
373.829,595.666,5209
560.915,52.974,5210
335.081,895.572,5211
665.010,934.791,5212
525.097,554.345,5213
758.407,96.066,5214
492.117,334.419,5215
598.512,802.343,5216
170.591,505.311,5217
386.401,306.428,5218
139.891,923.896,5219
681.145,265.684,5220
936.759,207.413,5221
853.503,138.183,5222
850.375,974.904,5223
964.138,420.587,5224
33.788,390.050,5225
156.018,378.181,5226
334.881,752.013,5227
437.793,909.243,5228
64.319,989.316,5229
267.653,824.160,5230
36.682,794.085,5231
902.299,518.171,5232
336.505,824.050,5233
852.325,271.300,5234
676.993,736.535,5235
204.969,446.101,5236
914.008,362.541,5237
146.523,122.696,5238
529.001,28.403,5239
379.772,585.032,5240
873.720,604.515,5241
24.033,877.602,5242
733.910,254.232,5243
109.301,832.879,5244
979.661,394.962,5245
686.577,63.876,5246
620.990,606.082,5247
653.542,263.815,5248
79.629,866.932,5249
156.572,467.606,5250
302.737,846.586,5251
784.316,827.514,5252
51.125,893.249,5253
393.059,695.325,5254
273.910,466.198,5255
82.342,939.331,5256
48.642,385.634,5257
221.588,85.773,5258
977.318,697.794,5259
827.848,977.290,5260
520.855,355.406,5261
287.481,470.523,5262
369.044,108.811,5263
855.521,483.776,5264
146.486,597.680,5265
94.853,242.699,5266
428.371,200.484,5267
87.855,812.832,5268
812.704,866.780,5269
86.093,683.779,5270
690.829,873.930,5271
914.029,273.691,5272
835.807,364.252,5273
506.091,880.330,5274
52.388,564.751,5275
909.725,362.595,5276
477.808,951.414,5277
445.170,189.688,5278
43.022,198.713,5279
895.989,913.443,5280
163.314,177.207,5281
590.466,247.192,5282
307.527,424.787,5283
190.943,926.943,5284
816.442,631.927,5285
727.664,881.182,5286
744.793,273.660,5287
449.833,216.755,5288
364.047,637.539,5289
501.786,81.989,5290
288.446,473.171,5291
462.468,669.738,5292
631.667,626.285,5293
251.240,831.806,5294
377.439,342.217,5295
631.694,510.662,5296
431.835,351.289,5297
429.688,625.810,5298
871.804,118.028,5299
610.400,833.563,5300
478.550,326.335,5301
383.239,190.093,5302
866.567,753.480,5303
968.236,562.708,5304
659.344,251.372,5305
847.091,14.422,5306
969.459,942.729,5307
845.692,356.018,5308
143.131,267.200,5309
436.210,543.362,5310
658.960,828.422,5311
498.672,795.194,5312
21.694,637.574,5313
599.388,771.350,5314
250.046,249.207,5315
428.649,114.733,5316
484.495,25.442,5317
981.773,807.304,5318
505.094,490.941,5319
813.571,571.905,5320
245.752,691.509,5321
339.901,726.530,5322
568.638,159.166,5323
136.190,199.046,5324
459.974,727.990,5325
994.978,717.812,5326
2.460,242.666,5327
363.580,769.581,5328
887.029,711.771,5329
61.074,214.522,5330
934.268,535.203,5331
689.981,917.078,5332
933.912,243.030,5333
242.948,405.052,5334
850.778,774.120,5335
427.237,898.720,5336
611.107,86.188,5337
534.746,269.337,5338
639.280,107.200,5339
88.966,918.366,5340
473.576,149.132,5341
925.641,682.974,5342
395.852,4.878,5343
553.292,578.950,5344
340.015,130.117,5345
871.013,741.766,5346
867.458,74.486,5347
488.340,613.714,5348
892.878,875.803,5349
772.026,709.192,5350
726.801,967.981,5351
49.472,18.149,5352
232.669,546.755,5353
912.456,130.354,5354
606.717,774.872,5355
222.331,796.475,5356
456.004,899.218,5357
93.047,433.747,5358
954.626,560.870,5359
807.549,325.875,5360
52.097,406.305,5361
696.725,714.520,5362
936.068,709.869,5363
392.567,718.499,5364
654.205,759.464,5365
112.653,122.323,5366
623.485,362.107,5367
144.454,153.787,5368
568.390,598.526,5369
524.041,364.687,5370
161.407,802.701,5371
825.999,12.752,5372
365.342,512.197,5373
598.846,271.827,5374
10.578,797.332,5375
438.069,913.469,5376
293.228,109.160,5377
59.502,72.028,5378
560.906,855.533,5379
929.846,883.595,5380
99.457,355.646,5381
706.673,990.743,5382
375.912,810.390,5383
829.657,562.688,5384
906.920,663.476,5385
97.809,769.768,5386
307.251,404.599,5387
890.938,143.094,5388
526.961,13.164,5389
824.137,956.168,5390
303.863,550.395,5391
457.849,20.696,5392
283.551,98.180,5393
984.756,184.646,5394
38.453,273.202,5395
908.968,495.921,5396
779.715,851.600,5397
299.437,173.476,5398
144.208,785.893,5399
903.875,689.732,5400
38.916,733.667,5401
378.952,370.214,5402
283.099,95.048,5403
456.245,532.104,5404
524.452,961.225,5405
961.886,272.034,5406
534.857,857.810,5407
779.278,4.160,5408
317.615,76.536,5409
163.397,453.635,5410
979.718,891.206,5411
743.606,41.645,5412
81.905,901.739,5413
55.782,866.215,5414
46.666,546.371,5415
319.155,596.335,5416
533.940,598.669,5417
524.400,642.689,5418
438.244,538.513,5419
466.789,716.036,5420
925.158,89.945,5421
148.343,297.695,5422
859.857,595.650,5423
167.934,215.732,5424
576.714,654.039,5425
948.131,75.818,5426
884.180,263.491,5427
35.512,989.857,5428
79.514,297.746,5429
401.235,538.369,5430
705.374,525.198,5431
18.616,370.798,5432
166.418,383.708,5433
47.326,91.077,5434
547.309,4.368,5435
388.974,208.355,5436
720.704,986.399,5437
917.997,221.190,5438
326.264,774.365,5439
21.086,502.512,5440
801.468,276.775,5441
616.959,854.053,5442
698.874,990.479,5443
320.327,903.230,5444
228.652,686.903,5445
663.846,867.563,5446
302.871,219.122,5447
340.205,322.364,5448
124.008,304.229,5449
535.898,599.784,5450
706.620,303.819,5451
250.976,516.031,5452
887.952,376.049,5453
339.037,392.982,5454
646.414,652.054,5455
253.163,194.778,5456
8.316,205.730,5457
931.471,815.047,5458
727.742,697.074,5459
25.257,446.207,5460
248.494,549.640,5461
329.444,487.858,5462
363.343,327.989,5463
882.761,522.756,5464
949.993,31.435,5465
609.360,317.561,5466
44.343,99.985,5467
525.807,829.347,5468
739.220,370.904,5469
346.221,917.533,5470
920.874,152.775,5471
528.609,75.955,5472
655.067,225.310,5473
53.825,456.631,5474
67.315,62.301,5475
595.757,28.911,5476
314.436,851.089,5477
46.732,454.432,5478
661.993,409.301,5479
105.046,423.196,5480
673.672,253.625,5481
657.559,302.476,5482
536.694,564.937,5483
684.485,49.478,5484
489.266,632.205,5485
632.741,582.070,5486
502.940,335.683,5487
68.060,29.854,5488
510.484,932.599,5489
360.792,788.539,5490
846.534,243.250,5491
711.186,514.808,5492
832.779,48.270,5493
783.750,510.053,5494
609.864,902.121,5495
347.620,546.753,5496
711.606,805.708,5497
422.484,213.022,5498
398.054,125.739,5499
88.001,780.814,5500
234.255,162.800,5501
642.373,670.646,5502
209.985,647.674,5503
916.191,57.007,5504
666.581,199.637,5505
764.422,849.899,5506
738.393,247.554,5507
268.038,187.785,5508
353.673,539.766,5509
847.041,646.817,5510
105.733,478.119,5511
894.629,721.978,5512
307.297,877.918,5513
124.373,125.902,5514
102.725,647.685,5515
177.238,793.448,5516
487.561,273.674,5517
822.981,418.246,5518
295.222,925.434,5519
757.580,509.915,5520
18.223,450.051,5521
314.099,4.036,5522
82.994,275.607,5523
262.916,367.444,5524
132.174,350.916,5525
419.372,355.505,5526
619.335,256.375,5527
328.109,797.409,5528
672.294,647.474,5529
752.306,790.268,5530
768.278,22.224,5531
76.768,93.853,5532
675.124,991.784,5533
902.616,992.224,5534
213.543,611.962,5535
336.968,747.541,5536
595.378,979.821,5537
227.402,639.804,5538
950.031,106.420,5539
595.897,660.211,5540
172.303,570.881,5541
348.126,341.109,5542
37.725,638.238,5543
823.805,883.603,5544
84.250,821.279,5545
548.658,91.484,5546
994.530,143.412,5547
337.359,138.015,5548
564.489,979.039,5549
278.952,663.595,5550
280.518,209.656,5551
740.547,165.734,5552
552.478,609.894,5553
839.627,474.054,5554
720.709,107.256,5555
178.838,399.486,5556
365.812,592.975,5557
935.340,254.670,5558
376.508,105.872,5559
585.542,622.733,5560
534.106,399.805,5561
691.366,182.543,5562
542.484,466.288,5563
895.689,860.181,5564
143.695,744.005,5565
402.161,869.063,5566
535.577,552.308,5567
749.991,308.020,5568
701.360,424.850,5569
240.172,914.680,5570
978.006,347.736,5571
989.318,512.219,5572
265.131,772.656,5573
955.177,963.900,5574
601.011,466.250,5575
326.447,978.159,5576
489.282,508.478,5577
948.054,656.968,5578
228.014,889.877,5579
10.237,733.406,5580
46.907,787.447,5581
704.371,911.314,5582
590.211,922.121,5583
636.201,293.137,5584
167.204,520.008,5585
50.037,565.974,5586
207.815,172.685,5587
930.512,376.508,5588
872.701,684.501,5589
94.023,682.828,5590
60.323,963.131,5591
48.365,234.813,5592
607.860,534.936,5593
994.451,904.048,5594
809.183,3.008,5595
429.047,503.440,5596
471.457,44.915,5597
959.801,236.072,5598
140.924,809.645,5599
691.071,824.876,5600
450.902,686.987,5601
225.189,8.930,5602
614.155,945.345,5603
673.918,769.173,5604
402.727,400.295,5605
423.499,51.635,5606
993.234,733.619,5607
701.438,197.073,5608
490.872,500.508,5609
223.608,884.957,5610
403.956,41.598,5611
551.175,446.723,5612
758.306,535.029,5613
900.120,538.255,5614
477.300,567.794,5615
518.046,419.420,5616
352.057,546.232,5617
921.313,283.289,5618
914.843,448.500,5619
293.357,590.639,5620
318.853,918.856,5621
375.897,503.774,5622
747.294,372.067,5623
330.665,193.386,5624
17.741,263.023,5625
446.617,470.130,5626
722.756,820.599,5627
458.486,77.109,5628
477.009,71.335,5629
41.785,617.374,5630
274.705,895.046,5631
706.218,857.766,5632
115.540,811.813,5633
125.662,226.911,5634
295.270,861.391,5635
126.817,391.629,5636
947.716,851.043,5637
712.716,268.651,5638
312.004,399.867,5639
143.528,453.872,5640
209.608,870.402,5641
71.874,250.911,5642
901.657,365.488,5643
277.977,119.477,5644
298.285,255.350,5645
207.450,576.986,5646
35.406,350.881,5647
634.225,532.067,5648
163.341,953.489,5649
813.555,828.400,5650
722.820,733.206,5651
341.194,889.393,5652
962.523,615.039,5653
818.964,632.558,5654
262.178,565.770,5655
243.244,155.939,5656
298.891,359.959,5657
839.756,117.108,5658
29.710,364.970,5659
32.450,429.961,5660
289.065,3.357,5661
832.929,947.662,5662
179.488,178.259,5663
549.337,520.827,5664
517.054,343.486,5665
746.816,874.692,5666
457.612,610.147,5667
509.759,960.177,5668
664.809,993.300,5669
298.732,823.169,5670
717.682,537.144,5671
998.249,782.561,5672
676.605,348.892,5673
821.426,301.188,5674
494.336,375.016,5675
302.243,209.351,5676
114.605,897.340,5677
811.773,550.872,5678
414.271,853.265,5679
923.941,763.033,5680
692.060,585.384,5681
452.059,50.271,5682
623.854,292.428,5683
648.568,652.981,5684
693.593,363.441,5685
449.009,84.469,5686
382.337,941.915,5687
865.263,659.885,5688
468.813,808.571,5689
918.347,86.383,5690
948.855,227.385,5691
728.454,398.104,5692
42.883,525.767,5693
232.066,937.918,5694
584.561,719.295,5695
283.517,445.380,5696
253.255,513.186,5697
505.119,458.312,5698
496.271,719.176,5699
87.428,869.497,5700
844.321,193.828,5701
303.214,780.168,5702
863.293,942.022,5703
529.841,17.931,5704
569.836,404.619,5705
379.117,586.548,5706
121.396,449.551,5707
896.673,581.962,5708
57.833,892.705,5709
710.948,831.657,5710
137.132,243.279,5711
718.162,534.714,5712
640.846,125.989,5713
478.880,825.703,5714
101.804,688.448,5715
81.731,731.216,5716
453.799,751.554,5717
982.251,824.882,5718
640.859,238.165,5719
515.327,574.885,5720
357.940,71.378,5721
225.173,530.365,5722
224.637,379.498,5723
865.274,556.646,5724
154.267,300.445,5725
280.487,585.408,5726
596.532,241.051,5727
744.197,451.841,5728
762.285,581.002,5729
445.702,280.605,5730
687.070,699.931,5731
515.279,644.099,5732
429.345,88.311,5733
499.837,374.524,5734
938.886,652.367,5735
273.391,552.981,5736
339.276,530.539,5737
501.806,350.846,5738
844.987,510.171,5739
115.630,693.317,5740
179.407,119.045,5741
400.497,935.889,5742
38.939,837.781,5743
105.969,183.427,5744
427.033,197.463,5745
766.473,473.804,5746
355.329,122.878,5747
504.250,77.545,5748
324.200,332.338,5749
257.423,385.880,5750
604.800,605.353,5751
301.991,744.411,5752
275.107,540.521,5753
490.372,724.136,5754
562.156,866.721,5755
956.727,500.349,5756
229.068,156.338,5757
356.312,894.301,5758
511.235,317.097,5759
679.078,714.678,5760
258.860,972.190,5761
432.681,799.472,5762
624.861,135.718,5763
103.994,575.979,5764
940.726,915.945,5765
465.906,363.599,5766
632.325,443.818,5767
766.726,314.325,5768
91.080,232.413,5769
38.354,465.445,5770
525.867,363.996,5771
414.868,299.446,5772
74.574,50.431,5773
710.826,390.969,5774
318.989,366.277,5775
18.030,814.788,5776
283.707,574.305,5777
57.784,445.877,5778
498.784,477.355,5779
743.863,232.248,5780
313.247,182.022,5781
746.017,54.639,5782
976.060,101.468,5783
755.869,622.998,5784
970.109,127.317,5785
481.655,255.772,5786
917.756,623.497,5787
960.713,448.656,5788
333.810,713.852,5789
696.707,575.670,5790
997.750,751.517,5791
339.672,341.586,5792
954.698,494.728,5793
990.661,686.859,5794
216.767,450.965,5795
60.723,175.257,5796
202.447,383.598,5797
833.766,815.672,5798
781.660,611.381,5799
998.555,873.576,5800
73.779,129.940,5801
641.374,904.191,5802
645.577,187.464,5803
669.613,672.777,5804
625.186,509.790,5805
179.777,430.415,5806
596.633,505.350,5807
972.276,690.181,5808
561.614,29.032,5809
143.367,311.536,5810
723.954,154.084,5811
192.816,914.325,5812
848.616,241.294,5813
748.474,945.081,5814
959.273,169.923,5815
673.815,516.237,5816
577.356,340.493,5817
193.483,139.954,5818
750.933,940.594,5819
44.541,576.676,5820
69.132,938.335,5821
820.800,878.572,5822
507.445,738.335,5823
523.925,722.684,5824
3.400,10.216,5825
365.743,701.270,5826
426.097,777.835,5827
219.741,596.744,5828
618.752,381.122,5829
220.590,158.112,5830
216.764,8.031,5831
347.328,373.545,5832
916.789,623.283,5833
311.035,29.599,5834
666.106,84.765,5835
551.736,38.751,5836
989.500,75.216,5837
865.317,496.107,5838
914.390,754.960,5839
327.187,584.917,5840
403.954,806.318,5841
947.401,157.209,5842
974.509,220.983,5843
445.256,394.846,5844
581.055,512.318,5845
668.657,423.966,5846
675.780,893.435,5847
398.630,48.799,5848
912.652,80.985,5849
637.880,388.186,5850
500.802,954.605,5851
781.195,692.959,5852
618.760,704.445,5853
810.844,373.099,5854
958.419,76.584,5855
611.583,39.396,5856
658.843,266.171,5857
686.434,714.954,5858
101.889,143.349,5859
988.938,506.617,5860
182.212,826.787,5861
115.431,142.567,5862
556.190,836.632,5863
371.159,55.576,5864
127.224,237.297,5865
96.162,309.342,5866
303.161,775.009,5867
316.673,630.824,5868
388.178,210.296,5869
940.150,865.958,5870
783.980,943.871,5871
78.734,906.700,5872
284.254,818.312,5873
172.240,430.202,5874
892.141,904.818,5875
423.019,99.716,5876
424.232,390.926,5877
968.674,536.514,5878
316.029,625.196,5879
559.761,294.159,5880
897.508,445.569,5881
807.739,828.300,5882
149.380,859.977,5883
166.057,254.870,5884
191.227,566.348,5885
231.338,753.228,5886
427.779,64.273,5887
570.843,474.539,5888
911.992,780.651,5889
674.581,214.873,5890
49.831,872.803,5891
753.041,979.636,5892
638.078,526.492,5893
116.812,79.008,5894
960.153,725.966,5895
197.562,675.773,5896
349.340,894.149,5897
459.688,200.918,5898
269.776,219.821,5899
427.759,181.039,5900
580.937,50.224,5901
836.367,487.863,5902
699.431,247.062,5903
82.894,397.713,5904
956.297,417.898,5905
607.414,690.226,5906
741.713,246.085,5907
400.817,339.361,5908
736.289,878.382,5909
137.577,685.089,5910
913.458,132.827,5911
975.557,390.737,5912
621.374,84.781,5913
135.643,898.300,5914
613.224,423.547,5915
305.419,163.924,5916
482.002,500.029,5917
905.421,656.662,5918
161.250,8.671,5919
97.491,687.631,5920
64.712,787.851,5921
200.059,755.471,5922
297.088,466.318,5923
994.154,168.026,5924
203.464,85.307,5925
723.827,343.190,5926
759.762,410.910,5927
234.563,50.063,5928
500.167,823.693,5929
105.412,311.088,5930
321.046,595.215,5931
170.803,10.199,5932
432.734,523.843,5933
627.132,259.713,5934
519.199,126.025,5935
862.983,511.106,5936
919.491,981.200,5937
944.804,307.200,5938
557.676,295.284,5939
834.718,574.147,5940
661.997,335.434,5941
794.186,788.878,5942
43.850,520.181,5943
489.485,49.680,5944
441.871,578.657,5945
628.115,610.972,5946
244.252,190.108,5947
185.146,734.142,5948
309.575,162.310,5949
871.398,636.049,5950
522.618,519.464,5951
521.728,796.277,5952
795.138,212.803,5953
942.818,697.378,5954
643.062,157.894,5955
225.491,75.836,5956
109.466,236.956,5957
724.888,988.786,5958
319.524,154.894,5959
198.928,388.431,5960
392.914,441.963,5961
842.062,64.886,5962
200.617,254.895,5963
797.487,55.451,5964
352.150,599.093,5965
132.334,409.039,5966
56.765,524.684,5967
312.244,693.309,5968
706.229,385.413,5969
872.658,15.045,5970
622.714,649.639,5971
960.009,973.570,5972
751.559,603.673,5973
763.776,333.031,5974
898.129,758.949,5975
909.559,510.777,5976
970.775,70.405,5977
792.348,517.839,5978
856.828,369.354,5979
267.830,887.307,5980
503.157,64.270,5981
306.948,880.031,5982
514.392,889.010,5983
143.584,385.964,5984
568.009,428.354,5985
28.189,978.086,5986
413.207,933.585,5987
848.907,905.836,5988
252.208,179.854,5989
43.284,202.116,5990
14.029,131.423,5991
881.312,475.245,5992
145.956,382.030,5993
628.240,144.458,5994
770.815,425.472,5995
683.916,493.415,5996
328.710,147.954,5997
92.638,816.737,5998
696.930,176.385,5999
283.932,457.474,6000
794.415,204.452,6001
977.946,575.501,6002
665.913,990.900,6003
127.225,387.131,6004
545.745,9.218,6005
88.814,598.449,6006
516.252,412.236,6007
564.236,677.942,6008
413.496,297.225,6009
727.141,209.037,6010
843.080,110.260,6011
419.381,97.367,6012
469.188,609.697,6013
603.246,573.315,6014
904.833,131.912,6015
876.110,581.778,6016
228.364,946.499,6017
54.344,631.961,6018
936.092,310.564,6019
551.679,137.391,6020
535.509,802.977,6021
863.600,537.618,6022
311.378,243.043,6023
407.281,952.310,6024
874.064,593.233,6025
115.082,842.139,6026
429.497,613.912,6027
706.345,272.791,6028
825.389,377.561,6029
549.426,573.207,6030
273.958,521.286,6031
192.751,402.541,6032
262.129,593.182,6033
497.843,414.415,6034
787.282,281.083,6035
860.619,502.597,6036
349.981,860.045,6037
723.501,324.292,6038
153.221,742.760,6039
375.138,876.250,6040
871.830,207.954,6041
479.996,927.815,6042
244.194,841.086,6043
702.702,218.900,6044
284.487,554.558,6045
495.022,920.372,6046
897.854,419.097,6047
644.252,840.737,6048
220.976,641.485,6049
372.520,743.003,6050
621.225,165.395,6051
905.264,472.776,6052
890.291,733.528,6053
170.800,65.399,6054
4.838,561.032,6055
562.296,883.537,6056
980.764,364.485,6057
847.879,992.952,6058
328.307,616.519,6059
239.224,273.157,6060
786.925,860.309,6061
165.340,448.604,6062
910.395,607.862,6063
329.963,451.147,6064
94.362,787.233,6065
585.175,51.527,6066
778.773,993.614,6067
313.469,989.746,6068
712.634,151.834,6069
700.069,556.449,6070
76.520,971.455,6071
998.568,978.347,6072
134.990,989.963,6073
698.070,409.946,6074
351.805,343.234,6075
987.630,597.348,6076
784.994,805.313,6077
770.397,610.679,6078
551.129,160.969,6079
966.447,179.982,6080
141.433,106.805,6081
393.658,782.406,6082
289.077,235.981,6083
262.392,65.420,6084
205.829,657.678,6085
581.292,521.975,6086
68.492,815.409,6087
496.509,950.509,6088
342.252,826.222,6089
978.285,231.369,6090
288.034,619.719,6091
587.251,604.063,6092
602.863,724.728,6093
535.634,215.521,6094
694.866,789.657,6095
510.937,640.918,6096
813.806,667.807,6097
215.973,750.144,6098
125.017,750.505,6099
89.265,627.589,6100
618.536,190.338,6101
397.434,707.199,6102
527.047,977.613,6103
986.461,779.077,6104
398.464,267.647,6105
32.285,886.468,6106
276.926,733.200,6107
234.085,240.680,6108
385.587,634.370,6109
222.820,116.716,6110
348.324,359.116,6111
506.129,367.126,6112
497.696,499.856,6113
305.002,472.389,6114
29.436,102.488,6115
387.847,923.949,6116
312.445,932.364,6117
573.576,184.740,6118
538.120,155.206,6119
539.602,553.150,6120
650.975,848.673,6121
399.596,983.385,6122
377.459,404.997,6123
505.320,733.170,6124
747.175,617.572,6125
305.714,558.899,6126
883.233,943.919,6127
49.000,797.189,6128
528.397,190.812,6129
378.064,419.839,6130
478.443,71.010,6131
441.800,340.041,6132
886.071,932.576,6133
714.975,387.777,6134
304.836,616.989,6135
289.015,891.405,6136
792.384,276.626,6137
800.998,220.188,6138
139.603,123.864,6139
153.026,86.038,6140
640.440,615.664,6141
209.043,8.227,6142
934.975,378.858,6143
485.827,161.103,6144
692.121,648.840,6145
778.071,235.737,6146
303.524,61.510,6147
926.425,290.112,6148
573.271,53.354,6149
41.912,843.817,6150
219.185,505.766,6151
397.192,867.682,6152
90.766,909.328,6153
574.643,841.619,6154
8.364,815.014,6155
962.054,420.470,6156
377.377,92.321,6157
41.219,921.503,6158
856.969,997.225,6159
531.174,288.181,6160
599.415,803.276,6161
633.869,517.677,6162
382.636,415.120,6163
182.912,944.859,6164
136.028,486.518,6165
311.351,561.773,6166
108.642,851.590,6167
158.252,559.325,6168
439.414,427.446,6169
720.017,492.658,6170
190.544,298.853,6171
855.546,437.582,6172
537.022,885.753,6173
287.696,560.484,6174
252.719,955.861,6175
809.252,655.622,6176
465.059,86.568,6177
477.706,928.395,6178
706.613,472.998,6179
389.948,177.623,6180
127.556,436.219,6181
18.049,17.227,6182
520.301,717.843,6183
470.295,687.509,6184
300.515,853.662,6185
508.760,768.914,6186
902.101,101.693,6187
250.643,61.153,6188
442.117,32.673,6189
856.865,27.459,6190
302.208,410.242,6191
219.004,616.432,6192
651.900,901.702,6193
111.822,237.887,6194
454.530,289.378,6195
193.697,365.276,6196
349.162,548.037,6197
843.198,143.566,6198
446.534,891.736,6199
549.475,679.933,6200
629.198,374.319,6201
606.155,920.117,6202
706.073,810.247,6203
365.390,218.941,6204
575.560,351.338,6205
304.156,333.016,6206
198.029,663.904,6207
936.853,907.798,6208
386.086,51.771,6209
275.263,554.276,6210
243.277,194.053,6211
807.402,486.286,6212
281.638,652.607,6213
751.491,693.516,6214
71.346,811.524,6215
959.717,544.216,6216
385.750,715.144,6217
41.019,279.589,6218
286.123,643.537,6219
883.013,271.623,6220
677.494,278.447,6221
761.333,546.897,6222
760.822,401.345,6223
618.457,392.469,6224
188.659,583.862,6225
956.759,508.817,6226
589.555,967.505,6227
460.688,506.220,6228
941.682,286.569,6229
112.498,334.882,6230
69.549,278.755,6231
340.997,227.708,6232
283.211,576.998,6233
190.378,598.985,6234
133.849,25.309,6235
741.754,99.021,6236
342.470,776.404,6237
125.801,643.598,6238
12.028,870.812,6239
966.392,84.403,6240
20.623,628.065,6241
792.539,95.341,6242
368.829,421.328,6243
960.566,811.310,6244
474.934,929.905,6245
140.289,835.393,6246
992.659,75.913,6247
266.855,544.349,6248
455.962,299.307,6249
308.390,556.768,6250
640.865,893.487,6251
497.066,301.296,6252
778.330,782.587,6253
604.826,730.685,6254
0.175,580.837,6255
174.944,50.295,6256
143.663,194.689,6257
54.707,951.006,6258
405.288,459.830,6259
426.309,235.199,6260
428.221,123.528,6261
69.293,191.158,6262
785.348,723.413,6263
667.958,583.569,6264
760.907,865.759,6265
707.115,660.916,6266
574.813,904.937,6267
488.479,244.676,6268
147.515,42.134,6269
224.089,934.344,6270
403.162,735.113,6271
643.680,999.000,6272
798.470,289.388,6273
426.082,222.900,6274
30.612,871.223,6275
413.132,610.809,6276
618.033,324.803,6277
581.301,446.363,6278
321.893,696.800,6279
634.582,728.376,6280
165.710,797.525,6281
951.695,657.083,6282
565.563,128.428,6283
775.072,470.610,6284
424.994,360.747,6285
869.638,574.933,6286
28.780,168.989,6287
121.882,665.360,6288
4.021,833.233,6289
435.857,944.484,6290
884.356,481.399,6291
705.635,806.908,6292
922.468,961.809,6293
524.802,430.035,6294
207.927,110.369,6295
317.838,164.059,6296
173.463,438.038,6297
132.792,587.703,6298
748.004,801.165,6299
899.690,777.957,6300
242.901,808.312,6301
837.287,779.883,6302
231.119,471.518,6303
567.477,987.373,6304
559.994,218.016,6305
100.448,641.067,6306
110.196,234.273,6307
395.649,913.234,6308
739.158,641.378,6309
825.292,798.754,6310
89.359,849.964,6311
634.930,287.147,6312
999.000,910.289,6313
435.778,669.368,6314
564.105,386.364,6315
837.831,291.178,6316
529.793,673.170,6317
495.880,60.625,6318
801.502,892.880,6319
386.651,777.740,6320
582.983,299.471,6321
917.445,92.744,6322
996.919,579.332,6323
750.771,684.461,6324
706.779,760.875,6325
998.170,266.059,6326
701.353,744.762,6327
491.633,721.255,6328
350.344,962.465,6329
11.285,423.592,6330
623.600,861.196,6331
750.824,136.713,6332
683.177,112.400,6333
192.117,398.648,6334
802.987,255.400,6335
790.816,90.034,6336
824.563,541.817,6337
73.652,595.632,6338
582.078,621.094,6339
677.275,24.910,6340
160.851,817.931,6341
236.485,373.310,6342
116.076,132.101,6343
683.293,665.470,6344
360.806,358.069,6345
526.586,389.456,6346
740.007,30.013,6347
47.103,313.766,6348
82.414,476.021,6349
653.945,615.522,6350
390.580,756.162,6351
267.280,715.906,6352
957.125,672.737,6353
870.636,115.845,6354
778.278,104.225,6355
865.441,829.962,6356
727.955,805.822,6357
666.073,113.169,6358
539.112,302.870,6359
997.568,109.986,6360
350.665,77.129,6361
5.055,395.726,6362
371.751,237.325,6363
311.714,271.308,6364
561.574,177.537,6365
618.762,294.322,6366
750.055,343.381,6367
838.776,190.612,6368
36.212,171.378,6369
718.903,626.712,6370
97.568,492.783,6371
751.801,938.726,6372
743.049,160.299,6373
38.887,450.387,6374
434.565,576.163,6375
304.400,887.120,6376
419.788,356.735,6377
164.810,424.820,6378
188.599,611.342,6379
476.406,806.596,6380
483.454,80.446,6381
216.256,693.057,6382
723.246,879.768,6383
890.682,942.069,6384
813.976,90.531,6385
34.229,437.909,6386
93.755,757.797,6387
296.280,758.333,6388
431.242,559.458,6389
702.393,91.815,6390
992.143,957.694,6391
443.075,90.066,6392
900.448,463.442,6393
271.280,81.546,6394
637.533,675.151,6395
415.552,213.945,6396
996.479,627.965,6397
141.362,104.623,6398
66.305,480.750,6399
176.595,686.338,6400
668.226,203.026,6401
397.561,647.905,6402
607.057,69.584,6403
851.747,78.484,6404
573.470,875.487,6405
526.800,619.288,6406
516.418,98.936,6407
214.662,188.227,6408
303.379,604.142,6409
697.868,7.068,6410
735.804,510.102,6411
504.470,209.888,6412
80.062,976.977,6413
146.289,418.834,6414
242.347,986.936,6415
669.142,645.508,6416
606.897,206.737,6417
869.662,361.405,6418
554.416,463.168,6419
297.766,919.040,6420
824.137,524.908,6421
865.961,105.642,6422
793.259,292.929,6423
632.306,93.167,6424
105.183,290.667,6425
575.427,903.322,6426
676.575,287.841,6427
605.589,747.548,6428
522.589,113.313,6429
253.493,938.981,6430
854.756,908.595,6431
867.754,20.220,6432
463.366,448.778,6433
173.718,507.459,6434
67.320,798.780,6435
750.113,467.399,6436
193.429,840.634,6437
929.111,747.308,6438
118.523,747.243,6439
56.227,193.481,6440
487.352,493.995,6441
147.348,828.471,6442
80.936,952.719,6443
766.044,307.011,6444
502.123,450.192,6445
41.369,234.265,6446
729.870,556.325,6447
369.391,770.416,6448
931.163,799.200,6449
419.396,429.807,6450
245.555,776.215,6451
6.586,853.595,6452
188.250,446.560,6453
795.958,335.522,6454
595.161,68.295,6455
237.134,365.537,6456
529.051,716.442,6457
912.490,474.949,6458
510.135,166.304,6459
334.580,737.239,6460
461.478,319.810,6461
903.286,334.042,6462
128.059,403.663,6463
702.954,145.919,6464
146.993,937.836,6465
275.544,563.021,6466
379.722,32.805,6467
861.009,322.844,6468
33.056,70.044,6469
794.153,536.518,6470
643.244,694.690,6471
512.151,388.030,6472
815.725,574.143,6473
698.377,11.892,6474
637.256,607.353,6475
252.136,222.600,6476
80.613,477.440,6477
303.099,460.114,6478
943.573,992.833,6479
962.986,489.207,6480
515.780,701.031,6481
636.705,954.145,6482
832.136,35.870,6483
807.250,578.377,6484
655.295,127.153,6485
575.483,889.709,6486
972.406,368.421,6487
835.184,581.467,6488
725.140,62.476,6489
128.316,924.885,6490
423.356,716.033,6491
556.093,470.604,6492
520.844,787.554,6493
975.045,150.406,6494
959.613,663.889,6495
555.095,50.238,6496
750.830,92.555,6497
50.848,52.219,6498
91.102,330.264,6499
779.002,611.415,6500
85.633,919.096,6501
870.295,630.032,6502
423.379,62.393,6503
999.000,608.590,6504
345.055,548.293,6505
877.117,408.053,6506
599.460,166.057,6507
736.398,465.055,6508
431.629,895.677,6509
343.519,691.831,6510
151.350,509.203,6511
137.685,827.950,6512
326.864,419.888,6513
41.805,466.490,6514
582.024,428.666,6515
231.101,91.509,6516
982.855,252.679,6517
938.550,730.970,6518
297.799,97.877,6519
813.066,554.383,6520
198.375,464.271,6521
304.071,661.247,6522
135.190,589.442,6523
31.394,283.707,6524
66.777,809.178,6525
603.057,952.892,6526
342.352,872.110,6527
705.649,192.970,6528
907.315,196.025,6529
117.271,542.063,6530
339.784,249.667,6531
925.809,824.028,6532
271.427,368.943,6533
75.323,425.608,6534
245.098,900.928,6535
336.506,550.154,6536
545.126,635.575,6537
431.064,50.429,6538
663.325,919.947,6539
415.544,303.857,6540
85.610,274.059,6541
625.996,371.398,6542
451.039,473.817,6543
81.467,643.194,6544
345.897,743.689,6545
592.114,151.686,6546
652.302,687.255,6547
2.567,498.550,6548
713.372,473.091,6549
889.246,855.901,6550
923.085,90.890,6551
192.394,178.119,6552
539.775,713.241,6553
882.965,798.735,6554
466.661,133.310,6555
78.077,922.377,6556
510.835,322.514,6557
204.874,132.701,6558
863.341,139.319,6559
59.723,346.882,6560
26.659,568.206,6561
857.605,521.625,6562
776.809,525.741,6563
572.263,374.408,6564
950.015,831.968,6565
609.674,907.404,6566
218.195,375.739,6567
450.104,173.599,6568
385.228,169.651,6569
628.890,469.888,6570
919.199,78.503,6571
821.672,149.905,6572
617.176,97.081,6573
445.699,797.657,6574
333.822,785.932,6575
279.645,371.384,6576
908.228,948.970,6577
773.097,755.936,6578
569.340,167.517,6579
937.113,893.590,6580
899.697,849.776,6581
374.808,819.101,6582
845.158,900.691,6583
372.913,270.510,6584
10.886,927.898,6585
863.917,930.695,6586
832.062,893.649,6587
359.438,242.751,6588
617.963,527.241,6589
161.184,599.768,6590
899.375,586.601,6591
141.674,787.000,6592
173.230,610.093,6593
260.845,670.275,6594
157.281,169.697,6595
363.364,923.729,6596
476.076,621.898,6597
802.141,457.087,6598
899.675,917.223,6599
934.626,894.189,6600
146.629,602.733,6601
845.226,900.853,6602
100.786,427.953,6603
876.112,217.779,6604
191.408,351.236,6605
775.051,977.564,6606
85.621,965.919,6607
130.431,68.309,6608
908.145,269.172,6609
151.950,886.897,6610
139.034,251.213,6611
891.158,828.953,6612
332.293,691.063,6613
941.646,348.280,6614
534.132,863.127,6615
285.691,187.873,6616
939.707,675.823,6617
376.689,95.006,6618
127.042,986.883,6619
155.317,128.611,6620
767.275,912.907,6621
160.427,34.144,6622
952.422,150.269,6623
938.919,551.336,6624
94.418,166.661,6625
995.144,341.611,6626
135.359,755.778,6627
155.403,107.686,6628
698.927,327.857,6629
383.226,870.575,6630
171.258,107.418,6631
848.040,882.746,6632
628.443,70.254,6633
702.849,954.336,6634
874.248,255.844,6635
602.833,389.846,6636
517.893,415.004,6637
330.915,471.297,6638
128.970,253.959,6639
329.290,24.979,6640
641.513,533.575,6641
867.470,543.484,6642
576.738,621.777,6643
379.496,369.980,6644
411.747,729.992,6645
601.606,99.911,6646
784.393,460.388,6647
774.639,15.821,6648
560.438,74.082,6649
75.627,760.240,6650
242.176,755.064,6651
183.543,239.716,6652
201.222,586.586,6653
710.343,826.109,6654
567.533,376.599,6655
767.280,877.165,6656
219.290,938.440,6657
152.249,805.902,6658
246.117,514.729,6659
442.714,243.080,6660
668.013,219.839,6661
638.794,877.655,6662
519.300,585.590,6663
687.422,973.676,6664
577.269,351.041,6665
861.220,626.590,6666
780.520,25.334,6667
611.782,327.009,6668
950.328,79.098,6669
259.111,597.077,6670
799.963,253.399,6671
513.300,849.342,6672
311.824,242.417,6673
498.362,921.033,6674
295.982,718.675,6675
784.787,502.122,6676
937.256,916.290,6677
619.656,184.601,6678
125.923,349.843,6679
314.345,843.324,6680
775.524,684.310,6681
682.561,247.329,6682
265.251,541.516,6683
461.737,368.465,6684
810.676,438.255,6685
513.193,490.283,6686
198.640,944.089,6687
841.381,819.594,6688
459.365,683.292,6689
268.691,60.509,6690
535.694,698.289,6691
737.712,292.785,6692
842.918,317.664,6693
785.944,703.984,6694
345.564,683.968,6695
128.197,618.266,6696
364.392,376.212,6697
363.752,122.340,6698
500.468,119.493,6699
166.531,49.419,6700
527.650,100.553,6701
482.373,38.657,6702
642.410,275.107,6703
525.735,575.458,6704
262.641,893.808,6705
455.959,298.233,6706
321.391,308.558,6707
630.051,848.959,6708
171.518,843.834,6709
138.288,388.429,6710
811.066,673.750,6711
409.758,503.071,6712
124.717,518.733,6713
826.558,728.319,6714
919.702,805.806,6715
103.024,357.389,6716
59.480,444.794,6717
770.416,362.466,6718
275.084,909.755,6719
11.075,276.899,6720
109.054,503.989,6721
140.706,950.582,6722
222.481,821.151,6723
521.482,839.412,6724
473.745,278.459,6725
522.071,951.307,6726
146.751,332.143,6727
176.564,279.745,6728
562.190,208.703,6729
691.777,926.419,6730
170.190,621.432,6731
208.919,421.758,6732
318.499,494.721,6733
36.784,222.628,6734
956.287,693.158,6735
160.249,912.005,6736
254.299,159.562,6737
720.305,158.850,6738
677.089,194.839,6739
575.013,168.702,6740
654.646,549.821,6741
640.847,210.965,6742
657.478,604.521,6743
745.526,90.124,6744
595.988,184.003,6745
616.561,692.565,6746
630.864,56.439,6747
569.157,578.426,6748
141.624,68.626,6749
306.673,570.396,6750
623.819,835.886,6751
380.404,820.320,6752
117.403,862.141,6753
491.877,915.518,6754
377.978,614.945,6755
331.819,216.026,6756
287.968,402.379,6757
852.930,398.031,6758
961.854,197.808,6759
36.109,333.179,6760
438.963,623.465,6761
827.559,777.866,6762
471.803,130.087,6763
406.144,936.412,6764
871.580,615.304,6765
646.004,142.599,6766
701.690,681.655,6767
264.987,726.866,6768
831.418,369.966,6769
941.592,595.614,6770
151.766,539.521,6771
588.475,541.982,6772
46.221,773.649,6773
862.428,93.662,6774
36.263,571.735,6775
784.426,478.999,6776
666.448,348.412,6777
772.986,655.934,6778
730.059,620.823,6779
352.915,240.279,6780
438.067,412.405,6781
329.770,475.047,6782
74.008,136.436,6783
764.694,134.803,6784
247.971,931.275,6785
443.057,847.959,6786
264.405,305.428,6787
102.786,119.347,6788
222.441,767.151,6789
658.471,667.617,6790
519.808,351.682,6791
100.427,466.535,6792
139.657,743.271,6793
136.780,62.481,6794
265.511,717.402,6795
946.046,765.828,6796
23.625,927.421,6797
645.567,380.366,6798
987.500,638.681,6799
706.651,358.683,6800
632.229,797.553,6801
354.268,860.998,6802
574.317,961.869,6803
926.128,213.225,6804
510.872,181.677,6805
216.360,235.057,6806
588.773,952.204,6807
797.079,952.174,6808
723.875,30.894,6809
84.143,24.956,6810
18.109,510.770,6811
941.866,435.903,6812
342.391,323.670,6813
942.871,250.107,6814
51.866,843.115,6815
626.883,693.156,6816
208.907,562.790,6817
561.152,898.467,6818
897.225,984.074,6819
613.960,174.536,6820
179.693,383.513,6821
950.887,101.584,6822
815.267,826.680,6823
949.050,655.698,6824
639.824,106.066,6825
632.845,145.941,6826
164.639,557.158,6827
117.002,716.090,6828
905.565,740.812,6829
531.891,209.490,6830
746.692,865.916,6831
198.352,886.336,6832
227.563,43.769,6833
981.512,983.656,6834
460.455,701.401,6835
574.494,76.137,6836
499.006,226.485,6837
858.795,936.471,6838
372.974,551.271,6839
874.977,227.024,6840
367.550,624.299,6841
214.528,338.888,6842
955.874,205.273,6843
563.466,955.977,6844
945.339,309.079,6845
218.307,54.403,6846
200.312,400.345,6847
501.837,444.259,6848
363.482,568.703,6849
351.033,492.265,6850
308.063,571.429,6851
849.924,584.734,6852
86.450,595.108,6853
574.326,532.086,6854
178.758,910.642,6855
446.703,431.252,6856
763.043,785.303,6857
167.450,289.563,6858
922.444,673.200,6859
451.471,778.545,6860
60.664,207.906,6861
90.223,502.498,6862
581.587,574.833,6863
816.582,723.315,6864
35.006,642.274,6865
187.159,948.608,6866
180.473,174.849,6867
333.321,319.102,6868
642.940,215.775,6869
761.352,501.132,6870
886.951,8.589,6871
118.899,806.240,6872
663.305,707.052,6873
789.353,322.405,6874
459.381,256.560,6875
42.865,543.862,6876
139.384,98.036,6877
995.646,323.140,6878
581.270,681.932,6879
956.365,701.867,6880
579.087,133.748,6881
514.756,396.109,6882
299.128,607.115,6883
740.002,976.378,6884
49.872,995.216,6885
485.480,684.846,6886
912.655,455.178,6887
142.985,100.186,6888
833.215,564.515,6889
792.020,238.098,6890
113.907,731.714,6891
228.892,579.147,6892
565.124,36.711,6893
457.028,904.555,6894
53.609,544.078,6895
90.838,529.596,6896
240.432,623.440,6897
102.972,591.423,6898
448.522,171.656,6899
739.181,914.439,6900
499.042,413.324,6901
182.587,912.375,6902
66.355,655.816,6903
25.831,445.579,6904
495.263,559.279,6905
509.636,11.326,6906
755.894,286.614,6907
174.420,738.082,6908
517.918,238.492,6909
826.367,264.964,6910
242.208,978.647,6911
294.633,248.324,6912
538.510,278.774,6913
571.333,50.081,6914
720.944,398.754,6915
346.047,155.875,6916
49.926,120.432,6917
835.901,220.708,6918
805.917,697.131,6919
569.385,802.866,6920
259.836,478.725,6921
60.559,285.249,6922
785.878,717.824,6923
785.398,760.859,6924
775.541,414.606,6925
65.847,163.170,6926
409.036,593.261,6927
651.263,732.577,6928
746.921,255.835,6929
677.233,213.233,6930
956.400,980.850,6931
709.473,900.052,6932
77.614,505.927,6933
585.967,732.084,6934
229.229,480.823,6935
346.927,987.757,6936
537.405,223.382,6937
24.047,139.250,6938
83.342,734.940,6939
504.505,345.534,6940
708.336,340.396,6941
496.782,799.375,6942
690.170,185.774,6943
856.559,705.713,6944
175.161,614.324,6945
232.337,684.655,6946
120.519,505.561,6947
206.972,853.303,6948
561.748,698.156,6949
11.000,444.528,6950
422.789,47.853,6951
892.769,191.445,6952
263.710,373.860,6953
451.214,420.409,6954
128.788,908.136,6955
627.927,285.549,6956
303.002,174.650,6957
567.954,502.543,6958
498.692,836.301,6959
193.002,217.303,6960
463.909,852.338,6961
859.313,89.587,6962
279.910,750.401,6963
135.808,950.242,6964
258.826,802.217,6965
325.744,557.764,6966
817.015,135.509,6967
296.938,518.771,6968
50.345,173.406,6969
205.833,697.270,6970
301.423,172.619,6971
142.280,151.578,6972
711.351,64.274,6973
942.119,532.400,6974
886.302,0.233,6975
428.997,978.677,6976
148.835,851.111,6977
837.342,259.489,6978
227.433,850.642,6979
347.455,810.541,6980
688.523,447.501,6981
801.432,748.186,6982
467.475,603.103,6983
453.394,542.144,6984
756.108,119.083,6985
76.331,734.874,6986
277.582,220.831,6987
974.989,772.012,6988
408.337,269.723,6989
194.882,256.273,6990
512.613,719.989,6991
479.315,137.945,6992
9.390,651.325,6993
709.172,385.664,6994
368.385,406.678,6995
960.431,147.126,6996
872.753,607.778,6997
632.205,267.742,6998
510.101,349.766,6999
